{"probability":{"Group 13":"0.038881781024310114","Group 12":"0.03929090029499697","Group 11":"0.21052420839490588","Group 10":"0.00021066532401270473","Group  6":"0.0005017024443593939","Group  5":"0.0","Group  4":"0.0022474914873875378","Group  3":"0.0","Group  2":"0.0","Group  1":"0.0","Group  9":"0.0001851350874487643","Group  8":"0.01101161924648052","Group  7":"0.6971464966960981"},"groups":{"Group 13":["Botan 1.5.6 & 1.11.29 & 2.1.0","Feitian JavaCOS A22 & A40","Gemalto GCX4 72K","HSM SafeNet Luna SA-1700","LibTomCrypt 1.17","Libgcrypt 1.6.0 & 1.6.5 & 1.7.6","Libgcrypt 1.6.0 FIPS & 1.6.5 FIPS","Nettle 3.2 & 3.3","Oberthur Cosmo 64","OpenSSL FIPS 2.0.12 & 2.0.14","PGPSDK 4","WolfSSL 2.0rc1 & 3.9.0 & 3.10.2","cryptlib 3.4.3 & 3.4.3.1"],"Group 12":["Bouncy Castle 1.53 (Java)","Cryptix JCE 20050328","FlexiProvider 1.7p7","HSM Utimaco Security Server Se50","Nettle 2.0","PolarSSL 0.10.0","PuTTY 0.67","SunRsaSign OpenJDK 1.8.0","mbedTLS 1.3.19 & 2.2.1 & 2.4.2"],"Group 11":["Bouncy Castle 1.54 (Java)","Crypto++ 5.6.0 & 5.6.3 & 5.6.5","Libgcrypt 1.7.6 FIPS","Microsoft CryptoAPI & CNG & .NET"],"Group 10":["NXP J2D081 & J2E145G","YubiKey NEO"],"Group  6":["Oberthur Cosmo Dual 72K"],"Group  5":["NXP J2A080 & J2A081 & J3A081 & JCOP 41 V2.2.1"],"Group  4":["Gemalto GXP E64"],"Group  3":["GNU Crypto 2.0.1"],"Group  2":["G&D SmartCafe 4.x & 6.0"],"Group  1":["G&D SmartCafe 3.2"],"Group  9":["Infineon JTOP 80K","YubiKey 4 & 4 Nano"],"Group  8":["PGPSDK 4 FIPS"],"Group  7":["OpenSSL 0.9.7 & 1.0.2g & 1.0.2k & 1.1.0e"]},"frequencies":{"1|1|000110":8451,"2|1|100011":18114,"2|1|101101":11329,"1|1|000111":9198,"2|1|101100":12096,"2|1|100010":19343,"2|0|000000":4632,"2|0|000001":5045,"1|0|111010":23605,"1|0|111011":19459,"1|1|011010":129711,"1|1|011011":135062,"2|0|110100":6866,"2|0|110101":6306,"1|0|100001":147147,"1|0|100000":152827,"2|1|100000":20775,"1|1|000100":7023,"2|1|100001":19930,"0|0|011001":1,"2|0|000011":6438,"2|0|001101":14092,"2|0|001100":13444,"2|0|000010":5897,"1|1|000101":7761,"2|1|010101":20028,"2|0|011010":23583,"2|1|010100":19294,"2|0|011011":23462,"1|0|100010":140449,"1|0|101100":89109,"1|0|101101":84117,"1|0|100011":136230,"2|1|100110":16104,"1|1|110101":46471,"2|1|100111":15547,"2|0|000101":7724,"2|0|000100":7249,"1|0|111110":6625,"1|1|110100":50965,"1|0|111111":2544,"1|0|100101":124551,"2|0|110001":8772,"2|0|110000":9310,"1|0|010101":100108,"1|0|010100":94224,"2|0|011001":22665,"2|0|011000":22231,"1|0|100100":130999,"2|1|100100":17499,"2|1|100101":16925,"2|0|000110":8512,"2|0|000111":9203,"1|0|111000":32412,"1|0|111001":28166,"2|0|110111":5145,"2|0|110110":5690,"2|0|011111":21182,"2|0|011110":21592,"1|0|100111":114747,"1|0|100110":119410,"1|1|001001":20566,"1|0|001001":20303,"1|0|001000":12874,"1|1|001000":13231,"1|1|110001":64472,"1|1|110000":69734,"1|1|010000":68618,"2|0|011101":22076,"2|1|111111":753,"2|1|111110":1060,"2|0|010010":17754,"2|0|011100":22410,"2|0|010011":18759,"1|1|010001":75201,"1|0|101010":98668,"1|0|101011":94146,"1|0|001010":27633,"1|1|001111":62103,"1|0|001011":34905,"1|1|001110":55254,"2|1|101011":12741,"2|1|101010":13383,"1|1|110111":36778,"1|1|110110":41628,"1|1|010010":81328,"1|1|010011":87722,"1|1|011100":138760,"2|0|010001":17180,"2|1|111001":3857,"2|1|111000":4540,"2|0|010000":16406,"1|1|011101":144018,"1|1|000011":6317,"1|1|001100":41509,"1|1|001101":48330,"2|1|101001":14066,"1|1|000010":5795,"2|1|101000":14969,"1|1|111110":6580,"1|1|111111":2625,"2|1|111010":3301,"1|1|011110":147991,"1|1|011111":152797,"2|0|010111":21397,"2|1|001000":9712,"2|1|001001":10911,"2|1|111011":2889,"2|0|010110":21035,"1|0|101111":74486,"1|1|100101":125165,"1|1|100100":130401,"1|0|101110":79429,"1|1|000000":4592,"1|1|000001":5206,"2|1|101111":10063,"2|1|101110":10907,"1|1|110010":60200,"1|1|111101":10955,"1|1|110011":55308,"1|1|111100":15257,"1|1|011000":118982,"1|1|011001":124725,"2|1|001010":11659,"2|0|010100":19099,"2|1|001011":12578,"2|0|010101":20092,"1|0|101001":104281,"1|0|101000":109909,"1|0|000110":8487,"2|0|101101":11429,"2|0|100011":18302,"2|0|101100":12031,"2|0|100010":19001,"2|1|000001":5203,"2|1|000000":4828,"1|1|111011":19298,"1|0|000111":9148,"1|1|111010":23883,"1|0|011011":134584,"2|1|110100":6753,"1|0|011010":130713,"2|1|001100":13433,"2|1|110101":6398,"2|1|001101":14092,"1|1|100001":146393,"1|1|100000":152681,"1|0|000000":4668,"2|0|101111":10200,"2|0|101110":10660,"2|1|000111":9111,"2|1|000110":8583,"1|1|111000":32720,"1|0|000001":5203,"1|1|111001":27886,"1|0|011000":118288,"2|1|001110":14747,"2|1|110111":5213,"2|1|001111":15671,"2|1|110110":5775,"1|0|011001":124348,"1|1|100111":113993,"1|1|100110":119097,"1|0|000011":6524,"1|0|001100":41685,"1|0|000010":5790,"2|0|101001":13846,"2|0|101000":14697,"1|0|001101":48015,"2|1|110001":8801,"2|1|110000":9477,"2|1|011001":22781,"2|1|011000":22213,"1|1|010100":94320,"1|1|010101":100036,"1|1|101111":74375,"1|1|101110":78869,"2|0|101010":13402,"1|0|001111":62168,"1|1|001010":27550,"1|0|001110":55440,"1|1|001011":34820,"2|0|101011":12829,"2|1|000011":6541,"2|1|000010":5860,"1|1|010110":106460,"2|1|111101":1617,"0|1|101010":1,"2|1|110010":8271,"2|1|111100":2129,"2|1|110011":7493,"2|1|011010":23384,"2|1|011011":23040,"1|1|010111":112862,"1|1|101101":83860,"1|1|100011":136239,"1|1|101100":89407,"1|1|100010":140616,"1|0|110001":64835,"2|0|001011":12596,"2|0|001010":11570,"1|0|110000":69806,"2|0|111110":1090,"2|0|111111":819,"1|1|101010":99645,"2|1|010010":17924,"2|1|011100":22643,"2|1|011101":22240,"1|0|010001":75077,"1|0|010000":68395,"2|1|010011":18726,"1|1|101011":93901,"1|0|111101":10973,"2|0|100101":16834,"2|0|100100":17463,"1|0|110010":60016,"1|0|110011":55339,"1|0|111100":15118,"2|0|110010":8148,"2|0|111101":1609,"2|0|110011":7490,"2|0|111100":2132,"2|1|011111":21029,"1|0|010111":112332,"1|0|010110":106342,"2|1|011110":21375,"1|1|101001":104976,"1|1|101000":109193,"1|0|110100":50725,"1|0|110101":46230,"2|0|100111":15579,"2|0|100110":16300,"2|1|000101":7766,"2|0|001111":15440,"2|1|000100":7257,"2|0|001110":14756,"1|0|011110":148810,"2|0|111011":2796,"2|0|111010":3195,"2|1|010111":21536,"1|0|011111":153775,"2|1|010110":20881,"1|0|110111":37161,"2|0|100001":19937,"2|0|100000":20883,"2|0|001001":10844,"2|0|001000":9920,"1|0|000101":7912,"1|0|000100":7087,"1|0|110110":41532,"1|0|010010":81879,"2|0|111000":4510,"2|0|111001":3915,"1|0|011101":143913,"2|1|010001":17247,"1|0|010011":87764,"1|0|011100":139151,"2|1|010000":16414}}
