{"probability":{"Group 13":"0.07165071549082357","Group 12":"0.04243935951545357","Group 11":"0.1264125106218972","Group 10":"0.0002542641787350701","Group  6":"0.0003019592384598143","Group  5":"0.0","Group  4":"0.002955438957471172","Group  3":"0.0","Group  2":"0.0","Group  1":"0.0","Group  9":"0.000032209364217617155","Group  8":"0.018741742568323158","Group  7":"0.7372118000646188"},"groups":{"Group 13":["Botan 1.5.6 & 1.11.29 & 2.1.0","Feitian JavaCOS A22 & A40","Gemalto GCX4 72K","HSM SafeNet Luna SA-1700","LibTomCrypt 1.17","Libgcrypt 1.6.0 & 1.6.5 & 1.7.6","Libgcrypt 1.6.0 FIPS & 1.6.5 FIPS","Nettle 3.2 & 3.3","Oberthur Cosmo 64","OpenSSL FIPS 2.0.12 & 2.0.14","PGPSDK 4","WolfSSL 2.0rc1 & 3.9.0 & 3.10.2","cryptlib 3.4.3 & 3.4.3.1"],"Group 12":["Bouncy Castle 1.53 (Java)","Cryptix JCE 20050328","FlexiProvider 1.7p7","HSM Utimaco Security Server Se50","Nettle 2.0","PolarSSL 0.10.0","PuTTY 0.67","SunRsaSign OpenJDK 1.8.0","mbedTLS 1.3.19 & 2.2.1 & 2.4.2"],"Group 11":["Bouncy Castle 1.54 (Java)","Crypto++ 5.6.0 & 5.6.3 & 5.6.5","Libgcrypt 1.7.6 FIPS","Microsoft CryptoAPI & CNG & .NET"],"Group 10":["NXP J2D081 & J2E145G","YubiKey NEO"],"Group  6":["Oberthur Cosmo Dual 72K"],"Group  5":["NXP J2A080 & J2A081 & J3A081 & JCOP 41 V2.2.1"],"Group  4":["Gemalto GXP E64"],"Group  3":["GNU Crypto 2.0.1"],"Group  2":["G&D SmartCafe 4.x & 6.0"],"Group  1":["G&D SmartCafe 3.2"],"Group  9":["Infineon JTOP 80K","YubiKey 4 & 4 Nano"],"Group  8":["PGPSDK 4 FIPS"],"Group  7":["OpenSSL 0.9.7 & 1.0.2g & 1.0.2k & 1.1.0e"]},"frequencies":{"1|1|000110":3123,"2|1|100011":7051,"2|1|101101":4410,"1|1|000111":3244,"2|1|101100":4678,"2|1|100010":7527,"2|0|000000":2443,"2|0|000001":2253,"1|0|111010":10679,"1|0|111011":8718,"1|1|011010":57896,"1|1|011011":59922,"2|0|110100":2646,"2|0|110101":2522,"1|0|100001":66285,"1|0|100000":68750,"2|1|100000":8111,"1|1|000100":2673,"2|1|100001":7665,"2|0|000011":2539,"2|0|001101":5150,"2|0|001100":4826,"2|0|000010":2482,"1|1|000101":2829,"2|1|010101":7166,"2|0|011010":8396,"2|1|010100":7056,"2|0|011011":8507,"1|0|100010":63283,"1|0|101100":39934,"1|0|101101":38145,"1|0|100011":60692,"2|1|100110":6375,"1|1|110101":20973,"2|1|100111":5845,"2|0|000101":2932,"2|0|000100":2843,"1|0|111110":2957,"1|1|110100":22993,"1|0|111111":1108,"1|0|100101":55634,"2|0|110001":3384,"2|0|110000":3590,"1|0|010101":43795,"1|0|010100":41494,"2|0|011001":8213,"2|0|011000":7997,"1|0|100100":58713,"2|1|100100":6848,"2|1|100101":6502,"2|0|000110":3189,"2|0|000111":3266,"1|0|111000":14745,"1|0|111001":12757,"2|0|110111":2079,"2|0|110110":2268,"2|0|011111":8125,"2|0|011110":8211,"1|0|100111":51333,"1|0|100110":54134,"1|1|001001":8286,"1|0|001001":8057,"1|0|001000":5013,"1|1|001000":4960,"1|1|110001":29085,"1|1|110000":31395,"1|1|010000":29879,"2|0|011101":8167,"2|1|111111":280,"2|1|111110":467,"2|0|010010":6349,"2|0|011100":8270,"2|0|010011":6693,"1|1|010001":33198,"1|0|101010":44347,"1|0|101011":42509,"1|0|001010":11646,"1|1|001111":26709,"1|0|001011":14775,"1|1|001110":23864,"2|1|101011":4922,"2|1|101010":5174,"1|1|110111":16566,"1|1|110110":18517,"1|1|010010":35744,"1|1|010011":38749,"1|1|011100":61705,"2|0|010001":6224,"2|1|111001":1483,"2|1|111000":1809,"2|0|010000":5912,"1|1|011101":64120,"1|1|000011":2613,"1|1|001100":17652,"1|1|001101":20738,"2|1|101001":5413,"1|1|000010":2513,"2|1|101000":5884,"1|1|111110":2962,"1|1|111111":1114,"2|1|111010":1305,"1|1|011110":66043,"1|1|011111":68702,"2|0|010111":7637,"2|1|001000":3503,"2|1|001001":3935,"2|1|111011":1127,"2|0|010110":7507,"1|0|101111":33511,"1|1|100101":56339,"1|1|100100":58448,"1|0|101110":35799,"1|1|000000":2477,"1|1|000001":2303,"2|1|101111":3871,"2|1|101110":4244,"1|1|110010":27083,"1|1|111101":4965,"1|1|110011":25049,"1|1|111100":6867,"1|1|011000":52240,"1|1|011001":54708,"2|1|001010":4201,"2|0|010100":6908,"2|1|001011":4381,"2|0|010101":7163,"1|0|101001":46668,"1|0|101000":49430,"1|0|000110":3071,"2|0|101101":4396,"2|0|100011":7012,"2|0|101100":4648,"2|0|100010":7415,"2|1|000001":2442,"2|1|000000":2590,"1|1|111011":8713,"1|0|000111":3206,"1|1|111010":11102,"1|0|011011":59845,"2|1|110100":2734,"1|0|011010":57590,"2|1|001100":4845,"2|1|110101":2496,"2|1|001101":4997,"1|1|100001":65765,"1|1|100000":68477,"1|0|000000":2433,"2|0|101111":3962,"2|0|101110":4111,"2|1|000111":3329,"2|1|000110":3203,"1|1|111000":14769,"1|0|000001":2404,"1|1|111001":12797,"1|0|011000":52315,"2|1|001110":5254,"2|1|110111":2089,"2|1|001111":5760,"2|1|110110":2266,"1|0|011001":54958,"1|1|100111":51289,"1|1|100110":53537,"1|0|000011":2629,"1|0|001100":17966,"1|0|000010":2535,"2|0|101001":5357,"2|0|101000":5668,"1|0|001101":20515,"2|1|110001":3440,"2|1|110000":3633,"2|1|011001":8331,"0|1|000000":1,"2|1|011000":8030,"1|1|010100":41122,"1|1|010101":44054,"1|1|101111":33354,"1|1|101110":35485,"2|0|101010":5218,"1|0|001111":26795,"1|1|001010":11456,"1|0|001110":23871,"1|1|001011":14779,"2|0|101011":5023,"2|1|000011":2671,"2|1|000010":2464,"1|1|010110":46852,"2|1|111101":645,"2|1|110010":3300,"2|1|111100":933,"2|1|110011":2927,"2|1|011010":8504,"2|1|011011":8385,"1|1|010111":50058,"1|1|101101":37806,"1|1|100011":61379,"1|1|101100":40193,"1|1|100010":62989,"1|0|110001":29377,"2|0|001011":4457,"2|0|001010":4162,"1|0|110000":31555,"2|0|111110":458,"2|0|111111":307,"1|1|101010":44521,"2|1|010010":6466,"2|1|011100":8330,"2|1|011101":8398,"1|0|010001":32746,"1|0|010000":29950,"2|1|010011":6748,"1|1|101011":41839,"1|0|111101":5014,"2|0|100101":6470,"2|0|100100":6810,"1|0|110010":27058,"1|0|110011":24706,"1|0|111100":6851,"2|0|110010":3162,"2|0|111101":688,"2|0|110011":3037,"2|0|111100":910,"2|1|011111":8076,"1|0|010111":49563,"1|0|010110":46535,"2|1|011110":8137,"1|1|101001":47094,"1|1|101000":48665,"1|0|110100":22880,"1|0|110101":20951,"2|0|100111":6061,"2|0|100110":6341,"2|1|000101":2934,"2|0|001111":5473,"2|1|000100":2808,"2|0|001110":5165,"1|0|011110":66719,"2|0|111011":1122,"2|0|111010":1338,"2|1|010111":7786,"1|0|011111":68859,"2|1|010110":7566,"1|0|110111":16956,"2|0|100001":7753,"2|0|100000":8124,"2|0|001001":3865,"2|0|001000":3516,"1|0|000101":2936,"1|0|000100":2789,"1|0|110110":18705,"1|0|010010":35763,"2|0|111000":1801,"2|0|111001":1511,"1|0|011101":63909,"2|1|010001":6207,"1|0|010011":38880,"1|0|011100":61588,"2|1|010000":5782}}
