{"probability":{"Group 13":"0.080948456123088","Group 12":"0.030786207657278648","Group 11":"0.05515406606371836","Group 10":"0.0","Group  6":"0.000232539810014479","Group  5":"0.0","Group  4":"0.0035015306886603025","Group  3":"0.00025896726785377874","Group  2":"0.0","Group  1":"0.0","Group  9":"0.0002948056994010761","Group  8":"0.006027263375461514","Group  7":"0.822796163314524"},"groups":{"Group 13":["Botan 1.5.6 & 1.11.29 & 2.1.0","Feitian JavaCOS A22 & A40","Gemalto GCX4 72K","HSM SafeNet Luna SA-1700","LibTomCrypt 1.17","Libgcrypt 1.6.0 & 1.6.5 & 1.7.6","Libgcrypt 1.6.0 FIPS & 1.6.5 FIPS","Nettle 3.2 & 3.3","Oberthur Cosmo 64","OpenSSL FIPS 2.0.12 & 2.0.14","PGPSDK 4","WolfSSL 2.0rc1 & 3.9.0 & 3.10.2","cryptlib 3.4.3 & 3.4.3.1"],"Group 12":["Bouncy Castle 1.53 (Java)","Cryptix JCE 20050328","FlexiProvider 1.7p7","HSM Utimaco Security Server Se50","Nettle 2.0","PolarSSL 0.10.0","PuTTY 0.67","SunRsaSign OpenJDK 1.8.0","mbedTLS 1.3.19 & 2.2.1 & 2.4.2"],"Group 11":["Bouncy Castle 1.54 (Java)","Crypto++ 5.6.0 & 5.6.3 & 5.6.5","Libgcrypt 1.7.6 FIPS","Microsoft CryptoAPI & CNG & .NET"],"Group 10":["NXP J2D081 & J2E145G","YubiKey NEO"],"Group  6":["Oberthur Cosmo Dual 72K"],"Group  5":["NXP J2A080 & J2A081 & J3A081 & JCOP 41 V2.2.1"],"Group  4":["Gemalto GXP E64"],"Group  3":["GNU Crypto 2.0.1"],"Group  2":["G&D SmartCafe 4.x & 6.0"],"Group  1":["G&D SmartCafe 3.2"],"Group  9":["Infineon JTOP 80K","YubiKey 4 & 4 Nano"],"Group  8":["PGPSDK 4 FIPS"],"Group  7":["OpenSSL 0.9.7 & 1.0.2g & 1.0.2k & 1.1.0e"]},"frequencies":{"1|1|000110":1540,"2|1|100011":4421,"2|1|101101":2824,"1|1|000111":1606,"2|1|101100":2976,"2|1|100010":4694,"2|0|000000":1555,"2|0|000001":1263,"1|0|111010":10053,"1|0|111011":8213,"1|1|011010":53954,"1|1|011011":56059,"2|0|110100":1654,"2|0|110101":1533,"1|0|100001":62723,"1|0|100000":65236,"2|1|100000":5160,"1|1|000100":1326,"2|1|100001":4929,"2|0|000011":1363,"2|0|001101":2709,"2|0|001100":2650,"2|0|000010":1274,"1|1|000101":1440,"2|1|010101":4250,"2|0|011010":5059,"2|1|010100":4056,"2|0|011011":5143,"1|0|100010":60287,"1|0|101100":38226,"1|0|101101":36056,"1|0|100011":57683,"2|1|100110":4031,"1|1|110101":19854,"2|1|100111":3752,"2|0|000101":1435,"2|0|000100":1369,"1|0|111110":2666,"1|1|110100":21792,"1|0|111111":980,"1|0|100101":53366,"2|0|110001":2186,"2|0|110000":2288,"1|0|010101":40558,"1|0|010100":37991,"2|0|011001":4810,"2|0|011000":4777,"1|0|100100":55736,"2|1|100100":4250,"2|1|100101":4139,"2|0|000110":1500,"2|0|000111":1619,"1|0|111000":13913,"1|0|111001":11968,"2|0|110111":1290,"2|0|110110":1399,"2|0|011111":5185,"2|0|011110":5211,"1|0|100111":49010,"1|0|100110":51462,"1|1|001001":6465,"1|0|001001":6333,"1|0|001000":3254,"1|1|001000":3177,"1|1|110001":27708,"1|1|110000":29648,"1|1|010000":27079,"2|0|011101":5059,"2|1|111111":132,"2|1|111110":231,"2|0|010010":3691,"2|0|011100":5083,"2|0|010011":3775,"1|1|010001":30040,"1|0|101010":42072,"1|0|101011":39883,"1|0|001010":9454,"1|1|001111":23906,"1|0|001011":12314,"1|1|001110":21386,"2|1|101011":3192,"2|1|101010":3325,"1|1|110111":16001,"1|1|110110":17575,"1|1|010010":32636,"1|1|010011":35269,"1|1|011100":58281,"2|0|010001":3612,"2|1|111001":901,"2|1|111000":1043,"2|0|010000":3376,"1|1|011101":60390,"1|1|000011":1374,"1|1|001100":15380,"1|1|001101":18289,"2|1|101001":3441,"1|1|000010":1216,"2|1|101000":3615,"1|1|111110":2785,"1|1|111111":955,"2|1|111010":746,"1|1|011110":62632,"1|1|011111":65331,"2|0|010111":4508,"2|1|001000":1756,"2|1|001001":1966,"2|1|111011":678,"2|0|010110":4338,"1|0|101111":31659,"1|1|100101":53493,"1|1|100100":55980,"1|0|101110":34124,"1|1|000000":1583,"1|1|000001":1295,"2|1|101111":2417,"2|1|101110":2780,"1|1|110010":25553,"1|1|111101":4538,"1|1|110011":23497,"1|1|111100":6326,"1|1|011000":48372,"1|1|011001":50980,"2|1|001010":2152,"2|0|010100":4060,"2|1|001011":2424,"2|0|010101":4260,"1|0|101001":44391,"1|0|101000":46571,"1|0|000110":1569,"2|0|101101":2719,"2|0|100011":4538,"2|0|101100":2953,"2|0|100010":4769,"2|1|000001":1265,"2|1|000000":1570,"1|1|111011":8414,"1|0|000111":1570,"1|1|111010":10294,"1|0|011011":55433,"2|1|110100":1701,"1|0|011010":53586,"2|1|001100":2566,"2|1|110101":1507,"2|1|001101":2779,"1|1|100001":62227,"1|1|100000":65226,"1|0|000000":1532,"2|0|101111":2572,"2|0|101110":2527,"2|1|000111":1634,"2|1|000110":1568,"1|1|111000":13816,"1|0|000001":1235,"1|1|111001":11927,"1|0|011000":48426,"2|1|001110":2928,"2|1|110111":1269,"2|1|001111":3249,"2|1|110110":1363,"1|0|011001":51004,"1|1|100111":48404,"1|1|100110":51030,"1|0|000011":1378,"1|0|001100":15444,"1|0|000010":1307,"2|0|101001":3414,"2|0|101000":3775,"1|0|001101":18219,"2|1|110001":2195,"2|1|110000":2243,"2|1|011001":5025,"2|1|011000":4702,"1|1|010100":37882,"1|1|010101":40796,"1|1|101111":31512,"1|1|101110":33812,"2|0|101010":3355,"1|0|001111":24103,"1|1|001010":9434,"1|0|001110":21539,"1|1|001011":12683,"2|0|101011":3157,"2|1|000011":1295,"2|1|000010":1272,"1|1|010110":43362,"2|1|111101":373,"2|1|110010":1913,"2|1|111100":483,"2|1|110011":1787,"2|1|011010":5086,"2|1|011011":5146,"1|1|010111":46046,"1|1|101101":35744,"1|1|100011":58296,"1|1|101100":38267,"1|1|100010":60187,"1|0|110001":27722,"2|0|001011":2400,"2|0|001010":2210,"1|0|110000":29839,"2|0|111110":248,"2|0|111111":158,"1|1|101010":42489,"2|1|010010":3740,"2|1|011100":5126,"2|1|011101":5164,"1|0|010001":29774,"1|0|010000":26900,"2|1|010011":3890,"1|1|101011":39807,"1|0|111101":4655,"2|0|100101":4105,"2|0|100100":4427,"1|0|110010":25713,"1|0|110011":23513,"1|0|111100":6387,"2|0|110010":1965,"2|0|111101":387,"2|0|110011":1938,"2|0|111100":512,"2|1|011111":5336,"1|0|010111":45987,"1|0|010110":43633,"2|1|011110":5274,"1|1|101001":44743,"1|1|101000":46095,"1|0|110100":21715,"1|0|110101":19850,"2|0|100111":3870,"2|0|100110":4043,"2|1|000101":1493,"2|0|001111":3025,"2|1|000100":1436,"2|0|001110":2966,"1|0|011110":62912,"2|0|111011":640,"2|0|111010":768,"2|1|010111":4698,"1|0|011111":65156,"2|1|010110":4323,"1|0|110111":15952,"2|0|100001":5074,"2|0|100000":5153,"2|0|001001":2018,"2|0|001000":1772,"1|0|000101":1507,"1|0|000100":1419,"1|0|110110":17664,"1|0|010010":32612,"2|0|111000":1069,"2|0|111001":903,"1|0|011101":60481,"2|1|010001":3518,"1|0|010011":35613,"1|0|011100":58145,"2|1|010000":3241}}
