{"probability":{"Group 13":"0.07369653155816094","Group 12":"0.06167889695343233","Group 11":"0.10330642025047213","Group 10":"0.0","Group  6":"0.00037109660757861303","Group  5":"0.0","Group  4":"0.00392819234065525","Group  3":"0.0004150148626634546","Group  2":"0.0","Group  1":"0.0","Group  9":"0.000176462686329464","Group  8":"0.02467613475054063","Group  7":"0.7317512499901672"},"groups":{"Group 13":["Botan 1.5.6 & 1.11.29 & 2.1.0","Feitian JavaCOS A22 & A40","Gemalto GCX4 72K","HSM SafeNet Luna SA-1700","LibTomCrypt 1.17","Libgcrypt 1.6.0 & 1.6.5 & 1.7.6","Libgcrypt 1.6.0 FIPS & 1.6.5 FIPS","Nettle 3.2 & 3.3","Oberthur Cosmo 64","OpenSSL FIPS 2.0.12 & 2.0.14","PGPSDK 4","WolfSSL 2.0rc1 & 3.9.0 & 3.10.2","cryptlib 3.4.3 & 3.4.3.1"],"Group 12":["Bouncy Castle 1.53 (Java)","Cryptix JCE 20050328","FlexiProvider 1.7p7","HSM Utimaco Security Server Se50","Nettle 2.0","PolarSSL 0.10.0","PuTTY 0.67","SunRsaSign OpenJDK 1.8.0","mbedTLS 1.3.19 & 2.2.1 & 2.4.2"],"Group 11":["Bouncy Castle 1.54 (Java)","Crypto++ 5.6.0 & 5.6.3 & 5.6.5","Libgcrypt 1.7.6 FIPS","Microsoft CryptoAPI & CNG & .NET"],"Group 10":["NXP J2D081 & J2E145G","YubiKey NEO"],"Group  6":["Oberthur Cosmo Dual 72K"],"Group  5":["NXP J2A080 & J2A081 & J3A081 & JCOP 41 V2.2.1"],"Group  4":["Gemalto GXP E64"],"Group  3":["GNU Crypto 2.0.1"],"Group  2":["G&D SmartCafe 4.x & 6.0"],"Group  1":["G&D SmartCafe 3.2"],"Group  9":["Infineon JTOP 80K","YubiKey 4 & 4 Nano"],"Group  8":["PGPSDK 4 FIPS"],"Group  7":["OpenSSL 0.9.7 & 1.0.2g & 1.0.2k & 1.1.0e"]},"frequencies":{"1|1|000110":4096,"2|1|100011":7263,"2|1|101101":4681,"1|1|000111":4184,"2|1|101100":4881,"2|1|100010":7722,"2|0|000000":3718,"2|0|000001":3485,"1|0|111010":11299,"1|0|111011":9372,"1|1|011010":60935,"1|1|011011":63541,"2|0|110100":2830,"2|0|110101":2685,"1|0|100001":70232,"1|0|100000":72684,"2|1|100000":8353,"1|1|000100":3748,"2|1|100001":8021,"2|0|000011":3580,"2|0|001101":5662,"2|0|001100":5599,"2|0|000010":3516,"1|1|000101":3727,"2|1|010101":7732,"2|0|011010":8986,"2|1|010100":7582,"2|0|011011":8892,"1|0|100010":67274,"1|0|101100":42570,"1|0|101101":40215,"1|0|100011":64446,"2|1|100110":6605,"1|1|110101":22208,"2|1|100111":6281,"2|0|000101":3887,"2|0|000100":3692,"1|0|111110":3254,"1|1|110100":24118,"1|0|111111":1306,"1|0|100101":59336,"2|0|110001":3667,"2|0|110000":3794,"1|0|010101":46479,"1|0|010100":44023,"2|0|011001":8530,"2|0|011000":8629,"1|0|100100":62369,"2|1|100100":7128,"2|1|100101":7014,"2|0|000110":3943,"2|0|000111":4068,"1|0|111000":15636,"1|0|111001":13382,"2|0|110111":2215,"2|0|110110":2426,"2|0|011111":8488,"2|0|011110":8558,"1|0|100111":54294,"1|0|100110":57266,"1|1|001001":9305,"1|0|001001":9374,"1|0|001000":5816,"1|1|001000":5866,"1|1|110001":30793,"1|1|110000":33208,"1|1|010000":32011,"2|0|011101":8523,"2|1|111111":394,"2|1|111110":573,"2|0|010010":6922,"2|0|011100":8691,"2|0|010011":7390,"1|1|010001":35172,"1|0|101010":47106,"1|0|101011":45092,"1|0|001010":12939,"1|1|001111":28785,"1|0|001011":16018,"1|1|001110":25835,"2|1|101011":5342,"2|1|101010":5468,"1|1|110111":17670,"1|1|110110":19727,"1|1|010010":38015,"1|1|010011":41240,"1|1|011100":65471,"2|0|010001":6845,"2|1|111001":1650,"2|1|111000":1956,"2|0|010000":6541,"1|1|011101":67891,"1|1|000011":3600,"1|1|001100":19255,"1|1|001101":22558,"2|1|101001":5702,"1|1|000010":3414,"2|1|101000":5964,"1|1|111110":3262,"1|1|111111":1215,"2|1|111010":1509,"1|1|011110":70366,"1|1|011111":72761,"2|0|010111":8246,"2|1|001000":4400,"2|1|001001":4652,"2|1|111011":1273,"2|0|010110":8202,"1|0|101111":35414,"1|1|100101":59693,"1|1|100100":62531,"1|0|101110":38080,"1|1|000000":3631,"1|1|000001":3401,"2|1|101111":4117,"2|1|101110":4359,"1|1|110010":28930,"1|1|111101":5320,"1|1|110011":26256,"1|1|111100":7376,"1|1|011000":55398,"1|1|011001":58167,"2|1|001010":4814,"2|0|010100":7539,"2|1|001011":5123,"2|0|010101":7710,"1|0|101001":49694,"1|0|101000":52471,"1|0|000110":3955,"2|0|101101":4588,"2|0|100011":7454,"2|0|101100":4969,"2|0|100010":7830,"2|1|000001":3499,"2|1|000000":3649,"1|1|111011":9346,"1|0|000111":4095,"1|1|111010":11650,"1|0|011011":63186,"2|1|110100":2894,"1|0|011010":60727,"2|1|001100":5583,"2|1|110101":2700,"2|1|001101":5653,"1|1|100001":69848,"1|1|100000":72718,"1|0|000000":3590,"2|0|101111":4180,"2|0|101110":4328,"2|1|000111":4062,"2|1|000110":4041,"1|1|111000":15711,"1|0|000001":3416,"1|1|111001":13626,"1|0|011000":55727,"2|1|001110":5926,"2|1|110111":2189,"2|1|001111":6407,"2|1|110110":2390,"1|0|011001":58328,"1|1|100111":54387,"1|1|100110":56895,"1|0|000011":3662,"1|0|001100":19403,"1|0|000010":3403,"2|0|101001":5662,"2|0|101000":6027,"1|0|001101":22366,"2|1|110001":3629,"2|1|110000":3813,"2|1|011001":8779,"2|1|011000":8489,"1|1|010100":43644,"1|1|010101":46556,"1|1|101111":35489,"1|1|101110":37744,"2|0|101010":5403,"1|0|001111":28717,"1|1|001010":12738,"1|0|001110":25591,"1|1|001011":15905,"2|0|101011":5241,"2|1|000011":3617,"2|1|000010":3499,"1|1|010110":49634,"2|1|111101":781,"2|1|110010":3425,"2|1|111100":989,"2|1|110011":3129,"2|1|011010":8938,"2|1|011011":8923,"1|1|010111":52875,"1|1|101101":39775,"1|1|100011":65001,"1|1|101100":42396,"1|1|100010":67221,"1|0|110001":31189,"2|0|001011":5192,"2|0|001010":5013,"1|0|110000":33034,"2|0|111110":570,"2|0|111111":401,"1|1|101010":47265,"2|1|010010":7045,"2|1|011100":8742,"2|1|011101":8679,"1|0|010001":34839,"1|0|010000":32031,"2|1|010011":7129,"1|1|101011":44507,"1|0|111101":5293,"2|0|100101":6714,"2|0|100100":7020,"1|0|110010":28613,"1|0|110011":26359,"1|0|111100":7435,"2|0|110010":3374,"2|0|111101":767,"2|0|110011":3175,"2|0|111100":1046,"2|1|011111":8498,"1|0|010111":52315,"1|0|010110":49762,"2|1|011110":8643,"1|1|101001":49597,"1|1|101000":52003,"1|0|110100":24210,"1|0|110101":22400,"2|0|100111":6308,"2|0|100110":6527,"2|1|000101":3808,"2|0|001111":6292,"2|1|000100":3678,"2|0|001110":5880,"1|0|011110":70785,"2|0|111011":1217,"2|0|111010":1451,"2|1|010111":8176,"1|0|011111":72749,"2|1|010110":8127,"1|0|110111":17827,"2|0|100001":8163,"2|0|100000":8527,"2|0|001001":4562,"2|0|001000":4403,"1|0|000101":3861,"1|0|000100":3731,"1|0|110110":20018,"1|0|010010":38162,"2|0|111000":1923,"2|0|111001":1702,"1|0|011101":68147,"2|1|010001":6825,"1|0|010011":41287,"1|0|011100":65442,"2|1|010000":6551}}
