{"probability":{"Group 13":"0.03444963347703595","Group 12":"0.11215355741131561","Group 11":"0.015059583696420306","Group 10":"0.0","Group  6":"0.0","Group  5":"0.0","Group  4":"0.0016972091779153399","Group  3":"0.0","Group  2":"0.0","Group  1":"0.0","Group  9":"0.00033745184096219247","Group  8":"0.0","Group  7":"0.8363025643963505"},"groups":{"Group 13":["Botan 1.5.6 & 1.11.29 & 2.1.0","Feitian JavaCOS A22 & A40","Gemalto GCX4 72K","HSM SafeNet Luna SA-1700","LibTomCrypt 1.17","Libgcrypt 1.6.0 & 1.6.5 & 1.7.6","Libgcrypt 1.6.0 FIPS & 1.6.5 FIPS","Nettle 3.2 & 3.3","Oberthur Cosmo 64","OpenSSL FIPS 2.0.12 & 2.0.14","PGPSDK 4","WolfSSL 2.0rc1 & 3.9.0 & 3.10.2","cryptlib 3.4.3 & 3.4.3.1"],"Group 12":["Bouncy Castle 1.53 (Java)","Cryptix JCE 20050328","FlexiProvider 1.7p7","HSM Utimaco Security Server Se50","Nettle 2.0","PolarSSL 0.10.0","PuTTY 0.67","SunRsaSign OpenJDK 1.8.0","mbedTLS 1.3.19 & 2.2.1 & 2.4.2"],"Group 11":["Bouncy Castle 1.54 (Java)","Crypto++ 5.6.0 & 5.6.3 & 5.6.5","Libgcrypt 1.7.6 FIPS","Microsoft CryptoAPI & CNG & .NET"],"Group 10":["NXP J2D081 & J2E145G","YubiKey NEO"],"Group  6":["Oberthur Cosmo Dual 72K"],"Group  5":["NXP J2A080 & J2A081 & J3A081 & JCOP 41 V2.2.1"],"Group  4":["Gemalto GXP E64"],"Group  3":["GNU Crypto 2.0.1"],"Group  2":["G&D SmartCafe 4.x & 6.0"],"Group  1":["G&D SmartCafe 3.2"],"Group  9":["Infineon JTOP 80K","YubiKey 4 & 4 Nano"],"Group  8":["PGPSDK 4 FIPS"],"Group  7":["OpenSSL 0.9.7 & 1.0.2g & 1.0.2k & 1.1.0e"]},"frequencies":{"1|1|000110":255,"2|1|100011":183,"2|1|101101":119,"1|1|000111":231,"2|1|101100":139,"2|1|100010":207,"2|0|000000":262,"2|0|000001":283,"1|0|111010":644,"1|0|111011":583,"1|1|011010":3517,"1|1|011011":3715,"2|0|110100":75,"2|0|110101":66,"1|0|100001":4152,"1|0|100000":4270,"2|1|100000":253,"1|1|000100":275,"2|1|100001":228,"2|0|000011":275,"2|0|001101":244,"2|0|001100":255,"2|0|000010":288,"1|1|000101":275,"2|1|010101":250,"2|0|011010":207,"2|1|010100":263,"2|0|011011":221,"1|0|100010":3966,"1|0|101100":2492,"1|0|101101":2374,"1|0|100011":3839,"2|1|100110":140,"1|1|110101":1331,"2|1|100111":148,"2|0|000101":254,"2|0|000100":268,"1|0|111110":177,"1|1|110100":1463,"1|0|111111":58,"1|0|100101":3553,"2|0|110001":79,"2|0|110000":107,"1|0|010101":2731,"1|0|010100":2496,"2|0|011001":243,"2|0|011000":264,"1|0|100100":3677,"2|1|100100":193,"2|1|100101":169,"2|0|000110":233,"2|0|000111":233,"1|0|111000":934,"1|0|111001":801,"2|0|110111":49,"2|0|110110":60,"2|0|011111":221,"2|0|011110":215,"1|0|100111":3287,"1|0|100110":3427,"1|1|001001":543,"1|0|001001":540,"1|0|001000":338,"1|1|001000":361,"1|1|110001":1880,"1|1|110000":1967,"1|1|010000":1902,"2|0|011101":257,"2|1|111111":5,"2|1|111110":12,"2|0|010010":269,"2|0|011100":253,"2|0|010011":263,"1|1|010001":2037,"1|0|101010":2869,"1|0|101011":2666,"1|0|001010":775,"1|1|001111":1641,"1|0|001011":938,"1|1|001110":1545,"2|1|101011":159,"2|1|101010":148,"1|1|110111":1060,"1|1|110110":1226,"1|1|010010":2304,"1|1|010011":2427,"1|1|011100":3833,"2|0|010001":240,"2|1|111001":37,"2|1|111000":49,"2|0|010000":264,"1|1|011101":4057,"1|1|000011":267,"1|1|001100":1168,"1|1|001101":1332,"2|1|101001":150,"1|1|000010":244,"2|1|101000":177,"1|1|111110":176,"1|1|111111":49,"2|1|111010":40,"1|1|011110":4265,"1|1|011111":4391,"2|0|010111":241,"2|1|001000":254,"2|1|001001":221,"2|1|111011":30,"2|0|010110":253,"1|0|101111":2052,"1|1|100101":3647,"1|1|100100":3845,"1|0|101110":2185,"1|1|000000":276,"1|1|000001":274,"2|1|101111":106,"2|1|101110":120,"1|1|110010":1623,"1|1|111101":318,"1|1|110011":1539,"1|1|111100":436,"1|1|011000":3184,"1|1|011001":3501,"2|1|001010":232,"2|0|010100":250,"2|1|001011":269,"2|0|010101":263,"1|0|101001":3034,"1|0|101000":3179,"1|0|000110":244,"2|0|101101":124,"2|0|100011":205,"2|0|101100":112,"2|0|100010":236,"2|1|000001":235,"2|1|000000":266,"1|1|111011":542,"1|0|000111":245,"1|1|111010":668,"1|0|011011":3695,"2|1|110100":69,"1|0|011010":3680,"2|1|001100":247,"2|1|110101":78,"2|1|001101":226,"1|1|100001":4127,"1|1|100000":4530,"1|0|000000":278,"2|0|101111":109,"2|0|101110":113,"2|1|000111":214,"2|1|000110":239,"1|1|111000":945,"1|0|000001":253,"1|1|111001":831,"1|0|011000":3232,"2|1|001110":276,"2|1|110111":55,"2|1|001111":213,"2|1|110110":52,"1|0|011001":3387,"1|1|100111":3263,"1|1|100110":3467,"1|0|000011":257,"1|0|001100":1083,"1|0|000010":229,"2|0|101001":144,"2|0|101000":165,"1|0|001101":1285,"2|1|110001":83,"2|1|110000":106,"2|1|011001":253,"2|1|011000":252,"1|1|010100":2663,"1|1|010101":2799,"1|1|101111":2073,"1|1|101110":2323,"2|0|101010":140,"1|0|001111":1679,"1|1|001010":804,"1|0|001110":1440,"1|1|001011":950,"2|0|101011":142,"2|1|000011":284,"2|1|000010":244,"1|1|010110":2976,"2|1|111101":25,"2|1|110010":80,"2|1|111100":18,"2|1|110011":67,"2|1|011010":244,"2|1|011011":250,"1|1|010111":3174,"1|1|101101":2350,"1|1|100011":3795,"1|1|101100":2537,"1|1|100010":3939,"1|0|110001":1887,"2|0|001011":254,"2|0|001010":233,"1|0|110000":1988,"2|0|111110":9,"2|0|111111":2,"1|1|101010":2827,"2|1|010010":218,"2|1|011100":253,"2|1|011101":233,"1|0|010001":2034,"1|0|010000":1827,"2|1|010011":252,"1|1|101011":2720,"1|0|111101":299,"2|0|100101":185,"2|0|100100":204,"1|0|110010":1750,"1|0|110011":1639,"1|0|111100":384,"2|0|110010":81,"2|0|111101":16,"2|0|110011":73,"2|0|111100":19,"2|1|011111":262,"1|0|010111":3051,"1|0|010110":2911,"2|1|011110":236,"1|1|101001":2932,"1|1|101000":3113,"1|0|110100":1442,"1|0|110101":1346,"2|0|100111":171,"2|0|100110":178,"2|1|000101":262,"2|0|001111":271,"2|1|000100":257,"2|0|001110":229,"1|0|011110":4254,"2|0|111011":15,"2|0|111010":28,"2|1|010111":243,"1|0|011111":4343,"2|1|010110":255,"1|0|110111":1049,"2|0|100001":227,"2|0|100000":224,"2|0|001001":244,"2|0|001000":253,"1|0|000101":265,"1|0|000100":248,"1|0|110110":1180,"1|0|010010":2244,"2|0|111000":42,"2|0|111001":32,"1|0|011101":3992,"2|1|010001":242,"1|0|010011":2323,"1|0|011100":3849,"2|1|010000":231}}
