{"probability":{"Group 13":"0.0","Group 12":"0.6052831208626759","Group 11":"0.0","Group 10":"0.003537252634711634","Group  6":"0.0","Group  5":"0.0","Group  4":"0.012358398259206423","Group  3":"0.0","Group  2":"0.0","Group  1":"0.0006014255700708343","Group  9":"0.005573333452648418","Group  8":"0.0","Group  7":"0.37264646922068684"},"groups":{"Group 13":["Botan 1.5.6 & 1.11.29 & 2.1.0","Feitian JavaCOS A22 & A40","Gemalto GCX4 72K","HSM SafeNet Luna SA-1700","LibTomCrypt 1.17","Libgcrypt 1.6.0 & 1.6.5 & 1.7.6","Libgcrypt 1.6.0 FIPS & 1.6.5 FIPS","Nettle 3.2 & 3.3","Oberthur Cosmo 64","OpenSSL FIPS 2.0.12 & 2.0.14","PGPSDK 4","WolfSSL 2.0rc1 & 3.9.0 & 3.10.2","cryptlib 3.4.3 & 3.4.3.1"],"Group 12":["Bouncy Castle 1.53 (Java)","Cryptix JCE 20050328","FlexiProvider 1.7p7","HSM Utimaco Security Server Se50","Nettle 2.0","PolarSSL 0.10.0","PuTTY 0.67","SunRsaSign OpenJDK 1.8.0","mbedTLS 1.3.19 & 2.2.1 & 2.4.2"],"Group 11":["Bouncy Castle 1.54 (Java)","Crypto++ 5.6.0 & 5.6.3 & 5.6.5","Libgcrypt 1.7.6 FIPS","Microsoft CryptoAPI & CNG & .NET"],"Group 10":["NXP J2D081 & J2E145G","YubiKey NEO"],"Group  6":["Oberthur Cosmo Dual 72K"],"Group  5":["NXP J2A080 & J2A081 & J3A081 & JCOP 41 V2.2.1"],"Group  4":["Gemalto GXP E64"],"Group  3":["GNU Crypto 2.0.1"],"Group  2":["G&D SmartCafe 4.x & 6.0"],"Group  1":["G&D SmartCafe 3.2"],"Group  9":["Infineon JTOP 80K","YubiKey 4 & 4 Nano"],"Group  8":["PGPSDK 4 FIPS"],"Group  7":["OpenSSL 0.9.7 & 1.0.2g & 1.0.2k & 1.1.0e"]},"frequencies":{"1|1|000110":3055,"2|1|100011":1131,"2|1|101101":644,"1|1|000111":3050,"2|1|101100":642,"2|1|100010":1244,"2|0|000000":3358,"2|0|000001":3339,"1|0|111010":837,"1|0|111011":700,"1|1|011010":5455,"1|1|011011":5563,"2|0|110100":362,"2|0|110101":340,"1|0|100001":5522,"1|0|100000":5802,"2|1|100000":1395,"1|1|000100":3262,"2|1|100001":1285,"2|0|000011":3249,"2|0|001101":2727,"2|0|001100":2756,"2|0|000010":3205,"1|1|000101":3082,"2|1|010101":2157,"2|0|011010":1774,"2|1|010100":2250,"2|0|011011":1714,"1|0|100010":5380,"1|0|101100":3268,"1|0|101101":3051,"1|0|100011":5150,"2|1|100110":997,"1|1|110101":1697,"2|1|100111":941,"2|0|000101":3157,"2|0|000100":3177,"1|0|111110":237,"1|1|110100":1864,"1|0|111111":78,"1|0|100101":4582,"2|0|110001":473,"2|0|110000":548,"1|0|010101":4896,"1|0|010100":4773,"2|0|011001":1906,"2|0|011000":1906,"1|0|100100":4913,"2|1|100100":1066,"2|1|100101":1082,"2|0|000110":3018,"2|0|000111":3071,"1|0|111000":1179,"1|0|111001":1008,"2|0|110111":262,"2|0|110110":286,"2|0|011111":1437,"2|0|011110":1516,"1|0|100111":4235,"1|0|100110":4431,"1|1|001001":3238,"1|0|001001":3280,"1|0|001000":3100,"1|1|001000":3027,"1|1|110001":2301,"1|1|110000":2553,"1|1|010000":4238,"2|0|011101":1554,"2|1|111111":10,"2|1|111110":42,"2|0|010010":2474,"2|0|011100":1669,"2|0|010011":2426,"1|1|010001":4438,"1|0|101010":3720,"1|0|101011":3533,"1|0|001010":3484,"1|1|001111":4115,"1|0|001011":3704,"1|1|001110":4015,"2|1|101011":730,"2|1|101010":787,"1|1|110111":1346,"1|1|110110":1497,"1|1|010010":4528,"1|1|010011":4591,"1|1|011100":5670,"2|0|010001":2507,"2|1|111001":193,"2|1|111000":211,"2|0|010000":2585,"1|1|011101":5588,"1|1|000011":3243,"1|1|001100":3725,"1|1|001101":3891,"2|1|101001":772,"1|1|000010":3318,"2|1|101000":841,"1|1|111110":242,"1|1|111111":77,"2|1|111010":189,"1|1|011110":5718,"1|1|011111":5732,"2|0|010111":2052,"2|1|001000":2975,"2|1|001001":2804,"2|1|111011":126,"2|0|010110":2190,"1|0|101111":2821,"1|1|100101":4668,"1|1|100100":4921,"1|0|101110":2927,"1|1|000000":3399,"1|1|000001":3363,"2|1|101111":558,"2|1|101110":623,"1|1|110010":2145,"1|1|111101":378,"1|1|110011":1999,"1|1|111100":558,"1|1|011000":5283,"1|1|011001":5164,"2|1|001010":2773,"2|0|010100":2340,"2|1|001011":2862,"2|0|010101":2229,"1|0|101001":3816,"1|0|101000":4116,"1|0|000110":3062,"2|0|101101":601,"2|0|100011":1176,"2|0|101100":664,"2|0|100010":1191,"2|1|000001":3260,"2|1|000000":3443,"1|1|111011":697,"1|0|000111":3029,"1|1|111010":869,"1|0|011011":5505,"2|1|110100":342,"1|0|011010":5364,"2|1|001100":2794,"2|1|110101":333,"2|1|001101":2633,"1|1|100001":5544,"1|1|100000":5734,"1|0|000000":3368,"2|0|101111":556,"2|0|101110":589,"2|1|000111":3086,"2|1|000110":3126,"1|1|111000":1195,"1|0|000001":3300,"1|1|111001":1057,"1|0|011000":5229,"2|1|001110":2693,"2|1|110111":285,"2|1|001111":2562,"2|1|110110":272,"1|0|011001":5230,"1|1|100111":4169,"1|1|100110":4480,"1|0|000011":3309,"1|0|001100":3847,"1|0|000010":3296,"2|0|101001":818,"2|0|101000":825,"1|0|001101":3900,"2|1|110001":465,"2|1|110000":504,"2|1|011001":1895,"2|1|011000":2027,"1|1|010100":4766,"1|1|010101":4801,"1|1|101111":2753,"1|1|101110":2951,"2|0|101010":759,"1|0|001111":4088,"1|1|001010":3338,"1|0|001110":3975,"1|1|001011":3565,"2|0|101011":731,"2|1|000011":3188,"2|1|000010":3291,"1|1|010110":4989,"2|1|111101":77,"2|1|110010":412,"2|1|111100":98,"2|1|110011":372,"2|1|011010":1787,"2|1|011011":1758,"1|1|010111":5116,"1|1|101101":3110,"1|1|100011":5036,"1|1|101100":3281,"1|1|100010":5424,"1|0|110001":2458,"2|0|001011":2892,"2|0|001010":2919,"1|0|110000":2520,"2|0|111110":34,"2|0|111111":9,"1|1|101010":3539,"2|1|010010":2433,"2|1|011100":1709,"2|1|011101":1536,"1|0|010001":4424,"1|0|010000":4354,"2|1|010011":2332,"1|1|101011":3503,"1|0|111101":384,"2|0|100101":1031,"2|0|100100":1162,"1|0|110010":2146,"1|0|110011":1918,"1|0|111100":534,"2|0|110010":450,"2|0|111101":71,"2|0|110011":409,"2|0|111100":87,"2|1|011111":1445,"1|0|010111":5075,"1|0|010110":5075,"2|1|011110":1531,"1|1|101001":3863,"1|1|101000":3952,"1|0|110100":1748,"1|0|110101":1713,"2|0|100111":910,"2|0|100110":961,"2|1|000101":3083,"2|0|001111":2628,"2|1|000100":3272,"2|0|001110":2624,"1|0|011110":5664,"2|0|111011":126,"2|0|111010":139,"2|1|010111":2128,"1|0|011111":5904,"2|1|010110":2117,"1|0|110111":1354,"2|0|100001":1285,"2|0|100000":1340,"2|0|001001":2877,"2|0|001000":2923,"1|0|000101":3225,"1|0|000100":3129,"1|0|110110":1510,"1|0|010010":4551,"2|0|111000":233,"2|0|111001":186,"1|0|011101":5642,"2|1|010001":2406,"1|0|010011":4644,"1|0|011100":5549,"2|1|010000":2560}}
