{"probability":{"Group 13":"0.1739136265171082","Group 12":"0.2164799478692521","Group 11":"0.036948144854094006","Group 10":"0.0","Group  6":"0.0005081688253300896","Group  5":"0.0007833610263964421","Group  4":"0.0064004083581477664","Group  3":"0.0","Group  2":"0.0","Group  1":"0.0","Group  9":"0.0006263187092707381","Group  8":"0.0","Group  7":"0.5643400238404005"},"groups":{"Group 13":["Botan 1.5.6 & 1.11.29 & 2.1.0","Feitian JavaCOS A22 & A40","Gemalto GCX4 72K","HSM SafeNet Luna SA-1700","LibTomCrypt 1.17","Libgcrypt 1.6.0 & 1.6.5 & 1.7.6","Libgcrypt 1.6.0 FIPS & 1.6.5 FIPS","Nettle 3.2 & 3.3","Oberthur Cosmo 64","OpenSSL FIPS 2.0.12 & 2.0.14","PGPSDK 4","WolfSSL 2.0rc1 & 3.9.0 & 3.10.2","cryptlib 3.4.3 & 3.4.3.1"],"Group 12":["Bouncy Castle 1.53 (Java)","Cryptix JCE 20050328","FlexiProvider 1.7p7","HSM Utimaco Security Server Se50","Nettle 2.0","PolarSSL 0.10.0","PuTTY 0.67","SunRsaSign OpenJDK 1.8.0","mbedTLS 1.3.19 & 2.2.1 & 2.4.2"],"Group 11":["Bouncy Castle 1.54 (Java)","Crypto++ 5.6.0 & 5.6.3 & 5.6.5","Libgcrypt 1.7.6 FIPS","Microsoft CryptoAPI & CNG & .NET"],"Group 10":["NXP J2D081 & J2E145G","YubiKey NEO"],"Group  6":["Oberthur Cosmo Dual 72K"],"Group  5":["NXP J2A080 & J2A081 & J3A081 & JCOP 41 V2.2.1"],"Group  4":["Gemalto GXP E64"],"Group  3":["GNU Crypto 2.0.1"],"Group  2":["G&D SmartCafe 4.x & 6.0"],"Group  1":["G&D SmartCafe 3.2"],"Group  9":["Infineon JTOP 80K","YubiKey 4 & 4 Nano"],"Group  8":["PGPSDK 4 FIPS"],"Group  7":["OpenSSL 0.9.7 & 1.0.2g & 1.0.2k & 1.1.0e"]},"frequencies":{"1|1|000110":5372,"2|1|100011":7167,"2|1|101101":4337,"1|1|000111":5249,"2|1|101100":4588,"2|1|100010":7539,"2|0|000000":5822,"2|0|000001":5799,"1|0|111010":6070,"1|0|111011":4913,"1|1|011010":32991,"1|1|011011":34274,"2|0|110100":2624,"2|0|110101":2266,"1|0|100001":37975,"1|0|100000":39056,"2|1|100000":8152,"1|1|000100":5618,"2|1|100001":7950,"2|0|000011":5511,"2|0|001101":6204,"2|0|001100":6075,"2|0|000010":5819,"1|1|000101":5589,"2|1|010101":7477,"2|0|011010":7946,"2|1|010100":7428,"2|0|011011":8017,"1|0|100010":36037,"1|0|101100":22755,"1|0|101101":21686,"1|0|100011":34835,"2|1|100110":6463,"1|1|110101":11779,"2|1|100111":6138,"2|0|000101":5423,"2|0|000100":5445,"1|0|111110":1588,"1|1|110100":13099,"1|0|111111":558,"1|0|100101":31988,"2|0|110001":3365,"2|0|110000":3537,"1|0|010101":26427,"1|0|010100":24906,"2|0|011001":7843,"2|0|011000":7674,"1|0|100100":33325,"2|1|100100":6790,"2|1|100101":6741,"2|0|000110":5290,"2|0|000111":5272,"1|0|111000":8257,"1|0|111001":7088,"2|0|110111":1874,"2|0|110110":2071,"2|0|011111":8276,"2|0|011110":8234,"1|0|100111":29317,"1|0|100110":30740,"1|1|001001":7827,"1|0|001001":7824,"1|0|001000":6187,"1|1|001000":5934,"1|1|110001":16630,"1|1|110000":17566,"1|1|010000":18997,"2|0|011101":8146,"2|1|111111":105,"2|1|111110":324,"2|0|010010":7069,"2|0|011100":8074,"2|0|010011":7234,"1|1|010001":20311,"1|0|101010":25285,"1|0|101011":23944,"1|0|001010":9462,"1|1|001111":17419,"1|0|001011":11106,"1|1|001110":15935,"2|1|101011":4836,"2|1|101010":5160,"1|1|110111":9404,"1|1|110110":10580,"1|1|010010":21753,"1|1|010011":23348,"1|1|011100":35475,"2|0|010001":6894,"2|1|111001":1408,"2|1|111000":1671,"2|0|010000":6904,"1|1|011101":36947,"1|1|000011":5552,"1|1|001100":12612,"1|1|001101":14440,"2|1|101001":5444,"1|1|000010":5724,"2|1|101000":5634,"1|1|111110":1600,"1|1|111111":595,"2|1|111010":1192,"1|1|011110":38182,"1|1|011111":39472,"2|0|010111":7637,"2|1|001000":5372,"2|1|001001":5543,"2|1|111011":1002,"2|0|010110":7617,"1|0|101111":18917,"1|1|100101":31900,"1|1|100100":33457,"1|0|101110":19933,"1|1|000000":5804,"1|1|000001":5860,"2|1|101111":3851,"2|1|101110":4162,"1|1|110010":15321,"1|1|111101":2630,"1|1|110011":13950,"1|1|111100":3796,"1|1|011000":30383,"1|1|011001":31258,"2|1|001010":5638,"2|0|010100":7208,"2|1|001011":5755,"2|0|010101":7447,"1|0|101001":26749,"1|0|101000":28413,"1|0|000110":5320,"2|0|101101":4492,"2|0|100011":7305,"2|0|101100":4641,"2|0|100010":7483,"2|1|000001":5690,"2|1|000000":5868,"1|1|111011":4904,"1|0|000111":5336,"1|1|111010":5986,"1|0|011011":34152,"2|1|110100":2674,"1|0|011010":32990,"2|1|001100":6144,"2|1|110101":2302,"2|1|001101":6234,"1|1|100001":37753,"1|1|100000":39065,"1|0|000000":5756,"2|0|101111":3920,"2|0|101110":4065,"2|1|000111":5187,"2|1|000110":5403,"1|1|111000":8247,"1|0|000001":5651,"1|1|111001":6986,"1|0|011000":30427,"2|1|001110":6375,"2|1|110111":1880,"2|1|001111":6726,"2|1|110110":2043,"1|0|011001":31388,"1|1|100111":29337,"1|1|100110":30284,"1|0|000011":5599,"1|0|001100":12776,"1|0|000010":5570,"2|0|101001":5497,"2|0|101000":5783,"1|0|001101":14165,"2|1|110001":3327,"2|1|110000":3599,"2|1|011001":7777,"2|1|011000":7785,"1|1|010100":24711,"1|1|010101":26398,"1|1|101111":19080,"1|1|101110":19986,"2|0|101010":5221,"1|0|001111":17450,"1|1|001010":9529,"1|0|001110":15895,"1|1|001011":11051,"2|0|101011":4964,"2|1|000011":5664,"2|1|000010":5735,"1|1|010110":27574,"2|1|111101":551,"2|1|110010":3069,"2|1|111100":772,"2|1|110011":2790,"2|1|011010":7954,"2|1|011011":7978,"1|1|010111":29288,"1|1|101101":21591,"1|1|100011":34604,"1|1|101100":22701,"1|1|100010":36299,"1|0|110001":16773,"2|0|001011":5906,"2|0|001010":5735,"1|0|110000":17838,"2|0|111110":302,"2|0|111111":117,"1|1|101010":25275,"2|1|010010":6895,"2|1|011100":7995,"2|1|011101":8041,"1|0|010001":20380,"1|0|010000":19127,"2|1|010011":7239,"1|1|101011":23888,"1|0|111101":2676,"2|0|100101":6811,"2|0|100100":6878,"1|0|110010":15477,"1|0|110011":14069,"1|0|111100":3780,"2|0|110010":3030,"2|0|111101":528,"2|0|110011":2857,"2|0|111100":714,"2|1|011111":8305,"1|0|010111":28959,"1|0|010110":27382,"2|1|011110":8369,"1|1|101001":26542,"1|1|101000":27974,"1|0|110100":12737,"1|0|110101":11811,"2|0|100111":6057,"2|0|100110":6259,"2|1|000101":5455,"2|0|001111":6627,"2|1|000100":5626,"2|0|001110":6443,"1|0|011110":38274,"2|0|111011":953,"2|0|111010":1194,"2|1|010111":7646,"1|0|011111":39548,"2|1|010110":7581,"1|0|110111":9516,"2|0|100001":7839,"2|0|100000":8185,"2|0|001001":5540,"2|0|001000":5252,"1|0|000101":5429,"1|0|000100":5574,"1|0|110110":10663,"1|0|010010":21924,"2|0|111000":1663,"2|0|111001":1398,"1|0|011101":36816,"2|1|010001":6962,"1|0|010011":23531,"1|0|011100":35903,"2|1|010000":6636}}
