{"probability":{"Group 13":"0.2263500147988917","Group 12":"0.10349585429711212","Group 11":"0.00723234969932129","Group 10":"0.000013670487071287","Group  6":"0.0","Group  5":"0.00024862649889044897","Group  4":"0.004604501514996837","Group  3":"0.0","Group  2":"0.00008997626064864001","Group  1":"0.0","Group  9":"0.0014443243314626077","Group  8":"0.0","Group  7":"0.6565206821116052"},"groups":{"Group 13":["Botan 1.5.6 & 1.11.29 & 2.1.0","Feitian JavaCOS A22 & A40","Gemalto GCX4 72K","HSM SafeNet Luna SA-1700","LibTomCrypt 1.17","Libgcrypt 1.6.0 & 1.6.5 & 1.7.6","Libgcrypt 1.6.0 FIPS & 1.6.5 FIPS","Nettle 3.2 & 3.3","Oberthur Cosmo 64","OpenSSL FIPS 2.0.12 & 2.0.14","PGPSDK 4","WolfSSL 2.0rc1 & 3.9.0 & 3.10.2","cryptlib 3.4.3 & 3.4.3.1"],"Group 12":["Bouncy Castle 1.53 (Java)","Cryptix JCE 20050328","FlexiProvider 1.7p7","HSM Utimaco Security Server Se50","Nettle 2.0","PolarSSL 0.10.0","PuTTY 0.67","SunRsaSign OpenJDK 1.8.0","mbedTLS 1.3.19 & 2.2.1 & 2.4.2"],"Group 11":["Bouncy Castle 1.54 (Java)","Crypto++ 5.6.0 & 5.6.3 & 5.6.5","Libgcrypt 1.7.6 FIPS","Microsoft CryptoAPI & CNG & .NET"],"Group 10":["NXP J2D081 & J2E145G","YubiKey NEO"],"Group  6":["Oberthur Cosmo Dual 72K"],"Group  5":["NXP J2A080 & J2A081 & J3A081 & JCOP 41 V2.2.1"],"Group  4":["Gemalto GXP E64"],"Group  3":["GNU Crypto 2.0.1"],"Group  2":["G&D SmartCafe 4.x & 6.0"],"Group  1":["G&D SmartCafe 3.2"],"Group  9":["Infineon JTOP 80K","YubiKey 4 & 4 Nano"],"Group  8":["PGPSDK 4 FIPS"],"Group  7":["OpenSSL 0.9.7 & 1.0.2g & 1.0.2k & 1.1.0e"]},"frequencies":{"1|1|000110":1034,"2|1|100011":2700,"2|1|101101":1665,"1|1|000111":985,"2|1|101100":1802,"2|1|100010":2839,"2|0|000000":1093,"2|0|000001":1118,"1|0|111010":2722,"1|0|111011":2239,"1|1|011010":14457,"1|1|011011":15101,"2|0|110100":1015,"2|0|110101":827,"1|0|100001":16963,"1|0|100000":17679,"2|1|100000":3074,"1|1|000100":1089,"2|1|100001":3084,"2|0|000011":1076,"2|0|001101":1604,"2|0|001100":1505,"2|0|000010":1126,"1|1|000101":1038,"2|1|010101":2314,"2|0|011010":2746,"2|1|010100":2289,"2|0|011011":2785,"1|0|100010":16271,"1|0|101100":10398,"1|0|101101":9550,"1|0|100011":15538,"2|1|100110":2326,"1|1|110101":5248,"2|1|100111":2271,"2|0|000101":1045,"2|0|000100":985,"1|0|111110":716,"1|1|110100":5764,"1|0|111111":213,"1|0|100101":14344,"2|0|110001":1277,"2|0|110000":1324,"1|0|010101":11200,"1|0|010100":10611,"2|0|011001":2629,"2|0|011000":2507,"1|0|100100":14963,"2|1|100100":2541,"2|1|100101":2525,"2|0|000110":1053,"2|0|000111":982,"1|0|111000":3773,"1|0|111001":3223,"2|0|110111":684,"2|0|110110":827,"2|0|011111":3185,"2|0|011110":3041,"1|0|100111":12988,"1|0|100110":13680,"1|1|001001":2281,"1|0|001001":2246,"1|0|001000":1451,"1|1|001000":1364,"1|1|110001":7440,"1|1|110000":7937,"1|1|010000":7662,"2|0|011101":3045,"2|1|111111":48,"2|1|111110":127,"2|0|010010":2053,"2|0|011100":2923,"2|0|010011":2122,"1|1|010001":8212,"1|0|101010":11508,"1|0|101011":10863,"1|0|001010":2997,"1|1|001111":6799,"1|0|001011":3801,"1|1|001110":6264,"2|1|101011":1862,"2|1|101010":1910,"1|1|110111":4197,"1|1|110110":4813,"1|1|010010":8979,"1|1|010011":9701,"1|1|011100":15783,"2|0|010001":1994,"2|1|111001":540,"2|1|111000":636,"2|0|010000":1871,"1|1|011101":16246,"1|1|000011":1058,"1|1|001100":4675,"1|1|001101":5443,"2|1|101001":2153,"1|1|000010":1106,"2|1|101000":2197,"1|1|111110":719,"1|1|111111":246,"2|1|111010":439,"1|1|011110":17077,"1|1|011111":17758,"2|0|010111":2490,"2|1|001000":982,"2|1|001001":1154,"2|1|111011":399,"2|0|010110":2402,"1|0|101111":8616,"1|1|100101":14326,"1|1|100100":15104,"1|0|101110":9234,"1|1|000000":1106,"1|1|000001":1171,"2|1|101111":1486,"2|1|101110":1536,"1|1|110010":6826,"1|1|111101":1198,"1|1|110011":6401,"1|1|111100":1654,"1|1|011000":13303,"1|1|011001":13408,"2|1|001010":1313,"2|0|010100":2245,"2|1|001011":1395,"2|0|010101":2312,"1|0|101001":12148,"1|0|101000":12751,"1|0|000110":982,"2|0|101101":1643,"2|0|100011":2764,"2|0|101100":1734,"2|0|100010":2900,"2|1|000001":1088,"2|1|000000":1076,"1|1|111011":2217,"1|0|000111":1001,"1|1|111010":2718,"1|0|011011":15189,"2|1|110100":926,"1|0|011010":14540,"2|1|001100":1498,"2|1|110101":938,"2|1|001101":1556,"1|1|100001":17245,"1|1|100000":17856,"1|0|000000":1036,"2|0|101111":1495,"2|0|101110":1598,"2|1|000111":1059,"2|1|000110":1002,"1|1|111000":3646,"1|0|000001":1047,"1|1|111001":3277,"1|0|011000":13090,"2|1|001110":1657,"2|1|110111":713,"2|1|001111":1803,"2|1|110110":781,"1|0|011001":13912,"1|1|100111":13264,"1|1|100110":13934,"1|0|000011":1062,"1|0|001100":4669,"1|0|000010":1077,"2|0|101001":2039,"2|0|101000":2145,"1|0|001101":5487,"2|1|110001":1290,"2|1|110000":1331,"2|1|011001":2609,"2|1|011000":2614,"1|1|010100":10527,"1|1|010101":11025,"1|1|101111":8474,"1|1|101110":9078,"2|0|101010":1904,"1|0|001111":6956,"1|1|001010":3038,"1|0|001110":6199,"1|1|001011":3844,"2|0|101011":1876,"2|1|000011":1075,"2|1|000010":1083,"1|1|010110":11860,"2|1|111101":226,"2|1|110010":1140,"2|1|111100":305,"2|1|110011":1035,"2|1|011010":2717,"2|1|011011":2863,"1|1|010111":12454,"1|1|101101":9712,"1|1|100011":15655,"1|1|101100":10474,"1|1|100010":16159,"1|0|110001":7597,"2|0|001011":1358,"2|0|001010":1257,"1|0|110000":8138,"2|0|111110":121,"2|0|111111":50,"1|1|101010":11134,"2|1|010010":2054,"2|1|011100":2851,"2|1|011101":3059,"1|0|010001":8232,"1|0|010000":7626,"2|1|010011":2146,"1|1|101011":10829,"1|0|111101":1288,"2|0|100101":2524,"2|0|100100":2585,"1|0|110010":6775,"1|0|110011":6246,"1|0|111100":1736,"2|0|110010":1210,"2|0|111101":226,"2|0|110011":1126,"2|0|111100":290,"2|1|011111":3166,"1|0|010111":12446,"1|0|010110":11759,"2|1|011110":3018,"1|1|101001":11915,"1|1|101000":12787,"1|0|110100":5822,"1|0|110101":5279,"2|0|100111":2355,"2|0|100110":2366,"2|1|000101":1068,"2|0|001111":1786,"2|1|000100":1020,"2|0|001110":1693,"1|0|011110":16934,"2|0|111011":407,"2|0|111010":508,"2|1|010111":2473,"1|0|011111":17362,"2|1|010110":2561,"1|0|110111":4233,"2|0|100001":2930,"2|0|100000":3155,"2|0|001001":1135,"2|0|001000":1042,"1|0|000101":1050,"1|0|000100":1081,"1|0|110110":4843,"1|0|010010":9033,"2|0|111000":653,"2|0|111001":573,"1|0|011101":16236,"2|1|010001":1927,"1|0|010011":9733,"1|0|011100":15899,"2|1|010000":1834}}
