{"probability":{"Group 13":"0.05733987086448852","Group 12":"0.015581758088154905","Group 11":"0.03419530396346052","Group 10":"0.000632631245227672","Group  6":"0.0011659289472189507","Group  5":"0.0","Group  4":"0.0","Group  3":"0.0","Group  2":"0.0","Group  1":"0.0","Group  9":"0.00016032384529496738","Group  8":"0.001211953971004004","Group  7":"0.8897122290751507"},"groups":{"Group 13":["Botan 1.5.6 & 1.11.29 & 2.1.0","Feitian JavaCOS A22 & A40","Gemalto GCX4 72K","HSM SafeNet Luna SA-1700","LibTomCrypt 1.17","Libgcrypt 1.6.0 & 1.6.5 & 1.7.6","Libgcrypt 1.6.0 FIPS & 1.6.5 FIPS","Nettle 3.2 & 3.3","Oberthur Cosmo 64","OpenSSL FIPS 2.0.12 & 2.0.14","PGPSDK 4","WolfSSL 2.0rc1 & 3.9.0 & 3.10.2","cryptlib 3.4.3 & 3.4.3.1"],"Group 12":["Bouncy Castle 1.53 (Java)","Cryptix JCE 20050328","FlexiProvider 1.7p7","HSM Utimaco Security Server Se50","Nettle 2.0","PolarSSL 0.10.0","PuTTY 0.67","SunRsaSign OpenJDK 1.8.0","mbedTLS 1.3.19 & 2.2.1 & 2.4.2"],"Group 11":["Bouncy Castle 1.54 (Java)","Crypto++ 5.6.0 & 5.6.3 & 5.6.5","Libgcrypt 1.7.6 FIPS","Microsoft CryptoAPI & CNG & .NET"],"Group 10":["NXP J2D081 & J2E145G","YubiKey NEO"],"Group  6":["Oberthur Cosmo Dual 72K"],"Group  5":["NXP J2A080 & J2A081 & J3A081 & JCOP 41 V2.2.1"],"Group  4":["Gemalto GXP E64"],"Group  3":["GNU Crypto 2.0.1"],"Group  2":["G&D SmartCafe 4.x & 6.0"],"Group  1":["G&D SmartCafe 3.2"],"Group  9":["Infineon JTOP 80K","YubiKey 4 & 4 Nano"],"Group  8":["PGPSDK 4 FIPS"],"Group  7":["OpenSSL 0.9.7 & 1.0.2g & 1.0.2k & 1.1.0e"]},"frequencies":{"1|1|000110":444,"2|1|100011":1355,"2|1|101101":884,"1|1|000111":365,"2|1|101100":950,"2|1|100010":1477,"2|0|000000":281,"2|0|000001":316,"1|0|111010":5203,"1|0|111011":4287,"1|1|011010":27293,"1|1|011011":28386,"2|0|110100":524,"2|0|110101":466,"1|0|100001":32644,"1|0|100000":33691,"2|1|100000":1638,"1|1|000100":370,"2|1|100001":1616,"2|0|000011":366,"2|0|001101":820,"2|0|001100":736,"2|0|000010":348,"1|1|000101":404,"2|1|010101":1295,"2|0|011010":1578,"2|1|010100":1221,"2|0|011011":1642,"1|0|100010":31091,"1|0|101100":19832,"1|0|101101":18282,"1|0|100011":30073,"2|1|100110":1250,"1|1|110101":10191,"2|1|100111":1248,"2|0|000101":398,"2|0|000100":391,"1|0|111110":1389,"1|1|110100":11108,"1|0|111111":476,"1|0|100101":27110,"2|0|110001":722,"2|0|110000":726,"1|0|010101":20718,"1|0|010100":19103,"2|0|011001":1450,"2|0|011000":1403,"1|0|100100":28836,"2|1|100100":1331,"2|1|100101":1292,"2|0|000110":388,"2|0|000111":442,"1|0|111000":7165,"1|0|111001":6190,"2|0|110111":367,"2|0|110110":453,"2|0|011111":1653,"2|0|011110":1650,"1|0|100111":25356,"1|0|100110":26447,"1|1|001001":2839,"1|0|001001":2882,"1|0|001000":1268,"1|1|001000":1232,"1|1|110001":14349,"1|1|110000":15307,"1|1|010000":13660,"2|0|011101":1639,"2|1|111111":20,"2|1|111110":71,"2|0|010010":1111,"2|0|011100":1509,"2|0|010011":1126,"1|1|010001":15122,"1|0|101010":21594,"1|0|101011":21020,"1|0|001010":4461,"1|1|001111":12263,"1|0|001011":6105,"1|1|001110":10644,"2|1|101011":1044,"2|1|101010":1096,"1|1|110111":8169,"1|1|110110":9184,"1|1|010010":16433,"1|1|010011":17903,"1|1|011100":29768,"2|0|010001":956,"2|1|111001":297,"2|1|111000":354,"2|0|010000":993,"1|1|011101":31332,"1|1|000011":321,"1|1|001100":7454,"1|1|001101":9129,"2|1|101001":1077,"1|1|000010":345,"2|1|101000":1132,"1|1|111110":1353,"1|1|111111":471,"2|1|111010":265,"1|1|011110":32199,"1|1|011111":33344,"2|0|010111":1359,"2|1|001000":484,"2|1|001001":541,"2|1|111011":209,"2|0|010110":1335,"1|0|101111":16245,"1|1|100101":27372,"1|1|100100":28858,"1|0|101110":17187,"1|1|000000":298,"1|1|000001":319,"2|1|101111":735,"2|1|101110":918,"1|1|110010":13259,"1|1|111101":2341,"1|1|110011":12177,"1|1|111100":3380,"1|1|011000":24788,"1|1|011001":26065,"2|1|001010":628,"2|0|010100":1216,"2|1|001011":695,"2|0|010101":1259,"1|0|101001":22916,"1|0|101000":24175,"1|0|000110":381,"2|0|101101":883,"2|0|100011":1470,"2|0|101100":957,"2|0|100010":1537,"2|1|000001":315,"2|1|000000":318,"1|1|111011":4171,"1|0|000111":441,"1|1|111010":5247,"1|0|011011":28562,"2|1|110100":557,"1|0|011010":27287,"2|1|001100":739,"2|1|110101":470,"2|1|001101":815,"1|1|100001":32238,"1|1|100000":33303,"1|0|000000":315,"2|0|101111":807,"2|0|101110":849,"2|1|000111":410,"2|1|000110":367,"1|1|111000":7174,"1|0|000001":346,"1|1|111001":6228,"1|0|011000":24890,"2|1|001110":826,"2|1|110111":427,"2|1|001111":902,"2|1|110110":443,"1|0|011001":26014,"1|1|100111":25101,"1|1|100110":26029,"1|0|000011":349,"1|0|001100":7624,"1|0|000010":346,"2|0|101001":1143,"2|0|101000":1204,"1|0|001101":9137,"2|1|110001":647,"2|1|110000":760,"2|1|011001":1506,"2|1|011000":1425,"1|1|010100":19138,"1|1|010101":20497,"1|1|101111":16108,"1|1|101110":17396,"2|0|101010":1050,"1|0|001111":12172,"1|1|001010":4521,"1|0|001110":10763,"1|1|001011":5787,"2|0|101011":1017,"2|1|000011":334,"2|1|000010":352,"1|1|010110":21961,"2|1|111101":95,"2|1|110010":630,"2|1|111100":151,"2|1|110011":555,"2|1|011010":1570,"2|1|011011":1590,"1|1|010111":23541,"1|1|101101":18560,"1|1|100011":29791,"1|1|101100":19427,"1|1|100010":31166,"1|0|110001":14266,"2|0|001011":665,"2|0|001010":621,"1|0|110000":15332,"2|0|111110":58,"2|0|111111":26,"1|1|101010":21790,"2|1|010010":1104,"2|1|011100":1577,"2|1|011101":1619,"1|0|010001":15129,"1|0|010000":13666,"2|1|010011":1127,"1|1|101011":20848,"1|0|111101":2321,"2|0|100101":1364,"2|0|100100":1429,"1|0|110010":13301,"1|0|110011":12075,"1|0|111100":3236,"2|0|110010":662,"2|0|111101":125,"2|0|110011":572,"2|0|111100":155,"2|1|011111":1600,"1|0|010111":23434,"1|0|010110":22199,"2|1|011110":1700,"1|1|101001":22861,"1|1|101000":24091,"1|0|110100":11072,"1|0|110101":10211,"2|0|100111":1252,"2|0|100110":1246,"2|1|000101":434,"2|0|001111":837,"2|1|000100":421,"2|0|001110":849,"1|0|011110":31967,"2|0|111011":194,"2|0|111010":235,"2|1|010111":1434,"1|0|011111":33740,"2|1|010110":1283,"1|0|110111":8263,"2|0|100001":1535,"2|0|100000":1623,"2|0|001001":504,"2|0|001000":454,"1|0|000101":360,"1|0|000100":365,"1|0|110110":9110,"1|0|010010":16325,"2|0|111000":321,"2|0|111001":307,"1|0|011101":31064,"2|1|010001":1035,"1|0|010011":17866,"1|0|011100":29747,"2|1|010000":1033}}
