{"probability":{"Group 13":"0.1913336188539769","Group 12":"0.043964692078904966","Group 11":"0.01004123599028444","Group 10":"0.0","Group  6":"0.0","Group  5":"0.0","Group  4":"0.003132380441577078","Group  3":"0.0","Group  2":"0.0","Group  1":"0.0","Group  9":"0.00002475860802258421","Group  8":"0.0","Group  7":"0.751503314027234"},"groups":{"Group 13":["Botan 1.5.6 & 1.11.29 & 2.1.0","Feitian JavaCOS A22 & A40","Gemalto GCX4 72K","HSM SafeNet Luna SA-1700","LibTomCrypt 1.17","Libgcrypt 1.6.0 & 1.6.5 & 1.7.6","Libgcrypt 1.6.0 FIPS & 1.6.5 FIPS","Nettle 3.2 & 3.3","Oberthur Cosmo 64","OpenSSL FIPS 2.0.12 & 2.0.14","PGPSDK 4","WolfSSL 2.0rc1 & 3.9.0 & 3.10.2","cryptlib 3.4.3 & 3.4.3.1"],"Group 12":["Bouncy Castle 1.53 (Java)","Cryptix JCE 20050328","FlexiProvider 1.7p7","HSM Utimaco Security Server Se50","Nettle 2.0","PolarSSL 0.10.0","PuTTY 0.67","SunRsaSign OpenJDK 1.8.0","mbedTLS 1.3.19 & 2.2.1 & 2.4.2"],"Group 11":["Bouncy Castle 1.54 (Java)","Crypto++ 5.6.0 & 5.6.3 & 5.6.5","Libgcrypt 1.7.6 FIPS","Microsoft CryptoAPI & CNG & .NET"],"Group 10":["NXP J2D081 & J2E145G","YubiKey NEO"],"Group  6":["Oberthur Cosmo Dual 72K"],"Group  5":["NXP J2A080 & J2A081 & J3A081 & JCOP 41 V2.2.1"],"Group  4":["Gemalto GXP E64"],"Group  3":["GNU Crypto 2.0.1"],"Group  2":["G&D SmartCafe 4.x & 6.0"],"Group  1":["G&D SmartCafe 3.2"],"Group  9":["Infineon JTOP 80K","YubiKey 4 & 4 Nano"],"Group  8":["PGPSDK 4 FIPS"],"Group  7":["OpenSSL 0.9.7 & 1.0.2g & 1.0.2k & 1.1.0e"]},"frequencies":{"1|1|000110":234,"2|1|100011":1108,"2|1|101101":637,"1|1|000111":248,"2|1|101100":799,"2|1|100010":1061,"2|0|000000":256,"2|0|000001":227,"1|0|111010":1521,"1|0|111011":1179,"1|1|011010":7752,"1|1|011011":8158,"2|0|110100":408,"2|0|110101":355,"1|0|100001":9102,"1|0|100000":9429,"2|1|100000":1289,"1|1|000100":240,"2|1|100001":1206,"2|0|000011":230,"2|0|001101":468,"2|0|001100":464,"2|0|000010":237,"1|1|000101":236,"2|1|010101":887,"2|0|011010":1043,"2|1|010100":799,"2|0|011011":1042,"1|0|100010":8710,"1|0|101100":5560,"1|0|101101":5251,"1|0|100011":8376,"2|1|100110":936,"1|1|110101":2931,"2|1|100111":918,"2|0|000101":232,"2|0|000100":207,"1|0|111110":407,"1|1|110100":3201,"1|0|111111":117,"1|0|100101":7793,"2|0|110001":522,"2|0|110000":601,"1|0|010101":5871,"1|0|010100":5445,"2|0|011001":1050,"2|0|011000":943,"1|0|100100":8237,"2|1|100100":997,"2|1|100101":985,"2|0|000110":206,"2|0|000111":234,"1|0|111000":2043,"1|0|111001":1731,"2|0|110111":286,"2|0|110110":327,"2|0|011111":1278,"2|0|011110":1181,"1|0|100111":7232,"1|0|100110":7496,"1|1|001001":888,"1|0|001001":892,"1|0|001000":427,"1|1|001000":446,"1|1|110001":3924,"1|1|110000":4368,"1|1|010000":3868,"2|0|011101":1141,"2|1|111111":12,"2|1|111110":41,"2|0|010010":696,"2|0|011100":1107,"2|0|010011":767,"1|1|010001":4323,"1|0|101010":6196,"1|0|101011":5738,"1|0|001010":1338,"1|1|001111":3492,"1|0|001011":1761,"1|1|001110":3077,"2|1|101011":731,"2|1|101010":754,"1|1|110111":2306,"1|1|110110":2582,"1|1|010010":4619,"1|1|010011":5040,"1|1|011100":8639,"2|0|010001":687,"2|1|111001":208,"2|1|111000":256,"2|0|010000":663,"1|1|011101":8789,"1|1|000011":216,"1|1|001100":2295,"1|1|001101":2630,"2|1|101001":828,"1|1|000010":234,"2|1|101000":863,"1|1|111110":399,"1|1|111111":142,"2|1|111010":194,"1|1|011110":9248,"1|1|011111":9609,"2|0|010111":964,"2|1|001000":262,"2|1|001001":321,"2|1|111011":166,"2|0|010110":888,"1|0|101111":4728,"1|1|100101":7951,"1|1|100100":8235,"1|0|101110":4942,"1|1|000000":246,"1|1|000001":257,"2|1|101111":594,"2|1|101110":617,"1|1|110010":3674,"1|1|111101":678,"1|1|110011":3476,"1|1|111100":937,"1|1|011000":7032,"1|1|011001":7563,"2|1|001010":354,"2|0|010100":829,"2|1|001011":382,"2|0|010101":852,"1|0|101001":6620,"1|0|101000":6869,"1|0|000110":223,"2|0|101101":605,"2|0|100011":1067,"2|0|101100":688,"2|0|100010":1136,"2|1|000001":224,"2|1|000000":220,"1|1|111011":1243,"1|0|000111":233,"1|1|111010":1433,"1|0|011011":8153,"2|1|110100":373,"1|0|011010":7824,"2|1|001100":454,"2|1|110101":347,"2|1|001101":486,"1|1|100001":9146,"1|1|100000":9509,"1|0|000000":214,"2|0|101111":599,"2|0|101110":602,"2|1|000111":240,"2|1|000110":238,"1|1|111000":2004,"1|0|000001":239,"1|1|111001":1760,"1|0|011000":7217,"2|1|001110":574,"2|1|110111":315,"2|1|001111":597,"2|1|110110":303,"1|0|011001":7518,"1|1|100111":7152,"1|1|100110":7343,"1|0|000011":222,"1|0|001100":2211,"1|0|000010":279,"2|0|101001":814,"2|0|101000":901,"1|0|001101":2601,"2|1|110001":499,"2|1|110000":562,"2|1|011001":1014,"2|1|011000":955,"1|1|010100":5481,"1|1|010101":5853,"1|1|101111":4705,"1|1|101110":4941,"2|0|101010":745,"1|0|001111":3428,"1|1|001010":1298,"1|0|001110":3070,"1|1|001011":1809,"2|0|101011":738,"2|1|000011":260,"2|1|000010":218,"1|1|010110":6260,"2|1|111101":81,"2|1|110010":457,"2|1|111100":112,"2|1|110011":417,"2|1|011010":1071,"2|1|011011":1114,"1|1|010111":6666,"1|1|101101":5281,"1|1|100011":8518,"1|1|101100":5615,"1|1|100010":8878,"1|0|110001":4051,"2|0|001011":389,"2|0|001010":361,"1|0|110000":4323,"2|0|111110":45,"2|0|111111":14,"1|1|101010":6336,"2|1|010010":723,"2|1|011100":1127,"2|1|011101":1172,"1|0|010001":4382,"1|0|010000":3820,"2|1|010011":734,"1|1|101011":5896,"1|0|111101":683,"2|0|100101":933,"2|0|100100":1047,"1|0|110010":3610,"1|0|110011":3522,"1|0|111100":939,"2|0|110010":447,"2|0|111101":88,"2|0|110011":472,"2|0|111100":119,"2|1|011111":1252,"1|0|010111":6520,"1|0|010110":6336,"2|1|011110":1231,"1|1|101001":6602,"1|1|101000":7001,"1|0|110100":3123,"1|0|110101":2849,"2|0|100111":912,"2|0|100110":870,"2|1|000101":238,"2|0|001111":522,"2|1|000100":249,"2|0|001110":540,"1|0|011110":9220,"2|0|111011":124,"2|0|111010":198,"2|1|010111":930,"1|0|011111":9703,"2|1|010110":987,"1|0|110111":2347,"2|0|100001":1171,"2|0|100000":1200,"2|0|001001":289,"2|0|001000":268,"1|0|000101":224,"1|0|000100":241,"1|0|110110":2647,"1|0|010010":4660,"2|0|111000":277,"2|0|111001":202,"1|0|011101":8782,"2|1|010001":718,"1|0|010011":5156,"1|0|011100":8518,"2|1|010000":609}}
