{"probability":{"Group 13":"0.037149101840143674","Group 12":"0.047247417888544224","Group 11":"0.19591327877971362","Group 10":"0.00011246686328364569","Group  6":"0.0006377482702985161","Group  5":"0.0","Group  4":"0.0029877078962037454","Group  3":"0.0","Group  2":"0.0","Group  1":"0.0","Group  9":"0.00021478885343983304","Group  8":"0.011097078112238496","Group  7":"0.7046404114961342"},"groups":{"Group 13":["Botan 1.5.6 & 1.11.29 & 2.1.0","Feitian JavaCOS A22 & A40","Gemalto GCX4 72K","HSM SafeNet Luna SA-1700","LibTomCrypt 1.17","Libgcrypt 1.6.0 & 1.6.5 & 1.7.6","Libgcrypt 1.6.0 FIPS & 1.6.5 FIPS","Nettle 3.2 & 3.3","Oberthur Cosmo 64","OpenSSL FIPS 2.0.12 & 2.0.14","PGPSDK 4","WolfSSL 2.0rc1 & 3.9.0 & 3.10.2","cryptlib 3.4.3 & 3.4.3.1"],"Group 12":["Bouncy Castle 1.53 (Java)","Cryptix JCE 20050328","FlexiProvider 1.7p7","HSM Utimaco Security Server Se50","Nettle 2.0","PolarSSL 0.10.0","PuTTY 0.67","SunRsaSign OpenJDK 1.8.0","mbedTLS 1.3.19 & 2.2.1 & 2.4.2"],"Group 11":["Bouncy Castle 1.54 (Java)","Crypto++ 5.6.0 & 5.6.3 & 5.6.5","Libgcrypt 1.7.6 FIPS","Microsoft CryptoAPI & CNG & .NET"],"Group 10":["NXP J2D081 & J2E145G","YubiKey NEO"],"Group  6":["Oberthur Cosmo Dual 72K"],"Group  5":["NXP J2A080 & J2A081 & J3A081 & JCOP 41 V2.2.1"],"Group  4":["Gemalto GXP E64"],"Group  3":["GNU Crypto 2.0.1"],"Group  2":["G&D SmartCafe 4.x & 6.0"],"Group  1":["G&D SmartCafe 3.2"],"Group  9":["Infineon JTOP 80K","YubiKey 4 & 4 Nano"],"Group  8":["PGPSDK 4 FIPS"],"Group  7":["OpenSSL 0.9.7 & 1.0.2g & 1.0.2k & 1.1.0e"]},"frequencies":{"1|1|000110":9822,"2|1|100011":19239,"2|1|101101":12062,"1|1|000111":10551,"2|1|101100":12814,"2|1|100010":20372,"2|0|000000":5889,"2|0|000001":6369,"1|0|111010":26266,"1|0|111011":21551,"1|1|011010":143627,"1|1|011011":149364,"2|0|110100":7220,"2|0|110101":6642,"1|0|100001":163122,"1|0|100000":168829,"2|1|100000":21563,"1|1|000100":8258,"2|1|100001":20945,"2|0|000011":7806,"2|0|001101":15245,"2|0|001100":14711,"2|0|000010":6986,"1|1|000101":8964,"2|1|010101":21550,"2|0|011010":25007,"2|1|010100":20666,"2|0|011011":24697,"1|0|100010":156852,"1|0|101100":99062,"1|0|101101":93053,"1|0|100011":150710,"2|1|100110":17059,"1|1|110101":51235,"2|1|100111":16343,"2|0|000101":8940,"2|0|000100":8307,"1|0|111110":7081,"1|1|110100":56269,"1|0|111111":2769,"1|0|100101":138105,"2|0|110001":9340,"2|0|110000":9844,"1|0|010101":110510,"1|0|010100":104181,"2|0|011001":24103,"2|0|011000":23818,"1|0|100100":144129,"2|1|100100":18543,"2|1|100101":18144,"2|0|000110":9523,"2|0|000111":10380,"1|0|111000":36080,"1|0|111001":31224,"2|0|110111":5427,"2|0|110110":6062,"2|0|011111":22362,"2|0|011110":22945,"1|0|100111":126438,"1|0|100110":132723,"1|1|001001":22817,"1|0|001001":22744,"1|0|001000":14758,"1|1|001000":14831,"1|1|110001":71604,"1|1|110000":77122,"1|1|010000":76141,"2|0|011101":23314,"2|1|111111":750,"2|1|111110":1144,"2|0|010010":19065,"2|0|011100":23953,"2|0|010011":20108,"1|1|010001":83227,"1|0|101010":109279,"1|0|101011":104130,"1|0|001010":30921,"1|1|001111":68977,"1|0|001011":38400,"1|1|001110":61592,"2|1|101011":13503,"2|1|101010":14183,"1|1|110111":41016,"1|1|110110":45822,"1|1|010010":90255,"1|1|010011":96835,"1|1|011100":153924,"2|0|010001":18600,"2|1|111001":4013,"2|1|111000":4860,"2|0|010000":18042,"1|1|011101":159901,"1|1|000011":7725,"1|1|001100":46327,"1|1|001101":53513,"2|1|101001":15036,"1|1|000010":7119,"2|1|101000":15552,"1|1|111110":7231,"1|1|111111":2800,"2|1|111010":3585,"1|1|011110":164367,"1|1|011111":169163,"2|0|010111":23105,"2|1|001000":11159,"2|1|001001":12097,"2|1|111011":2954,"2|0|010110":22346,"1|0|101111":82461,"1|1|100101":138440,"1|1|100100":144624,"1|0|101110":87940,"1|1|000000":5885,"1|1|000001":6337,"2|1|101111":10499,"2|1|101110":11518,"1|1|110010":66558,"1|1|111101":12091,"1|1|110011":61509,"1|1|111100":16824,"1|1|011000":131220,"1|1|011001":137717,"2|1|001010":12892,"2|0|010100":20781,"2|1|001011":13890,"2|0|010101":21421,"1|0|101001":115601,"1|0|101000":121248,"1|0|000110":9669,"2|0|101101":12287,"2|0|100011":19435,"2|0|101100":12924,"2|0|100010":20160,"2|1|000001":6482,"2|1|000000":5953,"1|1|111011":21426,"1|0|000111":10383,"1|1|111010":26481,"1|0|011011":148670,"2|1|110100":7243,"1|0|011010":144286,"2|1|001100":14593,"2|1|110101":6583,"2|1|001101":15315,"1|1|100001":163124,"1|1|100000":169155,"1|0|000000":5833,"2|0|101111":10749,"2|0|101110":11388,"2|1|000111":10441,"2|1|000110":9908,"1|1|111000":36216,"1|0|000001":6316,"1|1|111001":31177,"1|0|011000":131284,"2|1|001110":16290,"2|1|110111":5412,"2|1|001111":17108,"2|1|110110":6063,"1|0|011001":137894,"1|1|100111":126014,"1|1|100110":132188,"1|0|000011":7865,"1|0|001100":46231,"1|0|000010":7025,"2|0|101001":15003,"2|0|101000":15706,"1|0|001101":53434,"2|1|110001":9372,"2|1|110000":9928,"2|1|011001":24144,"2|1|011000":23744,"1|1|010100":103693,"1|1|010101":110769,"1|1|101111":82768,"1|1|101110":87379,"2|0|101010":14114,"1|0|001111":68580,"1|1|001010":30759,"1|0|001110":61409,"1|1|001011":38360,"2|0|101011":13606,"2|1|000011":7605,"2|1|000010":7008,"1|1|010110":117331,"2|1|111101":1689,"0|1|101010":1,"2|1|110010":8646,"2|1|111100":2241,"2|1|110011":7847,"2|1|011010":24877,"2|1|011011":24352,"1|1|010111":124585,"1|1|101101":92163,"1|1|100011":150827,"1|1|101100":98540,"1|1|100010":156447,"1|0|110001":71787,"2|0|001011":13893,"2|0|001010":12833,"1|0|110000":77141,"2|0|111110":1142,"2|0|111111":780,"1|1|101010":110321,"2|1|010010":19286,"2|1|011100":24086,"2|1|011101":23515,"1|0|010001":82796,"1|0|010000":75867,"2|1|010011":19860,"1|1|101011":104041,"1|0|111101":12085,"2|0|100101":17866,"2|0|100100":18701,"1|0|110010":66423,"1|0|110011":61387,"1|0|111100":16884,"2|0|110010":8599,"2|0|111101":1737,"2|0|110011":8125,"2|0|111100":2296,"2|1|011111":22456,"1|0|010111":124381,"1|0|010110":117979,"2|1|011110":22789,"1|1|101001":115471,"1|1|101000":121055,"1|0|110100":56273,"1|0|110101":51412,"2|0|100111":16536,"2|0|100110":17321,"2|1|000101":9090,"2|0|001111":16915,"2|1|000100":8505,"2|0|001110":16259,"1|0|011110":164969,"2|0|111011":2883,"2|0|111010":3573,"2|1|010111":23020,"1|0|011111":170464,"2|1|010110":22427,"1|0|110111":41365,"2|0|100001":21257,"2|0|100000":21983,"2|0|001001":12074,"2|0|001000":11246,"1|0|000101":9067,"1|0|000100":8530,"1|0|110110":46200,"1|0|010010":90361,"2|0|111000":4856,"2|0|111001":4121,"1|0|011101":159378,"2|1|010001":18624,"1|0|010011":96867,"1|0|011100":153562,"2|1|010000":17956}}
