{"probability":{"Group 13":"0.07647954070327947","Group 12":"0.030087934360779073","Group 11":"0.13068030367724667","Group 10":"0.0","Group  6":"0.0008078231369769883","Group  5":"0.0","Group  4":"0.003517444653338462","Group  3":"0.00012836941884913845","Group  2":"0.0","Group  1":"0.0","Group  9":"0.00021210825721090494","Group  8":"0.008457280307016618","Group  7":"0.7496291954853026"},"groups":{"Group 13":["Botan 1.5.6 & 1.11.29 & 2.1.0","Feitian JavaCOS A22 & A40","Gemalto GCX4 72K","HSM SafeNet Luna SA-1700","LibTomCrypt 1.17","Libgcrypt 1.6.0 & 1.6.5 & 1.7.6","Libgcrypt 1.6.0 FIPS & 1.6.5 FIPS","Nettle 3.2 & 3.3","Oberthur Cosmo 64","OpenSSL FIPS 2.0.12 & 2.0.14","PGPSDK 4","WolfSSL 2.0rc1 & 3.9.0 & 3.10.2","cryptlib 3.4.3 & 3.4.3.1"],"Group 12":["Bouncy Castle 1.53 (Java)","Cryptix JCE 20050328","FlexiProvider 1.7p7","HSM Utimaco Security Server Se50","Nettle 2.0","PolarSSL 0.10.0","PuTTY 0.67","SunRsaSign OpenJDK 1.8.0","mbedTLS 1.3.19 & 2.2.1 & 2.4.2"],"Group 11":["Bouncy Castle 1.54 (Java)","Crypto++ 5.6.0 & 5.6.3 & 5.6.5","Libgcrypt 1.7.6 FIPS","Microsoft CryptoAPI & CNG & .NET"],"Group 10":["NXP J2D081 & J2E145G","YubiKey NEO"],"Group  6":["Oberthur Cosmo Dual 72K"],"Group  5":["NXP J2A080 & J2A081 & J3A081 & JCOP 41 V2.2.1"],"Group  4":["Gemalto GXP E64"],"Group  3":["GNU Crypto 2.0.1"],"Group  2":["G&D SmartCafe 4.x & 6.0"],"Group  1":["G&D SmartCafe 3.2"],"Group  9":["Infineon JTOP 80K","YubiKey 4 & 4 Nano"],"Group  8":["PGPSDK 4 FIPS"],"Group  7":["OpenSSL 0.9.7 & 1.0.2g & 1.0.2k & 1.1.0e"]},"frequencies":{"1|1|000110":2584,"2|1|100011":6951,"2|1|101101":4321,"1|1|000111":2697,"2|1|101100":4512,"2|1|100010":7201,"2|0|000000":1681,"2|0|000001":1578,"1|0|111010":10591,"1|0|111011":8681,"1|1|011010":58190,"1|1|011011":60196,"2|0|110100":2579,"2|0|110101":2475,"1|0|100001":66652,"1|0|100000":68842,"2|1|100000":7953,"1|1|000100":2070,"2|1|100001":7547,"2|0|000011":1928,"2|0|001101":4587,"2|0|001100":4408,"2|0|000010":1705,"1|1|000101":2234,"2|1|010101":6951,"2|0|011010":8265,"2|1|010100":6572,"2|0|011011":8296,"1|0|100010":63837,"1|0|101100":40347,"1|0|101101":38174,"1|0|100011":61058,"2|1|100110":6197,"1|1|110101":20750,"2|1|100111":5799,"2|0|000101":2358,"2|0|000100":2143,"1|0|111110":2872,"1|1|110100":23129,"1|0|111111":1087,"1|0|100101":56110,"2|0|110001":3434,"2|0|110000":3555,"1|0|010101":44182,"1|0|010100":41352,"2|0|011001":8028,"2|0|011000":7839,"1|0|100100":59235,"2|1|100100":6659,"2|1|100101":6446,"2|0|000110":2489,"2|0|000111":2676,"1|0|111000":14804,"1|0|111001":12695,"2|0|110111":1964,"2|0|110110":2144,"2|0|011111":8031,"2|0|011110":8122,"1|0|100111":51573,"1|0|100110":54290,"1|1|001001":7797,"1|0|001001":7710,"1|0|001000":4370,"1|1|001000":4426,"1|1|110001":29137,"1|1|110000":31171,"1|1|010000":29599,"2|0|011101":8149,"2|1|111111":217,"2|1|111110":390,"2|0|010010":6150,"2|0|011100":8064,"2|0|010011":6299,"1|1|010001":32690,"1|0|101010":44501,"1|0|101011":42478,"1|0|001010":10937,"1|1|001111":26508,"1|0|001011":14174,"1|1|001110":23635,"2|1|101011":4836,"2|1|101010":5125,"1|1|110111":16714,"1|1|110110":18778,"1|1|010010":35533,"1|1|010011":38654,"1|1|011100":62234,"2|0|010001":5904,"2|1|111001":1413,"2|1|111000":1659,"2|0|010000":5501,"1|1|011101":64137,"1|1|000011":1903,"1|1|001100":17345,"1|1|001101":20376,"2|1|101001":5349,"1|1|000010":1827,"2|1|101000":5585,"1|1|111110":2901,"1|1|111111":1055,"2|1|111010":1239,"1|1|011110":66662,"1|1|011111":68961,"2|0|010111":7344,"2|1|001000":2945,"2|1|001001":3256,"2|1|111011":1024,"2|0|010110":7249,"1|0|101111":33576,"1|1|100101":56341,"1|1|100100":59036,"1|0|101110":36006,"1|1|000000":1693,"1|1|000001":1561,"2|1|101111":3830,"2|1|101110":4075,"1|1|110010":27022,"1|1|111101":4895,"1|1|110011":24979,"1|1|111100":6802,"1|1|011000":51978,"1|1|011001":54976,"2|1|001010":3550,"2|0|010100":6695,"2|1|001011":3842,"2|0|010101":6961,"1|0|101001":47028,"1|0|101000":49393,"1|0|000110":2466,"2|0|101101":4267,"2|0|100011":6943,"2|0|101100":4527,"2|0|100010":7310,"2|1|000001":1578,"2|1|000000":1663,"1|1|111011":8728,"1|0|000111":2616,"1|1|111010":10898,"1|0|011011":59980,"2|1|110100":2603,"1|0|011010":57731,"2|1|001100":4239,"2|1|110101":2389,"2|1|001101":4527,"1|1|100001":65791,"1|1|100000":69043,"1|0|000000":1666,"2|0|101111":3880,"2|0|101110":3955,"2|1|000111":2646,"2|1|000110":2448,"1|1|111000":14715,"1|0|000001":1608,"1|1|111001":12646,"1|0|011000":52239,"2|1|001110":4768,"2|1|110111":1963,"2|1|001111":5348,"2|1|110110":2170,"1|0|011001":54766,"1|1|100111":51220,"1|1|100110":54004,"1|0|000011":1956,"1|0|001100":17515,"1|0|000010":1791,"2|0|101001":5279,"2|0|101000":5744,"1|0|001101":20103,"2|1|110001":3360,"2|1|110000":3547,"2|1|011001":8114,"2|1|011000":7578,"1|1|010100":41143,"1|1|010101":43994,"1|1|101111":33352,"1|1|101110":35723,"2|0|101010":5170,"1|0|001111":26471,"1|1|001010":10955,"1|0|001110":23708,"1|1|001011":14359,"2|0|101011":4957,"2|1|000011":1927,"2|1|000010":1839,"1|1|010110":46928,"2|1|111101":611,"2|1|110010":3093,"2|1|111100":805,"2|1|110011":2784,"2|1|011010":8248,"2|1|011011":8270,"1|1|010111":49783,"1|1|101101":37788,"1|1|100011":61927,"1|1|101100":40170,"1|1|100010":63797,"1|0|110001":29298,"2|0|001011":3936,"2|0|001010":3660,"1|0|110000":31591,"2|0|111110":405,"2|0|111111":224,"1|1|101010":44875,"2|1|010010":6044,"2|1|011100":8202,"2|1|011101":8172,"1|0|010001":32500,"1|0|010000":29661,"2|1|010011":6414,"1|1|101011":41931,"1|0|111101":4866,"2|0|100101":6444,"2|0|100100":6817,"1|0|110010":27117,"1|0|110011":24975,"1|0|111100":6783,"2|0|110010":3042,"2|0|111101":608,"2|0|110011":2948,"2|0|111100":819,"2|1|011111":8024,"1|0|010111":49489,"1|0|010110":46649,"2|1|011110":8050,"1|1|101001":47665,"1|1|101000":48856,"1|0|110100":22978,"1|0|110101":20955,"2|0|100111":5971,"2|0|100110":6268,"2|1|000101":2287,"2|0|001111":4996,"2|1|000100":2174,"2|0|001110":4869,"1|0|011110":66761,"2|0|111011":996,"2|0|111010":1272,"2|1|010111":7500,"1|0|011111":69092,"2|1|010110":7185,"1|0|110111":17000,"2|0|100001":7709,"2|0|100000":7979,"2|0|001001":3355,"2|0|001000":2964,"1|0|000101":2251,"1|0|000100":2102,"1|0|110110":18758,"1|0|010010":35566,"2|0|111000":1683,"2|0|111001":1443,"1|0|011101":64676,"2|1|010001":5836,"1|0|010011":38360,"1|0|011100":62044,"2|1|010000":5371}}
