{"probability":{"Group 13":"0.004190089410994769","Group 12":"0.02825253686072379","Group 11":"0.3086101976452271","Group 10":"0.0","Group  6":"0.0","Group  5":"0.0","Group  4":"0.0006445693172769876","Group  3":"0.00013871417658326606","Group  2":"0.0","Group  1":"0.0","Group  9":"0.0","Group  8":"0.0026927259242735973","Group  7":"0.6554711666649203"},"groups":{"Group 13":["Botan 1.5.6 & 1.11.29 & 2.1.0","Feitian JavaCOS A22 & A40","Gemalto GCX4 72K","HSM SafeNet Luna SA-1700","LibTomCrypt 1.17","Libgcrypt 1.6.0 & 1.6.5 & 1.7.6","Libgcrypt 1.6.0 FIPS & 1.6.5 FIPS","Nettle 3.2 & 3.3","Oberthur Cosmo 64","OpenSSL FIPS 2.0.12 & 2.0.14","PGPSDK 4","WolfSSL 2.0rc1 & 3.9.0 & 3.10.2","cryptlib 3.4.3 & 3.4.3.1"],"Group 12":["Bouncy Castle 1.53 (Java)","Cryptix JCE 20050328","FlexiProvider 1.7p7","HSM Utimaco Security Server Se50","Nettle 2.0","PolarSSL 0.10.0","PuTTY 0.67","SunRsaSign OpenJDK 1.8.0","mbedTLS 1.3.19 & 2.2.1 & 2.4.2"],"Group 11":["Bouncy Castle 1.54 (Java)","Crypto++ 5.6.0 & 5.6.3 & 5.6.5","Libgcrypt 1.7.6 FIPS","Microsoft CryptoAPI & CNG & .NET"],"Group 10":["NXP J2D081 & J2E145G","YubiKey NEO"],"Group  6":["Oberthur Cosmo Dual 72K"],"Group  5":["NXP J2A080 & J2A081 & J3A081 & JCOP 41 V2.2.1"],"Group  4":["Gemalto GXP E64"],"Group  3":["GNU Crypto 2.0.1"],"Group  2":["G&D SmartCafe 4.x & 6.0"],"Group  1":["G&D SmartCafe 3.2"],"Group  9":["Infineon JTOP 80K","YubiKey 4 & 4 Nano"],"Group  8":["PGPSDK 4 FIPS"],"Group  7":["OpenSSL 0.9.7 & 1.0.2g & 1.0.2k & 1.1.0e"]},"frequencies":{"1|1|000110":5209,"2|1|100011":11346,"2|1|101101":7052,"1|1|000111":5758,"2|1|101100":7615,"2|1|100010":11979,"2|0|000000":1737,"2|0|000001":2354,"1|0|111010":12528,"1|0|111011":10275,"1|1|011010":70601,"1|1|011011":73434,"2|0|110100":4195,"2|0|110101":3853,"1|0|100001":78449,"1|0|100000":81517,"2|1|100000":12982,"1|1|000100":3953,"2|1|100001":12470,"2|0|000011":3544,"2|0|001101":8895,"2|0|001100":8668,"2|0|000010":2955,"1|1|000101":4601,"2|1|010101":13275,"2|0|011010":15521,"2|1|010100":12615,"2|0|011011":15160,"1|0|100010":75125,"1|0|101100":48007,"1|0|101101":44774,"1|0|100011":73017,"2|1|100110":10044,"1|1|110101":24875,"2|1|100111":9794,"2|0|000101":4619,"2|0|000100":4111,"1|0|111110":3518,"1|1|110100":27217,"1|0|111111":1369,"1|0|100101":66973,"2|0|110001":5429,"2|0|110000":5888,"1|0|010101":54952,"1|0|010100":51445,"2|0|011001":15019,"2|0|011000":14433,"1|0|100100":70147,"2|1|100100":11090,"2|1|100101":10607,"2|0|000110":5199,"2|0|000111":5738,"1|0|111000":17145,"1|0|111001":15035,"2|0|110111":3119,"2|0|110110":3569,"2|0|011111":13341,"2|0|011110":13745,"1|0|100111":61322,"1|0|100110":63934,"1|1|001001":12002,"1|0|001001":11987,"1|0|001000":7851,"1|1|001000":8116,"1|1|110001":34772,"1|1|110000":37583,"1|1|010000":37794,"2|0|011101":14248,"2|1|111111":485,"2|1|111110":590,"2|0|010010":11658,"2|0|011100":14728,"2|0|010011":12220,"1|1|010001":41169,"1|0|101010":53068,"1|0|101011":50321,"1|0|001010":15575,"1|1|001111":34318,"1|0|001011":19583,"1|1|001110":31030,"2|1|101011":7859,"2|1|101010":8305,"1|1|110111":19827,"1|1|110110":22357,"1|1|010010":45126,"1|1|010011":48161,"1|1|011100":75453,"2|0|010001":11129,"2|1|111001":2365,"2|1|111000":2787,"2|0|010000":10625,"1|1|011101":77729,"1|1|000011":3439,"1|1|001100":23029,"1|1|001101":27033,"2|1|101001":8694,"1|1|000010":2851,"2|1|101000":9295,"1|1|111110":3440,"1|1|111111":1490,"2|1|111010":1957,"1|1|011110":79762,"1|1|011111":82023,"2|0|010111":14148,"2|1|001000":6255,"2|1|001001":7067,"2|1|111011":1737,"2|0|010110":13907,"1|0|101111":39709,"1|1|100101":66984,"1|1|100100":69818,"1|0|101110":42390,"1|1|000000":1753,"1|1|000001":2499,"2|1|101111":6365,"2|1|101110":6772,"1|1|110010":32222,"1|1|111101":5752,"1|1|110011":29708,"1|1|111100":8009,"1|1|011000":64960,"1|1|011001":68526,"2|1|001010":7492,"2|0|010100":12642,"2|1|001011":8177,"2|0|010101":13155,"1|0|101001":55672,"1|0|101000":58656,"1|0|000110":5196,"2|0|101101":7174,"2|0|100011":11499,"2|0|101100":7503,"2|0|100010":11874,"2|1|000001":2342,"2|1|000000":1797,"1|1|111011":10268,"1|0|000111":5752,"1|1|111010":12526,"1|0|011011":73115,"2|1|110100":4092,"1|0|011010":70815,"2|1|001100":8589,"2|1|110101":3855,"2|1|001101":9095,"1|1|100001":78525,"1|1|100000":81701,"1|0|000000":1784,"2|0|101111":6252,"2|0|101110":6723,"2|1|000111":5616,"2|1|000110":5170,"1|1|111000":17350,"1|0|000001":2274,"1|1|111001":14757,"1|0|011000":64909,"2|1|001110":9593,"2|1|110111":3041,"2|1|001111":10246,"2|1|110110":3493,"1|0|011001":68588,"1|1|100111":61047,"1|1|100110":64264,"1|0|000011":3652,"1|0|001100":23237,"1|0|000010":2924,"2|0|101001":8766,"2|0|101000":9226,"1|0|001101":26861,"2|1|110001":5304,"2|1|110000":5905,"2|1|011001":15118,"2|1|011000":14641,"1|1|010100":52110,"1|1|010101":54818,"1|1|101111":40259,"1|1|101110":42358,"2|0|101010":8551,"1|0|001111":34604,"1|1|001010":15708,"1|0|001110":30855,"1|1|001011":19585,"2|0|101011":7989,"2|1|000011":3471,"2|1|000010":2972,"1|1|010110":58379,"2|1|111101":918,"2|1|110010":5112,"2|1|111100":1217,"2|1|110011":4619,"2|1|011010":15453,"2|1|011011":15154,"1|1|010111":61161,"1|1|101101":44869,"1|1|100011":72728,"1|1|101100":48100,"1|1|100010":75565,"1|0|110001":34311,"2|0|001011":8093,"2|0|001010":7493,"1|0|110000":37283,"2|0|111110":608,"2|0|111111":512,"1|1|101010":53376,"2|1|010010":11642,"2|1|011100":14532,"2|1|011101":14054,"1|0|010001":41311,"1|0|010000":37651,"2|1|010011":12229,"1|1|101011":50334,"1|0|111101":5633,"2|0|100101":10428,"2|0|100100":10911,"1|0|110010":31972,"1|0|110011":29880,"1|0|111100":7998,"2|0|110010":5075,"2|0|111101":948,"2|0|110011":4600,"2|0|111100":1263,"2|1|011111":13178,"1|0|010111":61564,"1|0|010110":58229,"2|1|011110":13510,"1|1|101001":56383,"1|1|101000":58630,"1|0|110100":27320,"1|0|110101":24862,"2|0|100111":9576,"2|0|100110":10107,"2|1|000101":4638,"2|0|001111":10092,"2|1|000100":4087,"2|0|001110":9763,"1|0|011110":79931,"2|0|111011":1614,"2|0|111010":1897,"2|1|010111":14215,"1|0|011111":82209,"2|1|010110":13682,"1|0|110111":19513,"2|0|100001":12207,"2|0|100000":13034,"2|0|001001":7016,"2|0|001000":6482,"1|0|000101":4672,"1|0|000100":4076,"1|0|110110":22164,"1|0|010010":44890,"2|0|111000":2702,"2|0|111001":2382,"1|0|011101":78092,"2|1|010001":11200,"1|0|010011":48147,"1|0|011100":75543,"2|1|010000":10729}}
