{"probability":{"Group 13":"0.08191320233516824","Group 12":"0.2647179965050887","Group 11":"0.04008986347197505","Group 10":"0.0","Group  6":"0.0","Group  5":"0.000964483908309816","Group  4":"0.00886226251427748","Group  3":"0.0","Group  2":"0.0","Group  1":"0.0","Group  9":"0.0009870483295201886","Group  8":"0.0","Group  7":"0.6024651429356606"},"groups":{"Group 13":["Botan 1.5.6 & 1.11.29 & 2.1.0","Feitian JavaCOS A22 & A40","Gemalto GCX4 72K","HSM SafeNet Luna SA-1700","LibTomCrypt 1.17","Libgcrypt 1.6.0 & 1.6.5 & 1.7.6","Libgcrypt 1.6.0 FIPS & 1.6.5 FIPS","Nettle 3.2 & 3.3","Oberthur Cosmo 64","OpenSSL FIPS 2.0.12 & 2.0.14","PGPSDK 4","WolfSSL 2.0rc1 & 3.9.0 & 3.10.2","cryptlib 3.4.3 & 3.4.3.1"],"Group 12":["Bouncy Castle 1.53 (Java)","Cryptix JCE 20050328","FlexiProvider 1.7p7","HSM Utimaco Security Server Se50","Nettle 2.0","PolarSSL 0.10.0","PuTTY 0.67","SunRsaSign OpenJDK 1.8.0","mbedTLS 1.3.19 & 2.2.1 & 2.4.2"],"Group 11":["Bouncy Castle 1.54 (Java)","Crypto++ 5.6.0 & 5.6.3 & 5.6.5","Libgcrypt 1.7.6 FIPS","Microsoft CryptoAPI & CNG & .NET"],"Group 10":["NXP J2D081 & J2E145G","YubiKey NEO"],"Group  6":["Oberthur Cosmo Dual 72K"],"Group  5":["NXP J2A080 & J2A081 & J3A081 & JCOP 41 V2.2.1"],"Group  4":["Gemalto GXP E64"],"Group  3":["GNU Crypto 2.0.1"],"Group  2":["G&D SmartCafe 4.x & 6.0"],"Group  1":["G&D SmartCafe 3.2"],"Group  9":["Infineon JTOP 80K","YubiKey 4 & 4 Nano"],"Group  8":["PGPSDK 4 FIPS"],"Group  7":["OpenSSL 0.9.7 & 1.0.2g & 1.0.2k & 1.1.0e"]},"frequencies":{"1|1|000110":3156,"2|1|100011":2620,"2|1|101101":1541,"1|1|000111":3079,"2|1|101100":1649,"2|1|100010":2731,"2|0|000000":3358,"2|0|000001":3388,"1|0|111010":2920,"1|0|111011":2422,"1|1|011010":16017,"1|1|011011":16676,"2|0|110100":928,"2|0|110101":884,"1|0|100001":18324,"1|0|100000":19092,"2|1|100000":3050,"1|1|000100":3308,"2|1|100001":2954,"2|0|000011":3215,"2|0|001101":3140,"2|0|001100":3179,"2|0|000010":3333,"1|1|000101":3246,"2|1|010101":3276,"2|0|011010":3183,"2|1|010100":3236,"2|0|011011":3179,"1|0|100010":17562,"1|0|101100":11065,"1|0|101101":10272,"1|0|100011":17000,"2|1|100110":2421,"1|1|110101":5795,"2|1|100111":2212,"2|0|000101":3118,"2|0|000100":3187,"1|0|111110":675,"1|1|110100":6145,"1|0|111111":283,"1|0|100101":15375,"2|0|110001":1155,"2|0|110000":1315,"1|0|010101":12785,"1|0|010100":12374,"2|0|011001":3239,"2|0|011000":3168,"1|0|100100":16320,"2|1|100100":2565,"2|1|100101":2469,"2|0|000110":3146,"2|0|000111":3184,"1|0|111000":3930,"1|0|111001":3481,"2|0|110111":696,"2|0|110110":741,"2|0|011111":3149,"2|0|011110":3156,"1|0|100111":14121,"1|0|100110":14901,"1|1|001001":4210,"1|0|001001":4310,"1|0|001000":3472,"1|1|001000":3333,"1|1|110001":8008,"1|1|110000":8526,"1|1|010000":9641,"2|0|011101":3116,"2|1|111111":33,"2|1|111110":144,"2|0|010010":3304,"2|0|011100":3115,"2|0|010011":3226,"1|1|010001":10172,"1|0|101010":12017,"1|0|101011":11554,"1|0|001010":5036,"1|1|001111":8793,"1|0|001011":5784,"1|1|001110":8122,"2|1|101011":1816,"2|1|101010":1852,"1|1|110111":4574,"1|1|110110":5065,"1|1|010010":10964,"1|1|010011":11618,"1|1|011100":17197,"2|0|010001":3219,"2|1|111001":465,"2|1|111000":585,"2|0|010000":3176,"1|1|011101":17740,"1|1|000011":3260,"1|1|001100":6516,"1|1|001101":7252,"2|1|101001":1963,"1|1|000010":3331,"2|1|101000":2082,"1|1|111110":785,"1|1|111111":273,"2|1|111010":440,"1|1|011110":18436,"1|1|011111":18858,"2|0|010111":3290,"2|1|001000":3120,"2|1|001001":3083,"2|1|111011":370,"2|0|010110":3211,"1|0|101111":9274,"1|1|100101":15410,"1|1|100100":16124,"1|0|101110":9801,"1|1|000000":3502,"1|1|000001":3357,"2|1|101111":1396,"2|1|101110":1456,"1|1|110010":7376,"1|1|111101":1246,"1|1|110011":6793,"1|1|111100":1794,"1|1|011000":15035,"1|1|011001":15445,"2|1|001010":3157,"2|0|010100":3246,"2|1|001011":3094,"2|0|010101":3308,"1|0|101001":12614,"1|0|101000":13385,"1|0|000110":3056,"2|0|101101":1522,"2|0|100011":2625,"2|0|101100":1715,"2|0|100010":2740,"2|1|000001":3383,"2|1|000000":3457,"1|1|111011":2399,"1|0|000111":3027,"1|1|111010":2839,"1|0|011011":16557,"2|1|110100":1008,"1|0|011010":15878,"2|1|001100":3231,"2|1|110101":809,"2|1|001101":3242,"1|1|100001":18119,"1|1|100000":18885,"1|0|000000":3335,"2|0|101111":1408,"2|0|101110":1508,"2|1|000111":3061,"2|1|000110":3128,"1|1|111000":3980,"1|0|000001":3341,"1|1|111001":3328,"1|0|011000":14981,"2|1|001110":3294,"2|1|110111":686,"2|1|001111":3264,"2|1|110110":727,"1|0|011001":15139,"1|1|100111":14081,"1|1|100110":14549,"1|0|000011":3302,"1|0|001100":6597,"1|0|000010":3278,"2|0|101001":1995,"2|0|101000":2170,"1|0|001101":7417,"2|1|110001":1218,"2|1|110000":1257,"2|1|011001":3235,"2|1|011000":3250,"1|1|010100":12382,"1|1|010101":12993,"1|1|101111":9194,"1|1|101110":9588,"2|0|101010":1958,"1|0|001111":8789,"1|1|001010":4993,"1|0|001110":8150,"1|1|001011":5672,"2|0|101011":1832,"2|1|000011":3218,"2|1|000010":3399,"1|1|010110":13556,"2|1|111101":207,"2|1|110010":1108,"2|1|111100":267,"2|1|110011":1036,"2|1|011010":3164,"2|1|011011":3205,"1|1|010111":14172,"1|1|101101":10309,"1|1|100011":16716,"1|1|101100":10904,"1|1|100010":17578,"1|0|110001":7977,"2|0|001011":3300,"2|0|001010":3206,"1|0|110000":8510,"2|0|111110":107,"2|0|111111":41,"1|1|101010":12206,"2|1|010010":3210,"2|1|011100":3211,"2|1|011101":3076,"1|0|010001":10053,"1|0|010000":9575,"2|1|010011":3324,"1|1|101011":11363,"1|0|111101":1317,"2|0|100101":2492,"2|0|100100":2544,"1|0|110010":7340,"1|0|110011":6719,"1|0|111100":1810,"2|0|110010":1110,"2|0|111101":198,"2|0|110011":993,"2|0|111100":281,"2|1|011111":3101,"1|0|010111":13989,"1|0|010110":13553,"2|1|011110":3406,"1|1|101001":12837,"1|1|101000":13644,"1|0|110100":6148,"1|0|110101":5630,"2|0|100111":2152,"2|0|100110":2322,"2|1|000101":3166,"2|0|001111":3142,"2|1|000100":3214,"2|0|001110":3231,"1|0|011110":18303,"2|0|111011":371,"2|0|111010":417,"2|1|010111":3196,"1|0|011111":19099,"2|1|010110":3265,"1|0|110111":4615,"2|0|100001":2881,"2|0|100000":2996,"2|0|001001":3125,"2|0|001000":3103,"1|0|000101":3214,"1|0|000100":3252,"1|0|110110":5074,"1|0|010010":11046,"2|0|111000":565,"2|0|111001":506,"1|0|011101":17792,"2|1|010001":3236,"1|0|010011":11790,"1|0|011100":17095,"2|1|010000":3190}}
