{"probability":{"Group 13":"0.07631153485704922","Group 12":"0.029854049134432483","Group 11":"0.1313900007550227","Group 10":"0.00001918756200292364","Group  6":"0.0005979446567463018","Group  5":"0.0","Group  4":"0.0034812830151003974","Group  3":"0.00006226430159086057","Group  2":"0.0","Group  1":"0.0","Group  9":"0.0002591661972042147","Group  8":"0.007874698840757933","Group  7":"0.7501498706800929"},"groups":{"Group 13":["Botan 1.5.6 & 1.11.29 & 2.1.0","Feitian JavaCOS A22 & A40","Gemalto GCX4 72K","HSM SafeNet Luna SA-1700","LibTomCrypt 1.17","Libgcrypt 1.6.0 & 1.6.5 & 1.7.6","Libgcrypt 1.6.0 FIPS & 1.6.5 FIPS","Nettle 3.2 & 3.3","Oberthur Cosmo 64","OpenSSL FIPS 2.0.12 & 2.0.14","PGPSDK 4","WolfSSL 2.0rc1 & 3.9.0 & 3.10.2","cryptlib 3.4.3 & 3.4.3.1"],"Group 12":["Bouncy Castle 1.53 (Java)","Cryptix JCE 20050328","FlexiProvider 1.7p7","HSM Utimaco Security Server Se50","Nettle 2.0","PolarSSL 0.10.0","PuTTY 0.67","SunRsaSign OpenJDK 1.8.0","mbedTLS 1.3.19 & 2.2.1 & 2.4.2"],"Group 11":["Bouncy Castle 1.54 (Java)","Crypto++ 5.6.0 & 5.6.3 & 5.6.5","Libgcrypt 1.7.6 FIPS","Microsoft CryptoAPI & CNG & .NET"],"Group 10":["NXP J2D081 & J2E145G","YubiKey NEO"],"Group  6":["Oberthur Cosmo Dual 72K"],"Group  5":["NXP J2A080 & J2A081 & J3A081 & JCOP 41 V2.2.1"],"Group  4":["Gemalto GXP E64"],"Group  3":["GNU Crypto 2.0.1"],"Group  2":["G&D SmartCafe 4.x & 6.0"],"Group  1":["G&D SmartCafe 3.2"],"Group  9":["Infineon JTOP 80K","YubiKey 4 & 4 Nano"],"Group  8":["PGPSDK 4 FIPS"],"Group  7":["OpenSSL 0.9.7 & 1.0.2g & 1.0.2k & 1.1.0e"]},"frequencies":{"1|1|000110":2630,"2|1|100011":6932,"2|1|101101":4370,"1|1|000111":2659,"2|1|101100":4519,"2|1|100010":7285,"2|0|000000":1628,"2|0|000001":1492,"1|0|111010":10564,"1|0|111011":8620,"1|1|011010":58004,"1|1|011011":59922,"2|0|110100":2577,"2|0|110101":2465,"1|0|100001":66272,"1|0|100000":68702,"2|1|100000":7956,"1|1|000100":2074,"2|1|100001":7474,"2|0|000011":1901,"2|0|001101":4592,"2|0|001100":4333,"2|0|000010":1725,"1|1|000101":2216,"2|1|010101":6893,"2|0|011010":8218,"2|1|010100":6618,"2|0|011011":8285,"1|0|100010":63617,"1|0|101100":40325,"1|0|101101":38061,"1|0|100011":60829,"2|1|100110":6181,"1|1|110101":20804,"2|1|100111":5753,"2|0|000101":2324,"2|0|000100":2143,"1|0|111110":2890,"1|1|110100":23070,"1|0|111111":1080,"1|0|100101":56020,"2|0|110001":3391,"2|0|110000":3577,"1|0|010101":43811,"1|0|010100":41300,"2|0|011001":8005,"2|0|011000":7737,"1|0|100100":58999,"2|1|100100":6630,"2|1|100101":6409,"2|0|000110":2434,"2|0|000111":2670,"1|0|111000":14780,"1|0|111001":12607,"2|0|110111":1936,"2|0|110110":2135,"2|0|011111":7994,"2|0|011110":8014,"1|0|100111":51320,"1|0|100110":54071,"1|1|001001":7742,"1|0|001001":7597,"1|0|001000":4277,"1|1|001000":4426,"1|1|110001":29084,"1|1|110000":31216,"1|1|010000":29647,"2|0|011101":8057,"2|1|111111":208,"2|1|111110":368,"2|0|010010":6044,"2|0|011100":8018,"2|0|010011":6329,"1|1|010001":32487,"1|0|101010":44305,"1|0|101011":42351,"1|0|001010":10927,"1|1|001111":26206,"1|0|001011":14160,"1|1|001110":23417,"2|1|101011":4777,"2|1|101010":5081,"1|1|110111":16579,"1|1|110110":18757,"1|1|010010":35405,"1|1|010011":38538,"1|1|011100":62176,"2|0|010001":5782,"2|1|111001":1444,"2|1|111000":1655,"2|0|010000":5428,"1|1|011101":63989,"1|1|000011":1945,"1|1|001100":17306,"1|1|001101":20338,"2|1|101001":5267,"1|1|000010":1732,"2|1|101000":5615,"1|1|111110":2942,"1|1|111111":1041,"2|1|111010":1268,"1|1|011110":66203,"1|1|011111":68806,"2|0|010111":7358,"2|1|001000":2878,"2|1|001001":3250,"2|1|111011":998,"2|0|010110":7241,"1|0|101111":33467,"1|1|100101":56456,"1|1|100100":58767,"1|0|101110":35751,"1|1|000000":1625,"1|1|000001":1514,"2|1|101111":3818,"2|1|101110":4109,"1|1|110010":27022,"1|1|111101":4850,"1|1|110011":24783,"1|1|111100":6769,"1|1|011000":51980,"1|1|011001":54821,"2|1|001010":3568,"2|0|010100":6646,"2|1|001011":3893,"2|0|010101":6899,"1|0|101001":46959,"1|0|101000":49373,"1|0|000110":2458,"2|0|101101":4185,"2|0|100011":6921,"2|0|101100":4517,"2|0|100010":7285,"2|1|000001":1577,"2|1|000000":1654,"1|1|111011":8690,"1|0|000111":2553,"1|1|111010":10872,"1|0|011011":59791,"2|1|110100":2564,"1|0|011010":57456,"2|1|001100":4233,"2|1|110101":2333,"2|1|001101":4527,"1|1|100001":65589,"1|1|100000":68766,"1|0|000000":1654,"2|0|101111":3915,"2|0|101110":3883,"2|1|000111":2620,"2|1|000110":2425,"1|1|111000":14623,"1|0|000001":1579,"1|1|111001":12615,"1|0|011000":51918,"2|1|001110":4881,"2|1|110111":1952,"2|1|001111":5319,"2|1|110110":2153,"1|0|011001":54779,"1|1|100111":51261,"1|1|100110":53696,"1|0|000011":1963,"1|0|001100":17442,"1|0|000010":1772,"2|0|101001":5279,"2|0|101000":5683,"1|0|001101":20013,"2|1|110001":3324,"2|1|110000":3502,"2|1|011001":8023,"2|1|011000":7572,"1|1|010100":40921,"1|1|010101":43751,"1|1|101111":33232,"1|1|101110":35518,"2|0|101010":5062,"1|0|001111":26484,"1|1|001010":10952,"1|0|001110":23552,"1|1|001011":14326,"2|0|101011":4911,"2|1|000011":1894,"2|1|000010":1767,"1|1|010110":46758,"2|1|111101":583,"2|1|110010":3096,"2|1|111100":818,"2|1|110011":2761,"2|1|011010":8274,"2|1|011011":8272,"1|1|010111":49793,"1|1|101101":37665,"1|1|100011":61584,"1|1|101100":40192,"1|1|100010":63516,"1|0|110001":29193,"2|0|001011":3916,"2|0|001010":3612,"1|0|110000":31537,"2|0|111110":400,"2|0|111111":241,"1|1|101010":44772,"2|1|010010":6066,"2|1|011100":8218,"2|1|011101":8152,"1|0|010001":32298,"1|0|010000":29649,"2|1|010011":6336,"1|1|101011":41730,"1|0|111101":4859,"2|0|100101":6354,"2|0|100100":6723,"1|0|110010":27008,"1|0|110011":24749,"1|0|111100":6792,"2|0|110010":3032,"2|0|111101":620,"2|0|110011":2928,"2|0|111100":810,"2|1|011111":7937,"1|0|010111":49416,"1|0|010110":46509,"2|1|011110":8008,"1|1|101001":47523,"1|1|101000":48725,"1|0|110100":22873,"1|0|110101":20860,"2|0|100111":5997,"2|0|100110":6222,"2|1|000101":2246,"2|0|001111":5002,"2|1|000100":2166,"2|0|001110":4777,"1|0|011110":66813,"2|0|111011":1002,"2|0|111010":1288,"2|1|010111":7458,"1|0|011111":69018,"2|1|010110":7071,"1|0|110111":16839,"2|0|100001":7637,"2|0|100000":7957,"2|0|001001":3295,"2|0|001000":2909,"1|0|000101":2272,"1|0|000100":2089,"1|0|110110":18572,"1|0|010010":35538,"2|0|111000":1658,"2|0|111001":1454,"1|0|011101":64307,"2|1|010001":5810,"1|0|010011":38400,"1|0|011100":61767,"2|1|010000":5390}}
