{"probability":{"Group 13":"0.08044303781585002","Group 12":"0.09022871114213012","Group 11":"0.016367787786256353","Group 10":"0.0","Group  6":"0.0","Group  5":"0.0","Group  4":"0.003835016412242546","Group  3":"0.0","Group  2":"0.0","Group  1":"0.0000870503883532124","Group  9":"0.00019288902483515326","Group  8":"0.0","Group  7":"0.8088455074303327"},"groups":{"Group 13":["Botan 1.5.6 & 1.11.29 & 2.1.0","Feitian JavaCOS A22 & A40","Gemalto GCX4 72K","HSM SafeNet Luna SA-1700","LibTomCrypt 1.17","Libgcrypt 1.6.0 & 1.6.5 & 1.7.6","Libgcrypt 1.6.0 FIPS & 1.6.5 FIPS","Nettle 3.2 & 3.3","Oberthur Cosmo 64","OpenSSL FIPS 2.0.12 & 2.0.14","PGPSDK 4","WolfSSL 2.0rc1 & 3.9.0 & 3.10.2","cryptlib 3.4.3 & 3.4.3.1"],"Group 12":["Bouncy Castle 1.53 (Java)","Cryptix JCE 20050328","FlexiProvider 1.7p7","HSM Utimaco Security Server Se50","Nettle 2.0","PolarSSL 0.10.0","PuTTY 0.67","SunRsaSign OpenJDK 1.8.0","mbedTLS 1.3.19 & 2.2.1 & 2.4.2"],"Group 11":["Bouncy Castle 1.54 (Java)","Crypto++ 5.6.0 & 5.6.3 & 5.6.5","Libgcrypt 1.7.6 FIPS","Microsoft CryptoAPI & CNG & .NET"],"Group 10":["NXP J2D081 & J2E145G","YubiKey NEO"],"Group  6":["Oberthur Cosmo Dual 72K"],"Group  5":["NXP J2A080 & J2A081 & J3A081 & JCOP 41 V2.2.1"],"Group  4":["Gemalto GXP E64"],"Group  3":["GNU Crypto 2.0.1"],"Group  2":["G&D SmartCafe 4.x & 6.0"],"Group  1":["G&D SmartCafe 3.2"],"Group  9":["Infineon JTOP 80K","YubiKey 4 & 4 Nano"],"Group  8":["PGPSDK 4 FIPS"],"Group  7":["OpenSSL 0.9.7 & 1.0.2g & 1.0.2k & 1.1.0e"]},"frequencies":{"1|1|000110":469,"2|1|100011":628,"2|1|101101":384,"1|1|000111":457,"2|1|101100":409,"2|1|100010":669,"2|0|000000":470,"2|0|000001":494,"1|0|111010":1520,"1|0|111011":1163,"1|1|011010":7947,"1|1|011011":8411,"2|0|110100":234,"2|0|110101":216,"1|0|100001":9289,"1|0|100000":9616,"2|1|100000":788,"1|1|000100":439,"2|1|100001":656,"2|0|000011":475,"2|0|001101":529,"2|0|001100":523,"2|0|000010":495,"1|1|000101":487,"2|1|010101":661,"2|0|011010":657,"2|1|010100":580,"2|0|011011":742,"1|0|100010":8906,"1|0|101100":5712,"1|0|101101":5280,"1|0|100011":8386,"2|1|100110":567,"1|1|110101":2945,"2|1|100111":580,"2|0|000101":441,"2|0|000100":433,"1|0|111110":407,"1|1|110100":3140,"1|0|111111":123,"1|0|100101":7911,"2|0|110001":298,"2|0|110000":319,"1|0|010101":6063,"1|0|010100":5732,"2|0|011001":708,"2|0|011000":717,"1|0|100100":8290,"2|1|100100":611,"2|1|100101":584,"2|0|000110":463,"2|0|000111":481,"1|0|111000":2011,"1|0|111001":1776,"2|0|110111":189,"2|0|110110":191,"2|0|011111":754,"2|0|011110":723,"1|0|100111":7125,"1|0|100110":7668,"1|1|001001":1161,"1|0|001001":1099,"1|0|001000":689,"1|1|001000":649,"1|1|110001":4165,"1|1|110000":4342,"1|1|010000":4078,"2|0|011101":702,"2|1|111111":7,"2|1|111110":28,"2|0|010010":617,"2|0|011100":711,"2|0|010011":633,"1|1|010001":4458,"1|0|101010":6326,"1|0|101011":5898,"1|0|001010":1533,"1|1|001111":3639,"1|0|001011":2016,"1|1|001110":3224,"2|1|101011":464,"2|1|101010":449,"1|1|110111":2332,"1|1|110110":2589,"1|1|010010":4893,"1|1|010011":5267,"1|1|011100":8518,"2|0|010001":644,"2|1|111001":129,"2|1|111000":150,"2|0|010000":612,"1|1|011101":8924,"1|1|000011":517,"1|1|001100":2419,"1|1|001101":2836,"2|1|101001":477,"1|1|000010":544,"2|1|101000":535,"1|1|111110":372,"1|1|111111":115,"2|1|111010":113,"1|1|011110":9376,"1|1|011111":9550,"2|0|010111":664,"2|1|001000":456,"2|1|001001":495,"2|1|111011":93,"2|0|010110":659,"1|0|101111":4743,"1|1|100101":7868,"1|1|100100":8363,"1|0|101110":4970,"1|1|000000":499,"1|1|000001":493,"2|1|101111":343,"2|1|101110":378,"1|1|110010":3774,"1|1|111101":656,"1|1|110011":3434,"1|1|111100":957,"1|1|011000":7278,"1|1|011001":7669,"2|1|001010":502,"2|0|010100":635,"2|1|001011":527,"2|0|010101":669,"1|0|101001":6522,"1|0|101000":7006,"1|0|000110":426,"2|0|101101":397,"2|0|100011":697,"2|0|101100":401,"2|0|100010":634,"2|1|000001":502,"2|1|000000":480,"1|1|111011":1273,"1|0|000111":439,"1|1|111010":1536,"1|0|011011":8521,"2|1|110100":247,"1|0|011010":7883,"2|1|001100":508,"2|1|110101":219,"2|1|001101":522,"1|1|100001":9428,"1|1|100000":9622,"1|0|000000":471,"2|0|101111":369,"2|0|101110":368,"2|1|000111":433,"2|1|000110":429,"1|1|111000":2030,"1|0|000001":461,"1|1|111001":1711,"1|0|011000":7156,"2|1|001110":611,"2|1|110111":172,"2|1|001111":571,"2|1|110110":161,"1|0|011001":7611,"1|1|100111":7216,"1|1|100110":7649,"1|0|000011":424,"1|0|001100":2425,"1|0|000010":438,"2|0|101001":488,"2|0|101000":498,"1|0|001101":2807,"2|1|110001":313,"2|1|110000":323,"2|1|011001":711,"2|1|011000":629,"1|1|010100":5732,"1|1|010101":6053,"1|1|101111":4816,"1|1|101110":4945,"2|0|101010":469,"1|0|001111":3686,"1|1|001010":1588,"1|0|001110":3277,"1|1|001011":2017,"2|0|101011":456,"2|1|000011":498,"2|1|000010":481,"1|1|010110":6418,"2|1|111101":48,"2|1|110010":272,"2|1|111100":79,"2|1|110011":278,"2|1|011010":731,"2|1|011011":708,"1|1|010111":6827,"1|1|101101":5389,"1|1|100011":8521,"1|1|101100":5578,"1|1|100010":9005,"1|0|110001":4066,"2|0|001011":513,"2|0|001010":527,"1|0|110000":4419,"2|0|111110":35,"2|0|111111":7,"1|1|101010":6290,"2|1|010010":608,"2|1|011100":777,"2|1|011101":753,"1|0|010001":4504,"1|0|010000":4145,"2|1|010011":686,"1|1|101011":5973,"1|0|111101":631,"2|0|100101":604,"2|0|100100":646,"1|0|110010":3813,"1|0|110011":3433,"1|0|111100":940,"2|0|110010":288,"2|0|111101":42,"2|0|110011":242,"2|0|111100":73,"2|1|011111":769,"1|0|010111":6769,"1|0|010110":6341,"2|1|011110":791,"1|1|101001":6626,"1|1|101000":6971,"1|0|110100":3205,"1|0|110101":2806,"2|0|100111":544,"2|0|100110":556,"2|1|000101":427,"2|0|001111":561,"2|1|000100":465,"2|0|001110":531,"1|0|011110":9358,"2|0|111011":92,"2|0|111010":115,"2|1|010111":656,"1|0|011111":9726,"2|1|010110":682,"1|0|110111":2316,"2|0|100001":709,"2|0|100000":717,"2|0|001001":469,"2|0|001000":458,"1|0|000101":477,"1|0|000100":478,"1|0|110110":2631,"1|0|010010":4916,"2|0|111000":153,"2|0|111001":137,"1|0|011101":9115,"2|1|010001":564,"1|0|010011":5267,"1|0|011100":8583,"2|1|010000":571}}
