{"probability":{"Group 13":"0.1577405736421281","Group 12":"0.15063731303749042","Group 11":"0.018099716779311745","Group 10":"0.0","Group  6":"0.0007174956413853235","Group  5":"0.0","Group  4":"0.006224923314890881","Group  3":"0.0","Group  2":"0.0","Group  1":"0.0","Group  9":"0.0011805057076988363","Group  8":"0.0","Group  7":"0.6653994718770947"},"groups":{"Group 13":["Botan 1.5.6 & 1.11.29 & 2.1.0","Feitian JavaCOS A22 & A40","Gemalto GCX4 72K","HSM SafeNet Luna SA-1700","LibTomCrypt 1.17","Libgcrypt 1.6.0 & 1.6.5 & 1.7.6","Libgcrypt 1.6.0 FIPS & 1.6.5 FIPS","Nettle 3.2 & 3.3","Oberthur Cosmo 64","OpenSSL FIPS 2.0.12 & 2.0.14","PGPSDK 4","WolfSSL 2.0rc1 & 3.9.0 & 3.10.2","cryptlib 3.4.3 & 3.4.3.1"],"Group 12":["Bouncy Castle 1.53 (Java)","Cryptix JCE 20050328","FlexiProvider 1.7p7","HSM Utimaco Security Server Se50","Nettle 2.0","PolarSSL 0.10.0","PuTTY 0.67","SunRsaSign OpenJDK 1.8.0","mbedTLS 1.3.19 & 2.2.1 & 2.4.2"],"Group 11":["Bouncy Castle 1.54 (Java)","Crypto++ 5.6.0 & 5.6.3 & 5.6.5","Libgcrypt 1.7.6 FIPS","Microsoft CryptoAPI & CNG & .NET"],"Group 10":["NXP J2D081 & J2E145G","YubiKey NEO"],"Group  6":["Oberthur Cosmo Dual 72K"],"Group  5":["NXP J2A080 & J2A081 & J3A081 & JCOP 41 V2.2.1"],"Group  4":["Gemalto GXP E64"],"Group  3":["GNU Crypto 2.0.1"],"Group  2":["G&D SmartCafe 4.x & 6.0"],"Group  1":["G&D SmartCafe 3.2"],"Group  9":["Infineon JTOP 80K","YubiKey 4 & 4 Nano"],"Group  8":["PGPSDK 4 FIPS"],"Group  7":["OpenSSL 0.9.7 & 1.0.2g & 1.0.2k & 1.1.0e"]},"frequencies":{"1|1|000110":1610,"2|1|100011":2596,"2|1|101101":1545,"1|1|000111":1644,"2|1|101100":1607,"2|1|100010":2672,"2|0|000000":1799,"2|0|000001":1795,"1|0|111010":2866,"1|0|111011":2441,"1|1|011010":16013,"1|1|011011":16578,"2|0|110100":911,"2|0|110101":845,"1|0|100001":18669,"1|0|100000":19231,"2|1|100000":2960,"1|1|000100":1718,"2|1|100001":2859,"2|0|000011":1739,"2|0|001101":2055,"2|0|001100":2006,"2|0|000010":1749,"1|1|000101":1684,"2|1|010101":2616,"2|0|011010":2828,"2|1|010100":2470,"2|0|011011":2852,"1|0|100010":17850,"1|0|101100":11215,"1|0|101101":10575,"1|0|100011":16896,"2|1|100110":2272,"1|1|110101":5723,"2|1|100111":2171,"2|0|000101":1708,"2|0|000100":1601,"1|0|111110":771,"1|1|110100":6256,"1|0|111111":280,"1|0|100101":15696,"2|0|110001":1220,"2|0|110000":1267,"1|0|010101":12371,"1|0|010100":11653,"2|0|011001":2733,"2|0|011000":2621,"1|0|100100":16301,"2|1|100100":2352,"2|1|100101":2378,"2|0|000110":1649,"2|0|000111":1689,"1|0|111000":4015,"1|0|111001":3479,"2|0|110111":692,"2|0|110110":716,"2|0|011111":3018,"2|0|011110":2974,"1|0|100111":14382,"1|0|100110":15231,"1|1|001001":2964,"1|0|001001":2986,"1|0|001000":1958,"1|1|001000":2007,"1|1|110001":8052,"1|1|110000":8609,"1|1|010000":8848,"2|0|011101":2862,"2|1|111111":45,"2|1|111110":135,"2|0|010010":2331,"2|0|011100":2850,"2|0|010011":2360,"1|1|010001":9462,"1|0|101010":12574,"1|0|101011":11828,"1|0|001010":3776,"1|1|001111":7831,"1|0|001011":4625,"1|1|001110":6865,"2|1|101011":1788,"2|1|101010":1805,"1|1|110111":4585,"1|1|110110":5196,"1|1|010010":10099,"1|1|010011":10890,"1|1|011100":17339,"2|0|010001":2196,"2|1|111001":550,"2|1|111000":553,"2|0|010000":2216,"1|1|011101":17893,"1|1|000011":1772,"1|1|001100":5307,"1|1|001101":6291,"2|1|101001":1981,"1|1|000010":1760,"2|1|101000":2034,"1|1|111110":762,"1|1|111111":280,"2|1|111010":374,"1|1|011110":18550,"1|1|011111":19324,"2|0|010111":2658,"2|1|001000":1633,"2|1|001001":1753,"2|1|111011":360,"2|0|010110":2577,"1|0|101111":9244,"1|1|100101":15814,"1|1|100100":16280,"1|0|101110":9824,"1|1|000000":1811,"1|1|000001":1858,"2|1|101111":1424,"2|1|101110":1504,"1|1|110010":7401,"1|1|111101":1299,"1|1|110011":6839,"1|1|111100":1783,"1|1|011000":14425,"1|1|011001":15152,"2|1|001010":1819,"2|0|010100":2547,"2|1|001011":1935,"2|0|010101":2523,"1|0|101001":12989,"1|0|101000":13714,"1|0|000110":1607,"2|0|101101":1616,"2|0|100011":2497,"2|0|101100":1689,"2|0|100010":2706,"2|1|000001":1663,"2|1|000000":1776,"1|1|111011":2419,"1|0|000111":1638,"1|1|111010":2949,"1|0|011011":16362,"2|1|110100":938,"1|0|011010":15657,"2|1|001100":2037,"2|1|110101":853,"2|1|001101":2064,"1|1|100001":18471,"1|1|100000":18923,"1|0|000000":1739,"2|0|101111":1359,"2|0|101110":1553,"2|1|000111":1670,"2|1|000110":1659,"1|1|111000":4073,"1|0|000001":1720,"1|1|111001":3548,"1|0|011000":14430,"2|1|001110":2139,"2|1|110111":692,"2|1|001111":2166,"2|1|110110":741,"1|0|011001":15380,"1|1|100111":14282,"1|1|100110":15142,"1|0|000011":1693,"1|0|001100":5398,"1|0|000010":1700,"2|0|101001":2005,"2|0|101000":2078,"1|0|001101":6381,"2|1|110001":1184,"2|1|110000":1304,"2|1|011001":2729,"2|1|011000":2566,"1|1|010100":11552,"1|1|010101":12401,"1|1|101111":9274,"1|1|101110":9785,"2|0|101010":1853,"1|0|001111":7981,"1|1|001010":3749,"1|0|001110":7055,"1|1|001011":4692,"2|0|101011":1726,"2|1|000011":1783,"2|1|000010":1722,"1|1|010110":13226,"2|1|111101":211,"2|1|110010":1085,"2|1|111100":279,"2|1|110011":1033,"2|1|011010":2838,"2|1|011011":2812,"1|1|010111":13893,"1|1|101101":10499,"1|1|100011":17082,"1|1|101100":11181,"1|1|100010":17771,"1|0|110001":8029,"2|0|001011":1832,"2|0|001010":1800,"1|0|110000":8740,"2|0|111110":104,"2|0|111111":40,"1|1|101010":12405,"2|1|010010":2334,"2|1|011100":2810,"2|1|011101":2898,"1|0|010001":9445,"1|0|010000":8460,"2|1|010011":2332,"1|1|101011":11502,"1|0|111101":1352,"2|0|100101":2341,"2|0|100100":2445,"1|0|110010":7577,"1|0|110011":6984,"1|0|111100":1912,"2|0|110010":1143,"2|0|111101":165,"2|0|110011":1007,"2|0|111100":248,"2|1|011111":2940,"1|0|010111":13657,"1|0|010110":13151,"2|1|011110":2987,"1|1|101001":13139,"1|1|101000":13736,"1|0|110100":6298,"1|0|110101":5819,"2|0|100111":2138,"2|0|100110":2162,"2|1|000101":1698,"2|0|001111":2177,"2|1|000100":1718,"2|0|001110":2125,"1|0|011110":18460,"2|0|111011":373,"2|0|111010":460,"2|1|010111":2614,"1|0|011111":19334,"2|1|010110":2611,"1|0|110111":4558,"2|0|100001":2890,"2|0|100000":2994,"2|0|001001":1630,"2|0|001000":1655,"1|0|000101":1593,"1|0|000100":1734,"1|0|110110":5192,"1|0|010010":10006,"2|0|111000":587,"2|0|111001":468,"1|0|011101":17941,"2|1|010001":2254,"1|0|010011":11005,"1|0|011100":17272,"2|1|010000":2224}}
