{"probability":{"Group 13":"0.0","Group 12":"0.363592236435772","Group 11":"0.017185266602616916","Group 10":"0.0","Group  6":"0.0","Group  5":"0.0007067085330490399","Group  4":"0.017671984326136002","Group  3":"0.0","Group  2":"0.00013727763381592048","Group  1":"0.0","Group  9":"0.002537830299621262","Group  8":"0.0","Group  7":"0.5981686961689888"},"groups":{"Group 13":["Botan 1.5.6 & 1.11.29 & 2.1.0","Feitian JavaCOS A22 & A40","Gemalto GCX4 72K","HSM SafeNet Luna SA-1700","LibTomCrypt 1.17","Libgcrypt 1.6.0 & 1.6.5 & 1.7.6","Libgcrypt 1.6.0 FIPS & 1.6.5 FIPS","Nettle 3.2 & 3.3","Oberthur Cosmo 64","OpenSSL FIPS 2.0.12 & 2.0.14","PGPSDK 4","WolfSSL 2.0rc1 & 3.9.0 & 3.10.2","cryptlib 3.4.3 & 3.4.3.1"],"Group 12":["Bouncy Castle 1.53 (Java)","Cryptix JCE 20050328","FlexiProvider 1.7p7","HSM Utimaco Security Server Se50","Nettle 2.0","PolarSSL 0.10.0","PuTTY 0.67","SunRsaSign OpenJDK 1.8.0","mbedTLS 1.3.19 & 2.2.1 & 2.4.2"],"Group 11":["Bouncy Castle 1.54 (Java)","Crypto++ 5.6.0 & 5.6.3 & 5.6.5","Libgcrypt 1.7.6 FIPS","Microsoft CryptoAPI & CNG & .NET"],"Group 10":["NXP J2D081 & J2E145G","YubiKey NEO"],"Group  6":["Oberthur Cosmo Dual 72K"],"Group  5":["NXP J2A080 & J2A081 & J3A081 & JCOP 41 V2.2.1"],"Group  4":["Gemalto GXP E64"],"Group  3":["GNU Crypto 2.0.1"],"Group  2":["G&D SmartCafe 4.x & 6.0"],"Group  1":["G&D SmartCafe 3.2"],"Group  9":["Infineon JTOP 80K","YubiKey 4 & 4 Nano"],"Group  8":["PGPSDK 4 FIPS"],"Group  7":["OpenSSL 0.9.7 & 1.0.2g & 1.0.2k & 1.1.0e"]},"frequencies":{"1|1|000110":3571,"2|1|100011":1722,"2|1|101101":956,"1|1|000111":3556,"2|1|101100":1118,"2|1|100010":1878,"2|0|000000":3993,"2|0|000001":3823,"1|0|111010":2455,"1|0|111011":1915,"1|1|011010":13551,"1|1|011011":14079,"2|0|110100":560,"2|0|110101":506,"1|0|100001":15067,"1|0|100000":15555,"2|1|100000":2008,"1|1|000100":3732,"2|1|100001":1917,"2|0|000011":3739,"2|0|001101":3329,"2|0|001100":3352,"2|0|000010":3898,"1|1|000101":3696,"2|1|010101":2887,"2|0|011010":2527,"2|1|010100":2914,"2|0|011011":2294,"1|0|100010":14400,"1|0|101100":8898,"1|0|101101":8409,"1|0|100011":13884,"2|1|100110":1449,"1|1|110101":4586,"2|1|100111":1398,"2|0|000101":3745,"2|0|000100":3798,"1|0|111110":641,"1|1|110100":5106,"1|0|111111":205,"1|0|100101":12623,"2|0|110001":707,"2|0|110000":788,"1|0|010101":11080,"1|0|010100":10490,"2|0|011001":2484,"2|0|011000":2626,"1|0|100100":13153,"2|1|100100":1635,"2|1|100101":1525,"2|0|000110":3568,"2|0|000111":3535,"1|0|111000":3243,"1|0|111001":2801,"2|0|110111":384,"2|0|110110":460,"2|0|011111":2111,"2|0|011110":2173,"1|0|100111":11627,"1|0|100110":12206,"1|1|001001":4484,"1|0|001001":4425,"1|0|001000":3950,"1|1|001000":3844,"1|1|110001":6428,"1|1|110000":7158,"1|1|010000":8480,"2|0|011101":2283,"2|1|111111":23,"2|1|111110":66,"2|0|010010":3047,"2|0|011100":2227,"2|0|010011":2993,"1|1|010001":9020,"1|0|101010":9951,"1|0|101011":9499,"1|0|001010":5114,"1|1|001111":7987,"1|0|001011":5780,"1|1|001110":7335,"2|1|101011":1084,"2|1|101010":1189,"1|1|110111":3696,"1|1|110110":4174,"1|1|010010":9533,"1|1|010011":10155,"1|1|011100":14226,"2|0|010001":3108,"2|1|111001":319,"2|1|111000":325,"2|0|010000":3272,"1|1|011101":14649,"1|1|000011":3757,"1|1|001100":6398,"1|1|001101":6829,"2|1|101001":1280,"1|1|000010":3885,"2|1|101000":1333,"1|1|111110":626,"1|1|111111":174,"2|1|111010":272,"1|1|011110":15169,"1|1|011111":15791,"2|0|010111":2758,"2|1|001000":3445,"2|1|001001":3533,"2|1|111011":213,"2|0|010110":2875,"1|0|101111":7456,"1|1|100101":12787,"1|1|100100":13164,"1|0|101110":7960,"1|1|000000":3899,"1|1|000001":3972,"2|1|101111":865,"2|1|101110":911,"1|1|110010":5975,"1|1|111101":1052,"1|1|110011":5610,"1|1|111100":1457,"1|1|011000":12457,"1|1|011001":12923,"2|1|001010":3493,"2|0|010100":2947,"2|1|001011":3389,"2|0|010101":2861,"1|0|101001":10543,"1|0|101000":11000,"1|0|000110":3626,"2|0|101101":1003,"2|0|100011":1705,"2|0|101100":1089,"2|0|100010":1835,"2|1|000001":3892,"2|1|000000":4022,"1|1|111011":1941,"1|0|000111":3618,"1|1|111010":2458,"1|0|011011":13791,"2|1|110100":586,"1|0|011010":13446,"2|1|001100":3327,"2|1|110101":470,"2|1|001101":3332,"1|1|100001":14855,"1|1|100000":15563,"1|0|000000":3897,"2|0|101111":876,"2|0|101110":900,"2|1|000111":3486,"2|1|000110":3629,"1|1|111000":3201,"1|0|000001":3925,"1|1|111001":2800,"1|0|011000":12477,"2|1|001110":3231,"2|1|110111":397,"2|1|001111":3335,"2|1|110110":428,"1|0|011001":12784,"1|1|100111":11429,"1|1|100110":12288,"1|0|000011":3757,"1|0|001100":6173,"1|0|000010":3856,"2|0|101001":1249,"2|0|101000":1398,"1|0|001101":6790,"2|1|110001":743,"2|1|110000":779,"2|1|011001":2587,"2|1|011000":2641,"1|1|010100":10558,"1|1|010101":11148,"1|1|101111":7495,"1|1|101110":7799,"2|0|101010":1125,"1|0|001111":7957,"1|1|001010":5029,"1|0|001110":7245,"1|1|001011":5571,"2|0|101011":1121,"2|1|000011":3746,"2|1|000010":3904,"1|1|010110":11674,"2|1|111101":113,"2|1|110010":647,"2|1|111100":152,"2|1|110011":647,"2|1|011010":2443,"2|1|011011":2315,"1|1|010111":12066,"1|1|101101":8496,"1|1|100011":13983,"1|1|101100":8990,"1|1|100010":14458,"1|0|110001":6436,"2|0|001011":3357,"2|0|001010":3451,"1|0|110000":6928,"2|0|111110":74,"2|0|111111":23,"1|1|101010":10038,"2|1|010010":3031,"2|1|011100":2324,"2|1|011101":2195,"1|0|010001":9002,"1|0|010000":8615,"2|1|010011":3029,"1|1|101011":9444,"1|0|111101":1109,"2|0|100101":1612,"2|0|100100":1687,"1|0|110010":6050,"1|0|110011":5471,"1|0|111100":1491,"2|0|110010":611,"2|0|111101":137,"2|0|110011":650,"2|0|111100":154,"2|1|011111":2134,"1|0|010111":12078,"1|0|010110":11605,"2|1|011110":2188,"1|1|101001":10524,"1|1|101000":11172,"1|0|110100":5184,"1|0|110101":4382,"2|0|100111":1369,"2|0|100110":1400,"2|1|000101":3616,"2|0|001111":3269,"2|1|000100":3760,"2|0|001110":3268,"1|0|011110":15186,"2|0|111011":233,"2|0|111010":230,"2|1|010111":2697,"1|0|011111":15487,"2|1|010110":2680,"1|0|110111":3583,"2|0|100001":1953,"2|0|100000":2055,"2|0|001001":3432,"2|0|001000":3511,"1|0|000101":3672,"1|0|000100":3775,"1|0|110110":4260,"1|0|010010":9668,"2|0|111000":331,"2|0|111001":315,"1|0|011101":14809,"2|1|010001":3099,"1|0|010011":9954,"1|0|011100":14350,"2|1|010000":3223}}
