{"probability":{"Group 13":"0.1070065947423682","Group 12":"0.43755513775892396","Group 11":"0.06247226715829386","Group 10":"0.0005994901075454723","Group  6":"0.0","Group  5":"0.0011484255260673386","Group  4":"0.018067612597232347","Group  3":"0.0","Group  2":"0.0","Group  1":"0.0","Group  9":"0.0014603169221109468","Group  8":"0.0","Group  7":"0.3716901551874578"},"groups":{"Group 13":["Botan 1.5.6 & 1.11.29 & 2.1.0","Feitian JavaCOS A22 & A40","Gemalto GCX4 72K","HSM SafeNet Luna SA-1700","LibTomCrypt 1.17","Libgcrypt 1.6.0 & 1.6.5 & 1.7.6","Libgcrypt 1.6.0 FIPS & 1.6.5 FIPS","Nettle 3.2 & 3.3","Oberthur Cosmo 64","OpenSSL FIPS 2.0.12 & 2.0.14","PGPSDK 4","WolfSSL 2.0rc1 & 3.9.0 & 3.10.2","cryptlib 3.4.3 & 3.4.3.1"],"Group 12":["Bouncy Castle 1.53 (Java)","Cryptix JCE 20050328","FlexiProvider 1.7p7","HSM Utimaco Security Server Se50","Nettle 2.0","PolarSSL 0.10.0","PuTTY 0.67","SunRsaSign OpenJDK 1.8.0","mbedTLS 1.3.19 & 2.2.1 & 2.4.2"],"Group 11":["Bouncy Castle 1.54 (Java)","Crypto++ 5.6.0 & 5.6.3 & 5.6.5","Libgcrypt 1.7.6 FIPS","Microsoft CryptoAPI & CNG & .NET"],"Group 10":["NXP J2D081 & J2E145G","YubiKey NEO"],"Group  6":["Oberthur Cosmo Dual 72K"],"Group  5":["NXP J2A080 & J2A081 & J3A081 & JCOP 41 V2.2.1"],"Group  4":["Gemalto GXP E64"],"Group  3":["GNU Crypto 2.0.1"],"Group  2":["G&D SmartCafe 4.x & 6.0"],"Group  1":["G&D SmartCafe 3.2"],"Group  9":["Infineon JTOP 80K","YubiKey 4 & 4 Nano"],"Group  8":["PGPSDK 4 FIPS"],"Group  7":["OpenSSL 0.9.7 & 1.0.2g & 1.0.2k & 1.1.0e"]},"frequencies":{"1|1|000110":6688,"2|1|100011":5314,"2|1|101101":3124,"1|1|000111":6715,"2|1|101100":3356,"2|1|100010":5607,"2|0|000000":7438,"2|0|000001":7312,"1|0|111010":2827,"1|0|111011":2303,"1|1|011010":16912,"1|1|011011":17258,"2|0|110100":1880,"2|0|110101":1613,"1|0|100001":18266,"1|0|100000":18944,"2|1|100000":6191,"1|1|000100":6991,"2|1|100001":5870,"2|0|000011":7100,"2|0|001101":6836,"2|0|001100":6695,"2|0|000010":7043,"1|1|000101":6928,"2|1|010101":6764,"2|0|011010":6602,"2|1|010100":6712,"2|0|011011":6496,"1|0|100010":17468,"1|0|101100":10909,"1|0|101101":10066,"1|0|100011":16843,"2|1|100110":4527,"1|1|110101":5575,"2|1|100111":4335,"2|0|000101":6805,"2|0|000100":6953,"1|0|111110":784,"1|1|110100":6230,"1|0|111111":243,"1|0|100101":15102,"2|0|110001":2380,"2|0|110000":2554,"1|0|010101":14532,"1|0|010100":14112,"2|0|011001":6780,"2|0|011000":6708,"1|0|100100":16041,"2|1|100100":5147,"2|1|100101":4966,"2|0|000110":6730,"2|0|000111":6783,"1|0|111000":3745,"1|0|111001":3340,"2|0|110111":1310,"2|0|110110":1532,"2|0|011111":6296,"2|0|011110":6462,"1|0|100111":13976,"1|0|100110":14909,"1|1|001001":7575,"1|0|001001":7687,"1|0|001000":6889,"1|1|001000":6983,"1|1|110001":7821,"1|1|110000":8350,"1|1|010000":11932,"2|0|011101":6323,"2|1|111111":76,"2|1|111110":210,"2|0|010010":6880,"2|0|011100":6306,"2|0|010011":6908,"1|1|010001":12524,"1|0|101010":12064,"1|0|101011":11660,"1|0|001010":8386,"1|1|001111":11523,"1|0|001011":9002,"1|1|001110":10520,"2|1|101011":3539,"2|1|101010":3759,"1|1|110111":4494,"1|1|110110":5036,"1|1|010010":13006,"1|1|010011":13491,"1|1|011100":17869,"2|0|010001":6844,"2|1|111001":1009,"2|1|111000":1115,"2|0|010000":6848,"1|1|011101":18439,"1|1|000011":7024,"1|1|001100":9467,"1|1|001101":10123,"2|1|101001":3958,"1|1|000010":7312,"2|1|101000":4228,"1|1|111110":735,"1|1|111111":253,"2|1|111010":858,"1|1|011110":18772,"1|1|011111":19150,"2|0|010111":6619,"2|1|001000":6612,"2|1|001001":6560,"2|1|111011":686,"2|0|010110":6935,"1|0|101111":9098,"1|1|100101":15513,"1|1|100100":16095,"1|0|101110":9731,"1|1|000000":7243,"1|1|000001":7456,"2|1|101111":2715,"2|1|101110":2910,"1|1|110010":7198,"1|1|111101":1340,"1|1|110011":6710,"1|1|111100":1836,"1|1|011000":15890,"1|1|011001":16700,"2|1|001010":6737,"2|0|010100":6826,"2|1|001011":6593,"2|0|010101":6850,"1|0|101001":12887,"1|0|101000":13442,"1|0|000110":6885,"2|0|101101":3196,"2|0|100011":5359,"2|0|101100":3386,"2|0|100010":5534,"2|1|000001":7443,"2|1|000000":7587,"1|1|111011":2229,"1|0|000111":6741,"1|1|111010":2878,"1|0|011011":17514,"2|1|110100":1900,"1|0|011010":16949,"2|1|001100":6743,"2|1|110101":1656,"2|1|001101":6731,"1|1|100001":18499,"1|1|100000":19035,"1|0|000000":7457,"2|0|101111":2840,"2|0|101110":2851,"2|1|000111":6597,"2|1|000110":6799,"1|1|111000":3899,"1|0|000001":7421,"1|1|111001":3387,"1|0|011000":16122,"2|1|001110":6798,"2|1|110111":1318,"2|1|001111":6988,"2|1|110110":1542,"1|0|011001":16532,"1|1|100111":13855,"1|1|100110":14739,"1|0|000011":7158,"1|0|001100":9561,"1|0|000010":7172,"2|0|101001":3875,"2|0|101000":4155,"1|0|001101":10198,"2|1|110001":2247,"2|1|110000":2623,"2|1|011001":6605,"2|1|011000":6806,"1|1|010100":14027,"1|1|010101":14668,"1|1|101111":9059,"1|1|101110":9558,"2|0|101010":3747,"1|0|001111":11424,"1|1|001010":8318,"1|0|001110":10705,"1|1|001011":8991,"2|0|101011":3485,"2|1|000011":6968,"2|1|000010":7185,"1|1|010110":15257,"2|1|111101":385,"2|1|110010":2189,"2|1|111100":545,"2|1|110011":2049,"2|1|011010":6532,"2|1|011011":6613,"1|1|010111":15403,"1|1|101101":10332,"1|1|100011":16940,"1|1|101100":10877,"1|1|100010":17417,"1|0|110001":7820,"2|0|001011":6772,"2|0|001010":6786,"1|0|110000":8400,"2|0|111110":219,"2|0|111111":76,"1|1|101010":12061,"2|1|010010":6767,"2|1|011100":6382,"2|1|011101":6477,"1|0|010001":12399,"1|0|010000":11968,"2|1|010011":6837,"1|1|101011":11501,"1|0|111101":1282,"2|0|100101":4909,"2|0|100100":4975,"1|0|110010":7333,"1|0|110011":6627,"1|0|111100":1821,"2|0|110010":2104,"2|0|111101":373,"2|0|110011":2020,"2|0|111100":523,"2|1|011111":6370,"1|0|010111":15840,"1|0|010110":15110,"2|1|011110":6405,"1|1|101001":12647,"1|1|101000":13437,"1|0|110100":6054,"1|0|110101":5646,"2|0|100111":4420,"2|0|100110":4611,"2|1|000101":6945,"2|0|001111":6825,"2|1|000100":7179,"2|0|001110":6734,"1|0|011110":18668,"2|0|111011":691,"2|0|111010":821,"2|1|010111":6758,"1|0|011111":19214,"2|1|010110":6707,"1|0|110111":4532,"2|0|100001":5929,"2|0|100000":6277,"2|0|001001":6719,"2|0|001000":6589,"1|0|000101":6938,"1|0|000100":6909,"1|0|110110":4909,"1|0|010010":13466,"2|0|111000":1177,"2|0|111001":969,"1|0|011101":18328,"2|1|010001":6838,"1|0|010011":13648,"1|0|011100":17757,"2|1|010000":6880}}
