{"probability":{"Group 13":"0.013059186440961731","Group 12":"0.01816268472371038","Group 11":"0.11128087094592388","Group 10":"0.0","Group  6":"0.0","Group  5":"0.0","Group  4":"0.00240342255153325","Group  3":"0.0","Group  2":"0.00011160593036233735","Group  1":"0.0","Group  9":"0.0014203058814968989","Group  8":"0.0","Group  7":"0.8535619235260115"},"groups":{"Group 13":["Botan 1.5.6 & 1.11.29 & 2.1.0","Feitian JavaCOS A22 & A40","Gemalto GCX4 72K","HSM SafeNet Luna SA-1700","LibTomCrypt 1.17","Libgcrypt 1.6.0 & 1.6.5 & 1.7.6","Libgcrypt 1.6.0 FIPS & 1.6.5 FIPS","Nettle 3.2 & 3.3","Oberthur Cosmo 64","OpenSSL FIPS 2.0.12 & 2.0.14","PGPSDK 4","WolfSSL 2.0rc1 & 3.9.0 & 3.10.2","cryptlib 3.4.3 & 3.4.3.1"],"Group 12":["Bouncy Castle 1.53 (Java)","Cryptix JCE 20050328","FlexiProvider 1.7p7","HSM Utimaco Security Server Se50","Nettle 2.0","PolarSSL 0.10.0","PuTTY 0.67","SunRsaSign OpenJDK 1.8.0","mbedTLS 1.3.19 & 2.2.1 & 2.4.2"],"Group 11":["Bouncy Castle 1.54 (Java)","Crypto++ 5.6.0 & 5.6.3 & 5.6.5","Libgcrypt 1.7.6 FIPS","Microsoft CryptoAPI & CNG & .NET"],"Group 10":["NXP J2D081 & J2E145G","YubiKey NEO"],"Group  6":["Oberthur Cosmo Dual 72K"],"Group  5":["NXP J2A080 & J2A081 & J3A081 & JCOP 41 V2.2.1"],"Group  4":["Gemalto GXP E64"],"Group  3":["GNU Crypto 2.0.1"],"Group  2":["G&D SmartCafe 4.x & 6.0"],"Group  1":["G&D SmartCafe 3.2"],"Group  9":["Infineon JTOP 80K","YubiKey 4 & 4 Nano"],"Group  8":["PGPSDK 4 FIPS"],"Group  7":["OpenSSL 0.9.7 & 1.0.2g & 1.0.2k & 1.1.0e"]},"frequencies":{"1|1|000110":94,"2|1|100011":241,"2|1|101101":145,"1|1|000111":110,"2|1|101100":146,"2|1|100010":220,"2|0|000000":44,"2|0|000001":48,"1|0|111010":669,"1|0|111011":519,"1|1|011010":3669,"1|1|011011":3828,"2|0|110100":80,"2|0|110101":68,"1|0|100001":4192,"1|0|100000":4468,"2|1|100000":262,"1|1|000100":87,"2|1|100001":271,"2|0|000011":64,"2|0|001101":176,"2|0|001100":162,"2|0|000010":55,"1|1|000101":112,"2|1|010101":243,"2|0|011010":281,"2|1|010100":246,"2|0|011011":294,"1|0|100010":4115,"1|0|101100":2643,"1|0|101101":2462,"1|0|100011":3966,"2|1|100110":194,"1|1|110101":1316,"2|1|100111":205,"2|0|000101":99,"2|0|000100":85,"1|0|111110":200,"1|1|110100":1432,"1|0|111111":62,"1|0|100101":3592,"2|0|110001":99,"2|0|110000":104,"1|0|010101":2768,"1|0|010100":2577,"2|0|011001":290,"2|0|011000":256,"1|0|100100":3826,"2|1|100100":191,"2|1|100101":199,"2|0|000110":100,"2|0|000111":130,"1|0|111000":979,"1|0|111001":834,"2|0|110111":53,"2|0|110110":56,"2|0|011111":297,"2|0|011110":293,"1|0|100111":3353,"1|0|100110":3441,"1|1|001001":474,"1|0|001001":445,"1|0|001000":238,"1|1|001000":234,"1|1|110001":1977,"1|1|110000":2038,"1|1|010000":1923,"2|0|011101":288,"2|1|111111":4,"2|1|111110":11,"2|0|010010":239,"2|0|011100":271,"2|0|010011":236,"1|1|010001":2087,"1|0|101010":2870,"1|0|101011":2764,"1|0|001010":682,"1|1|001111":1679,"1|0|001011":868,"1|1|001110":1494,"2|1|101011":153,"2|1|101010":168,"1|1|110111":1046,"1|1|110110":1219,"1|1|010010":2209,"1|1|010011":2418,"1|1|011100":4022,"2|0|010001":257,"2|1|111001":53,"2|1|111000":51,"2|0|010000":209,"1|1|011101":4187,"1|1|000011":63,"1|1|001100":1045,"1|1|001101":1243,"2|1|101001":169,"1|1|000010":65,"2|1|101000":194,"1|1|111110":190,"1|1|111111":66,"2|1|111010":29,"1|1|011110":4333,"1|1|011111":4395,"2|0|010111":291,"2|1|001000":139,"2|1|001001":141,"2|1|111011":28,"2|0|010110":273,"1|0|101111":2067,"1|1|100101":3698,"1|1|100100":3796,"1|0|101110":2349,"1|1|000000":40,"1|1|000001":66,"2|1|101111":134,"2|1|101110":131,"1|1|110010":1731,"1|1|111101":309,"1|1|110011":1683,"1|1|111100":374,"1|1|011000":3275,"1|1|011001":3593,"2|1|001010":159,"2|0|010100":253,"2|1|001011":196,"2|0|010101":260,"1|0|101001":3026,"1|0|101000":3161,"1|0|000110":104,"2|0|101101":160,"2|0|100011":240,"2|0|101100":152,"2|0|100010":229,"2|1|000001":50,"2|1|000000":49,"1|1|111011":556,"1|0|000111":76,"1|1|111010":714,"1|0|011011":3784,"2|1|110100":76,"1|0|011010":3671,"2|1|001100":175,"2|1|110101":84,"2|1|001101":199,"1|1|100001":4196,"1|1|100000":4436,"1|0|000000":41,"2|0|101111":130,"2|0|101110":127,"2|1|000111":129,"2|1|000110":101,"1|1|111000":974,"1|0|000001":39,"1|1|111001":825,"1|0|011000":3243,"2|1|001110":198,"2|1|110111":62,"2|1|001111":195,"2|1|110110":61,"1|0|011001":3393,"1|1|100111":3289,"1|1|100110":3526,"1|0|000011":94,"1|0|001100":1103,"1|0|000010":59,"2|0|101001":185,"2|0|101000":177,"1|0|001101":1279,"2|1|110001":104,"2|1|110000":108,"2|1|011001":264,"2|1|011000":307,"1|1|010100":2720,"1|1|010101":2794,"1|1|101111":2142,"1|1|101110":2223,"2|0|101010":133,"1|0|001111":1627,"1|1|001010":701,"1|0|001110":1491,"1|1|001011":870,"2|0|101011":134,"2|1|000011":81,"2|1|000010":66,"1|1|010110":3009,"2|1|111101":21,"2|1|110010":91,"2|1|111100":17,"2|1|110011":90,"2|1|011010":283,"2|1|011011":287,"1|1|010111":3085,"1|1|101101":2502,"1|1|100011":3882,"1|1|101100":2585,"1|1|100010":4092,"1|0|110001":1886,"2|0|001011":154,"2|0|001010":145,"1|0|110000":2011,"2|0|111110":14,"2|0|111111":3,"1|1|101010":2804,"2|1|010010":236,"2|1|011100":294,"2|1|011101":269,"1|0|010001":1942,"1|0|010000":1834,"2|1|010011":228,"1|1|101011":2677,"1|0|111101":275,"2|0|100101":205,"2|0|100100":226,"1|0|110010":1759,"1|0|110011":1567,"1|0|111100":422,"2|0|110010":81,"2|0|111101":19,"2|0|110011":113,"2|0|111100":31,"2|1|011111":245,"1|0|010111":3144,"1|0|010110":2932,"2|1|011110":250,"1|1|101001":3045,"1|1|101000":3215,"1|0|110100":1505,"1|0|110101":1340,"2|0|100111":196,"2|0|100110":185,"2|1|000101":99,"2|0|001111":210,"2|1|000100":82,"2|0|001110":196,"1|0|011110":4296,"2|0|111011":34,"2|0|111010":24,"2|1|010111":311,"1|0|011111":4541,"2|1|010110":279,"1|0|110111":1046,"2|0|100001":246,"2|0|100000":259,"2|0|001001":137,"2|0|001000":134,"1|0|000101":105,"1|0|000100":69,"1|0|110110":1169,"1|0|010010":2295,"2|0|111000":51,"2|0|111001":62,"1|0|011101":4128,"2|1|010001":220,"1|0|010011":2395,"1|0|011100":4117,"2|1|010000":223}}
