{"probability":{"Group 13":"0.2647140413339082","Group 12":"0.11395139005765217","Group 11":"0.012186292296902207","Group 10":"0.00011421088887708738","Group  6":"0.0","Group  5":"0.0002577295773443862","Group  4":"0.0053095322027240065","Group  3":"0.0","Group  2":"0.0","Group  1":"0.0","Group  9":"0.0009568820044958187","Group  8":"0.001193470598496809","Group  7":"0.6013164510395993"},"groups":{"Group 13":["Botan 1.5.6 & 1.11.29 & 2.1.0","Feitian JavaCOS A22 & A40","Gemalto GCX4 72K","HSM SafeNet Luna SA-1700","LibTomCrypt 1.17","Libgcrypt 1.6.0 & 1.6.5 & 1.7.6","Libgcrypt 1.6.0 FIPS & 1.6.5 FIPS","Nettle 3.2 & 3.3","Oberthur Cosmo 64","OpenSSL FIPS 2.0.12 & 2.0.14","PGPSDK 4","WolfSSL 2.0rc1 & 3.9.0 & 3.10.2","cryptlib 3.4.3 & 3.4.3.1"],"Group 12":["Bouncy Castle 1.53 (Java)","Cryptix JCE 20050328","FlexiProvider 1.7p7","HSM Utimaco Security Server Se50","Nettle 2.0","PolarSSL 0.10.0","PuTTY 0.67","SunRsaSign OpenJDK 1.8.0","mbedTLS 1.3.19 & 2.2.1 & 2.4.2"],"Group 11":["Bouncy Castle 1.54 (Java)","Crypto++ 5.6.0 & 5.6.3 & 5.6.5","Libgcrypt 1.7.6 FIPS","Microsoft CryptoAPI & CNG & .NET"],"Group 10":["NXP J2D081 & J2E145G","YubiKey NEO"],"Group  6":["Oberthur Cosmo Dual 72K"],"Group  5":["NXP J2A080 & J2A081 & J3A081 & JCOP 41 V2.2.1"],"Group  4":["Gemalto GXP E64"],"Group  3":["GNU Crypto 2.0.1"],"Group  2":["G&D SmartCafe 4.x & 6.0"],"Group  1":["G&D SmartCafe 3.2"],"Group  9":["Infineon JTOP 80K","YubiKey 4 & 4 Nano"],"Group  8":["PGPSDK 4 FIPS"],"Group  7":["OpenSSL 0.9.7 & 1.0.2g & 1.0.2k & 1.1.0e"]},"frequencies":{"1|1|000110":2831,"2|1|100011":7860,"2|1|101101":4878,"1|1|000111":2697,"2|1|101100":5237,"2|1|100010":8362,"2|0|000000":3065,"2|0|000001":3016,"1|0|111010":6460,"1|0|111011":5307,"1|1|011010":34450,"1|1|011011":36227,"2|0|110100":2931,"2|0|110101":2573,"1|0|100001":40908,"1|0|100000":42064,"2|1|100000":9232,"1|1|000100":2878,"2|1|100001":8799,"2|0|000011":2898,"2|0|001101":4439,"2|0|001100":4242,"2|0|000010":3091,"1|1|000101":2932,"2|1|010101":6824,"2|0|011010":7957,"2|1|010100":6402,"2|0|011011":7998,"1|0|100010":38810,"1|0|101100":24592,"1|0|101101":22959,"1|0|100011":37219,"2|1|100110":6857,"1|1|110101":12762,"2|1|100111":6737,"2|0|000101":2902,"2|0|000100":2787,"1|0|111110":1820,"1|1|110100":13851,"1|0|111111":560,"1|0|100101":34292,"2|0|110001":3693,"2|0|110000":4022,"1|0|010101":27053,"1|0|010100":25528,"2|0|011001":7648,"2|0|011000":7480,"1|0|100100":35597,"2|1|100100":7428,"2|1|100101":7263,"2|0|000110":2775,"2|0|000111":2748,"1|0|111000":8899,"1|0|111001":7754,"2|0|110111":2013,"2|0|110110":2452,"2|0|011111":9251,"2|0|011110":8773,"1|0|100111":31399,"1|0|100110":32976,"1|1|001001":5687,"1|0|001001":5620,"1|0|001000":3700,"1|1|001000":3715,"1|1|110001":17721,"1|1|110000":19042,"1|1|010000":18362,"2|0|011101":8744,"2|1|111111":128,"2|1|111110":410,"2|0|010010":5974,"2|0|011100":8437,"2|0|010011":6194,"1|1|010001":20256,"1|0|101010":27296,"1|0|101011":25815,"1|0|001010":7575,"1|1|001111":16745,"1|0|001011":9492,"1|1|001110":15020,"2|1|101011":5490,"2|1|101010":5545,"1|1|110111":10111,"1|1|110110":11253,"1|1|010010":21867,"1|1|010011":23427,"1|1|011100":37814,"2|0|010001":5651,"2|1|111001":1553,"2|1|111000":1845,"2|0|010000":5401,"1|1|011101":38884,"1|1|000011":2942,"1|1|001100":11246,"1|1|001101":13148,"2|1|101001":6076,"1|1|000010":3095,"2|1|101000":6426,"1|1|111110":1733,"1|1|111111":567,"2|1|111010":1331,"1|1|011110":40700,"1|1|011111":42331,"2|0|010111":7281,"2|1|001000":2830,"2|1|001001":3304,"2|1|111011":1183,"2|0|010110":7049,"1|0|101111":20237,"1|1|100101":34573,"1|1|100100":36085,"1|0|101110":21817,"1|1|000000":2997,"1|1|000001":3030,"2|1|101111":4306,"2|1|101110":4521,"1|1|110010":16545,"1|1|111101":2870,"1|1|110011":15246,"1|1|111100":3968,"1|1|011000":31733,"1|1|011001":32639,"2|1|001010":3646,"2|0|010100":6482,"2|1|001011":3959,"2|0|010101":6718,"1|0|101001":28832,"1|0|101000":30376,"1|0|000110":2762,"2|0|101101":4725,"2|0|100011":8060,"2|0|101100":5128,"2|0|100010":8345,"2|1|000001":3037,"2|1|000000":3114,"1|1|111011":5236,"1|0|000111":2789,"1|1|111010":6580,"1|0|011011":36071,"2|1|110100":2767,"1|0|011010":34854,"2|1|001100":4113,"2|1|110101":2727,"2|1|001101":4525,"1|1|100001":40874,"1|1|100000":42447,"1|0|000000":2963,"2|0|101111":4452,"2|0|101110":4657,"2|1|000111":2755,"2|1|000110":2838,"1|1|111000":8742,"1|0|000001":2975,"1|1|111001":7671,"1|0|011000":31339,"2|1|001110":4847,"2|1|110111":2145,"2|1|001111":5219,"2|1|110110":2296,"1|0|011001":33183,"1|1|100111":31343,"1|1|100110":33181,"1|0|000011":3004,"1|0|001100":11383,"1|0|000010":2975,"2|0|101001":5952,"2|0|101000":6276,"1|0|001101":13130,"2|1|110001":3747,"2|1|110000":4039,"2|1|011001":7681,"2|1|011000":7590,"1|1|010100":25209,"1|1|010101":27055,"1|1|101111":20475,"1|1|101110":21808,"2|0|101010":5841,"1|0|001111":16783,"1|1|001010":7608,"1|0|001110":15058,"1|1|001011":9301,"2|0|101011":5408,"2|1|000011":2989,"2|1|000010":2945,"1|1|010110":28467,"2|1|111101":611,"2|1|110010":3430,"2|1|111100":847,"2|1|110011":3154,"2|1|011010":7924,"2|1|011011":8388,"1|1|010111":29856,"1|1|101101":23065,"1|1|100011":37527,"1|1|101100":24666,"1|1|100010":38938,"1|0|110001":17933,"2|0|001011":3900,"2|0|001010":3569,"1|0|110000":19398,"2|0|111110":348,"2|0|111111":120,"1|1|101010":27005,"2|1|010010":5984,"2|1|011100":8286,"2|1|011101":8659,"1|0|010001":19984,"1|0|010000":18337,"2|1|010011":6235,"1|1|101011":25532,"1|0|111101":3055,"2|0|100101":7219,"2|0|100100":7658,"1|0|110010":16302,"1|0|110011":15138,"1|0|111100":4086,"2|0|110010":3433,"2|0|111101":640,"2|0|110011":3261,"2|0|111100":845,"2|1|011111":9128,"1|0|010111":30065,"1|0|010110":28360,"2|1|011110":8845,"1|1|101001":28777,"1|1|101000":30372,"1|0|110100":13965,"1|0|110101":12691,"2|0|100111":6718,"2|0|100110":6818,"2|1|000101":2867,"2|0|001111":5130,"2|1|000100":2893,"2|0|001110":4851,"1|0|011110":40732,"2|0|111011":1126,"2|0|111010":1384,"2|1|010111":7212,"1|0|011111":42005,"2|1|010110":7081,"1|0|110111":10046,"2|0|100001":8702,"2|0|100000":9027,"2|0|001001":3237,"2|0|001000":2911,"1|0|000101":2846,"1|0|000100":2963,"1|0|110110":11414,"1|0|010010":21960,"2|0|111000":1885,"2|0|111001":1624,"1|0|011101":39187,"2|1|010001":5618,"1|0|010011":23641,"1|0|011100":37712,"2|1|010000":5271}}
