{"probability":{"Group 13":"0.16915795674873654","Group 12":"0.20195701428458615","Group 11":"0.03656220828221873","Group 10":"0.0001266676546291738","Group  6":"0.0","Group  5":"0.0005342633295013075","Group  4":"0.007306650046876047","Group  3":"0.0","Group  2":"0.0","Group  1":"0.0","Group  9":"0.0008551177898086902","Group  8":"0.0","Group  7":"0.5835001218636434"},"groups":{"Group 13":["Botan 1.5.6 & 1.11.29 & 2.1.0","Feitian JavaCOS A22 & A40","Gemalto GCX4 72K","HSM SafeNet Luna SA-1700","LibTomCrypt 1.17","Libgcrypt 1.6.0 & 1.6.5 & 1.7.6","Libgcrypt 1.6.0 FIPS & 1.6.5 FIPS","Nettle 3.2 & 3.3","Oberthur Cosmo 64","OpenSSL FIPS 2.0.12 & 2.0.14","PGPSDK 4","WolfSSL 2.0rc1 & 3.9.0 & 3.10.2","cryptlib 3.4.3 & 3.4.3.1"],"Group 12":["Bouncy Castle 1.53 (Java)","Cryptix JCE 20050328","FlexiProvider 1.7p7","HSM Utimaco Security Server Se50","Nettle 2.0","PolarSSL 0.10.0","PuTTY 0.67","SunRsaSign OpenJDK 1.8.0","mbedTLS 1.3.19 & 2.2.1 & 2.4.2"],"Group 11":["Bouncy Castle 1.54 (Java)","Crypto++ 5.6.0 & 5.6.3 & 5.6.5","Libgcrypt 1.7.6 FIPS","Microsoft CryptoAPI & CNG & .NET"],"Group 10":["NXP J2D081 & J2E145G","YubiKey NEO"],"Group  6":["Oberthur Cosmo Dual 72K"],"Group  5":["NXP J2A080 & J2A081 & J3A081 & JCOP 41 V2.2.1"],"Group  4":["Gemalto GXP E64"],"Group  3":["GNU Crypto 2.0.1"],"Group  2":["G&D SmartCafe 4.x & 6.0"],"Group  1":["G&D SmartCafe 3.2"],"Group  9":["Infineon JTOP 80K","YubiKey 4 & 4 Nano"],"Group  8":["PGPSDK 4 FIPS"],"Group  7":["OpenSSL 0.9.7 & 1.0.2g & 1.0.2k & 1.1.0e"]},"frequencies":{"1|1|000110":26479,"2|1|100011":36777,"2|1|101101":22407,"1|1|000111":26056,"2|1|101100":23520,"2|1|100010":38597,"2|0|000000":28770,"2|0|000001":28244,"1|0|111010":32228,"1|0|111011":26295,"1|1|011010":176859,"1|1|011011":184392,"2|0|110100":13267,"2|0|110101":11939,"1|0|100001":203528,"1|0|100000":211787,"2|1|100000":41885,"1|1|000100":27374,"2|1|100001":40415,"2|0|000011":27503,"2|0|001101":31402,"2|0|001100":30614,"2|0|000010":27903,"1|1|000101":26956,"2|1|010101":37571,"2|0|011010":40052,"2|1|010100":36832,"2|0|011011":40329,"1|0|100010":194627,"1|0|101100":122795,"1|0|101101":115109,"1|0|100011":186512,"2|1|100110":32218,"1|1|110101":62664,"2|1|100111":30797,"2|0|000101":27076,"2|0|000100":27019,"1|0|111110":8679,"1|1|110100":69570,"1|0|111111":2717,"1|0|100101":172425,"2|0|110001":16859,"2|0|110000":18346,"0|1|110010":2,"1|0|010101":141106,"1|0|010100":133191,"2|0|011001":39748,"2|0|011000":39207,"1|0|100100":178979,"2|1|100100":35036,"2|1|100101":33291,"2|0|000110":26330,"2|0|000111":26393,"1|0|111000":44417,"1|0|111001":38391,"2|0|110111":9378,"2|0|110110":10642,"2|0|011111":42947,"2|0|011110":41628,"1|0|100111":158164,"1|0|100110":165689,"1|1|001001":39792,"1|0|001001":40239,"1|0|001000":30635,"1|1|001000":30310,"1|1|110001":88700,"1|1|110000":95001,"1|1|010000":100678,"2|0|011101":41687,"2|1|111111":540,"2|1|111110":1698,"2|0|010010":35610,"2|0|011100":41209,"2|0|010011":36418,"1|1|010001":108854,"1|0|101010":136275,"1|0|101011":128970,"1|0|001010":49076,"1|1|001111":92217,"1|0|001011":57799,"1|1|001110":83922,"2|1|101011":24860,"2|1|101010":26082,"1|1|110111":50599,"1|1|110110":56757,"1|1|010010":116977,"1|1|010011":124783,"1|1|011100":191625,"2|0|010001":34705,"2|1|111001":7268,"2|1|111000":8369,"2|0|010000":33941,"1|1|011101":197015,"1|1|000011":27608,"1|1|001100":66573,"1|1|001101":75816,"2|1|101001":27847,"1|1|000010":28082,"2|1|101000":29015,"1|1|111110":8532,"1|1|111111":2883,"2|1|111010":6086,"1|1|011110":205180,"1|1|011111":212097,"2|0|010111":38799,"2|1|001000":26302,"2|1|001001":27364,"2|1|111011":5069,"2|0|010110":38202,"1|0|101111":101879,"1|1|100101":173270,"1|1|100100":180316,"1|0|101110":108757,"1|1|000000":28721,"1|1|000001":28676,"2|1|101111":19564,"2|1|101110":20758,"1|1|110010":82475,"1|1|111101":14470,"1|1|110011":76006,"1|1|111100":20211,"1|1|011000":163475,"1|1|011001":169877,"2|1|001010":28862,"2|0|010100":37302,"2|1|001011":29336,"2|0|010101":37710,"1|0|101001":144001,"1|0|101000":150880,"1|0|000110":26696,"2|0|101101":22121,"2|0|100011":36929,"2|0|101100":23528,"2|0|100010":38662,"2|1|000001":28180,"2|1|000000":29154,"1|1|111011":26343,"1|0|000111":26170,"1|1|111010":32507,"1|0|011011":183500,"2|1|110100":13077,"1|0|011010":177537,"2|1|001100":30245,"2|1|110101":11991,"2|1|001101":31354,"1|1|100001":204033,"1|1|100000":211620,"1|0|000000":28646,"2|0|101111":19567,"2|0|101110":20764,"2|1|000111":25748,"2|1|000110":26538,"1|1|111000":44327,"1|0|000001":28452,"1|1|111001":38549,"1|0|011000":162484,"2|1|001110":32399,"2|1|110111":9704,"2|1|001111":33427,"2|1|110110":10607,"1|0|011001":170321,"1|1|100111":157638,"1|1|100110":165074,"1|0|000011":27800,"1|0|001100":67067,"1|0|000010":27836,"2|0|101001":27634,"2|0|101000":29357,"1|0|001101":75500,"2|1|110001":16817,"2|1|110000":18551,"2|1|011001":39682,"2|1|011000":39521,"1|1|010100":132575,"1|1|010101":139651,"1|1|101111":102439,"1|1|101110":108979,"2|0|101010":26405,"1|0|001111":92897,"1|1|001010":48800,"1|0|001110":83448,"1|1|001011":57796,"2|0|101011":24677,"2|1|000011":27583,"2|1|000010":28018,"1|1|010110":148322,"2|1|111101":2721,"2|1|110010":15674,"2|1|111100":3757,"2|1|110011":14494,"2|1|011010":40416,"2|1|011011":40833,"1|1|010111":155476,"1|1|101101":115746,"1|1|100011":188371,"1|1|101100":122604,"1|1|100010":195489,"1|0|110001":88819,"2|0|001011":29535,"2|0|001010":28910,"1|0|110000":95941,"2|0|111110":1584,"2|0|111111":556,"1|1|101010":135918,"2|1|010010":35459,"2|1|011100":40937,"2|1|011101":41584,"1|0|010001":108894,"1|0|010000":100239,"2|1|010011":36457,"1|1|101011":128897,"1|0|111101":14413,"2|0|100101":33594,"2|0|100100":35346,"1|0|110010":82374,"1|0|110011":76019,"1|0|111100":20531,"2|0|110010":15418,"2|0|111101":2809,"2|0|110011":14530,"2|0|111100":3795,"2|1|011111":42585,"1|0|010111":155506,"1|0|010110":148205,"2|1|011110":42359,"1|1|101001":143442,"1|1|101000":150631,"1|0|110100":70007,"1|0|110101":63317,"2|0|100111":30660,"2|0|100110":31913,"2|1|000101":27038,"2|0|001111":33082,"2|1|000100":27446,"2|0|001110":32003,"1|0|011110":204724,"2|0|111011":5043,"2|0|111010":5965,"2|1|010111":38902,"1|0|011111":211211,"2|1|010110":38259,"1|0|110111":50245,"2|0|100001":40520,"2|0|100000":41846,"2|0|001001":27616,"2|0|001000":26448,"1|0|000101":27090,"1|0|000100":27306,"1|0|110110":57137,"1|0|010010":117963,"2|0|111000":8359,"2|0|111001":7243,"1|0|011101":198026,"2|1|010001":34590,"1|0|010011":125096,"1|0|011100":191163,"2|1|010000":33712}}
