{"probability":{"Group 13":"0.05465758678739915","Group 12":"0.026977813609055476","Group 11":"0.05411953404161699","Group 10":"0.0001104535238184163","Group  6":"0.000012368845773133531","Group  5":"0.0003297140920668327","Group  4":"0.003043678731542707","Group  3":"0.000009466671960235054","Group  2":"0.0","Group  1":"0.0","Group  9":"0.00040050242175788795","Group  8":"0.006638880028739526","Group  7":"0.8537000012462695"},"groups":{"Group 13":["Botan 1.5.6 & 1.11.29 & 2.1.0","Feitian JavaCOS A22 & A40","Gemalto GCX4 72K","HSM SafeNet Luna SA-1700","LibTomCrypt 1.17","Libgcrypt 1.6.0 & 1.6.5 & 1.7.6","Libgcrypt 1.6.0 FIPS & 1.6.5 FIPS","Nettle 3.2 & 3.3","Oberthur Cosmo 64","OpenSSL FIPS 2.0.12 & 2.0.14","PGPSDK 4","WolfSSL 2.0rc1 & 3.9.0 & 3.10.2","cryptlib 3.4.3 & 3.4.3.1"],"Group 12":["Bouncy Castle 1.53 (Java)","Cryptix JCE 20050328","FlexiProvider 1.7p7","HSM Utimaco Security Server Se50","Nettle 2.0","PolarSSL 0.10.0","PuTTY 0.67","SunRsaSign OpenJDK 1.8.0","mbedTLS 1.3.19 & 2.2.1 & 2.4.2"],"Group 11":["Bouncy Castle 1.54 (Java)","Crypto++ 5.6.0 & 5.6.3 & 5.6.5","Libgcrypt 1.7.6 FIPS","Microsoft CryptoAPI & CNG & .NET"],"Group 10":["NXP J2D081 & J2E145G","YubiKey NEO"],"Group  6":["Oberthur Cosmo Dual 72K"],"Group  5":["NXP J2A080 & J2A081 & J3A081 & JCOP 41 V2.2.1"],"Group  4":["Gemalto GXP E64"],"Group  3":["GNU Crypto 2.0.1"],"Group  2":["G&D SmartCafe 4.x & 6.0"],"Group  1":["G&D SmartCafe 3.2"],"Group  9":["Infineon JTOP 80K","YubiKey 4 & 4 Nano"],"Group  8":["PGPSDK 4 FIPS"],"Group  7":["OpenSSL 0.9.7 & 1.0.2g & 1.0.2k & 1.1.0e"]},"frequencies":{"1|1|000110":2642,"2|1|100011":6709,"2|1|101101":4122,"1|1|000111":2904,"2|1|101100":4543,"2|1|100010":7069,"2|0|000000":2422,"2|0|000001":2068,"1|0|111010":19094,"1|0|111011":15651,"1|1|011010":102488,"1|1|011011":107410,"2|0|110100":2425,"2|0|110101":2380,"1|0|100001":119597,"1|0|100000":124877,"2|1|100000":7720,"1|1|000100":2475,"2|1|100001":7291,"2|0|000011":2343,"2|0|001101":4591,"2|0|001100":4317,"2|0|000010":2227,"1|1|000101":2520,"2|1|010101":6714,"2|0|011010":7830,"2|1|010100":6400,"2|0|011011":8026,"1|0|100010":115125,"1|0|101100":73095,"1|0|101101":68760,"1|0|100011":110997,"2|1|100110":6007,"1|1|110101":38143,"2|1|100111":5725,"2|0|000101":2608,"2|0|000100":2461,"1|0|111110":5163,"1|1|110100":41516,"1|0|111111":2127,"1|0|100101":102619,"2|0|110001":3268,"2|0|110000":3398,"1|0|010101":77806,"1|0|010100":72636,"2|0|011001":7385,"2|0|011000":7458,"1|0|100100":106761,"2|1|100100":6373,"2|1|100101":6249,"2|0|000110":2701,"2|0|000111":2914,"1|0|111000":26318,"1|0|111001":22885,"2|0|110111":1907,"2|0|110110":2054,"2|0|011111":7876,"2|0|011110":7697,"1|0|100111":93421,"1|0|100110":98029,"1|1|001001":12224,"1|0|001001":11902,"1|0|001000":5878,"1|1|001000":5931,"1|1|110001":53124,"1|1|110000":56753,"1|1|010000":51598,"2|0|011101":7647,"2|1|111111":582,"2|1|111110":445,"2|0|010010":5825,"2|0|011100":7780,"2|0|010011":6078,"1|1|010001":56904,"1|0|101010":80894,"1|0|101011":76659,"1|0|001010":17965,"1|1|001111":46116,"1|0|001011":23766,"1|1|001110":40849,"2|1|101011":4692,"2|1|101010":4966,"1|1|110111":30485,"1|1|110110":33906,"1|1|010010":62256,"1|1|010011":67224,"1|1|011100":111691,"2|0|010001":5765,"2|1|111001":1356,"2|1|111000":1614,"2|0|010000":5359,"1|1|011101":115858,"1|1|000011":2265,"1|1|001100":29358,"1|1|001101":34983,"2|1|101001":5135,"1|1|000010":2269,"2|1|101000":5443,"1|1|111110":5372,"1|1|111111":2160,"2|1|111010":1118,"1|1|011110":119965,"0|0|000000":1,"1|1|011111":124350,"2|0|010111":6972,"2|1|001000":3003,"2|1|001001":3356,"2|1|111011":967,"2|0|010110":6837,"1|0|101111":60659,"1|1|100101":102390,"1|1|100100":106579,"1|0|101110":65008,"1|1|000000":2510,"1|1|000001":2223,"2|1|101111":3606,"2|1|101110":4043,"1|1|110010":48820,"1|1|111101":8817,"1|1|110011":45078,"1|1|111100":12274,"1|1|011000":92580,"1|1|011001":97990,"2|1|001010":3750,"2|0|010100":6423,"2|1|001011":4029,"2|0|010101":6708,"1|0|101001":84722,"1|0|101000":89521,"1|0|000110":2750,"2|0|101101":4159,"2|0|100011":6813,"2|0|101100":4494,"2|0|100010":6994,"2|1|000001":2133,"2|1|000000":2449,"1|1|111011":15774,"1|0|000111":2901,"1|1|111010":19442,"1|0|011011":106398,"2|1|110100":2472,"1|0|011010":102308,"2|1|001100":4252,"2|1|110101":2198,"2|1|001101":4455,"1|1|100001":120338,"1|1|100000":124336,"1|0|000000":2368,"2|0|101111":3736,"2|0|101110":3832,"2|1|000111":2844,"2|1|000110":2669,"1|1|111000":26634,"1|0|000001":2128,"1|1|111001":22876,"1|0|011000":92596,"2|1|001110":4790,"2|1|110111":1900,"2|1|001111":5188,"2|1|110110":2041,"1|0|011001":97575,"1|1|100111":93321,"1|1|100110":97906,"1|0|000011":2417,"1|0|001100":29308,"1|0|000010":2272,"2|0|101001":5157,"2|0|101000":5526,"1|0|001101":34667,"2|1|110001":3246,"2|1|110000":3490,"2|1|011001":7742,"0|1|000000":2,"2|1|011000":7307,"1|1|010100":72785,"1|1|010101":77499,"1|1|101111":60679,"1|1|101110":64572,"2|0|101010":5080,"1|0|001111":46247,"1|1|001010":17760,"1|0|001110":40920,"1|1|001011":23673,"2|0|101011":4683,"2|1|000011":2325,"2|1|000010":2235,"1|1|010110":82329,"2|1|111101":562,"2|1|110010":2831,"2|1|111100":766,"2|1|110011":2719,"2|1|011010":7918,"2|1|011011":7983,"1|1|010111":87625,"1|1|101101":68291,"1|1|100011":111494,"1|1|101100":73250,"1|1|100010":115296,"1|0|110001":52900,"2|0|001011":4020,"2|0|001010":3722,"1|0|110000":57246,"2|0|111110":414,"2|0|111111":548,"1|1|101010":80788,"2|1|010010":5862,"2|1|011100":7939,"2|1|011101":7794,"1|0|010001":56814,"1|0|010000":51322,"2|1|010011":6032,"1|1|101011":76546,"1|0|111101":8721,"2|0|100101":6204,"2|0|100100":6620,"1|0|110010":49154,"1|0|110011":45294,"1|0|111100":12161,"2|0|110010":2990,"2|0|111101":571,"2|0|110011":2824,"2|0|111100":747,"2|1|011111":7839,"1|0|010111":87701,"1|0|010110":83016,"2|1|011110":7863,"1|1|101001":85566,"1|1|101000":88678,"1|0|110100":41516,"1|0|110101":37686,"2|0|100111":5700,"2|0|100110":5964,"2|1|000101":2552,"2|0|001111":5023,"2|1|000100":2507,"2|0|001110":4749,"1|0|011110":120463,"2|0|111011":989,"2|0|111010":1139,"2|1|010111":7307,"1|0|011111":124759,"2|1|010110":6821,"1|0|110111":30347,"2|0|100001":7508,"2|0|100000":7778,"2|0|001001":3504,"2|0|001000":3060,"1|0|000101":2600,"1|0|000100":2443,"1|0|110110":34001,"1|0|010010":62157,"2|0|111000":1575,"2|0|111001":1389,"1|0|011101":115915,"2|1|010001":5623,"1|0|010011":67374,"1|0|011100":111532,"2|1|010000":5281}}
