{"probability":{"Group 13":"0.05628749945468677","Group 12":"0.02569079675685017","Group 11":"0.055002563900088945","Group 10":"0.0002062647436924758","Group  6":"0.00028399555131599654","Group  5":"0.00006138853427799381","Group  4":"0.0036004807351795445","Group  3":"0.000030178456149314567","Group  2":"0.0","Group  1":"0.0","Group  9":"0.0004160487239811054","Group  8":"0.007181830061622126","Group  7":"0.8512389530821556"},"groups":{"Group 13":["Botan 1.5.6 & 1.11.29 & 2.1.0","Feitian JavaCOS A22 & A40","Gemalto GCX4 72K","HSM SafeNet Luna SA-1700","LibTomCrypt 1.17","Libgcrypt 1.6.0 & 1.6.5 & 1.7.6","Libgcrypt 1.6.0 FIPS & 1.6.5 FIPS","Nettle 3.2 & 3.3","Oberthur Cosmo 64","OpenSSL FIPS 2.0.12 & 2.0.14","PGPSDK 4","WolfSSL 2.0rc1 & 3.9.0 & 3.10.2","cryptlib 3.4.3 & 3.4.3.1"],"Group 12":["Bouncy Castle 1.53 (Java)","Cryptix JCE 20050328","FlexiProvider 1.7p7","HSM Utimaco Security Server Se50","Nettle 2.0","PolarSSL 0.10.0","PuTTY 0.67","SunRsaSign OpenJDK 1.8.0","mbedTLS 1.3.19 & 2.2.1 & 2.4.2"],"Group 11":["Bouncy Castle 1.54 (Java)","Crypto++ 5.6.0 & 5.6.3 & 5.6.5","Libgcrypt 1.7.6 FIPS","Microsoft CryptoAPI & CNG & .NET"],"Group 10":["NXP J2D081 & J2E145G","YubiKey NEO"],"Group  6":["Oberthur Cosmo Dual 72K"],"Group  5":["NXP J2A080 & J2A081 & J3A081 & JCOP 41 V2.2.1"],"Group  4":["Gemalto GXP E64"],"Group  3":["GNU Crypto 2.0.1"],"Group  2":["G&D SmartCafe 4.x & 6.0"],"Group  1":["G&D SmartCafe 3.2"],"Group  9":["Infineon JTOP 80K","YubiKey 4 & 4 Nano"],"Group  8":["PGPSDK 4 FIPS"],"Group  7":["OpenSSL 0.9.7 & 1.0.2g & 1.0.2k & 1.1.0e"]},"frequencies":{"1|1|000110":2502,"2|1|100011":6471,"2|1|101101":4041,"1|1|000111":2683,"2|1|101100":4357,"2|1|100010":6888,"2|0|000000":2276,"2|0|000001":1989,"1|0|111010":18108,"1|0|111011":14841,"1|1|011010":97355,"1|1|011011":101987,"2|0|110100":2356,"2|0|110101":2259,"1|0|100001":113586,"1|0|100000":118745,"2|1|100000":7595,"1|1|000100":2262,"2|1|100001":7090,"2|0|000011":2150,"2|0|001101":4377,"2|0|001100":4211,"2|0|000010":2071,"1|1|000101":2370,"2|1|010101":6479,"2|0|011010":7543,"2|1|010100":6172,"2|0|011011":7828,"1|0|100010":109258,"1|0|101100":69138,"1|0|101101":65291,"1|0|100011":105266,"2|1|100110":5843,"1|1|110101":36229,"2|1|100111":5598,"2|0|000101":2341,"2|0|000100":2260,"1|0|111110":4909,"1|1|110100":39244,"1|0|111111":2041,"1|0|100101":97249,"2|0|110001":3162,"2|0|110000":3249,"1|0|010101":73809,"1|0|010100":68966,"2|0|011001":7232,"2|0|011000":7130,"1|0|100100":101021,"2|1|100100":6183,"2|1|100101":6152,"2|0|000110":2525,"2|0|000111":2647,"1|0|111000":25049,"1|0|111001":21726,"2|0|110111":1818,"2|0|110110":2005,"2|0|011111":7772,"2|0|011110":7481,"1|0|100111":88538,"1|0|100110":92926,"1|1|001001":11572,"1|0|001001":11305,"1|0|001000":5620,"1|1|001000":5677,"1|1|110001":50017,"1|1|110000":53826,"1|1|010000":48880,"2|0|011101":7452,"2|1|111111":572,"2|1|111110":432,"2|0|010010":5714,"2|0|011100":7554,"2|0|010011":5843,"1|1|010001":53738,"1|0|101010":76632,"1|0|101011":72722,"1|0|001010":17031,"1|1|001111":43881,"1|0|001011":22428,"1|1|001110":38705,"2|1|101011":4566,"2|1|101010":4785,"1|1|110111":28834,"1|1|110110":32094,"1|1|010010":59199,"1|1|010011":63891,"1|1|011100":105616,"2|0|010001":5468,"2|1|111001":1300,"2|1|111000":1586,"2|0|010000":5142,"1|1|011101":109718,"1|1|000011":2125,"1|1|001100":27585,"1|1|001101":33092,"2|1|101001":5063,"1|1|000010":2051,"2|1|101000":5239,"1|1|111110":5059,"1|1|111111":2096,"2|1|111010":1092,"1|1|011110":113876,"1|1|011111":118009,"2|0|010111":6765,"2|1|001000":2872,"2|1|001001":3193,"2|1|111011":954,"2|0|010110":6602,"1|0|101111":57740,"1|1|100101":97303,"1|1|100100":101046,"1|0|101110":61524,"1|1|000000":2214,"1|1|000001":2014,"2|1|101111":3482,"2|1|101110":3904,"1|1|110010":46456,"1|1|111101":8369,"1|1|110011":42733,"1|1|111100":11608,"1|1|011000":87587,"1|1|011001":93236,"2|1|001010":3447,"2|0|010100":6138,"2|1|001011":3794,"2|0|010101":6532,"1|0|101001":80299,"1|0|101000":84739,"1|0|000110":2592,"2|0|101101":4088,"2|0|100011":6577,"2|0|101100":4318,"2|0|100010":6900,"2|1|000001":1988,"2|1|000000":2235,"1|1|111011":14916,"1|0|000111":2662,"1|1|111010":18351,"1|0|011011":100562,"2|1|110100":2407,"1|0|011010":96951,"2|1|001100":4093,"2|1|110101":2172,"2|1|001101":4306,"1|1|100001":113789,"1|1|100000":117766,"1|0|000000":2146,"2|0|101111":3559,"2|0|101110":3790,"2|1|000111":2625,"2|1|000110":2499,"1|1|111000":25263,"1|0|000001":1940,"1|1|111001":21684,"1|0|011000":87871,"2|1|001110":4608,"2|1|110111":1859,"2|1|001111":4983,"2|1|110110":2007,"1|0|011001":92591,"1|1|100111":88657,"1|1|100110":92734,"1|0|000011":2299,"1|0|001100":27862,"1|0|000010":2128,"2|0|101001":5039,"2|0|101000":5412,"1|0|001101":32892,"2|1|110001":3108,"2|1|110000":3384,"2|1|011001":7488,"0|1|000000":1,"2|1|011000":7102,"1|1|010100":69011,"1|1|010101":73738,"1|1|101111":57485,"1|1|101110":61486,"2|0|101010":4970,"1|0|001111":43827,"1|1|001010":16850,"1|0|001110":38595,"1|1|001011":22598,"2|0|101011":4488,"2|1|000011":2140,"2|1|000010":2149,"1|1|010110":78073,"2|1|111101":560,"2|1|110010":2796,"2|1|111100":716,"2|1|110011":2682,"2|1|011010":7674,"2|1|011011":7600,"1|1|010111":83211,"1|1|101101":64581,"1|1|100011":105509,"1|1|101100":69549,"1|1|100010":109368,"1|0|110001":50029,"2|0|001011":3804,"2|0|001010":3483,"1|0|110000":54447,"2|0|111110":409,"2|0|111111":562,"1|1|101010":76734,"2|1|010010":5652,"2|1|011100":7734,"2|1|011101":7516,"1|0|010001":53771,"1|0|010000":48796,"2|1|010011":5756,"1|1|101011":72726,"1|0|111101":8457,"2|0|100101":6065,"2|0|100100":6440,"1|0|110010":46596,"1|0|110011":42797,"1|0|111100":11613,"2|0|110010":2885,"2|0|111101":576,"2|0|110011":2751,"2|0|111100":755,"2|1|011111":7604,"1|0|010111":83501,"1|0|010110":78780,"2|1|011110":7575,"1|1|101001":80893,"1|1|101000":84113,"1|0|110100":39029,"1|0|110101":35747,"2|0|100111":5473,"2|0|100110":5830,"2|1|000101":2386,"2|0|001111":4829,"2|1|000100":2353,"2|0|001110":4508,"1|0|011110":114459,"2|0|111011":919,"2|0|111010":1105,"2|1|010111":7050,"1|0|011111":118486,"2|1|010110":6646,"1|0|110111":28812,"2|0|100001":7349,"2|0|100000":7499,"2|0|001001":3332,"2|0|001000":2866,"1|0|000101":2483,"1|0|000100":2288,"1|0|110110":32149,"1|0|010010":58872,"2|0|111000":1556,"2|0|111001":1336,"1|0|011101":110046,"2|1|010001":5442,"1|0|010011":63918,"1|0|011100":105584,"2|1|010000":5009}}
