{"probability":{"Group 13":"0.3481936223740219","Group 12":"0.30089850951887004","Group 11":"0.04830553164086084","Group 10":"0.00010679532630063354","Group  6":"0.0","Group  5":"0.000571656819787806","Group  4":"0.009634104269724594","Group  3":"0.0","Group  2":"0.0","Group  1":"0.0","Group  9":"0.001279496213614951","Group  8":"0.0","Group  7":"0.29101028383681926"},"groups":{"Group 13":["Botan 1.5.6 & 1.11.29 & 2.1.0","Feitian JavaCOS A22 & A40","Gemalto GCX4 72K","HSM SafeNet Luna SA-1700","LibTomCrypt 1.17","Libgcrypt 1.6.0 & 1.6.5 & 1.7.6","Libgcrypt 1.6.0 FIPS & 1.6.5 FIPS","Nettle 3.2 & 3.3","Oberthur Cosmo 64","OpenSSL FIPS 2.0.12 & 2.0.14","PGPSDK 4","WolfSSL 2.0rc1 & 3.9.0 & 3.10.2","cryptlib 3.4.3 & 3.4.3.1"],"Group 12":["Bouncy Castle 1.53 (Java)","Cryptix JCE 20050328","FlexiProvider 1.7p7","HSM Utimaco Security Server Se50","Nettle 2.0","PolarSSL 0.10.0","PuTTY 0.67","SunRsaSign OpenJDK 1.8.0","mbedTLS 1.3.19 & 2.2.1 & 2.4.2"],"Group 11":["Bouncy Castle 1.54 (Java)","Crypto++ 5.6.0 & 5.6.3 & 5.6.5","Libgcrypt 1.7.6 FIPS","Microsoft CryptoAPI & CNG & .NET"],"Group 10":["NXP J2D081 & J2E145G","YubiKey NEO"],"Group  6":["Oberthur Cosmo Dual 72K"],"Group  5":["NXP J2A080 & J2A081 & J3A081 & JCOP 41 V2.2.1"],"Group  4":["Gemalto GXP E64"],"Group  3":["GNU Crypto 2.0.1"],"Group  2":["G&D SmartCafe 4.x & 6.0"],"Group  1":["G&D SmartCafe 3.2"],"Group  9":["Infineon JTOP 80K","YubiKey 4 & 4 Nano"],"Group  8":["PGPSDK 4 FIPS"],"Group  7":["OpenSSL 0.9.7 & 1.0.2g & 1.0.2k & 1.1.0e"]},"frequencies":{"1|1|000110":13866,"2|1|100011":23735,"2|1|101101":14608,"1|1|000111":13802,"2|1|101100":15301,"2|1|100010":24844,"2|0|000000":15248,"2|0|000001":15032,"1|0|111010":8793,"1|0|111011":7003,"1|1|011010":49677,"1|1|011011":51307,"2|0|110100":8708,"2|0|110101":7762,"1|0|100001":55302,"1|0|100000":57486,"2|1|100000":26958,"1|1|000100":14473,"2|1|100001":26100,"2|0|000011":14487,"2|0|001101":17934,"2|0|001100":16973,"2|0|000010":14745,"1|1|000101":14225,"2|1|010101":22558,"2|0|011010":25102,"2|1|010100":22192,"2|0|011011":25307,"1|0|100010":52607,"1|0|101100":33127,"1|0|101101":30944,"1|0|100011":50274,"2|1|100110":20827,"1|1|110101":16873,"2|1|100111":19899,"2|0|000101":14394,"2|0|000100":14513,"1|0|111110":2313,"1|1|110100":18929,"1|0|111111":723,"1|0|100101":46557,"2|0|110001":10974,"2|0|110000":12007,"1|0|010101":41406,"1|0|010100":39546,"2|0|011001":24829,"2|0|011000":24267,"1|0|100100":48378,"2|1|100100":22748,"2|1|100101":21580,"2|0|000110":13925,"2|0|000111":13999,"1|0|111000":11801,"1|0|111001":10195,"2|0|110111":6020,"2|0|110110":6969,"2|0|011111":27753,"2|0|011110":26517,"1|0|100111":42726,"1|0|100110":44504,"1|1|001001":17021,"1|0|001001":17287,"1|0|001000":14820,"1|1|001000":14651,"1|1|110001":23738,"1|1|110000":25486,"1|1|010000":31820,"2|0|011101":26359,"2|1|111111":346,"2|1|111110":1129,"2|0|010010":21035,"2|0|011100":25799,"2|0|010011":21859,"1|1|010001":33673,"1|0|101010":36696,"1|0|101011":34570,"1|0|001010":19280,"1|1|001111":29653,"1|0|001011":21535,"1|1|001110":27686,"2|1|101011":16122,"2|1|101010":16890,"1|1|110111":13491,"1|1|110110":15199,"1|1|010010":35619,"1|1|010011":37235,"1|1|011100":53012,"2|0|010001":20434,"2|1|111001":4755,"2|1|111000":5418,"2|0|010000":19879,"1|1|011101":53985,"1|1|000011":14600,"1|1|001100":23461,"1|1|001101":25896,"2|1|101001":18112,"1|1|000010":14809,"2|1|101000":18809,"1|1|111110":2249,"1|1|111111":767,"2|1|111010":3947,"1|1|011110":55895,"1|1|011111":57375,"2|0|010111":23806,"2|1|001000":13944,"2|1|001001":14684,"2|1|111011":3209,"2|0|010110":23254,"1|0|101111":27102,"1|1|100101":47101,"1|1|100100":48569,"1|0|101110":29407,"1|1|000000":15239,"1|1|000001":15362,"2|1|101111":12672,"2|1|101110":13556,"1|1|110010":22092,"1|1|111101":3866,"1|1|110011":20463,"1|1|111100":5463,"1|1|011000":46169,"1|1|011001":47927,"2|1|001010":15706,"2|0|010100":22279,"2|1|001011":16276,"2|0|010101":22785,"1|0|101001":38839,"1|0|101000":40785,"1|0|000110":14197,"2|0|101101":14343,"2|0|100011":23736,"2|0|101100":15277,"2|0|100010":25018,"2|1|000001":14982,"2|1|000000":15514,"1|1|111011":6951,"1|0|000111":13962,"1|1|111010":8572,"1|0|011011":51015,"2|1|110100":8603,"1|0|011010":49617,"2|1|001100":16933,"2|1|110101":7766,"2|1|001101":17835,"1|1|100001":55389,"1|1|100000":57126,"1|0|000000":15335,"2|0|101111":12703,"2|0|101110":13464,"2|1|000111":13525,"2|1|000110":14004,"1|1|111000":12001,"1|0|000001":15245,"1|1|111001":10259,"1|0|011000":45849,"2|1|001110":18610,"2|1|110111":6382,"2|1|001111":19325,"2|1|110110":6888,"1|0|011001":47573,"1|1|100111":42238,"1|1|100110":44615,"1|0|000011":14789,"1|0|001100":23542,"1|0|000010":14926,"2|0|101001":17940,"2|0|101000":19067,"1|0|001101":25570,"2|1|110001":10876,"2|1|110000":12058,"2|1|011001":24728,"2|1|011000":24331,"1|1|010100":39095,"1|1|010101":40753,"1|1|101111":27408,"1|1|101110":29193,"2|0|101010":17125,"1|0|001111":29928,"1|1|001010":19288,"1|0|001110":27388,"1|1|001011":21507,"2|0|101011":15842,"2|1|000011":14623,"2|1|000010":14870,"1|1|010110":42696,"2|1|111101":1786,"2|1|110010":10216,"2|1|111100":2495,"2|1|110011":9431,"2|1|011010":25183,"2|1|011011":25682,"1|1|010111":44746,"1|1|101101":31544,"1|1|100011":50577,"1|1|101100":32740,"1|1|100010":52956,"1|0|110001":23631,"2|0|001011":16505,"2|0|001010":15937,"1|0|110000":25636,"2|0|111110":1042,"2|0|111111":361,"1|1|101010":36390,"2|1|010010":20961,"2|1|011100":25857,"2|1|011101":26393,"1|0|010001":33474,"1|0|010000":31759,"2|1|010011":21809,"1|1|101011":34653,"1|0|111101":3830,"2|0|100101":21720,"2|0|100100":22768,"1|0|110010":22332,"1|0|110011":20477,"1|0|111100":5556,"2|0|110010":10046,"2|0|111101":1807,"2|0|110011":9377,"2|0|111100":2479,"2|1|011111":27330,"1|0|010111":44422,"1|0|010110":43087,"2|1|011110":27107,"1|1|101001":38599,"1|1|101000":40742,"1|0|110100":18903,"1|0|110101":16932,"2|0|100111":19870,"2|0|100110":20630,"2|1|000101":14261,"2|0|001111":19254,"2|1|000100":14608,"2|0|001110":18307,"1|0|011110":56100,"2|0|111011":3269,"2|0|111010":3884,"2|1|010111":23914,"1|0|011111":57101,"2|1|010110":23179,"1|0|110111":13623,"2|0|100001":26037,"2|0|100000":26857,"2|0|001001":14885,"2|0|001000":14007,"1|0|000101":14346,"1|0|000100":14382,"1|0|110110":15237,"1|0|010010":35537,"2|0|111000":5465,"2|0|111001":4651,"1|0|011101":54316,"2|1|010001":20473,"1|0|010011":37327,"1|0|011100":52598,"2|1|010000":19783}}
