{"probability":{"Group 13":"0.014526837071314662","Group 12":"0.018294830850378804","Group 11":"0.05813880687748921","Group 10":"0.00007479181536022976","Group  6":"0.0","Group  5":"0.0","Group  4":"0.0013217206131700228","Group  3":"0.0","Group  2":"0.00006233299027596098","Group  1":"0.0","Group  9":"0.0003412679806622026","Group  8":"0.0039123983061741235","Group  7":"0.9033270134951747"},"groups":{"Group 13":["Botan 1.5.6 & 1.11.29 & 2.1.0","Feitian JavaCOS A22 & A40","Gemalto GCX4 72K","HSM SafeNet Luna SA-1700","LibTomCrypt 1.17","Libgcrypt 1.6.0 & 1.6.5 & 1.7.6","Libgcrypt 1.6.0 FIPS & 1.6.5 FIPS","Nettle 3.2 & 3.3","Oberthur Cosmo 64","OpenSSL FIPS 2.0.12 & 2.0.14","PGPSDK 4","WolfSSL 2.0rc1 & 3.9.0 & 3.10.2","cryptlib 3.4.3 & 3.4.3.1"],"Group 12":["Bouncy Castle 1.53 (Java)","Cryptix JCE 20050328","FlexiProvider 1.7p7","HSM Utimaco Security Server Se50","Nettle 2.0","PolarSSL 0.10.0","PuTTY 0.67","SunRsaSign OpenJDK 1.8.0","mbedTLS 1.3.19 & 2.2.1 & 2.4.2"],"Group 11":["Bouncy Castle 1.54 (Java)","Crypto++ 5.6.0 & 5.6.3 & 5.6.5","Libgcrypt 1.7.6 FIPS","Microsoft CryptoAPI & CNG & .NET"],"Group 10":["NXP J2D081 & J2E145G","YubiKey NEO"],"Group  6":["Oberthur Cosmo Dual 72K"],"Group  5":["NXP J2A080 & J2A081 & J3A081 & JCOP 41 V2.2.1"],"Group  4":["Gemalto GXP E64"],"Group  3":["GNU Crypto 2.0.1"],"Group  2":["G&D SmartCafe 4.x & 6.0"],"Group  1":["G&D SmartCafe 3.2"],"Group  9":["Infineon JTOP 80K","YubiKey 4 & 4 Nano"],"Group  8":["PGPSDK 4 FIPS"],"Group  7":["OpenSSL 0.9.7 & 1.0.2g & 1.0.2k & 1.1.0e"]},"frequencies":{"1|1|000110":1022,"2|1|100011":1945,"2|1|101101":1192,"1|1|000111":1170,"2|1|101100":1335,"2|1|100010":2075,"2|0|000000":681,"2|0|000001":746,"1|0|111010":9503,"1|0|111011":7807,"1|1|011010":50683,"1|1|011011":53622,"2|0|110100":717,"2|0|110101":664,"1|0|100001":59751,"1|0|100000":62343,"2|1|100000":2291,"1|1|000100":940,"2|1|100001":2181,"2|0|000011":900,"2|0|001101":1626,"2|0|001100":1536,"2|0|000010":810,"1|1|000101":986,"2|1|010101":2218,"2|0|011010":2584,"2|1|010100":2138,"2|0|011011":2659,"1|0|100010":57747,"1|0|101100":36721,"1|0|101101":34320,"1|0|100011":55596,"2|1|100110":1754,"1|1|110101":18850,"2|1|100111":1691,"2|0|000101":988,"2|0|000100":1033,"1|0|111110":2603,"1|1|110100":20639,"1|0|111111":1145,"1|0|100101":51526,"2|0|110001":981,"2|0|110000":968,"1|0|010101":38640,"1|0|010100":36118,"2|0|011001":2430,"2|0|011000":2465,"1|0|100100":53388,"2|1|100100":1899,"2|1|100101":1874,"2|0|000110":988,"2|0|000111":1097,"1|0|111000":13208,"1|0|111001":11383,"2|0|110111":572,"2|0|110110":615,"2|0|011111":2270,"2|0|011110":2357,"1|0|100111":46607,"1|0|100110":48487,"1|1|001001":5680,"1|0|001001":5675,"1|0|001000":2675,"1|1|001000":2755,"1|1|110001":26614,"1|1|110000":28450,"1|1|010000":25642,"2|0|011101":2403,"2|1|111111":369,"2|1|111110":170,"2|0|010010":1933,"2|0|011100":2479,"2|0|010011":2041,"1|1|010001":27875,"1|0|101010":40296,"1|0|101011":38229,"1|0|001010":8676,"1|1|001111":23048,"1|0|001011":11478,"1|1|001110":20290,"2|1|101011":1336,"2|1|101010":1417,"1|1|110111":15109,"1|1|110110":17172,"1|1|010010":31193,"1|1|010011":33430,"1|1|011100":55665,"2|0|010001":1938,"2|1|111001":382,"2|1|111000":477,"2|0|010000":1855,"1|1|011101":58207,"1|1|000011":854,"1|1|001100":14390,"1|1|001101":17170,"2|1|101001":1564,"1|1|000010":825,"2|1|101000":1599,"1|1|111110":2596,"1|1|111111":1232,"2|1|111010":326,"1|1|011110":59812,"1|1|011111":62195,"2|0|010111":2334,"2|1|001000":1163,"2|1|001001":1327,"2|1|111011":277,"2|0|010110":2309,"1|0|101111":30263,"1|1|100101":51420,"1|1|100100":53286,"1|0|101110":32503,"1|1|000000":668,"1|1|000001":811,"2|1|101111":1109,"2|1|101110":1173,"1|1|110010":24431,"1|1|111101":4462,"1|1|110011":22619,"1|1|111100":6114,"1|1|011000":46035,"1|1|011001":49027,"2|1|001010":1468,"2|0|010100":2131,"2|1|001011":1563,"2|0|010101":2241,"1|0|101001":42567,"1|0|101000":44823,"1|0|000110":1130,"2|0|101101":1261,"2|0|100011":1961,"2|0|101100":1341,"2|0|100010":2056,"2|1|000001":748,"2|1|000000":693,"1|1|111011":7841,"1|0|000111":1149,"1|1|111010":9495,"1|0|011011":53344,"2|1|110100":713,"1|0|011010":50927,"2|1|001100":1651,"2|1|110101":660,"2|1|001101":1670,"1|1|100001":60288,"1|1|100000":62356,"1|0|000000":631,"2|0|101111":1008,"2|0|101110":1157,"2|1|000111":1131,"2|1|000110":1063,"1|1|111000":13300,"1|0|000001":741,"1|1|111001":11331,"1|0|011000":46482,"2|1|001110":1669,"2|1|110111":538,"2|1|001111":1820,"2|1|110110":624,"1|0|011001":48718,"1|1|100111":46551,"1|1|100110":49031,"1|0|000011":903,"1|0|001100":14465,"1|0|000010":801,"2|0|101001":1543,"2|0|101000":1579,"1|0|001101":17272,"2|1|110001":899,"2|1|110000":1076,"2|1|011001":2549,"2|1|011000":2405,"1|1|010100":36409,"1|1|010101":38351,"1|1|101111":30620,"1|1|101110":32442,"2|0|101010":1540,"1|0|001111":23173,"1|1|001010":8504,"1|0|001110":20246,"1|1|001011":11523,"2|0|101011":1474,"2|1|000011":881,"2|1|000010":808,"1|1|010110":41308,"2|1|111101":153,"2|1|110010":879,"2|1|111100":246,"2|1|110011":819,"2|1|011010":2591,"2|1|011011":2491,"1|1|010111":43562,"1|1|101101":34130,"1|1|100011":55519,"1|1|101100":36750,"1|1|100010":57626,"1|0|110001":26023,"2|0|001011":1429,"2|0|001010":1410,"1|0|110000":28434,"2|0|111110":157,"2|0|111111":358,"1|1|101010":40416,"2|1|010010":2002,"2|1|011100":2511,"2|1|011101":2387,"1|0|010001":27958,"1|0|010000":25427,"2|1|010011":2086,"1|1|101011":38422,"1|0|111101":4340,"2|0|100101":1908,"2|0|100100":1978,"1|0|110010":24379,"1|0|110011":22702,"1|0|111100":6030,"2|0|110010":887,"2|0|111101":176,"2|0|110011":793,"2|0|111100":223,"2|1|011111":2284,"1|0|010111":43832,"1|0|010110":41019,"2|1|011110":2362,"1|1|101001":43200,"1|1|101000":44676,"1|0|110100":20795,"1|0|110101":19006,"2|0|100111":1680,"2|0|100110":1747,"2|1|000101":1016,"2|0|001111":1776,"2|1|000100":982,"2|0|001110":1682,"1|0|011110":60107,"2|0|111011":269,"2|0|111010":292,"2|1|010111":2416,"1|0|011111":62383,"2|1|010110":2275,"1|0|110111":15094,"2|0|100001":2156,"2|0|100000":2286,"2|0|001001":1314,"2|0|001000":1262,"1|0|000101":1031,"1|0|000100":907,"1|0|110110":16964,"1|0|010010":30828,"2|0|111000":483,"2|0|111001":408,"1|0|011101":58135,"2|1|010001":1865,"1|0|010011":33495,"1|0|011100":55685,"2|1|010000":1864}}
