{"probability":{"Group 13":"0.093866266481408","Group 12":"0.032212038113588484","Group 11":"0.06025160195299778","Group 10":"0.00005321925608701881","Group  6":"0.0003399493803989797","Group  5":"0.0","Group  4":"0.005321983951197009","Group  3":"0.00030070289424474853","Group  2":"0.0","Group  1":"0.0","Group  9":"0.0005031166178866322","Group  8":"0.007426641884333112","Group  7":"0.7997244794678583"},"groups":{"Group 13":["Botan 1.5.6 & 1.11.29 & 2.1.0","Feitian JavaCOS A22 & A40","Gemalto GCX4 72K","HSM SafeNet Luna SA-1700","LibTomCrypt 1.17","Libgcrypt 1.6.0 & 1.6.5 & 1.7.6","Libgcrypt 1.6.0 FIPS & 1.6.5 FIPS","Nettle 3.2 & 3.3","Oberthur Cosmo 64","OpenSSL FIPS 2.0.12 & 2.0.14","PGPSDK 4","WolfSSL 2.0rc1 & 3.9.0 & 3.10.2","cryptlib 3.4.3 & 3.4.3.1"],"Group 12":["Bouncy Castle 1.53 (Java)","Cryptix JCE 20050328","FlexiProvider 1.7p7","HSM Utimaco Security Server Se50","Nettle 2.0","PolarSSL 0.10.0","PuTTY 0.67","SunRsaSign OpenJDK 1.8.0","mbedTLS 1.3.19 & 2.2.1 & 2.4.2"],"Group 11":["Bouncy Castle 1.54 (Java)","Crypto++ 5.6.0 & 5.6.3 & 5.6.5","Libgcrypt 1.7.6 FIPS","Microsoft CryptoAPI & CNG & .NET"],"Group 10":["NXP J2D081 & J2E145G","YubiKey NEO"],"Group  6":["Oberthur Cosmo Dual 72K"],"Group  5":["NXP J2A080 & J2A081 & J3A081 & JCOP 41 V2.2.1"],"Group  4":["Gemalto GXP E64"],"Group  3":["GNU Crypto 2.0.1"],"Group  2":["G&D SmartCafe 4.x & 6.0"],"Group  1":["G&D SmartCafe 3.2"],"Group  9":["Infineon JTOP 80K","YubiKey 4 & 4 Nano"],"Group  8":["PGPSDK 4 FIPS"],"Group  7":["OpenSSL 0.9.7 & 1.0.2g & 1.0.2k & 1.1.0e"]},"frequencies":{"1|1|000110":1420,"2|1|100011":4550,"2|1|101101":2756,"1|1|000111":1521,"2|1|101100":3031,"2|1|100010":4704,"2|0|000000":1518,"2|0|000001":1148,"1|0|111010":8722,"1|0|111011":7131,"1|1|011010":46564,"1|1|011011":48646,"2|0|110100":1653,"2|0|110101":1559,"1|0|100001":54468,"1|0|100000":56589,"2|1|100000":5229,"1|1|000100":1322,"2|1|100001":4899,"2|0|000011":1265,"2|0|001101":2687,"2|0|001100":2620,"2|0|000010":1193,"1|1|000101":1365,"2|1|010101":4235,"2|0|011010":5078,"2|1|010100":4023,"2|0|011011":5264,"1|0|100010":52329,"1|0|101100":33204,"1|0|101101":31108,"1|0|100011":50373,"2|1|100110":4003,"1|1|110101":17369,"2|1|100111":3749,"2|0|000101":1317,"2|0|000100":1322,"1|0|111110":2304,"1|1|110100":18949,"1|0|111111":830,"1|0|100101":46290,"2|0|110001":2216,"2|0|110000":2270,"1|0|010101":35827,"1|0|010100":33086,"2|0|011001":4796,"2|0|011000":4796,"1|0|100100":48394,"2|1|100100":4296,"2|1|100101":4287,"2|0|000110":1529,"2|0|000111":1458,"1|0|111000":12112,"1|0|111001":10449,"2|0|110111":1235,"2|0|110110":1415,"2|0|011111":5350,"2|0|011110":5259,"1|0|100111":42521,"1|0|100110":44615,"1|1|001001":5813,"1|0|001001":5633,"1|0|001000":2896,"1|1|001000":2922,"1|1|110001":23741,"1|1|110000":25931,"1|1|010000":23642,"2|0|011101":5164,"2|1|111111":151,"0|1|110111":1,"2|1|111110":243,"2|0|010010":3699,"2|0|011100":5086,"2|0|010011":3806,"1|1|010001":26282,"1|0|101010":36959,"1|0|101011":34764,"1|0|001010":8506,"1|1|001111":20886,"1|0|001011":10875,"1|1|001110":18698,"2|1|101011":3189,"2|1|101010":3325,"1|1|110111":14113,"1|1|110110":15282,"1|1|010010":28536,"1|1|010011":30809,"1|1|011100":50602,"2|0|010001":3547,"2|1|111001":892,"2|1|111000":1088,"2|0|010000":3253,"1|1|011101":52936,"1|1|000011":1288,"1|1|001100":13709,"1|1|001101":16101,"2|1|101001":3433,"1|1|000010":1202,"2|1|101000":3718,"1|1|111110":2396,"1|1|111111":871,"2|1|111010":747,"1|1|011110":54372,"1|1|011111":56745,"2|0|010111":4500,"2|1|001000":1689,"2|1|001001":1919,"2|1|111011":661,"2|0|010110":4382,"1|0|101111":27956,"1|1|100101":46722,"1|1|100100":48205,"1|0|101110":29466,"1|1|000000":1533,"1|1|000001":1163,"2|1|101111":2407,"2|1|101110":2691,"1|1|110010":22154,"1|1|111101":4006,"1|1|110011":20420,"1|1|111100":5496,"1|1|011000":42370,"1|1|011001":44673,"2|1|001010":2145,"2|0|010100":4050,"2|1|001011":2336,"2|0|010101":4213,"1|0|101001":38446,"1|0|101000":40263,"1|0|000110":1471,"2|0|101101":2782,"2|0|100011":4539,"2|0|101100":2923,"2|0|100010":4724,"2|1|000001":1167,"2|1|000000":1539,"1|1|111011":7233,"1|0|000111":1507,"1|1|111010":8863,"1|0|011011":48182,"2|1|110100":1676,"1|0|011010":46534,"2|1|001100":2490,"2|1|110101":1548,"2|1|001101":2677,"1|1|100001":54459,"1|1|100000":56546,"1|0|000000":1501,"2|0|101111":2549,"2|0|101110":2654,"2|1|000111":1473,"2|1|000110":1451,"1|1|111000":11974,"1|0|000001":1128,"1|1|111001":10342,"1|0|011000":42466,"2|1|001110":2893,"2|1|110111":1265,"2|1|001111":3103,"2|1|110110":1407,"1|0|011001":44642,"1|1|100111":42274,"1|1|100110":44263,"1|0|000011":1279,"1|0|001100":13473,"1|0|000010":1250,"2|0|101001":3489,"2|0|101000":3701,"1|0|001101":16025,"2|1|110001":2143,"2|1|110000":2308,"2|1|011001":5012,"0|1|000000":2,"2|1|011000":4754,"1|1|010100":33084,"1|1|010101":35637,"1|1|101111":27324,"1|1|101110":29547,"2|0|101010":3428,"1|0|001111":21205,"1|1|001010":8421,"1|0|001110":18766,"1|1|001011":11043,"2|0|101011":3097,"2|1|000011":1267,"2|1|000010":1235,"1|1|010110":37687,"2|1|111101":387,"2|1|110010":1944,"2|1|111100":488,"2|1|110011":1872,"2|1|011010":5047,"2|1|011011":5156,"1|1|010111":40316,"1|1|101101":31216,"1|1|100011":50542,"1|1|101100":33450,"1|1|100010":52556,"1|0|110001":24130,"2|0|001011":2329,"2|0|001010":2177,"1|0|110000":25929,"2|0|111110":235,"2|0|111111":155,"1|1|101010":36890,"2|1|010010":3734,"2|1|011100":5212,"2|1|011101":5214,"1|0|010001":26270,"1|0|010000":23620,"2|1|010011":3809,"1|1|101011":34489,"1|0|111101":3953,"2|0|100101":4153,"2|0|100100":4402,"1|0|110010":22426,"1|0|110011":20292,"1|0|111100":5536,"2|0|110010":2043,"2|0|111101":382,"2|0|110011":1883,"2|0|111100":505,"2|1|011111":5259,"1|0|010111":40186,"1|0|010110":38004,"2|1|011110":5237,"1|1|101001":38946,"1|1|101000":39978,"1|0|110100":18758,"1|0|110101":17205,"2|0|100111":3834,"2|0|100110":4083,"2|1|000101":1368,"2|0|001111":3079,"2|1|000100":1315,"2|0|001110":3040,"1|0|011110":54804,"2|0|111011":629,"2|0|111010":781,"2|1|010111":4676,"1|0|011111":56673,"2|1|010110":4354,"1|0|110111":13741,"2|0|100001":5097,"2|0|100000":5195,"2|0|001001":1874,"2|0|001000":1644,"1|0|000101":1437,"1|0|000100":1362,"1|0|110110":15491,"1|0|010010":28283,"2|0|111000":1110,"2|0|111001":919,"1|0|011101":52634,"2|1|010001":3589,"1|0|010011":30777,"1|0|011100":51035,"2|1|010000":3259}}
