{"probability":{"Group 13":"0.0070831307365331565","Group 12":"0.028783325396958073","Group 11":"0.31373220174998045","Group 10":"0.0","Group  6":"0.0","Group  5":"0.0","Group  4":"0.0008526771593762347","Group  3":"0.000051965732972523084","Group  2":"0.0","Group  1":"0.0","Group  9":"0.0","Group  8":"0.003039339862186547","Group  7":"0.6464573593619931"},"groups":{"Group 13":["Botan 1.5.6 & 1.11.29 & 2.1.0","Feitian JavaCOS A22 & A40","Gemalto GCX4 72K","HSM SafeNet Luna SA-1700","LibTomCrypt 1.17","Libgcrypt 1.6.0 & 1.6.5 & 1.7.6","Libgcrypt 1.6.0 FIPS & 1.6.5 FIPS","Nettle 3.2 & 3.3","Oberthur Cosmo 64","OpenSSL FIPS 2.0.12 & 2.0.14","PGPSDK 4","WolfSSL 2.0rc1 & 3.9.0 & 3.10.2","cryptlib 3.4.3 & 3.4.3.1"],"Group 12":["Bouncy Castle 1.53 (Java)","Cryptix JCE 20050328","FlexiProvider 1.7p7","HSM Utimaco Security Server Se50","Nettle 2.0","PolarSSL 0.10.0","PuTTY 0.67","SunRsaSign OpenJDK 1.8.0","mbedTLS 1.3.19 & 2.2.1 & 2.4.2"],"Group 11":["Bouncy Castle 1.54 (Java)","Crypto++ 5.6.0 & 5.6.3 & 5.6.5","Libgcrypt 1.7.6 FIPS","Microsoft CryptoAPI & CNG & .NET"],"Group 10":["NXP J2D081 & J2E145G","YubiKey NEO"],"Group  6":["Oberthur Cosmo Dual 72K"],"Group  5":["NXP J2A080 & J2A081 & J3A081 & JCOP 41 V2.2.1"],"Group  4":["Gemalto GXP E64"],"Group  3":["GNU Crypto 2.0.1"],"Group  2":["G&D SmartCafe 4.x & 6.0"],"Group  1":["G&D SmartCafe 3.2"],"Group  9":["Infineon JTOP 80K","YubiKey 4 & 4 Nano"],"Group  8":["PGPSDK 4 FIPS"],"Group  7":["OpenSSL 0.9.7 & 1.0.2g & 1.0.2k & 1.1.0e"]},"frequencies":{"1|1|000110":5173,"2|1|100011":11459,"2|1|101101":7049,"1|1|000111":5762,"2|1|101100":7617,"2|1|100010":12107,"2|0|000000":1722,"2|0|000001":2302,"1|0|111010":12137,"1|0|111011":9946,"1|1|011010":68759,"1|1|011011":71338,"2|0|110100":4258,"2|0|110101":3916,"1|0|100001":76133,"1|0|100000":79125,"2|1|100000":13070,"1|1|000100":3977,"2|1|100001":12515,"2|0|000011":3595,"2|0|001101":8934,"2|0|001100":8649,"2|0|000010":2902,"1|1|000101":4557,"2|1|010101":13316,"2|0|011010":15507,"2|1|010100":12631,"2|0|011011":15202,"1|0|100010":72918,"1|0|101100":46713,"1|0|101101":43483,"1|0|100011":70767,"2|1|100110":10186,"1|1|110101":24135,"2|1|100111":9791,"2|0|000101":4560,"2|0|000100":4092,"1|0|111110":3366,"1|1|110100":26364,"1|0|111111":1396,"1|0|100101":65269,"2|0|110001":5493,"2|0|110000":5887,"1|0|010101":53437,"1|0|010100":50254,"2|0|011001":15044,"2|0|011000":14580,"1|0|100100":68241,"2|1|100100":11083,"2|1|100101":10708,"0|0|011100":1,"2|0|000110":5206,"2|0|000111":5743,"1|0|111000":16804,"1|0|111001":14527,"2|0|110111":3125,"2|0|110110":3548,"2|0|011111":13367,"2|0|011110":13724,"1|0|100111":59420,"1|0|100110":62118,"1|1|001001":11698,"1|0|001001":11822,"1|0|001000":7856,"1|1|001000":8065,"1|1|110001":33781,"1|1|110000":36310,"1|1|010000":36805,"2|0|011101":14263,"2|1|111111":521,"2|1|111110":581,"2|0|010010":11730,"2|0|011100":14872,"2|0|010011":12447,"1|1|010001":40120,"1|0|101010":51623,"1|0|101011":48615,"1|0|001010":15315,"1|1|001111":33571,"1|0|001011":19106,"1|1|001110":30170,"2|1|101011":7967,"2|1|101010":8329,"1|1|110111":19131,"1|1|110110":21831,"1|1|010010":43895,"1|1|010011":46867,"1|1|011100":73601,"2|0|010001":11205,"2|1|111001":2392,"2|1|111000":2825,"2|0|010000":10627,"1|1|011101":75732,"1|1|000011":3483,"1|1|001100":22597,"1|1|001101":26257,"2|1|101001":8833,"1|1|000010":2832,"2|1|101000":9262,"1|1|111110":3344,"1|1|111111":1462,"2|1|111010":1973,"1|1|011110":77644,"1|1|011111":79718,"2|0|010111":14092,"2|1|001000":6292,"2|1|001001":7028,"2|1|111011":1750,"2|0|010110":13964,"1|0|101111":38533,"1|1|100101":65357,"1|1|100100":67858,"1|0|101110":41013,"1|1|000000":1704,"1|1|000001":2466,"2|1|101111":6354,"2|1|101110":6776,"1|1|110010":31206,"1|1|111101":5598,"1|1|110011":29026,"1|1|111100":7714,"1|1|011000":62921,"1|1|011001":66483,"2|1|001010":7631,"2|0|010100":12632,"2|1|001011":8142,"2|0|010101":13110,"1|0|101001":54204,"1|0|101000":57100,"1|0|000110":5225,"2|0|101101":7122,"2|0|100011":11536,"2|0|101100":7595,"2|0|100010":12045,"2|1|000001":2330,"2|1|000000":1724,"1|1|111011":10148,"1|0|000111":5696,"1|1|111010":12209,"1|0|011011":71275,"2|1|110100":4159,"1|0|011010":68901,"2|1|001100":8656,"2|1|110101":3910,"2|1|001101":9147,"1|1|100001":76503,"1|1|100000":79530,"1|0|000000":1733,"2|0|101111":6241,"2|0|101110":6754,"2|1|000111":5650,"2|1|000110":5153,"1|1|111000":16912,"1|0|000001":2291,"1|1|111001":14445,"1|0|011000":63362,"2|1|001110":9552,"2|1|110111":3070,"2|1|001111":10312,"2|1|110110":3562,"1|0|011001":66329,"1|1|100111":59566,"1|1|100110":62370,"1|0|000011":3502,"1|0|001100":22773,"1|0|000010":2902,"2|0|101001":8794,"2|0|101000":9310,"1|0|001101":26209,"2|1|110001":5422,"2|1|110000":5934,"2|1|011001":15104,"2|1|011000":14694,"1|1|010100":50668,"1|1|010101":53330,"1|1|101111":39081,"1|1|101110":41166,"2|0|101010":8563,"1|0|001111":33700,"1|1|001010":15348,"1|0|001110":30112,"1|1|001011":19166,"2|0|101011":8064,"2|1|000011":3410,"2|1|000010":2914,"1|1|010110":56819,"2|1|111101":897,"2|1|110010":5132,"2|1|111100":1230,"2|1|110011":4670,"2|1|011010":15529,"2|1|011011":15233,"1|1|010111":59603,"1|1|101101":43574,"1|1|100011":70590,"1|1|101100":46644,"1|1|100010":73447,"1|0|110001":32993,"2|0|001011":8041,"2|0|001010":7500,"1|0|110000":36127,"2|0|111110":606,"2|0|111111":520,"1|1|101010":51741,"2|1|010010":11673,"2|1|011100":14652,"2|1|011101":14184,"1|0|010001":40229,"1|0|010000":36880,"2|1|010011":12279,"1|1|101011":48950,"1|0|111101":5506,"2|0|100101":10441,"2|0|100100":10977,"1|0|110010":31041,"1|0|110011":28931,"1|0|111100":7710,"2|0|110010":5132,"2|0|111101":976,"2|0|110011":4649,"2|0|111100":1278,"2|1|011111":13202,"1|0|010111":60138,"1|0|010110":56653,"2|1|011110":13673,"1|1|101001":54829,"1|1|101000":56979,"1|0|110100":26498,"1|0|110101":24111,"2|0|100111":9633,"2|0|100110":10230,"2|1|000101":4636,"2|0|001111":10105,"2|1|000100":4118,"2|0|001110":9740,"1|0|011110":77358,"2|0|111011":1624,"2|0|111010":1896,"2|1|010111":14196,"1|0|011111":79829,"2|1|010110":13870,"1|0|110111":19096,"2|0|100001":12439,"2|0|100000":13034,"2|0|001001":7096,"2|0|001000":6497,"1|0|000101":4650,"1|0|000100":4077,"1|0|110110":21530,"1|0|010010":43449,"2|0|111000":2704,"2|0|111001":2358,"1|0|011101":75930,"2|1|010001":11231,"1|0|010011":46866,"1|0|011100":73622,"2|1|010000":10721}}
