{"probability":{"Group 13":"0.04290011596114003","Group 12":"0.05043093102785037","Group 11":"0.19634596668137755","Group 10":"0.00025592345206466486","Group  6":"0.0002551855114451086","Group  5":"0.0","Group  4":"0.0032766262871798436","Group  3":"0.0","Group  2":"0.0","Group  1":"0.0","Group  9":"0.000173602615212585","Group  8":"0.01690012474981907","Group  7":"0.6894615237139108"},"groups":{"Group 13":["Botan 1.5.6 & 1.11.29 & 2.1.0","Feitian JavaCOS A22 & A40","Gemalto GCX4 72K","HSM SafeNet Luna SA-1700","LibTomCrypt 1.17","Libgcrypt 1.6.0 & 1.6.5 & 1.7.6","Libgcrypt 1.6.0 FIPS & 1.6.5 FIPS","Nettle 3.2 & 3.3","Oberthur Cosmo 64","OpenSSL FIPS 2.0.12 & 2.0.14","PGPSDK 4","WolfSSL 2.0rc1 & 3.9.0 & 3.10.2","cryptlib 3.4.3 & 3.4.3.1"],"Group 12":["Bouncy Castle 1.53 (Java)","Cryptix JCE 20050328","FlexiProvider 1.7p7","HSM Utimaco Security Server Se50","Nettle 2.0","PolarSSL 0.10.0","PuTTY 0.67","SunRsaSign OpenJDK 1.8.0","mbedTLS 1.3.19 & 2.2.1 & 2.4.2"],"Group 11":["Bouncy Castle 1.54 (Java)","Crypto++ 5.6.0 & 5.6.3 & 5.6.5","Libgcrypt 1.7.6 FIPS","Microsoft CryptoAPI & CNG & .NET"],"Group 10":["NXP J2D081 & J2E145G","YubiKey NEO"],"Group  6":["Oberthur Cosmo Dual 72K"],"Group  5":["NXP J2A080 & J2A081 & J3A081 & JCOP 41 V2.2.1"],"Group  4":["Gemalto GXP E64"],"Group  3":["GNU Crypto 2.0.1"],"Group  2":["G&D SmartCafe 4.x & 6.0"],"Group  1":["G&D SmartCafe 3.2"],"Group  9":["Infineon JTOP 80K","YubiKey 4 & 4 Nano"],"Group  8":["PGPSDK 4 FIPS"],"Group  7":["OpenSSL 0.9.7 & 1.0.2g & 1.0.2k & 1.1.0e"]},"frequencies":{"1|1|000110":9465,"2|1|100011":18373,"2|1|101101":11689,"1|1|000111":10071,"2|1|101100":12357,"2|1|100010":19617,"2|0|000000":6154,"2|0|000001":6401,"1|0|111010":23795,"1|0|111011":19524,"1|1|011010":130425,"1|1|011011":136028,"2|0|110100":7086,"2|0|110101":6651,"1|0|100001":147438,"1|0|100000":153175,"2|1|100000":21139,"1|1|000100":8204,"2|1|100001":20271,"2|0|000011":7605,"2|0|001101":14831,"2|0|001100":14316,"2|0|000010":7093,"1|1|000101":8888,"2|1|010101":20462,"2|0|011010":23945,"2|1|010100":19870,"2|0|011011":23933,"1|0|100010":141329,"1|0|101100":89520,"1|0|101101":84338,"1|0|100011":136543,"2|1|100110":16374,"1|1|110101":47163,"2|1|100111":15815,"2|0|000101":8710,"2|0|000100":8382,"1|0|111110":6724,"1|1|110100":50734,"1|0|111111":2622,"1|0|100101":124920,"2|0|110001":8977,"2|0|110000":9547,"1|0|010101":100636,"1|0|010100":94914,"2|0|011001":23186,"2|0|011000":22645,"1|0|100100":131419,"2|1|100100":17914,"2|1|100101":17278,"2|0|000110":9369,"2|0|000111":10135,"1|0|111000":32689,"1|0|111001":28308,"2|0|110111":5315,"2|0|110110":5794,"2|0|011111":21544,"2|0|011110":21893,"1|0|100111":114939,"1|0|100110":120005,"1|1|001001":21390,"1|0|001001":21277,"1|0|001000":13885,"1|1|001000":14235,"1|1|110001":65006,"1|1|110000":70068,"1|1|010000":69568,"2|0|011101":22365,"2|1|111111":875,"2|1|111110":1191,"2|0|010010":18358,"2|0|011100":22727,"2|0|010011":19437,"1|1|010001":75774,"1|0|101010":99385,"1|0|101011":94541,"1|0|001010":28586,"1|1|001111":62905,"1|0|001011":35788,"1|1|001110":55982,"2|1|101011":13042,"2|1|101010":13818,"1|1|110111":37143,"1|1|110110":42029,"1|1|010010":82351,"1|1|010011":88274,"1|1|011100":139232,"2|0|010001":17708,"2|1|111001":3986,"2|1|111000":4712,"2|0|010000":16888,"1|1|011101":145028,"1|1|000011":7530,"1|1|001100":42308,"1|1|001101":49074,"2|1|101001":14390,"1|1|000010":7068,"2|1|101000":15177,"1|1|111110":6650,"1|1|111111":2703,"2|1|111010":3493,"1|1|011110":148860,"1|1|011111":153215,"2|0|010111":22026,"2|1|001000":10665,"2|1|001001":11756,"2|1|111011":3024,"2|0|010110":21512,"1|0|101111":74824,"1|1|100101":125633,"1|1|100100":130908,"1|0|101110":79923,"1|1|000000":6208,"1|1|000001":6533,"2|1|101111":10177,"2|1|101110":11145,"1|1|110010":60379,"1|1|111101":11017,"1|1|110011":55804,"1|1|111100":15472,"1|1|011000":119553,"1|1|011001":125189,"2|1|001010":12507,"2|0|010100":19623,"2|1|001011":13356,"2|0|010101":20611,"1|0|101001":104738,"1|0|101000":110081,"1|0|000110":9542,"2|0|101101":11652,"2|0|100011":18663,"2|0|101100":12296,"2|0|100010":19334,"2|1|000001":6567,"2|1|000000":6336,"1|1|111011":19563,"1|0|000111":10210,"1|1|111010":24066,"1|0|011011":135227,"2|1|110100":6945,"1|0|011010":130856,"2|1|001100":14105,"2|1|110101":6589,"2|1|001101":14794,"1|1|100001":147244,"1|1|100000":153342,"1|0|000000":6145,"2|0|101111":10395,"2|0|101110":10855,"2|1|000111":10123,"2|1|000110":9559,"1|1|111000":33066,"1|0|000001":6465,"1|1|111001":28293,"1|0|011000":118950,"2|1|001110":15470,"2|1|110111":5278,"2|1|001111":16422,"2|1|110110":5987,"1|0|011001":124860,"1|1|100111":114405,"1|1|100110":119610,"1|0|000011":7641,"1|0|001100":42527,"1|0|000010":7062,"2|0|101001":14220,"2|0|101000":14980,"1|0|001101":48817,"2|1|110001":9027,"2|1|110000":9632,"2|1|011001":23324,"2|1|011000":22710,"1|1|010100":94489,"1|1|010101":100428,"1|1|101111":74623,"1|1|101110":78974,"2|0|101010":13609,"1|0|001111":62910,"1|1|001010":28317,"1|0|001110":56263,"1|1|001011":35461,"2|0|101011":13066,"2|1|000011":7653,"2|1|000010":6967,"1|1|010110":106973,"2|1|111101":1691,"0|1|101010":1,"2|1|110010":8441,"2|1|111100":2328,"2|1|110011":7621,"2|1|011010":23840,"2|1|011011":23378,"1|1|010111":113201,"1|1|101101":84094,"1|1|100011":136473,"1|1|101100":89725,"1|1|100010":141269,"1|0|110001":65070,"2|0|001011":13449,"2|0|001010":12465,"1|0|110000":69837,"2|0|111110":1217,"2|0|111111":946,"1|1|101010":99744,"2|1|010010":18611,"2|1|011100":23188,"2|1|011101":22481,"1|0|010001":75512,"1|0|010000":69089,"2|1|010011":19215,"1|1|101011":94026,"1|0|111101":11139,"2|0|100101":17082,"2|0|100100":17890,"1|0|110010":60386,"1|0|110011":55557,"1|0|111100":15283,"2|0|110010":8302,"2|0|111101":1747,"2|0|110011":7808,"2|0|111100":2267,"2|1|011111":21450,"1|0|010111":112655,"1|0|010110":106745,"2|1|011110":21808,"1|1|101001":105331,"1|1|101000":109606,"1|0|110100":50762,"1|0|110101":46660,"2|0|100111":15800,"2|0|100110":16563,"2|1|000101":8890,"2|0|001111":16217,"2|1|000100":8285,"2|0|001110":15523,"1|0|011110":149496,"2|0|111011":2942,"2|0|111010":3365,"2|1|010111":22108,"1|0|011111":154586,"2|1|010110":21482,"1|0|110111":37368,"2|0|100001":20237,"2|0|100000":21142,"2|0|001001":11712,"2|0|001000":10764,"1|0|000101":8962,"1|0|000100":8250,"1|0|110110":41636,"1|0|010010":82403,"2|0|111000":4648,"2|0|111001":4083,"1|0|011101":144664,"2|1|010001":17796,"1|0|010011":89012,"1|0|011100":139448,"2|1|010000":17258}}
