{"probability":{"Group 13":"0.07293290581015763","Group 12":"0.03158743042861403","Group 11":"0.13396083294691358","Group 10":"0.0","Group  6":"0.00004820072311524024","Group  5":"0.0","Group  4":"0.00285190621437884","Group  3":"0.000023141172337505212","Group  2":"0.0","Group  1":"0.0","Group  9":"0.0003005280748768422","Group  8":"0.008004685660551084","Group  7":"0.7502903689690554"},"groups":{"Group 13":["Botan 1.5.6 & 1.11.29 & 2.1.0","Feitian JavaCOS A22 & A40","Gemalto GCX4 72K","HSM SafeNet Luna SA-1700","LibTomCrypt 1.17","Libgcrypt 1.6.0 & 1.6.5 & 1.7.6","Libgcrypt 1.6.0 FIPS & 1.6.5 FIPS","Nettle 3.2 & 3.3","Oberthur Cosmo 64","OpenSSL FIPS 2.0.12 & 2.0.14","PGPSDK 4","WolfSSL 2.0rc1 & 3.9.0 & 3.10.2","cryptlib 3.4.3 & 3.4.3.1"],"Group 12":["Bouncy Castle 1.53 (Java)","Cryptix JCE 20050328","FlexiProvider 1.7p7","HSM Utimaco Security Server Se50","Nettle 2.0","PolarSSL 0.10.0","PuTTY 0.67","SunRsaSign OpenJDK 1.8.0","mbedTLS 1.3.19 & 2.2.1 & 2.4.2"],"Group 11":["Bouncy Castle 1.54 (Java)","Crypto++ 5.6.0 & 5.6.3 & 5.6.5","Libgcrypt 1.7.6 FIPS","Microsoft CryptoAPI & CNG & .NET"],"Group 10":["NXP J2D081 & J2E145G","YubiKey NEO"],"Group  6":["Oberthur Cosmo Dual 72K"],"Group  5":["NXP J2A080 & J2A081 & J3A081 & JCOP 41 V2.2.1"],"Group  4":["Gemalto GXP E64"],"Group  3":["GNU Crypto 2.0.1"],"Group  2":["G&D SmartCafe 4.x & 6.0"],"Group  1":["G&D SmartCafe 3.2"],"Group  9":["Infineon JTOP 80K","YubiKey 4 & 4 Nano"],"Group  8":["PGPSDK 4 FIPS"],"Group  7":["OpenSSL 0.9.7 & 1.0.2g & 1.0.2k & 1.1.0e"]},"frequencies":{"1|1|000110":2634,"2|1|100011":6933,"2|1|101101":4326,"1|1|000111":2760,"2|1|101100":4519,"2|1|100010":7291,"2|0|000000":1781,"2|0|000001":1585,"1|0|111010":10745,"1|0|111011":8797,"1|1|011010":58535,"1|1|011011":60475,"2|0|110100":2596,"2|0|110101":2432,"1|0|100001":66998,"1|0|100000":69522,"2|1|100000":7949,"1|1|000100":2154,"2|1|100001":7618,"2|0|000011":1977,"2|0|001101":4679,"2|0|001100":4379,"2|0|000010":1853,"1|1|000101":2325,"2|1|010101":6937,"2|0|011010":8186,"2|1|010100":6698,"2|0|011011":8239,"1|0|100010":63995,"1|0|101100":40365,"1|0|101101":38661,"1|0|100011":61252,"2|1|100110":6201,"1|1|110101":21041,"2|1|100111":5800,"2|0|000101":2407,"2|0|000100":2263,"1|0|111110":2926,"1|1|110100":23144,"1|0|111111":1051,"1|0|100101":56412,"2|0|110001":3398,"2|0|110000":3447,"1|0|010101":44278,"1|0|010100":41664,"2|0|011001":7891,"2|0|011000":7843,"1|0|100100":59161,"2|1|100100":6681,"2|1|100101":6380,"2|0|000110":2517,"2|0|000111":2777,"1|0|111000":14926,"1|0|111001":12839,"2|0|110111":1923,"2|0|110110":2206,"2|0|011111":8001,"2|0|011110":8095,"1|0|100111":51973,"1|0|100110":54542,"1|1|001001":7905,"1|0|001001":7733,"1|0|001000":4484,"1|1|001000":4578,"1|1|110001":29249,"1|1|110000":31628,"1|1|010000":29843,"2|0|011101":8043,"2|1|111111":207,"2|1|111110":394,"2|0|010010":6166,"2|0|011100":8031,"2|0|010011":6395,"1|1|010001":33009,"1|0|101010":44738,"1|0|101011":42864,"1|0|001010":11221,"1|1|001111":26677,"1|0|001011":14402,"1|1|001110":23796,"2|1|101011":4855,"2|1|101010":5120,"1|1|110111":16684,"1|1|110110":18794,"1|1|010010":35810,"1|1|010011":38993,"1|1|011100":62617,"2|0|010001":5906,"2|1|111001":1396,"2|1|111000":1712,"2|0|010000":5479,"1|1|011101":64715,"1|1|000011":2008,"1|1|001100":17499,"1|1|001101":20621,"2|1|101001":5376,"1|1|000010":1868,"2|1|101000":5639,"1|1|111110":2911,"1|1|111111":1026,"2|1|111010":1275,"1|1|011110":66763,"1|1|011111":69533,"2|0|010111":7324,"2|1|001000":2988,"2|1|001001":3383,"2|1|111011":1028,"2|0|010110":7206,"1|0|101111":33768,"1|1|100101":56832,"1|1|100100":59240,"1|0|101110":36080,"1|1|000000":1728,"1|1|000001":1616,"2|1|101111":3767,"2|1|101110":4080,"1|1|110010":27307,"1|1|111101":4888,"1|1|110011":25207,"1|1|111100":6767,"1|1|011000":52715,"1|1|011001":55260,"2|1|001010":3674,"2|0|010100":6694,"2|1|001011":3961,"2|0|010101":6949,"1|0|101001":47285,"1|0|101000":49767,"1|0|000110":2537,"2|0|101101":4273,"2|0|100011":6949,"2|0|101100":4499,"2|0|100010":7350,"2|1|000001":1689,"2|1|000000":1745,"1|1|111011":8825,"1|0|000111":2627,"1|1|111010":10978,"1|0|011011":60220,"2|1|110100":2602,"1|0|011010":58099,"2|1|001100":4324,"2|1|110101":2370,"2|1|001101":4578,"1|1|100001":66573,"1|1|100000":69201,"1|0|000000":1721,"2|0|101111":3877,"2|0|101110":3882,"2|1|000111":2723,"2|1|000110":2549,"1|1|111000":14661,"1|0|000001":1688,"1|1|111001":12775,"1|0|011000":52466,"2|1|001110":4910,"2|1|110111":1965,"2|1|001111":5413,"2|1|110110":2160,"1|0|011001":55205,"1|1|100111":51717,"1|1|100110":54325,"1|0|000011":1975,"1|0|001100":17699,"1|0|000010":1786,"2|0|101001":5315,"2|0|101000":5579,"1|0|001101":20328,"2|1|110001":3359,"2|1|110000":3518,"2|1|011001":8081,"2|1|011000":7610,"1|1|010100":41391,"1|1|010101":44323,"1|1|101111":33452,"1|1|101110":35862,"2|0|101010":5157,"1|0|001111":26728,"1|1|001010":11149,"1|0|001110":23767,"1|1|001011":14614,"2|0|101011":4910,"2|1|000011":2051,"2|1|000010":1892,"1|1|010110":47306,"2|1|111101":603,"2|1|110010":3152,"2|1|111100":809,"2|1|110011":2817,"2|1|011010":8252,"2|1|011011":8296,"1|1|010111":50024,"1|1|101101":37969,"1|1|100011":62232,"1|1|101100":40547,"1|1|100010":64138,"1|0|110001":29549,"2|0|001011":4018,"2|0|001010":3693,"1|0|110000":31809,"2|0|111110":385,"2|0|111111":228,"1|1|101010":45262,"2|1|010010":6094,"2|1|011100":8206,"2|1|011101":8109,"1|0|010001":32771,"1|0|010000":29992,"2|1|010011":6381,"1|1|101011":42183,"1|0|111101":4926,"2|0|100101":6344,"2|0|100100":6832,"1|0|110010":27185,"1|0|110011":24867,"1|0|111100":6880,"2|0|110010":3030,"2|0|111101":594,"2|0|110011":2977,"2|0|111100":842,"2|1|011111":7884,"1|0|010111":49931,"1|0|010110":46945,"2|1|011110":8045,"1|1|101001":47729,"1|1|101000":49047,"1|0|110100":22956,"1|0|110101":21125,"2|0|100111":5948,"2|0|100110":6186,"2|1|000101":2392,"2|0|001111":5098,"2|1|000100":2189,"2|0|001110":4968,"1|0|011110":67110,"2|0|111011":1013,"2|0|111010":1288,"2|1|010111":7530,"1|0|011111":69525,"2|1|010110":7282,"1|0|110111":16892,"2|0|100001":7615,"2|0|100000":8022,"2|0|001001":3415,"2|0|001000":2977,"1|0|000101":2313,"1|0|000100":2117,"1|0|110110":18636,"1|0|010010":35816,"2|0|111000":1690,"2|0|111001":1424,"1|0|011101":64679,"2|1|010001":5891,"1|0|010011":39102,"1|0|011100":62205,"2|1|010000":5486}}
