{"probability":{"Group 13":"0.05454824982347303","Group 12":"0.36474037912433765","Group 11":"0.058780144615245764","Group 10":"0.00013288363189524927","Group  6":"0.0","Group  5":"0.000012165048886233308","Group  4":"0.010919337264586652","Group  3":"0.0","Group  2":"0.0","Group  1":"0.0","Group  9":"0.001462712662644237","Group  8":"0.0","Group  7":"0.5094041278289312"},"groups":{"Group 13":["Botan 1.5.6 & 1.11.29 & 2.1.0","Feitian JavaCOS A22 & A40","Gemalto GCX4 72K","HSM SafeNet Luna SA-1700","LibTomCrypt 1.17","Libgcrypt 1.6.0 & 1.6.5 & 1.7.6","Libgcrypt 1.6.0 FIPS & 1.6.5 FIPS","Nettle 3.2 & 3.3","Oberthur Cosmo 64","OpenSSL FIPS 2.0.12 & 2.0.14","PGPSDK 4","WolfSSL 2.0rc1 & 3.9.0 & 3.10.2","cryptlib 3.4.3 & 3.4.3.1"],"Group 12":["Bouncy Castle 1.53 (Java)","Cryptix JCE 20050328","FlexiProvider 1.7p7","HSM Utimaco Security Server Se50","Nettle 2.0","PolarSSL 0.10.0","PuTTY 0.67","SunRsaSign OpenJDK 1.8.0","mbedTLS 1.3.19 & 2.2.1 & 2.4.2"],"Group 11":["Bouncy Castle 1.54 (Java)","Crypto++ 5.6.0 & 5.6.3 & 5.6.5","Libgcrypt 1.7.6 FIPS","Microsoft CryptoAPI & CNG & .NET"],"Group 10":["NXP J2D081 & J2E145G","YubiKey NEO"],"Group  6":["Oberthur Cosmo Dual 72K"],"Group  5":["NXP J2A080 & J2A081 & J3A081 & JCOP 41 V2.2.1"],"Group  4":["Gemalto GXP E64"],"Group  3":["GNU Crypto 2.0.1"],"Group  2":["G&D SmartCafe 4.x & 6.0"],"Group  1":["G&D SmartCafe 3.2"],"Group  9":["Infineon JTOP 80K","YubiKey 4 & 4 Nano"],"Group  8":["PGPSDK 4 FIPS"],"Group  7":["OpenSSL 0.9.7 & 1.0.2g & 1.0.2k & 1.1.0e"]},"frequencies":{"1|1|000110":6155,"2|1|100011":4196,"2|1|101101":2433,"1|1|000111":5888,"2|1|101100":2549,"2|1|100010":4433,"2|0|000000":6534,"2|0|000001":6535,"1|0|111010":3661,"1|0|111011":2969,"1|1|011010":20519,"1|1|011011":21014,"2|0|110100":1490,"2|0|110101":1270,"1|0|100001":22652,"1|0|100000":23532,"2|1|100000":4954,"1|1|000100":6273,"2|1|100001":4632,"2|0|000011":6320,"2|0|001101":5895,"2|0|001100":5906,"2|0|000010":6374,"1|1|000101":6216,"2|1|010101":5621,"2|0|011010":5238,"2|1|010100":5683,"2|0|011011":5238,"1|0|100010":21811,"1|0|101100":13591,"1|0|101101":12875,"1|0|100011":21056,"2|1|100110":3701,"1|1|110101":7039,"2|1|100111":3547,"2|0|000101":6174,"2|0|000100":6179,"1|0|111110":928,"1|1|110100":7615,"1|0|111111":349,"1|0|100101":19419,"2|0|110001":1888,"2|0|110000":2011,"1|0|010101":17012,"1|0|010100":16076,"2|0|011001":5429,"2|0|011000":5273,"1|0|100100":20072,"2|1|100100":4064,"2|1|100101":3789,"2|0|000110":5987,"2|0|000111":5938,"1|0|111000":4814,"1|0|111001":4216,"2|0|110111":1037,"2|0|110110":1115,"2|0|011111":5060,"2|0|011110":4970,"1|0|100111":17327,"1|0|100110":18384,"1|1|001001":7202,"1|0|001001":7423,"1|0|001000":6392,"1|1|001000":6338,"1|1|110001":9887,"1|1|110000":10635,"1|1|010000":13239,"2|0|011101":5107,"2|1|111111":54,"2|1|111110":188,"2|0|010010":5863,"2|0|011100":5184,"2|0|010011":5630,"1|1|010001":13882,"1|0|101010":15259,"1|0|101011":14330,"1|0|001010":8114,"1|1|001111":12590,"1|0|001011":9050,"1|1|001110":11512,"2|1|101011":2737,"2|1|101010":2980,"1|1|110111":5625,"1|1|110110":6373,"1|1|010010":14865,"1|1|010011":15927,"1|1|011100":21800,"2|0|010001":5768,"2|1|111001":816,"2|1|111000":911,"2|0|010000":5863,"1|1|011101":22467,"1|1|000011":6351,"1|1|001100":9803,"1|1|001101":10970,"2|1|101001":3161,"1|1|000010":6387,"2|1|101000":3276,"1|1|111110":949,"1|1|111111":323,"2|1|111010":626,"1|1|011110":22938,"1|1|011111":23985,"2|0|010111":5527,"2|1|001000":5928,"2|1|001001":5997,"2|1|111011":519,"2|0|010110":5674,"1|0|101111":11258,"1|1|100101":19419,"1|1|100100":19959,"1|0|101110":12047,"1|1|000000":6674,"1|1|000001":6541,"2|1|101111":2195,"2|1|101110":2263,"1|1|110010":9215,"1|1|111101":1607,"1|1|110011":8441,"1|1|111100":2267,"1|1|011000":19102,"1|1|011001":19668,"2|1|001010":6061,"2|0|010100":5845,"2|1|001011":5965,"2|0|010101":5775,"1|0|101001":16084,"1|0|101000":16526,"1|0|000110":5969,"2|0|101101":2398,"2|0|100011":4195,"2|0|101100":2624,"2|0|100010":4323,"2|1|000001":6492,"2|1|000000":6731,"1|1|111011":2871,"1|0|000111":5969,"1|1|111010":3623,"1|0|011011":21228,"2|1|110100":1454,"1|0|011010":20497,"2|1|001100":5845,"2|1|110101":1235,"2|1|001101":5984,"1|1|100001":22813,"1|1|100000":23544,"1|0|000000":6631,"2|0|101111":2226,"2|0|101110":2250,"2|1|000111":5878,"2|1|000110":5992,"1|1|111000":4883,"1|0|000001":6554,"1|1|111001":4301,"1|0|011000":19328,"2|1|001110":5825,"2|1|110111":1063,"2|1|001111":5850,"2|1|110110":1152,"1|0|011001":19941,"1|1|100111":17834,"1|1|100110":18386,"1|0|000011":6300,"1|0|001100":10182,"1|0|000010":6215,"2|0|101001":3128,"2|0|101000":3352,"1|0|001101":10819,"2|1|110001":1827,"2|1|110000":2070,"2|1|011001":5383,"2|1|011000":5494,"1|1|010100":16375,"1|1|010101":17049,"1|1|101111":11328,"1|1|101110":12153,"2|0|101010":2922,"1|0|001111":12467,"1|1|001010":8109,"1|0|001110":11605,"1|1|001011":9090,"2|0|101011":2755,"2|1|000011":6338,"2|1|000010":6464,"1|1|010110":17866,"2|1|111101":308,"2|1|110010":1684,"2|1|111100":443,"2|1|110011":1569,"2|1|011010":5372,"2|1|011011":5212,"1|1|010111":18706,"1|1|101101":12875,"1|1|100011":20771,"1|1|101100":13632,"1|1|100010":21784,"1|0|110001":9959,"2|0|001011":5790,"2|0|001010":6060,"1|0|110000":10557,"2|0|111110":173,"2|0|111111":61,"1|1|101010":15274,"2|1|010010":5772,"2|1|011100":5300,"2|1|011101":5078,"1|0|010001":14127,"1|0|010000":13449,"2|1|010011":5736,"1|1|101011":14316,"1|0|111101":1639,"2|0|100101":3802,"2|0|100100":3960,"1|0|110010":9072,"1|0|110011":8509,"1|0|111100":2251,"2|0|110010":1710,"2|0|111101":294,"2|0|110011":1580,"2|0|111100":381,"2|1|011111":4962,"1|0|010111":18363,"1|0|010110":17791,"2|1|011110":5074,"1|1|101001":16000,"1|1|101000":16800,"1|0|110100":7793,"1|0|110101":6940,"2|0|100111":3306,"2|0|100110":3584,"2|1|000101":6142,"2|0|001111":5857,"2|1|000100":6209,"2|0|001110":5875,"1|0|011110":23094,"2|0|111011":544,"2|0|111010":606,"2|1|010111":5591,"1|0|011111":23637,"2|1|010110":5654,"1|0|110111":5492,"2|0|100001":4561,"2|0|100000":4881,"2|0|001001":6082,"2|0|001000":5785,"1|0|000101":6166,"1|0|000100":6296,"1|0|110110":6332,"1|0|010010":14854,"2|0|111000":902,"2|0|111001":803,"1|0|011101":22443,"2|1|010001":5832,"1|0|010011":15646,"1|0|011100":21729,"2|1|010000":5755}}
