{"probability":{"Group 13":"0.04187847736806455","Group 12":"0.2784434430918851","Group 11":"0.045032199872340785","Group 10":"0.0","Group  6":"0.0","Group  5":"0.00006185398198757602","Group  4":"0.010409020868770748","Group  3":"0.0","Group  2":"0.0","Group  1":"0.0","Group  9":"0.0009619019459778208","Group  8":"0.0","Group  7":"0.6232131028709734"},"groups":{"Group 13":["Botan 1.5.6 & 1.11.29 & 2.1.0","Feitian JavaCOS A22 & A40","Gemalto GCX4 72K","HSM SafeNet Luna SA-1700","LibTomCrypt 1.17","Libgcrypt 1.6.0 & 1.6.5 & 1.7.6","Libgcrypt 1.6.0 FIPS & 1.6.5 FIPS","Nettle 3.2 & 3.3","Oberthur Cosmo 64","OpenSSL FIPS 2.0.12 & 2.0.14","PGPSDK 4","WolfSSL 2.0rc1 & 3.9.0 & 3.10.2","cryptlib 3.4.3 & 3.4.3.1"],"Group 12":["Bouncy Castle 1.53 (Java)","Cryptix JCE 20050328","FlexiProvider 1.7p7","HSM Utimaco Security Server Se50","Nettle 2.0","PolarSSL 0.10.0","PuTTY 0.67","SunRsaSign OpenJDK 1.8.0","mbedTLS 1.3.19 & 2.2.1 & 2.4.2"],"Group 11":["Bouncy Castle 1.54 (Java)","Crypto++ 5.6.0 & 5.6.3 & 5.6.5","Libgcrypt 1.7.6 FIPS","Microsoft CryptoAPI & CNG & .NET"],"Group 10":["NXP J2D081 & J2E145G","YubiKey NEO"],"Group  6":["Oberthur Cosmo Dual 72K"],"Group  5":["NXP J2A080 & J2A081 & J3A081 & JCOP 41 V2.2.1"],"Group  4":["Gemalto GXP E64"],"Group  3":["GNU Crypto 2.0.1"],"Group  2":["G&D SmartCafe 4.x & 6.0"],"Group  1":["G&D SmartCafe 3.2"],"Group  9":["Infineon JTOP 80K","YubiKey 4 & 4 Nano"],"Group  8":["PGPSDK 4 FIPS"],"Group  7":["OpenSSL 0.9.7 & 1.0.2g & 1.0.2k & 1.1.0e"]},"frequencies":{"1|1|000110":3991,"2|1|100011":2768,"2|1|101101":1595,"1|1|000111":3956,"2|1|101100":1781,"2|1|100010":2885,"2|0|000000":4349,"2|0|000001":4256,"1|0|111010":3522,"1|0|111011":2894,"1|1|011010":19401,"1|1|011011":20372,"2|0|110100":939,"2|0|110101":843,"1|0|100001":22324,"1|0|100000":23217,"2|1|100000":3223,"1|1|000100":4219,"2|1|100001":3100,"2|0|000011":4109,"2|0|001101":4016,"2|0|001100":4012,"2|0|000010":4217,"1|1|000101":4021,"2|1|010101":3738,"2|0|011010":3559,"2|1|010100":3729,"2|0|011011":3651,"1|0|100010":21262,"1|0|101100":13376,"1|0|101101":12625,"1|0|100011":20438,"2|1|100110":2489,"1|1|110101":6783,"2|1|100111":2309,"2|0|000101":4037,"2|0|000100":4023,"1|0|111110":929,"1|1|110100":7623,"1|0|111111":336,"1|0|100101":18979,"2|0|110001":1192,"2|0|110000":1323,"1|0|010101":15845,"1|0|010100":15079,"2|0|011001":3496,"2|0|011000":3545,"1|0|100100":19512,"2|1|100100":2691,"2|1|100101":2572,"2|0|000110":4012,"2|0|000111":3882,"1|0|111000":4855,"1|0|111001":4200,"2|0|110111":652,"2|0|110110":805,"2|0|011111":3335,"2|0|011110":3274,"1|0|100111":17120,"1|0|100110":17900,"1|1|001001":5271,"1|0|001001":5394,"1|0|001000":4345,"1|1|001000":4338,"1|1|110001":9723,"1|1|110000":10556,"1|1|010000":11775,"2|0|011101":3358,"2|1|111111":32,"2|1|111110":110,"2|0|010010":3898,"2|0|011100":3450,"2|0|010011":3788,"1|1|010001":12763,"1|0|101010":14947,"1|0|101011":14112,"1|0|001010":6124,"1|1|001111":10763,"1|0|001011":7279,"1|1|001110":9857,"2|1|101011":1855,"2|1|101010":2011,"1|1|110111":5502,"1|1|110110":6188,"1|1|010010":13429,"1|1|010011":14327,"1|1|011100":20956,"2|0|010001":3823,"2|1|111001":553,"2|1|111000":604,"2|0|010000":3957,"1|1|011101":21550,"1|1|000011":4138,"1|1|001100":8170,"1|1|001101":9094,"2|1|101001":2052,"1|1|000010":4300,"2|1|101000":2125,"1|1|111110":931,"1|1|111111":310,"2|1|111010":393,"1|1|011110":22497,"1|1|011111":22879,"2|0|010111":3668,"2|1|001000":3822,"2|1|001001":3935,"2|1|111011":360,"2|0|010110":3772,"1|0|101111":11087,"1|1|100101":18726,"1|1|100100":19813,"1|0|101110":11811,"1|1|000000":4424,"1|1|000001":4367,"2|1|101111":1419,"2|1|101110":1528,"1|1|110010":8995,"1|1|111101":1638,"1|1|110011":8222,"1|1|111100":2257,"1|1|011000":18236,"1|1|011001":19072,"2|1|001010":3911,"2|0|010100":3911,"2|1|001011":3896,"2|0|010101":3730,"1|0|101001":15586,"1|0|101000":16342,"1|0|000110":4004,"2|0|101101":1614,"2|0|100011":2846,"2|0|101100":1751,"2|0|100010":2838,"2|1|000001":4203,"2|1|000000":4501,"1|1|111011":2767,"1|0|000111":3918,"1|1|111010":3540,"1|0|011011":20624,"2|1|110100":992,"1|0|011010":19506,"2|1|001100":3973,"2|1|110101":911,"2|1|001101":3943,"1|1|100001":22038,"1|1|100000":23135,"1|0|000000":4434,"2|0|101111":1436,"2|0|101110":1494,"2|1|000111":3746,"2|1|000110":3983,"1|1|111000":4847,"1|0|000001":4221,"1|1|111001":4164,"1|0|011000":18111,"2|1|001110":3908,"2|1|110111":687,"2|1|001111":3954,"2|1|110110":763,"1|0|011001":18964,"1|1|100111":17329,"1|1|100110":18114,"1|0|000011":4146,"1|0|001100":8146,"1|0|000010":4120,"2|0|101001":2089,"2|0|101000":2286,"1|0|001101":9199,"2|1|110001":1220,"2|1|110000":1361,"2|1|011001":3656,"2|1|011000":3643,"1|1|010100":15010,"1|1|010101":15825,"1|1|101111":11127,"1|1|101110":11777,"2|0|101010":2023,"1|0|001111":10743,"1|1|001010":6248,"1|0|001110":9913,"1|1|001011":7092,"2|0|101011":1874,"2|1|000011":4122,"2|1|000010":4252,"1|1|010110":16738,"2|1|111101":195,"2|1|110010":1118,"2|1|111100":287,"2|1|110011":1037,"2|1|011010":3564,"2|1|011011":3366,"1|1|010111":17506,"1|1|101101":12733,"1|1|100011":20741,"1|1|101100":13401,"1|1|100010":21488,"1|0|110001":9528,"2|0|001011":3828,"2|0|001010":3960,"1|0|110000":10253,"2|0|111110":117,"2|0|111111":41,"1|1|101010":14812,"2|1|010010":3785,"2|1|011100":3450,"2|1|011101":3446,"1|0|010001":12432,"1|0|010000":11707,"2|1|010011":3858,"1|1|101011":13845,"1|0|111101":1583,"2|0|100101":2644,"2|0|100100":2704,"1|0|110010":8897,"1|0|110011":8175,"1|0|111100":2231,"2|0|110010":1074,"2|0|111101":187,"2|0|110011":1054,"2|0|111100":284,"2|1|011111":3148,"1|0|010111":17231,"1|0|010110":16591,"2|1|011110":3405,"1|1|101001":15584,"1|1|101000":16417,"1|0|110100":7767,"1|0|110101":6779,"2|0|100111":2319,"2|0|100110":2396,"2|1|000101":4166,"2|0|001111":3833,"2|1|000100":4152,"2|0|001110":3813,"1|0|011110":22348,"2|0|111011":389,"2|0|111010":417,"2|1|010111":3740,"1|0|011111":22860,"2|1|010110":3812,"1|0|110111":5493,"2|0|100001":3173,"2|0|100000":3228,"2|0|001001":4003,"2|0|001000":3909,"1|0|000101":4174,"1|0|000100":4060,"1|0|110110":6254,"1|0|010010":13289,"2|0|111000":641,"2|0|111001":489,"1|0|011101":21812,"2|1|010001":3811,"1|0|010011":14247,"1|0|011100":21150,"2|1|010000":3874}}
