{"probability":{"Group 13":"0.13782791832941274","Group 12":"0.019830494876770393","Group 11":"0.12985419822290487","Group 10":"0.0","Group  6":"0.00008393056458653572","Group  5":"0.0","Group  4":"0.003916020088658979","Group  3":"0.0007975099943647853","Group  2":"0.0","Group  1":"0.0","Group  9":"0.0004709551007449843","Group  8":"0.012095414580163793","Group  7":"0.695123558242393"},"groups":{"Group 13":["Botan 1.5.6 & 1.11.29 & 2.1.0","Feitian JavaCOS A22 & A40","Gemalto GCX4 72K","HSM SafeNet Luna SA-1700","LibTomCrypt 1.17","Libgcrypt 1.6.0 & 1.6.5 & 1.7.6","Libgcrypt 1.6.0 FIPS & 1.6.5 FIPS","Nettle 3.2 & 3.3","Oberthur Cosmo 64","OpenSSL FIPS 2.0.12 & 2.0.14","PGPSDK 4","WolfSSL 2.0rc1 & 3.9.0 & 3.10.2","cryptlib 3.4.3 & 3.4.3.1"],"Group 12":["Bouncy Castle 1.53 (Java)","Cryptix JCE 20050328","FlexiProvider 1.7p7","HSM Utimaco Security Server Se50","Nettle 2.0","PolarSSL 0.10.0","PuTTY 0.67","SunRsaSign OpenJDK 1.8.0","mbedTLS 1.3.19 & 2.2.1 & 2.4.2"],"Group 11":["Bouncy Castle 1.54 (Java)","Crypto++ 5.6.0 & 5.6.3 & 5.6.5","Libgcrypt 1.7.6 FIPS","Microsoft CryptoAPI & CNG & .NET"],"Group 10":["NXP J2D081 & J2E145G","YubiKey NEO"],"Group  6":["Oberthur Cosmo Dual 72K"],"Group  5":["NXP J2A080 & J2A081 & J3A081 & JCOP 41 V2.2.1"],"Group  4":["Gemalto GXP E64"],"Group  3":["GNU Crypto 2.0.1"],"Group  2":["G&D SmartCafe 4.x & 6.0"],"Group  1":["G&D SmartCafe 3.2"],"Group  9":["Infineon JTOP 80K","YubiKey 4 & 4 Nano"],"Group  8":["PGPSDK 4 FIPS"],"Group  7":["OpenSSL 0.9.7 & 1.0.2g & 1.0.2k & 1.1.0e"]},"frequencies":{"1|1|000110":1884,"2|1|100011":7682,"2|1|101101":4708,"1|1|000111":2004,"2|1|101100":5044,"2|1|100010":7876,"2|0|000000":1578,"2|0|000001":957,"1|0|111010":8633,"1|0|111011":6996,"1|1|011010":47382,"1|1|011011":49105,"2|0|110100":2934,"2|0|110101":2623,"1|0|100001":54400,"1|0|100000":56208,"2|1|100000":8777,"1|1|000100":1482,"2|1|100001":8374,"2|0|000011":1290,"2|0|001101":4342,"2|0|001100":3899,"2|0|000010":1168,"1|1|000101":1647,"2|1|010101":7139,"2|0|011010":8602,"2|1|010100":6585,"2|0|011011":8759,"1|0|100010":51851,"1|0|101100":32884,"1|0|101101":30877,"1|0|100011":50081,"2|1|100110":6809,"1|1|110101":17145,"2|1|100111":6349,"2|0|000101":1718,"2|0|000100":1549,"1|0|111110":2417,"1|1|110100":18779,"1|0|111111":910,"1|0|100101":46006,"2|0|110001":3659,"2|0|110000":3810,"1|0|010101":36000,"1|0|010100":33796,"2|0|011001":8176,"2|0|011000":7996,"1|0|100100":47948,"2|1|100100":7274,"2|1|100101":7105,"2|0|000110":1887,"2|0|000111":1990,"1|0|111000":12071,"1|0|111001":10506,"2|0|110111":2083,"2|0|110110":2469,"2|0|011111":8778,"2|0|011110":8934,"1|0|100111":42487,"1|0|100110":44594,"1|1|001001":6170,"1|0|001001":6246,"1|0|001000":3423,"1|1|001000":3493,"1|1|110001":23918,"1|1|110000":25843,"1|1|010000":24180,"2|0|011101":8627,"2|1|111111":280,"2|1|111110":503,"2|0|010010":5936,"2|0|011100":8666,"2|0|010011":6172,"1|1|010001":26462,"1|0|101010":36625,"1|0|101011":34888,"1|0|001010":9033,"1|1|001111":21467,"1|0|001011":11324,"1|1|001110":19174,"2|1|101011":5337,"2|1|101010":5665,"1|1|110111":13755,"1|1|110110":15299,"1|1|010010":29002,"1|1|010011":31314,"1|1|011100":51007,"2|0|010001":5692,"2|1|111001":1569,"2|1|111000":1846,"2|0|010000":5259,"1|1|011101":52813,"1|1|000011":1337,"1|1|001100":14313,"1|1|001101":16620,"2|1|101001":5691,"1|1|000010":1157,"2|1|101000":6255,"1|1|111110":2436,"1|1|111111":966,"2|1|111010":1350,"1|1|011110":54458,"1|1|011111":56446,"2|0|010111":7692,"2|1|001000":2278,"2|1|001001":2720,"2|1|111011":1150,"2|0|010110":7341,"1|0|101111":27476,"1|1|100101":46441,"1|1|100100":48023,"1|0|101110":29699,"1|1|000000":1533,"1|1|000001":966,"2|1|101111":4151,"2|1|101110":4510,"1|1|110010":22348,"1|1|111101":3904,"1|1|110011":20301,"1|1|111100":5480,"1|1|011000":42880,"1|1|011001":44665,"2|1|001010":3110,"2|0|010100":6607,"2|1|001011":3599,"2|0|010101":6998,"1|0|101001":38626,"1|0|101000":40470,"1|0|000110":1785,"2|0|101101":4793,"2|0|100011":7695,"2|0|101100":5030,"2|0|100010":7941,"2|1|000001":969,"2|1|000000":1608,"1|1|111011":7187,"1|0|000111":1994,"1|1|111010":8848,"1|0|011011":48808,"2|1|110100":2878,"1|0|011010":47049,"2|1|001100":3880,"2|1|110101":2651,"2|1|001101":4075,"1|1|100001":54115,"1|1|100000":56375,"1|0|000000":1606,"2|0|101111":4355,"2|0|101110":4502,"2|1|000111":1993,"2|1|000110":1838,"1|1|111000":11958,"1|0|000001":983,"1|1|111001":10201,"1|0|011000":42976,"2|1|001110":4641,"2|1|110111":2166,"2|1|001111":4905,"2|1|110110":2342,"1|0|011001":45142,"1|1|100111":42315,"1|1|100110":44152,"1|0|000011":1362,"1|0|001100":14227,"1|0|000010":1186,"2|0|101001":5898,"2|0|101000":6163,"1|0|001101":16512,"2|1|110001":3658,"2|1|110000":3985,"2|1|011001":8338,"2|1|011000":7846,"1|1|010100":33934,"1|1|010101":35944,"1|1|101111":27370,"1|1|101110":29429,"2|0|101010":5753,"1|0|001111":21795,"1|1|001010":8751,"1|0|001110":19223,"1|1|001011":11614,"2|0|101011":5300,"2|1|000011":1320,"2|1|000010":1129,"1|1|010110":38698,"2|1|111101":692,"2|1|110010":3379,"2|1|111100":879,"2|1|110011":3227,"2|1|011010":8564,"2|1|011011":8698,"1|1|010111":40494,"1|1|101101":31040,"1|1|100011":50099,"1|1|101100":32994,"1|1|100010":52057,"1|0|110001":24173,"2|0|001011":3502,"2|0|001010":3217,"1|0|110000":25712,"2|0|111110":448,"2|0|111111":295,"1|1|101010":36682,"2|1|010010":6119,"2|1|011100":8593,"2|1|011101":8572,"1|0|010001":26805,"1|0|010000":24094,"2|1|010011":6392,"1|1|101011":34423,"1|0|111101":4017,"2|0|100101":6929,"2|0|100100":7409,"1|0|110010":22284,"1|0|110011":20311,"1|0|111100":5678,"2|0|110010":3487,"2|0|111101":669,"2|0|110011":3061,"2|0|111100":903,"2|1|011111":8813,"1|0|010111":40541,"1|0|010110":38517,"2|1|011110":8481,"1|1|101001":38770,"1|1|101000":40165,"1|0|110100":18439,"1|0|110101":17236,"2|0|100111":6487,"2|0|100110":6678,"2|1|000101":1684,"2|0|001111":4893,"2|1|000100":1491,"2|0|001110":4619,"1|0|011110":54785,"2|0|111011":1142,"2|0|111010":1335,"2|1|010111":7879,"1|0|011111":56359,"2|1|010110":7299,"1|0|110111":13653,"2|0|100001":8469,"2|0|100000":8551,"2|0|001001":2711,"2|0|001000":2277,"1|0|000101":1665,"1|0|000100":1558,"1|0|110110":15396,"1|0|010010":29010,"2|0|111000":1867,"2|0|111001":1636,"1|0|011101":52492,"2|1|010001":5683,"1|0|010011":31169,"1|0|011100":51122,"2|1|010000":5391}}
