{"probability":{"Group 13":"0.0392562171493696","Group 12":"0.02862394644050786","Group 11":"0.2305949458004908","Group 10":"0.0","Group  6":"0.0","Group  5":"0.0","Group  4":"0.001617873107835368","Group  3":"0.00008561702758626483","Group  2":"0.0","Group  1":"0.0","Group  9":"0.00011900573118575114","Group  8":"0.005701930436373094","Group  7":"0.6940004643066513"},"groups":{"Group 13":["Botan 1.5.6 & 1.11.29 & 2.1.0","Feitian JavaCOS A22 & A40","Gemalto GCX4 72K","HSM SafeNet Luna SA-1700","LibTomCrypt 1.17","Libgcrypt 1.6.0 & 1.6.5 & 1.7.6","Libgcrypt 1.6.0 FIPS & 1.6.5 FIPS","Nettle 3.2 & 3.3","Oberthur Cosmo 64","OpenSSL FIPS 2.0.12 & 2.0.14","PGPSDK 4","WolfSSL 2.0rc1 & 3.9.0 & 3.10.2","cryptlib 3.4.3 & 3.4.3.1"],"Group 12":["Bouncy Castle 1.53 (Java)","Cryptix JCE 20050328","FlexiProvider 1.7p7","HSM Utimaco Security Server Se50","Nettle 2.0","PolarSSL 0.10.0","PuTTY 0.67","SunRsaSign OpenJDK 1.8.0","mbedTLS 1.3.19 & 2.2.1 & 2.4.2"],"Group 11":["Bouncy Castle 1.54 (Java)","Crypto++ 5.6.0 & 5.6.3 & 5.6.5","Libgcrypt 1.7.6 FIPS","Microsoft CryptoAPI & CNG & .NET"],"Group 10":["NXP J2D081 & J2E145G","YubiKey NEO"],"Group  6":["Oberthur Cosmo Dual 72K"],"Group  5":["NXP J2A080 & J2A081 & J3A081 & JCOP 41 V2.2.1"],"Group  4":["Gemalto GXP E64"],"Group  3":["GNU Crypto 2.0.1"],"Group  2":["G&D SmartCafe 4.x & 6.0"],"Group  1":["G&D SmartCafe 3.2"],"Group  9":["Infineon JTOP 80K","YubiKey 4 & 4 Nano"],"Group  8":["PGPSDK 4 FIPS"],"Group  7":["OpenSSL 0.9.7 & 1.0.2g & 1.0.2k & 1.1.0e"]},"frequencies":{"1|1|000110":7775,"2|1|100011":18436,"2|1|101101":11324,"1|1|000111":8386,"2|1|101100":12224,"0|0|011111":1,"2|1|100010":19492,"2|0|000000":3255,"2|0|000001":3790,"1|0|111010":23052,"1|0|111011":18762,"1|1|011010":127785,"1|1|011011":132779,"2|0|110100":6866,"2|0|110101":6367,"1|0|100001":144105,"1|0|100000":149192,"2|1|100000":21160,"1|1|000100":6084,"2|1|100001":20116,"2|0|000011":5488,"2|0|001101":13518,"2|0|001100":12917,"2|0|000010":4661,"1|1|000101":6828,"2|1|010101":20207,"2|0|011010":23845,"2|1|010100":19333,"2|0|011011":23558,"1|0|100010":138030,"1|0|101100":87731,"1|0|101101":82383,"1|0|100011":132960,"2|1|100110":16487,"1|1|110101":45383,"2|1|100111":15701,"2|0|000101":6866,"2|0|000100":6305,"1|0|111110":6383,"1|1|110100":49683,"1|0|111111":2472,"1|0|100101":122763,"2|0|110001":8931,"2|0|110000":9491,"1|0|010101":98279,"1|0|010100":92239,"2|0|011001":23115,"2|0|011000":22351,"1|0|100100":128569,"2|1|100100":17908,"2|1|100101":17191,"2|0|000110":7625,"2|0|000111":8425,"1|0|111000":31868,"1|0|111001":27573,"2|0|110111":5065,"2|0|110110":5762,"2|0|011111":21471,"2|0|011110":21949,"1|0|100111":112057,"1|0|100110":117051,"1|1|001001":19539,"1|0|001001":19626,"1|0|001000":12138,"1|1|001000":12571,"1|1|110001":63382,"1|1|110000":68450,"1|1|010000":66985,"2|0|011101":22340,"2|1|111111":748,"2|1|111110":969,"2|0|010010":17853,"2|0|011100":22866,"2|0|010011":18532,"1|1|010001":73082,"1|0|101010":96804,"1|0|101011":92038,"1|0|001010":26393,"1|1|001111":60478,"1|0|001011":33507,"1|1|001110":54146,"2|1|101011":12883,"2|1|101010":13437,"1|1|110111":36241,"1|1|110110":40877,"1|1|010010":80168,"1|1|010011":86226,"1|1|011100":136870,"2|0|010001":17003,"2|1|111001":3800,"2|1|111000":4543,"2|0|010000":16142,"1|1|011101":141126,"1|1|000011":5335,"1|1|001100":40202,"1|1|001101":47109,"2|1|101001":14223,"1|1|000010":4583,"2|1|101000":15095,"1|1|111110":6378,"1|1|111111":2513,"2|1|111010":3249,"1|1|011110":145364,"1|1|011111":150190,"2|0|010111":21491,"2|1|001000":9159,"2|1|001001":10256,"2|1|111011":2807,"2|0|010110":21134,"1|0|101111":72750,"1|1|100101":122819,"1|1|100100":127978,"1|0|101110":77551,"1|1|000000":3246,"1|1|000001":4015,"2|1|101111":10244,"2|1|101110":10954,"1|1|110010":59035,"1|1|111101":10660,"1|1|110011":54248,"1|1|111100":14562,"1|1|011000":116075,"1|1|011001":122233,"2|1|001010":11100,"2|0|010100":19279,"2|1|001011":12007,"2|0|010101":19997,"1|0|101001":102129,"1|0|101000":107547,"1|0|000110":7548,"2|0|101101":11456,"2|0|100011":18546,"2|0|101100":12102,"2|0|100010":19389,"2|1|000001":3955,"2|1|000000":3284,"1|1|111011":18870,"1|0|000111":8243,"1|1|111010":23273,"1|0|011011":132123,"2|1|110100":6827,"1|0|011010":127671,"2|1|001100":12939,"2|1|110101":6273,"2|1|001101":13750,"1|1|100001":143550,"1|1|100000":149978,"1|0|000000":3336,"2|0|101111":10213,"2|0|101110":10826,"2|1|000111":8228,"2|1|000110":7613,"1|1|111000":31960,"1|0|000001":3885,"1|1|111001":27205,"1|0|011000":116232,"2|1|001110":14431,"2|1|110111":5044,"2|1|001111":15596,"2|1|110110":5718,"1|0|011001":122085,"1|1|100111":111571,"1|1|100110":117004,"1|0|000011":5443,"1|0|001100":40410,"1|0|000010":4686,"2|0|101001":14127,"2|0|101000":15079,"1|0|001101":46779,"2|1|110001":8732,"2|1|110000":9555,"2|1|011001":23142,"2|1|011000":22459,"1|1|010100":92441,"1|1|010101":98122,"1|1|101111":72771,"1|1|101110":77609,"2|0|101010":13660,"1|0|001111":60650,"1|1|001010":26340,"1|0|001110":54070,"1|1|001011":33691,"2|0|101011":13001,"2|1|000011":5297,"2|1|000010":4728,"1|1|010110":104658,"2|1|111101":1517,"2|1|110010":8263,"2|1|111100":2056,"2|1|110011":7468,"2|1|011010":23789,"2|1|011011":23443,"1|1|010111":110177,"1|1|101101":82294,"1|1|100011":133680,"1|1|101100":87738,"1|1|100010":138441,"1|0|110001":63068,"2|0|001011":12069,"2|0|001010":11001,"1|0|110000":68469,"2|0|111110":997,"2|0|111111":775,"1|1|101010":97665,"2|1|010010":17706,"2|1|011100":22834,"2|1|011101":22401,"1|0|010001":73292,"1|0|010000":67096,"2|1|010011":18560,"1|1|101011":91568,"1|0|111101":10514,"2|0|100101":16785,"2|0|100100":17784,"1|0|110010":58881,"1|0|110011":54225,"1|0|111100":14594,"2|0|110010":8125,"2|0|111101":1592,"2|0|110011":7533,"2|0|111100":2124,"2|1|011111":21191,"1|0|010111":110558,"1|0|010110":104214,"2|1|011110":21657,"1|1|101001":102978,"1|1|101000":107037,"1|0|110100":49874,"1|0|110101":45565,"2|0|100111":15595,"2|0|100110":16449,"2|1|000101":6819,"2|0|001111":15127,"2|1|000100":6211,"2|0|001110":14526,"1|0|011110":145382,"2|0|111011":2690,"2|0|111010":3181,"2|1|010111":21708,"1|0|011111":150451,"2|1|010110":20981,"1|0|110111":36294,"2|0|100001":20177,"2|0|100000":21133,"2|0|001001":10309,"2|0|001000":9446,"1|0|000101":6869,"1|0|000100":6185,"1|0|110110":40798,"1|0|010010":79738,"2|0|111000":4438,"2|0|111001":3869,"1|0|011101":141514,"2|1|010001":17141,"1|0|010011":86008,"1|0|011100":136295,"2|1|010000":16057}}
