{"probability":{"Group 13":"0.03648725613697987","Group 12":"0.031184088273889188","Group 11":"0.22176965959861045","Group 10":"0.00022994701522323173","Group  6":"0.0000028362598603451587","Group  5":"0.00003574916141680976","Group  4":"0.001644375274261468","Group  3":"0.00001165841476071319","Group  2":"0.0","Group  1":"0.0","Group  9":"0.00014591211584732486","Group  8":"0.00664176491018568","Group  7":"0.7018467528389649"},"groups":{"Group 13":["Botan 1.5.6 & 1.11.29 & 2.1.0","Feitian JavaCOS A22 & A40","Gemalto GCX4 72K","HSM SafeNet Luna SA-1700","LibTomCrypt 1.17","Libgcrypt 1.6.0 & 1.6.5 & 1.7.6","Libgcrypt 1.6.0 FIPS & 1.6.5 FIPS","Nettle 3.2 & 3.3","Oberthur Cosmo 64","OpenSSL FIPS 2.0.12 & 2.0.14","PGPSDK 4","WolfSSL 2.0rc1 & 3.9.0 & 3.10.2","cryptlib 3.4.3 & 3.4.3.1"],"Group 12":["Bouncy Castle 1.53 (Java)","Cryptix JCE 20050328","FlexiProvider 1.7p7","HSM Utimaco Security Server Se50","Nettle 2.0","PolarSSL 0.10.0","PuTTY 0.67","SunRsaSign OpenJDK 1.8.0","mbedTLS 1.3.19 & 2.2.1 & 2.4.2"],"Group 11":["Bouncy Castle 1.54 (Java)","Crypto++ 5.6.0 & 5.6.3 & 5.6.5","Libgcrypt 1.7.6 FIPS","Microsoft CryptoAPI & CNG & .NET"],"Group 10":["NXP J2D081 & J2E145G","YubiKey NEO"],"Group  6":["Oberthur Cosmo Dual 72K"],"Group  5":["NXP J2A080 & J2A081 & J3A081 & JCOP 41 V2.2.1"],"Group  4":["Gemalto GXP E64"],"Group  3":["GNU Crypto 2.0.1"],"Group  2":["G&D SmartCafe 4.x & 6.0"],"Group  1":["G&D SmartCafe 3.2"],"Group  9":["Infineon JTOP 80K","YubiKey 4 & 4 Nano"],"Group  8":["PGPSDK 4 FIPS"],"Group  7":["OpenSSL 0.9.7 & 1.0.2g & 1.0.2k & 1.1.0e"]},"frequencies":{"1|1|000110":7878,"2|1|100011":18275,"2|1|101101":11460,"1|1|000111":8705,"2|1|101100":12109,"2|1|100010":19326,"2|0|000000":3660,"2|0|000001":4241,"1|0|111010":23856,"1|0|111011":19500,"1|1|011010":132040,"1|1|011011":137023,"2|0|110100":6884,"2|0|110101":6260,"1|0|100001":149183,"1|0|100000":154516,"2|1|100000":20992,"1|1|000100":6308,"2|1|100001":19974,"2|0|000011":5694,"2|0|001101":13717,"2|0|001100":13152,"2|0|000010":5027,"1|1|000101":7085,"2|1|010101":20153,"2|0|011010":23798,"2|1|010100":19488,"2|0|011011":23530,"1|0|100010":142345,"1|0|101100":90248,"1|0|101101":85412,"1|0|100011":138026,"2|1|100110":16165,"1|1|110101":47071,"2|1|100111":15718,"2|0|000101":7124,"2|0|000100":6566,"1|0|111110":6693,"1|1|110100":51332,"1|0|111111":2420,"1|0|100101":126016,"2|0|110001":8796,"2|0|110000":9429,"1|0|010101":101522,"1|0|010100":95331,"2|0|011001":22883,"2|0|011000":22318,"1|0|100100":132374,"2|1|100100":17684,"2|1|100101":16952,"2|0|000110":7900,"2|0|000111":8640,"1|0|111000":32763,"1|0|111001":28691,"2|0|110111":5132,"2|0|110110":5752,"2|0|011111":21412,"2|0|011110":21957,"1|0|100111":115932,"1|0|100110":121396,"1|1|001001":20324,"1|0|001001":20174,"1|0|001000":12546,"1|1|001000":12877,"1|1|110001":65377,"1|1|110000":70978,"1|1|010000":69105,"2|0|011101":22191,"2|1|111111":714,"2|1|111110":998,"2|0|010010":17784,"2|0|011100":22664,"2|0|010011":18700,"1|1|010001":76088,"1|0|101010":99897,"1|0|101011":95558,"1|0|001010":27453,"1|1|001111":62402,"1|0|001011":34931,"1|1|001110":55487,"2|1|101011":12713,"2|1|101010":13402,"1|1|110111":37363,"1|1|110110":42277,"1|1|010010":82212,"1|1|010011":88868,"1|1|011100":140926,"2|0|010001":16947,"2|1|111001":3772,"2|1|111000":4504,"2|0|010000":16303,"1|1|011101":145953,"1|1|000011":5666,"1|1|001100":41455,"1|1|001101":48387,"2|1|101001":14159,"1|1|000010":4965,"2|1|101000":15083,"1|1|111110":6551,"1|1|111111":2581,"2|1|111010":3218,"1|1|011110":150503,"1|1|011111":154732,"2|0|010111":21587,"2|1|001000":9329,"2|1|001001":10434,"2|1|111011":2824,"2|0|010110":21014,"1|0|101111":75336,"1|1|100101":127000,"1|1|100100":132266,"1|0|101110":80363,"1|1|000000":3613,"1|1|000001":4464,"2|1|101111":10105,"2|1|101110":10998,"1|1|110010":61030,"1|1|111101":10964,"1|1|110011":56241,"1|1|111100":15278,"1|1|011000":120417,"1|1|011001":126001,"2|1|001010":11313,"2|0|010100":19254,"2|1|001011":12246,"2|0|010101":20010,"1|0|101001":105309,"1|0|101000":111311,"1|0|000110":7852,"2|0|101101":11457,"2|0|100011":18336,"2|0|101100":11986,"2|0|100010":19224,"2|1|000001":4324,"2|1|000000":3771,"1|1|111011":19643,"1|0|000111":8541,"1|1|111010":24203,"1|0|011011":136295,"2|1|110100":6789,"1|0|011010":131859,"2|1|001100":13073,"2|1|110101":6321,"2|1|001101":13830,"1|1|100001":148563,"1|1|100000":154810,"1|0|000000":3668,"2|0|101111":10281,"2|0|101110":10618,"2|1|000111":8539,"2|1|000110":7958,"1|1|111000":33089,"1|0|000001":4272,"1|1|111001":28222,"1|0|011000":120054,"2|1|001110":14522,"2|1|110111":5088,"2|1|001111":15580,"2|1|110110":5748,"1|0|011001":126536,"1|1|100111":115674,"1|1|100110":121285,"1|0|000011":5848,"1|0|001100":41823,"1|0|000010":4938,"2|0|101001":13976,"2|0|101000":14865,"1|0|001101":48358,"2|1|110001":8736,"2|1|110000":9526,"2|1|011001":22936,"2|1|011000":22265,"1|1|010100":95448,"1|1|010101":101016,"1|1|101111":75401,"1|1|101110":79977,"2|0|101010":13616,"1|0|001111":62754,"1|1|001010":27277,"1|0|001110":55848,"1|1|001011":34780,"2|0|101011":12881,"2|1|000011":5779,"2|1|000010":5053,"1|1|010110":107878,"2|1|111101":1530,"0|1|101010":1,"2|1|110010":8305,"2|1|111100":2039,"2|1|110011":7510,"2|1|011010":23629,"2|1|011011":23293,"1|1|010111":113816,"1|1|101101":84819,"1|1|100011":137978,"1|1|101100":90696,"1|1|100010":143224,"1|0|110001":65390,"2|0|001011":12178,"2|0|001010":11207,"1|0|110000":70685,"2|0|111110":1013,"2|0|111111":739,"1|1|101010":100896,"2|1|010010":17676,"2|1|011100":22791,"2|1|011101":22494,"1|0|010001":75587,"1|0|010000":69255,"2|1|010011":18496,"1|1|101011":95023,"1|0|111101":10880,"2|0|100101":16758,"2|0|100100":17638,"1|0|110010":60741,"1|0|110011":56399,"1|0|111100":15157,"2|0|110010":8129,"2|0|111101":1575,"2|0|110011":7508,"2|0|111100":2125,"2|1|011111":21094,"1|0|010111":113630,"1|0|010110":107691,"2|1|011110":21569,"1|1|101001":106575,"1|1|101000":110756,"1|0|110100":51405,"1|0|110101":46982,"2|0|100111":15436,"2|0|100110":16463,"2|1|000101":7210,"2|0|001111":15349,"2|1|000100":6596,"2|0|001110":14699,"1|0|011110":150636,"2|0|111011":2667,"2|0|111010":3146,"2|1|010111":21632,"1|0|011111":155639,"2|1|010110":20843,"1|0|110111":37390,"2|0|100001":19872,"2|0|100000":21116,"2|0|001001":10629,"2|0|001000":9585,"1|0|000101":7157,"1|0|000100":6531,"1|0|110110":41917,"1|0|010010":82539,"2|0|111000":4487,"2|0|111001":3843,"1|0|011101":146130,"2|1|010001":17195,"1|0|010011":89264,"1|0|011100":140693,"2|1|010000":16355}}
