{"probability":{"Group 13":"0.008658484434863604","Group 12":"0.032133972644045675","Group 11":"0.3010877862314068","Group 10":"0.00015952698243744496","Group  6":"0.0","Group  5":"0.00009080542599509485","Group  4":"0.0008017254823970695","Group  3":"0.0","Group  2":"0.0","Group  1":"0.0","Group  9":"0.0","Group  8":"0.0008906029168478165","Group  7":"0.6561770958820066"},"groups":{"Group 13":["Botan 1.5.6 & 1.11.29 & 2.1.0","Feitian JavaCOS A22 & A40","Gemalto GCX4 72K","HSM SafeNet Luna SA-1700","LibTomCrypt 1.17","Libgcrypt 1.6.0 & 1.6.5 & 1.7.6","Libgcrypt 1.6.0 FIPS & 1.6.5 FIPS","Nettle 3.2 & 3.3","Oberthur Cosmo 64","OpenSSL FIPS 2.0.12 & 2.0.14","PGPSDK 4","WolfSSL 2.0rc1 & 3.9.0 & 3.10.2","cryptlib 3.4.3 & 3.4.3.1"],"Group 12":["Bouncy Castle 1.53 (Java)","Cryptix JCE 20050328","FlexiProvider 1.7p7","HSM Utimaco Security Server Se50","Nettle 2.0","PolarSSL 0.10.0","PuTTY 0.67","SunRsaSign OpenJDK 1.8.0","mbedTLS 1.3.19 & 2.2.1 & 2.4.2"],"Group 11":["Bouncy Castle 1.54 (Java)","Crypto++ 5.6.0 & 5.6.3 & 5.6.5","Libgcrypt 1.7.6 FIPS","Microsoft CryptoAPI & CNG & .NET"],"Group 10":["NXP J2D081 & J2E145G","YubiKey NEO"],"Group  6":["Oberthur Cosmo Dual 72K"],"Group  5":["NXP J2A080 & J2A081 & J3A081 & JCOP 41 V2.2.1"],"Group  4":["Gemalto GXP E64"],"Group  3":["GNU Crypto 2.0.1"],"Group  2":["G&D SmartCafe 4.x & 6.0"],"Group  1":["G&D SmartCafe 3.2"],"Group  9":["Infineon JTOP 80K","YubiKey 4 & 4 Nano"],"Group  8":["PGPSDK 4 FIPS"],"Group  7":["OpenSSL 0.9.7 & 1.0.2g & 1.0.2k & 1.1.0e"]},"frequencies":{"1|1|000110":4642,"2|1|100011":10113,"2|1|101101":6265,"1|1|000111":5244,"2|1|101100":6715,"2|1|100010":10627,"2|0|000000":1601,"2|0|000001":2155,"1|0|111010":11141,"1|0|111011":9037,"1|1|011010":63047,"1|1|011011":65553,"2|0|110100":3741,"2|0|110101":3397,"1|0|100001":70101,"1|0|100000":72689,"2|1|100000":11596,"1|1|000100":3625,"2|1|100001":11128,"2|0|000011":3199,"2|0|001101":7954,"2|0|001100":7678,"2|0|000010":2682,"1|1|000101":4146,"2|1|010101":11827,"2|0|011010":13866,"2|1|010100":11170,"2|0|011011":13493,"1|0|100010":66825,"1|0|101100":42543,"1|0|101101":39860,"1|0|100011":65052,"2|1|100110":8791,"1|1|110101":22135,"2|1|100111":8749,"2|0|000101":4181,"2|0|000100":3709,"1|0|111110":3091,"1|1|110100":24181,"1|0|111111":1192,"1|0|100101":59670,"2|0|110001":4837,"2|0|110000":5281,"1|0|010101":49033,"1|0|010100":45702,"2|0|011001":13203,"2|0|011000":12807,"1|0|100100":62160,"2|1|100100":9811,"2|1|100101":9411,"0|0|011100":1,"2|0|000110":4663,"2|0|000111":5143,"1|0|111000":15269,"1|0|111001":13463,"2|0|110111":2781,"2|0|110110":3134,"2|0|011111":11826,"2|0|011110":12259,"1|0|100111":54612,"1|0|100110":57163,"1|1|001001":10740,"1|0|001001":10740,"1|0|001000":6997,"1|1|001000":7313,"1|1|110001":30828,"1|1|110000":33438,"1|1|010000":33715,"2|0|011101":12620,"2|1|111111":419,"2|1|111110":528,"2|0|010010":10360,"2|0|011100":13061,"2|0|010011":10895,"1|1|010001":36857,"1|0|101010":47309,"1|0|101011":45007,"1|0|001010":13846,"1|1|001111":30595,"1|0|001011":17603,"1|1|001110":27372,"2|1|101011":6991,"2|1|101010":7333,"1|1|110111":17658,"1|1|110110":19980,"1|1|010010":40015,"1|1|010011":42668,"1|1|011100":66741,"2|0|010001":9856,"2|1|111001":2095,"2|1|111000":2412,"2|0|010000":9432,"1|1|011101":69423,"1|1|000011":3145,"1|1|001100":20425,"1|1|001101":24044,"2|1|101001":7794,"1|1|000010":2660,"2|1|101000":8323,"1|1|111110":3089,"1|1|111111":1293,"2|1|111010":1718,"1|1|011110":71175,"1|1|011111":72865,"2|0|010111":12490,"2|1|001000":5512,"2|1|001001":6235,"2|1|111011":1560,"2|0|010110":12273,"1|0|101111":35255,"1|1|100101":59720,"1|1|100100":62734,"1|0|101110":37629,"1|1|000000":1623,"1|1|000001":2316,"2|1|101111":5614,"2|1|101110":5982,"1|1|110010":28650,"1|1|111101":5064,"1|1|110011":26420,"1|1|111100":7157,"1|1|011000":57874,"1|1|011001":60569,"2|1|001010":6709,"2|0|010100":11157,"2|1|001011":7326,"2|0|010101":11725,"1|0|101001":49662,"1|0|101000":52543,"1|0|000110":4638,"2|0|101101":6353,"2|0|100011":10178,"2|0|101100":6616,"2|0|100010":10537,"2|1|000001":2153,"2|1|000000":1701,"1|1|111011":9200,"1|0|000111":5169,"1|1|111010":11169,"1|0|011011":65033,"2|1|110100":3647,"1|0|011010":63181,"2|1|001100":7569,"2|1|110101":3499,"2|1|001101":8080,"1|1|100001":70027,"1|1|100000":73157,"1|0|000000":1645,"2|0|101111":5632,"2|0|101110":5886,"2|1|000111":5079,"2|1|000110":4724,"1|1|111000":15536,"1|0|000001":2106,"1|1|111001":13251,"1|0|011000":57760,"2|1|001110":8521,"2|1|110111":2762,"2|1|001111":9058,"2|1|110110":3098,"1|0|011001":60620,"1|1|100111":54420,"1|1|100110":57211,"1|0|000011":3350,"1|0|001100":20648,"1|0|000010":2672,"2|0|101001":7739,"2|0|101000":8167,"1|0|001101":24015,"2|1|110001":4748,"2|1|110000":5283,"2|1|011001":13195,"2|1|011000":12882,"1|1|010100":46329,"1|1|010101":48720,"1|1|101111":35620,"1|1|101110":37595,"2|0|101010":7488,"1|0|001111":30963,"1|1|001010":14066,"1|0|001110":27401,"1|1|001011":17388,"2|0|101011":7144,"2|1|000011":3184,"2|1|000010":2697,"1|1|010110":51943,"2|1|111101":801,"0|1|101010":1,"2|1|110010":4605,"2|1|111100":1069,"2|1|110011":4075,"2|1|011010":13581,"2|1|011011":13395,"1|1|010111":54410,"1|1|101101":39971,"1|1|100011":64815,"1|1|101100":42637,"1|1|100010":67613,"1|0|110001":30558,"2|0|001011":7237,"2|0|001010":6619,"1|0|110000":33316,"2|0|111110":534,"2|0|111111":425,"1|1|101010":47484,"2|1|010010":10234,"2|1|011100":12925,"2|1|011101":12579,"1|0|010001":36783,"1|0|010000":33522,"2|1|010011":10750,"1|1|101011":44781,"1|0|111101":5037,"2|0|100101":9261,"2|0|100100":9767,"1|0|110010":28465,"1|0|110011":26686,"1|0|111100":7076,"2|0|110010":4493,"2|0|111101":821,"2|0|110011":4005,"2|0|111100":1114,"2|1|011111":11780,"1|0|010111":54910,"1|0|010110":52123,"2|1|011110":11973,"1|1|101001":50435,"1|1|101000":52610,"1|0|110100":24275,"1|0|110101":21972,"2|0|100111":8347,"2|0|100110":9128,"2|1|000101":4173,"2|0|001111":9121,"2|1|000100":3696,"2|0|001110":8686,"1|0|011110":71226,"2|0|111011":1448,"2|0|111010":1672,"2|1|010111":12662,"1|0|011111":73567,"2|1|010110":12162,"1|0|110111":17372,"2|0|100001":10923,"2|0|100000":11627,"2|0|001001":6248,"2|0|001000":5758,"1|0|000101":4197,"1|0|000100":3676,"1|0|110110":19656,"1|0|010010":40116,"2|0|111000":2450,"2|0|111001":2091,"1|0|011101":69506,"2|1|010001":10001,"1|0|010011":43040,"1|0|011100":67148,"2|1|010000":9539}}
