{"probability":{"Group 13":"0.07752476552084327","Group 12":"0.16551177687029314","Group 11":"0.02756665918706068","Group 10":"0.0","Group  6":"0.0011242817985960302","Group  5":"0.00016751491162682967","Group  4":"0.004912157663121171","Group  3":"0.0","Group  2":"0.0","Group  1":"0.0","Group  9":"0.0003668953577951722","Group  8":"0.0","Group  7":"0.7228259486906637"},"groups":{"Group 13":["Botan 1.5.6 & 1.11.29 & 2.1.0","Feitian JavaCOS A22 & A40","Gemalto GCX4 72K","HSM SafeNet Luna SA-1700","LibTomCrypt 1.17","Libgcrypt 1.6.0 & 1.6.5 & 1.7.6","Libgcrypt 1.6.0 FIPS & 1.6.5 FIPS","Nettle 3.2 & 3.3","Oberthur Cosmo 64","OpenSSL FIPS 2.0.12 & 2.0.14","PGPSDK 4","WolfSSL 2.0rc1 & 3.9.0 & 3.10.2","cryptlib 3.4.3 & 3.4.3.1"],"Group 12":["Bouncy Castle 1.53 (Java)","Cryptix JCE 20050328","FlexiProvider 1.7p7","HSM Utimaco Security Server Se50","Nettle 2.0","PolarSSL 0.10.0","PuTTY 0.67","SunRsaSign OpenJDK 1.8.0","mbedTLS 1.3.19 & 2.2.1 & 2.4.2"],"Group 11":["Bouncy Castle 1.54 (Java)","Crypto++ 5.6.0 & 5.6.3 & 5.6.5","Libgcrypt 1.7.6 FIPS","Microsoft CryptoAPI & CNG & .NET"],"Group 10":["NXP J2D081 & J2E145G","YubiKey NEO"],"Group  6":["Oberthur Cosmo Dual 72K"],"Group  5":["NXP J2A080 & J2A081 & J3A081 & JCOP 41 V2.2.1"],"Group  4":["Gemalto GXP E64"],"Group  3":["GNU Crypto 2.0.1"],"Group  2":["G&D SmartCafe 4.x & 6.0"],"Group  1":["G&D SmartCafe 3.2"],"Group  9":["Infineon JTOP 80K","YubiKey 4 & 4 Nano"],"Group  8":["PGPSDK 4 FIPS"],"Group  7":["OpenSSL 0.9.7 & 1.0.2g & 1.0.2k & 1.1.0e"]},"frequencies":{"1|1|000110":1577,"2|1|100011":1579,"2|1|101101":922,"1|1|000111":1552,"2|1|101100":1010,"2|1|100010":1697,"2|0|000000":1701,"2|0|000001":1705,"1|0|111010":2568,"1|0|111011":2085,"1|1|011010":14309,"1|1|011011":14700,"2|0|110100":531,"2|0|110101":502,"1|0|100001":16410,"1|0|100000":16805,"2|1|100000":1745,"1|1|000100":1572,"2|1|100001":1731,"2|0|000011":1620,"2|0|001101":1627,"2|0|001100":1615,"2|0|000010":1614,"1|1|000101":1595,"2|1|010101":1872,"2|0|011010":1791,"2|1|010100":1669,"2|0|011011":1789,"1|0|100010":15635,"1|0|101100":9780,"1|0|101101":9304,"1|0|100011":15023,"2|1|100110":1415,"1|1|110101":5043,"2|1|100111":1319,"2|0|000101":1608,"2|0|000100":1576,"1|0|111110":688,"1|1|110100":5478,"1|0|111111":217,"1|0|100101":13748,"2|0|110001":731,"2|0|110000":782,"1|0|010101":10824,"1|0|010100":10399,"2|0|011001":1851,"2|0|011000":1772,"1|0|100100":14747,"2|1|100100":1540,"2|1|100101":1469,"2|0|000110":1553,"2|0|000111":1601,"1|0|111000":3573,"1|0|111001":3073,"2|0|110111":432,"2|0|110110":428,"2|0|011111":1879,"2|0|011110":1821,"1|0|100111":12844,"1|0|100110":13340,"1|1|001001":2669,"1|0|001001":2635,"1|0|001000":1925,"1|1|001000":1974,"1|1|110001":7156,"1|1|110000":7770,"1|1|010000":7584,"2|0|011101":1841,"2|1|111111":12,"2|1|111110":82,"2|0|010010":1742,"2|0|011100":1713,"2|0|010011":1753,"1|1|010001":8394,"1|0|101010":10921,"1|0|101011":10412,"1|0|001010":3438,"1|1|001111":7028,"1|0|001011":4091,"1|1|001110":6206,"2|1|101011":1110,"2|1|101010":1058,"1|1|110111":4043,"1|1|110110":4455,"1|1|010010":9064,"1|1|010011":9913,"1|1|011100":15350,"2|0|010001":1748,"2|1|111001":295,"2|1|111000":363,"2|0|010000":1786,"1|1|011101":15711,"1|1|000011":1640,"1|1|001100":4955,"1|1|001101":5550,"2|1|101001":1178,"1|1|000010":1651,"2|1|101000":1226,"1|1|111110":714,"1|1|111111":214,"2|1|111010":275,"1|1|011110":16136,"1|1|011111":16937,"2|0|010111":1871,"2|1|001000":1535,"2|1|001001":1479,"2|1|111011":221,"2|0|010110":1890,"1|0|101111":8193,"1|1|100101":13967,"1|1|100100":14313,"1|0|101110":8608,"1|1|000000":1683,"1|1|000001":1647,"2|1|101111":830,"2|1|101110":887,"1|1|110010":6615,"1|1|111101":1170,"1|1|110011":6132,"1|1|111100":1594,"1|1|011000":12681,"1|1|011001":13397,"2|1|001010":1579,"2|0|010100":1796,"2|1|001011":1568,"2|0|010101":1842,"1|0|101001":11504,"1|0|101000":12084,"1|0|000110":1518,"2|0|101101":966,"2|0|100011":1573,"2|0|101100":1035,"2|0|100010":1663,"2|1|000001":1679,"2|1|000000":1672,"1|1|111011":2107,"1|0|000111":1489,"1|1|111010":2572,"1|0|011011":14487,"2|1|110100":570,"1|0|011010":13852,"2|1|001100":1640,"2|1|110101":495,"2|1|001101":1680,"1|1|100001":16378,"1|1|100000":16845,"1|0|000000":1682,"2|0|101111":824,"2|0|101110":878,"2|1|000111":1484,"2|1|000110":1603,"1|1|111000":3568,"1|0|000001":1641,"1|1|111001":3087,"1|0|011000":12732,"2|1|001110":1709,"2|1|110111":410,"2|1|001111":1666,"2|1|110110":460,"1|0|011001":13414,"1|1|100111":12408,"1|1|100110":13179,"1|0|000011":1616,"1|0|001100":4799,"1|0|000010":1640,"2|0|101001":1133,"2|0|101000":1248,"1|0|001101":5563,"2|1|110001":716,"2|1|110000":773,"2|1|011001":1781,"2|1|011000":1854,"1|1|010100":10262,"1|1|010101":10968,"1|1|101111":8153,"1|1|101110":8737,"2|0|101010":1177,"1|0|001111":7045,"1|1|001010":3443,"1|0|001110":6332,"1|1|001011":4139,"2|0|101011":1088,"2|1|000011":1628,"2|1|000010":1689,"1|1|010110":11477,"2|1|111101":112,"2|1|110010":682,"2|1|111100":155,"2|1|110011":618,"2|1|011010":1816,"2|1|011011":1861,"1|1|010111":12180,"1|1|101101":9184,"1|1|100011":15032,"1|1|101100":9888,"1|1|100010":15311,"1|0|110001":7221,"2|0|001011":1633,"2|0|001010":1629,"1|0|110000":7707,"2|0|111110":75,"2|0|111111":24,"1|1|101010":10921,"2|1|010010":1792,"2|1|011100":1879,"2|1|011101":1835,"1|0|010001":8354,"1|0|010000":7538,"2|1|010011":1727,"1|1|101011":10287,"1|0|111101":1203,"2|0|100101":1500,"2|0|100100":1529,"1|0|110010":6698,"1|0|110011":6233,"1|0|111100":1686,"2|0|110010":655,"2|0|111101":96,"2|0|110011":600,"2|0|111100":169,"2|1|011111":1789,"1|0|010111":12226,"1|0|010110":11620,"2|1|011110":1891,"1|1|101001":11208,"1|1|101000":11781,"1|0|110100":5465,"1|0|110101":5038,"2|0|100111":1310,"2|0|100110":1400,"2|1|000101":1532,"2|0|001111":1615,"2|1|000100":1554,"2|0|001110":1624,"1|0|011110":16391,"2|0|111011":214,"2|0|111010":264,"2|1|010111":1876,"1|0|011111":17019,"2|1|010110":1788,"1|0|110111":4028,"2|0|100001":1719,"2|0|100000":1796,"2|0|001001":1531,"2|0|001000":1538,"1|0|000101":1571,"1|0|000100":1643,"1|0|110110":4565,"1|0|010010":8977,"2|0|111000":331,"2|0|111001":310,"1|0|011101":15664,"2|1|010001":1785,"1|0|010011":9608,"1|0|011100":15097,"2|1|010000":1713}}
