{"probability":{"Group 13":"0.07788954690656945","Group 12":"0.028343419986823624","Group 11":"0.05791357426887271","Group 10":"0.0","Group  6":"0.0006866003713376113","Group  5":"0.0","Group  4":"0.0039354798439335485","Group  3":"0.0001034684874017187","Group  2":"0.0","Group  1":"0.0","Group  9":"0.00029303013587963936","Group  8":"0.005449130763206056","Group  7":"0.8253857492359755"},"groups":{"Group 13":["Botan 1.5.6 & 1.11.29 & 2.1.0","Feitian JavaCOS A22 & A40","Gemalto GCX4 72K","HSM SafeNet Luna SA-1700","LibTomCrypt 1.17","Libgcrypt 1.6.0 & 1.6.5 & 1.7.6","Libgcrypt 1.6.0 FIPS & 1.6.5 FIPS","Nettle 3.2 & 3.3","Oberthur Cosmo 64","OpenSSL FIPS 2.0.12 & 2.0.14","PGPSDK 4","WolfSSL 2.0rc1 & 3.9.0 & 3.10.2","cryptlib 3.4.3 & 3.4.3.1"],"Group 12":["Bouncy Castle 1.53 (Java)","Cryptix JCE 20050328","FlexiProvider 1.7p7","HSM Utimaco Security Server Se50","Nettle 2.0","PolarSSL 0.10.0","PuTTY 0.67","SunRsaSign OpenJDK 1.8.0","mbedTLS 1.3.19 & 2.2.1 & 2.4.2"],"Group 11":["Bouncy Castle 1.54 (Java)","Crypto++ 5.6.0 & 5.6.3 & 5.6.5","Libgcrypt 1.7.6 FIPS","Microsoft CryptoAPI & CNG & .NET"],"Group 10":["NXP J2D081 & J2E145G","YubiKey NEO"],"Group  6":["Oberthur Cosmo Dual 72K"],"Group  5":["NXP J2A080 & J2A081 & J3A081 & JCOP 41 V2.2.1"],"Group  4":["Gemalto GXP E64"],"Group  3":["GNU Crypto 2.0.1"],"Group  2":["G&D SmartCafe 4.x & 6.0"],"Group  1":["G&D SmartCafe 3.2"],"Group  9":["Infineon JTOP 80K","YubiKey 4 & 4 Nano"],"Group  8":["PGPSDK 4 FIPS"],"Group  7":["OpenSSL 0.9.7 & 1.0.2g & 1.0.2k & 1.1.0e"]},"frequencies":{"1|1|000110":1510,"2|1|100011":4376,"2|1|101101":2772,"1|1|000111":1497,"2|1|101100":2898,"2|1|100010":4704,"2|0|000000":1371,"2|0|000001":1161,"1|0|111010":9999,"1|0|111011":8210,"1|1|011010":53662,"1|1|011011":55976,"2|0|110100":1604,"2|0|110101":1554,"1|0|100001":62579,"1|0|100000":64735,"2|1|100000":5148,"1|1|000100":1258,"2|1|100001":4796,"2|0|000011":1321,"2|0|001101":2678,"2|0|001100":2546,"2|0|000010":1186,"1|1|000101":1358,"2|1|010101":4242,"2|0|011010":4864,"2|1|010100":4040,"2|0|011011":5176,"1|0|100010":60022,"1|0|101100":38106,"1|0|101101":35880,"1|0|100011":57289,"2|1|100110":3944,"1|1|110101":19605,"2|1|100111":3669,"2|0|000101":1449,"2|0|000100":1387,"1|0|111110":2641,"1|1|110100":21701,"1|0|111111":990,"1|0|100101":52923,"2|0|110001":2157,"2|0|110000":2276,"1|0|010101":40434,"1|0|010100":37891,"2|0|011001":4773,"2|0|011000":4669,"1|0|100100":55689,"2|1|100100":4249,"2|1|100101":4115,"2|0|000110":1468,"2|0|000111":1548,"1|0|111000":13980,"1|0|111001":11920,"2|0|110111":1225,"2|0|110110":1346,"2|0|011111":5136,"2|0|011110":5225,"1|0|100111":48685,"1|0|100110":51294,"1|1|001001":6315,"1|0|001001":6130,"1|0|001000":3144,"1|1|001000":3176,"1|1|110001":27440,"1|1|110000":29498,"1|1|010000":26925,"2|0|011101":5074,"2|1|111111":125,"2|1|111110":236,"2|0|010010":3692,"2|0|011100":4872,"2|0|010011":3745,"1|1|010001":29766,"1|0|101010":41930,"1|0|101011":39964,"1|0|001010":9232,"1|1|001111":23716,"1|0|001011":12270,"1|1|001110":21295,"2|1|101011":3127,"2|1|101010":3326,"1|1|110111":15900,"1|1|110110":17557,"1|1|010010":32414,"1|1|010011":35524,"1|1|011100":58166,"2|0|010001":3528,"2|1|111001":942,"2|1|111000":1061,"2|0|010000":3207,"1|1|011101":60066,"1|1|000011":1244,"1|1|001100":15439,"1|1|001101":18284,"2|1|101001":3361,"1|1|000010":1222,"2|1|101000":3580,"1|1|111110":2704,"1|1|111111":923,"2|1|111010":753,"1|1|011110":62602,"1|1|011111":64788,"2|0|010111":4397,"2|1|001000":1692,"2|1|001001":1829,"2|1|111011":678,"2|0|010110":4306,"1|0|101111":31495,"1|1|100101":53093,"1|1|100100":55664,"1|0|101110":33860,"1|1|000000":1405,"1|1|000001":1160,"2|1|101111":2422,"2|1|101110":2624,"1|1|110010":25493,"1|1|111101":4559,"1|1|110011":23525,"1|1|111100":6301,"1|1|011000":48352,"1|1|011001":50716,"2|1|001010":2112,"2|0|010100":4061,"2|1|001011":2373,"2|0|010101":4184,"1|0|101001":44296,"1|0|101000":46550,"1|0|000110":1480,"2|0|101101":2668,"2|0|100011":4430,"2|0|101100":2867,"2|0|100010":4676,"2|1|000001":1092,"2|1|000000":1338,"1|1|111011":8240,"1|0|000111":1537,"1|1|111010":10249,"1|0|011011":55579,"2|1|110100":1681,"1|0|011010":53473,"2|1|001100":2421,"2|1|110101":1465,"2|1|001101":2639,"1|1|100001":61936,"1|1|100000":64961,"1|0|000000":1351,"2|0|101111":2512,"2|0|101110":2508,"2|1|000111":1546,"2|1|000110":1408,"1|1|111000":13808,"1|0|000001":1158,"1|1|111001":11906,"1|0|011000":48275,"2|1|001110":2828,"2|1|110111":1229,"2|1|001111":3148,"2|1|110110":1368,"1|0|011001":50728,"1|1|100111":48193,"1|1|100110":50600,"1|0|000011":1293,"1|0|001100":15382,"1|0|000010":1228,"2|0|101001":3397,"2|0|101000":3730,"1|0|001101":17937,"2|1|110001":2194,"2|1|110000":2227,"2|1|011001":4914,"2|1|011000":4623,"1|1|010100":37794,"1|1|010101":40285,"1|1|101111":31534,"1|1|101110":33498,"2|0|101010":3261,"1|0|001111":24144,"1|1|001010":9361,"1|0|001110":21408,"1|1|001011":12618,"2|0|101011":3163,"2|1|000011":1278,"2|1|000010":1261,"1|1|010110":43315,"2|1|111101":359,"2|1|110010":1897,"2|1|111100":465,"2|1|110011":1744,"2|1|011010":4980,"2|1|011011":5026,"1|1|010111":45813,"1|1|101101":35509,"1|1|100011":58179,"1|1|101100":37763,"1|1|100010":60088,"1|0|110001":27636,"2|0|001011":2320,"2|0|001010":2134,"1|0|110000":29746,"2|0|111110":230,"2|0|111111":148,"1|1|101010":42309,"2|1|010010":3654,"2|1|011100":5096,"2|1|011101":5029,"1|0|010001":29709,"1|0|010000":26770,"2|1|010011":3821,"1|1|101011":39498,"1|0|111101":4543,"2|0|100101":4022,"2|0|100100":4360,"1|0|110010":25528,"1|0|110011":23416,"1|0|111100":6335,"2|0|110010":1906,"2|0|111101":394,"2|0|110011":1901,"2|0|111100":496,"2|1|011111":5089,"1|0|010111":45833,"1|0|010110":43251,"2|1|011110":5112,"1|1|101001":44593,"1|1|101000":45946,"1|0|110100":21576,"1|0|110101":19703,"2|0|100111":3829,"2|0|100110":4027,"2|1|000101":1446,"2|0|001111":2990,"2|1|000100":1378,"2|0|001110":2898,"1|0|011110":62702,"2|0|111011":653,"2|0|111010":763,"2|1|010111":4557,"1|0|011111":64972,"2|1|010110":4223,"1|0|110111":15828,"2|0|100001":5050,"2|0|100000":5121,"2|0|001001":1952,"2|0|001000":1669,"1|0|000101":1359,"1|0|000100":1275,"1|0|110110":17589,"1|0|010010":32520,"2|0|111000":1070,"2|0|111001":924,"1|0|011101":60518,"2|1|010001":3475,"1|0|010011":35097,"1|0|011100":57670,"2|1|010000":3190}}
