{"probability":{"Group 13":"0.18133261504683612","Group 12":"0.25914153542628215","Group 11":"0.028239013537683374","Group 10":"0.0","Group  6":"0.0","Group  5":"0.0004529527671737322","Group  4":"0.012304646968564224","Group  3":"0.0","Group  2":"0.000008250956826367687","Group  1":"0.0","Group  9":"0.0016882817105955926","Group  8":"0.00019029171145920314","Group  7":"0.5166424118745794"},"groups":{"Group 13":["Botan 1.5.6 & 1.11.29 & 2.1.0","Feitian JavaCOS A22 & A40","Gemalto GCX4 72K","HSM SafeNet Luna SA-1700","LibTomCrypt 1.17","Libgcrypt 1.6.0 & 1.6.5 & 1.7.6","Libgcrypt 1.6.0 FIPS & 1.6.5 FIPS","Nettle 3.2 & 3.3","Oberthur Cosmo 64","OpenSSL FIPS 2.0.12 & 2.0.14","PGPSDK 4","WolfSSL 2.0rc1 & 3.9.0 & 3.10.2","cryptlib 3.4.3 & 3.4.3.1"],"Group 12":["Bouncy Castle 1.53 (Java)","Cryptix JCE 20050328","FlexiProvider 1.7p7","HSM Utimaco Security Server Se50","Nettle 2.0","PolarSSL 0.10.0","PuTTY 0.67","SunRsaSign OpenJDK 1.8.0","mbedTLS 1.3.19 & 2.2.1 & 2.4.2"],"Group 11":["Bouncy Castle 1.54 (Java)","Crypto++ 5.6.0 & 5.6.3 & 5.6.5","Libgcrypt 1.7.6 FIPS","Microsoft CryptoAPI & CNG & .NET"],"Group 10":["NXP J2D081 & J2E145G","YubiKey NEO"],"Group  6":["Oberthur Cosmo Dual 72K"],"Group  5":["NXP J2A080 & J2A081 & J3A081 & JCOP 41 V2.2.1"],"Group  4":["Gemalto GXP E64"],"Group  3":["GNU Crypto 2.0.1"],"Group  2":["G&D SmartCafe 4.x & 6.0"],"Group  1":["G&D SmartCafe 3.2"],"Group  9":["Infineon JTOP 80K","YubiKey 4 & 4 Nano"],"Group  8":["PGPSDK 4 FIPS"],"Group  7":["OpenSSL 0.9.7 & 1.0.2g & 1.0.2k & 1.1.0e"]},"frequencies":{"1|1|000110":2329,"2|1|100011":2895,"2|1|101101":1742,"1|1|000111":2250,"2|1|101100":1790,"2|1|100010":2987,"2|0|000000":2573,"2|0|000001":2492,"1|0|111010":2095,"1|0|111011":1755,"1|1|011010":11601,"1|1|011011":11966,"2|0|110100":1024,"2|0|110101":900,"1|0|100001":13391,"1|0|100000":13656,"2|1|100000":3269,"1|1|000100":2470,"2|1|100001":3142,"2|0|000011":2375,"2|0|001101":2566,"2|0|001100":2628,"2|0|000010":2483,"1|1|000101":2422,"2|1|010101":3065,"2|0|011010":3270,"2|1|010100":2899,"2|0|011011":3347,"1|0|100010":12664,"1|0|101100":7959,"1|0|101101":7458,"1|0|100011":12147,"2|1|100110":2459,"1|1|110101":3988,"2|1|100111":2447,"2|0|000101":2304,"2|0|000100":2350,"1|0|111110":524,"1|1|110100":4477,"1|0|111111":179,"1|0|100101":10974,"2|0|110001":1338,"2|0|110000":1376,"1|0|010101":9545,"1|0|010100":9051,"2|0|011001":3119,"2|0|011000":3077,"1|0|100100":11556,"2|1|100100":2693,"2|1|100101":2694,"2|0|000110":2429,"2|0|000111":2326,"1|0|111000":2879,"1|0|111001":2453,"2|0|110111":727,"2|0|110110":828,"2|0|011111":3270,"2|0|011110":3226,"1|0|100111":10253,"1|0|100110":10624,"1|1|001001":3136,"1|0|001001":3057,"1|0|001000":2534,"1|1|001000":2570,"1|1|110001":5814,"1|1|110000":6370,"1|1|010000":6934,"2|0|011101":3219,"2|1|111111":42,"2|1|111110":126,"2|0|010010":2929,"2|0|011100":3281,"2|0|010011":3077,"1|1|010001":7366,"1|0|101010":8590,"1|0|101011":8366,"1|0|001010":3698,"1|1|001111":6480,"1|0|001011":4428,"1|1|001110":5866,"2|1|101011":1868,"2|1|101010":2113,"1|1|110111":3309,"1|1|110110":3707,"1|1|010010":7973,"1|1|010011":8399,"1|1|011100":12473,"2|0|010001":2829,"2|1|111001":579,"2|1|111000":660,"2|0|010000":2757,"1|1|011101":12992,"1|1|000011":2364,"1|1|001100":4825,"1|1|001101":5350,"2|1|101001":2118,"1|1|000010":2421,"2|1|101000":2350,"1|1|111110":589,"1|1|111111":163,"2|1|111010":484,"1|1|011110":13164,"1|1|011111":13802,"2|0|010111":3030,"2|1|001000":2300,"2|1|001001":2356,"2|1|111011":378,"2|0|010110":3045,"1|0|101111":6619,"1|1|100101":11166,"1|1|100100":11638,"1|0|101110":7159,"1|1|000000":2583,"1|1|000001":2621,"2|1|101111":1461,"2|1|101110":1561,"1|1|110010":5367,"1|1|111101":946,"1|1|110011":4841,"1|1|111100":1356,"1|1|011000":10774,"1|1|011001":11292,"2|1|001010":2547,"2|0|010100":2946,"2|1|001011":2593,"2|0|010101":3130,"1|0|101001":9339,"1|0|101000":9854,"1|0|000110":2333,"2|0|101101":1754,"2|0|100011":2934,"2|0|101100":1943,"2|0|100010":2935,"2|1|000001":2578,"2|1|000000":2636,"1|1|111011":1766,"1|0|000111":2357,"1|1|111010":2101,"1|0|011011":12097,"2|1|110100":1001,"1|0|011010":11646,"2|1|001100":2551,"2|1|110101":961,"2|1|001101":2696,"1|1|100001":13474,"1|1|100000":14092,"1|0|000000":2507,"2|0|101111":1484,"2|0|101110":1567,"2|1|000111":2239,"2|1|000110":2417,"1|1|111000":2866,"1|0|000001":2524,"1|1|111001":2467,"1|0|011000":10653,"2|1|001110":2734,"2|1|110111":777,"2|1|001111":2775,"2|1|110110":848,"1|0|011001":11250,"1|1|100111":10332,"1|1|100110":10554,"1|0|000011":2474,"1|0|001100":4889,"1|0|000010":2444,"2|0|101001":2161,"2|0|101000":2289,"1|0|001101":5431,"2|1|110001":1266,"2|1|110000":1446,"2|1|011001":3195,"2|1|011000":3104,"1|1|010100":9043,"1|1|010101":9481,"1|1|101111":6654,"1|1|101110":6986,"2|0|101010":2069,"1|0|001111":6476,"1|1|001010":3748,"1|0|001110":5807,"1|1|001011":4168,"2|0|101011":1928,"2|1|000011":2465,"2|1|000010":2449,"1|1|010110":9888,"2|1|111101":218,"2|1|110010":1149,"2|1|111100":310,"2|1|110011":1113,"2|1|011010":3244,"2|1|011011":3221,"1|1|010111":10209,"1|1|101101":7437,"1|1|100011":12003,"1|1|101100":7941,"1|1|100010":12824,"1|0|110001":5774,"2|0|001011":2517,"2|0|001010":2468,"1|0|110000":6118,"2|0|111110":129,"2|0|111111":35,"1|1|101010":8665,"2|1|010010":2914,"2|1|011100":3264,"2|1|011101":3173,"1|0|010001":7608,"1|0|010000":6852,"2|1|010011":2931,"1|1|101011":8398,"1|0|111101":928,"2|0|100101":2668,"2|0|100100":2706,"1|0|110010":5353,"1|0|110011":4860,"1|0|111100":1287,"2|0|110010":1186,"2|0|111101":215,"2|0|110011":1076,"2|0|111100":323,"2|1|011111":3350,"1|0|010111":10270,"1|0|010110":9539,"2|1|011110":3317,"1|1|101001":9422,"1|1|101000":9748,"1|0|110100":4444,"1|0|110101":4044,"2|0|100111":2304,"2|0|100110":2539,"2|1|000101":2408,"2|0|001111":2796,"2|1|000100":2430,"2|0|001110":2736,"1|0|011110":13483,"2|0|111011":391,"2|0|111010":501,"2|1|010111":3198,"1|0|011111":14015,"2|1|010110":3082,"1|0|110111":3295,"2|0|100001":3161,"2|0|100000":3303,"2|0|001001":2430,"2|0|001000":2315,"1|0|000101":2415,"1|0|000100":2398,"1|0|110110":3738,"1|0|010010":7919,"2|0|111000":602,"2|0|111001":552,"1|0|011101":12855,"2|1|010001":2800,"1|0|010011":8412,"1|0|011100":12693,"2|1|010000":2824}}
