{"probability":{"Group 13":"0.014668940074084428","Group 12":"0.01776818222658717","Group 11":"0.05642431266626189","Group 10":"0.0","Group  6":"0.0","Group  5":"0.0","Group  4":"0.0008741380906369879","Group  3":"0.0","Group  2":"0.00008465633483154416","Group  1":"0.0","Group  9":"0.00030699594886767514","Group  8":"0.0043004951846650815","Group  7":"0.9055722794740652"},"groups":{"Group 13":["Botan 1.5.6 & 1.11.29 & 2.1.0","Feitian JavaCOS A22 & A40","Gemalto GCX4 72K","HSM SafeNet Luna SA-1700","LibTomCrypt 1.17","Libgcrypt 1.6.0 & 1.6.5 & 1.7.6","Libgcrypt 1.6.0 FIPS & 1.6.5 FIPS","Nettle 3.2 & 3.3","Oberthur Cosmo 64","OpenSSL FIPS 2.0.12 & 2.0.14","PGPSDK 4","WolfSSL 2.0rc1 & 3.9.0 & 3.10.2","cryptlib 3.4.3 & 3.4.3.1"],"Group 12":["Bouncy Castle 1.53 (Java)","Cryptix JCE 20050328","FlexiProvider 1.7p7","HSM Utimaco Security Server Se50","Nettle 2.0","PolarSSL 0.10.0","PuTTY 0.67","SunRsaSign OpenJDK 1.8.0","mbedTLS 1.3.19 & 2.2.1 & 2.4.2"],"Group 11":["Bouncy Castle 1.54 (Java)","Crypto++ 5.6.0 & 5.6.3 & 5.6.5","Libgcrypt 1.7.6 FIPS","Microsoft CryptoAPI & CNG & .NET"],"Group 10":["NXP J2D081 & J2E145G","YubiKey NEO"],"Group  6":["Oberthur Cosmo Dual 72K"],"Group  5":["NXP J2A080 & J2A081 & J3A081 & JCOP 41 V2.2.1"],"Group  4":["Gemalto GXP E64"],"Group  3":["GNU Crypto 2.0.1"],"Group  2":["G&D SmartCafe 4.x & 6.0"],"Group  1":["G&D SmartCafe 3.2"],"Group  9":["Infineon JTOP 80K","YubiKey 4 & 4 Nano"],"Group  8":["PGPSDK 4 FIPS"],"Group  7":["OpenSSL 0.9.7 & 1.0.2g & 1.0.2k & 1.1.0e"]},"frequencies":{"1|1|000110":1003,"2|1|100011":1892,"2|1|101101":1202,"1|1|000111":1149,"2|1|101100":1307,"2|1|100010":2049,"2|0|000000":666,"2|0|000001":738,"1|0|111010":9588,"1|0|111011":7961,"1|1|011010":51599,"1|1|011011":54468,"2|0|110100":699,"2|0|110101":676,"1|0|100001":60531,"1|0|100000":63286,"2|1|100000":2280,"1|1|000100":933,"2|1|100001":2205,"2|0|000011":902,"2|0|001101":1628,"2|0|001100":1530,"2|0|000010":807,"1|1|000101":986,"2|1|010101":2226,"2|0|011010":2562,"2|1|010100":2119,"2|0|011011":2698,"1|0|100010":58565,"1|0|101100":37346,"1|0|101101":34892,"1|0|100011":56639,"2|1|100110":1717,"1|1|110101":19291,"2|1|100111":1678,"2|0|000101":1005,"2|0|000100":1011,"1|0|111110":2640,"1|1|110100":20929,"1|0|111111":1158,"1|0|100101":52357,"2|0|110001":965,"2|0|110000":945,"1|0|010101":39244,"1|0|010100":36743,"2|0|011001":2407,"2|0|011000":2467,"1|0|100100":54109,"2|1|100100":1889,"2|1|100101":1847,"2|0|000110":990,"2|0|000111":1105,"1|0|111000":13416,"1|0|111001":11496,"2|0|110111":575,"2|0|110110":597,"2|0|011111":2281,"2|0|011110":2334,"1|0|100111":47472,"1|0|100110":49306,"1|1|001001":5781,"1|0|001001":5746,"1|0|001000":2663,"1|1|001000":2796,"1|1|110001":27049,"1|1|110000":28906,"1|1|010000":26110,"2|0|011101":2364,"2|1|111111":397,"2|1|111110":165,"2|0|010010":1876,"2|0|011100":2463,"2|0|010011":2008,"1|1|010001":28373,"1|0|101010":41111,"1|0|101011":38839,"1|0|001010":8763,"1|1|001111":23483,"1|0|001011":11695,"1|1|001110":20591,"2|1|101011":1295,"2|1|101010":1404,"1|1|110111":15423,"1|1|110110":17436,"1|1|010010":31682,"1|1|010011":33957,"1|1|011100":56448,"2|0|010001":1917,"2|1|111001":374,"2|1|111000":486,"2|0|010000":1825,"1|1|011101":58980,"1|1|000011":848,"1|1|001100":14606,"1|1|001101":17407,"2|1|101001":1542,"1|1|000010":803,"2|1|101000":1583,"1|1|111110":2675,"1|1|111111":1267,"2|1|111010":324,"1|1|011110":60909,"1|1|011111":63205,"2|0|010111":2337,"2|1|001000":1190,"2|1|001001":1296,"2|1|111011":283,"2|0|010110":2281,"1|0|101111":30845,"1|1|100101":52360,"1|1|100100":54394,"1|0|101110":33024,"1|1|000000":670,"1|1|000001":798,"2|1|101111":1103,"2|1|101110":1163,"1|1|110010":24938,"1|1|111101":4533,"1|1|110011":23052,"1|1|111100":6259,"1|1|011000":46794,"1|1|011001":49904,"2|1|001010":1436,"2|0|010100":2140,"2|1|001011":1520,"2|0|010101":2226,"1|0|101001":43370,"1|0|101000":45718,"1|0|000110":1124,"2|0|101101":1246,"2|0|100011":1894,"2|0|101100":1334,"2|0|100010":2014,"2|1|000001":769,"2|1|000000":686,"1|1|111011":8015,"1|0|000111":1142,"1|1|111010":9708,"1|0|011011":54168,"2|1|110100":723,"1|0|011010":51843,"2|1|001100":1595,"2|1|110101":631,"2|1|001101":1664,"1|1|100001":61110,"1|1|100000":63536,"1|0|000000":628,"2|0|101111":1007,"2|0|101110":1171,"2|1|000111":1111,"2|1|000110":1052,"1|1|111000":13549,"1|0|000001":731,"1|1|111001":11540,"1|0|011000":47189,"2|1|001110":1684,"2|1|110111":523,"2|1|001111":1802,"2|1|110110":632,"1|0|011001":49230,"1|1|100111":47601,"1|1|100110":49737,"1|0|000011":902,"1|0|001100":14702,"1|0|000010":809,"2|0|101001":1527,"2|0|101000":1559,"1|0|001101":17506,"2|1|110001":872,"2|1|110000":1072,"2|1|011001":2513,"2|1|011000":2356,"1|1|010100":37074,"1|1|010101":38987,"1|1|101111":31115,"1|1|101110":32983,"2|0|101010":1519,"1|0|001111":23553,"1|1|001010":8617,"1|0|001110":20581,"1|1|001011":11640,"2|0|101011":1470,"2|1|000011":873,"2|1|000010":790,"1|1|010110":41868,"2|1|111101":151,"2|1|110010":866,"2|1|111100":238,"2|1|110011":807,"2|1|011010":2550,"2|1|011011":2488,"1|1|010111":44243,"1|1|101101":34626,"1|1|100011":56695,"1|1|101100":37366,"1|1|100010":58583,"1|0|110001":26495,"2|0|001011":1432,"2|0|001010":1413,"1|0|110000":28862,"2|0|111110":166,"2|0|111111":375,"1|1|101010":41054,"2|1|010010":2002,"2|1|011100":2506,"2|1|011101":2344,"1|0|010001":28374,"1|0|010000":25736,"2|1|010011":2089,"1|1|101011":39059,"1|0|111101":4388,"2|0|100101":1894,"2|0|100100":1944,"1|0|110010":24770,"1|0|110011":23229,"1|0|111100":6189,"2|0|110010":889,"2|0|111101":170,"2|0|110011":791,"2|0|111100":228,"2|1|011111":2271,"1|0|010111":44422,"1|0|010110":41650,"2|1|011110":2330,"1|1|101001":43798,"1|1|101000":45482,"1|0|110100":21167,"1|0|110101":19234,"2|0|100111":1644,"2|0|100110":1735,"2|1|000101":1013,"2|0|001111":1751,"2|1|000100":968,"2|0|001110":1664,"1|0|011110":61131,"2|0|111011":269,"2|0|111010":298,"2|1|010111":2390,"1|0|011111":63663,"2|1|010110":2286,"1|0|110111":15300,"2|0|100001":2120,"2|0|100000":2296,"2|0|001001":1318,"2|0|001000":1242,"1|0|000101":1019,"1|0|000100":912,"1|0|110110":17353,"1|0|010010":31335,"2|0|111000":463,"2|0|111001":412,"1|0|011101":59260,"2|1|010001":1851,"1|0|010011":33933,"1|0|011100":56688,"2|1|010000":1839}}
