{"probability":{"Group 13":"0.08035355044314388","Group 12":"0.1927242401630096","Group 11":"0.03340082454922023","Group 10":"0.0","Group  6":"0.0007622004932143156","Group  5":"0.0003960236808662489","Group  4":"0.007380108110940457","Group  3":"0.0","Group  2":"0.0","Group  1":"0.0","Group  9":"0.0007113018174485699","Group  8":"0.0","Group  7":"0.6842717507421567"},"groups":{"Group 13":["Botan 1.5.6 & 1.11.29 & 2.1.0","Feitian JavaCOS A22 & A40","Gemalto GCX4 72K","HSM SafeNet Luna SA-1700","LibTomCrypt 1.17","Libgcrypt 1.6.0 & 1.6.5 & 1.7.6","Libgcrypt 1.6.0 FIPS & 1.6.5 FIPS","Nettle 3.2 & 3.3","Oberthur Cosmo 64","OpenSSL FIPS 2.0.12 & 2.0.14","PGPSDK 4","WolfSSL 2.0rc1 & 3.9.0 & 3.10.2","cryptlib 3.4.3 & 3.4.3.1"],"Group 12":["Bouncy Castle 1.53 (Java)","Cryptix JCE 20050328","FlexiProvider 1.7p7","HSM Utimaco Security Server Se50","Nettle 2.0","PolarSSL 0.10.0","PuTTY 0.67","SunRsaSign OpenJDK 1.8.0","mbedTLS 1.3.19 & 2.2.1 & 2.4.2"],"Group 11":["Bouncy Castle 1.54 (Java)","Crypto++ 5.6.0 & 5.6.3 & 5.6.5","Libgcrypt 1.7.6 FIPS","Microsoft CryptoAPI & CNG & .NET"],"Group 10":["NXP J2D081 & J2E145G","YubiKey NEO"],"Group  6":["Oberthur Cosmo Dual 72K"],"Group  5":["NXP J2A080 & J2A081 & J3A081 & JCOP 41 V2.2.1"],"Group  4":["Gemalto GXP E64"],"Group  3":["GNU Crypto 2.0.1"],"Group  2":["G&D SmartCafe 4.x & 6.0"],"Group  1":["G&D SmartCafe 3.2"],"Group  9":["Infineon JTOP 80K","YubiKey 4 & 4 Nano"],"Group  8":["PGPSDK 4 FIPS"],"Group  7":["OpenSSL 0.9.7 & 1.0.2g & 1.0.2k & 1.1.0e"]},"frequencies":{"1|1|000110":1830,"2|1|100011":1714,"2|1|101101":1039,"1|1|000111":1720,"2|1|101100":1085,"2|1|100010":1802,"2|0|000000":1915,"2|0|000001":1911,"1|0|111010":2519,"1|0|111011":2029,"1|1|011010":13500,"1|1|011011":14196,"2|0|110100":575,"2|0|110101":582,"1|0|100001":15484,"1|0|100000":16211,"2|1|100000":2009,"1|1|000100":1951,"2|1|100001":1965,"2|0|000011":1855,"2|0|001101":1892,"2|0|001100":1945,"2|0|000010":1881,"1|1|000101":1859,"2|1|010101":1965,"2|0|011010":2023,"2|1|010100":2042,"2|0|011011":1968,"1|0|100010":14832,"1|0|101100":9395,"1|0|101101":8762,"1|0|100011":14091,"2|1|100110":1530,"1|1|110101":4790,"2|1|100111":1425,"2|0|000101":1843,"2|0|000100":1817,"1|0|111110":640,"1|1|110100":5324,"1|0|111111":220,"1|0|100101":13075,"2|0|110001":750,"2|0|110000":853,"1|0|010101":10636,"1|0|010100":9878,"2|0|011001":2043,"2|0|011000":1956,"1|0|100100":13852,"2|1|100100":1638,"2|1|100101":1629,"2|0|000110":1828,"2|0|000111":1772,"1|0|111000":3399,"1|0|111001":2972,"2|0|110111":444,"2|0|110110":495,"2|0|011111":2046,"2|0|011110":2028,"1|0|100111":11893,"1|0|100110":12530,"1|1|001001":2753,"1|0|001001":2778,"1|0|001000":2118,"1|1|001000":2167,"1|1|110001":6797,"1|1|110000":7353,"1|1|010000":7509,"2|0|011101":2087,"2|1|111111":25,"2|1|111110":78,"2|0|010010":1965,"2|0|011100":2038,"2|0|010011":2053,"1|1|010001":8204,"1|0|101010":10427,"1|0|101011":9975,"1|0|001010":3439,"1|1|001111":6831,"1|0|001011":4162,"1|1|001110":6047,"2|1|101011":1189,"2|1|101010":1249,"1|1|110111":3783,"1|1|110110":4316,"1|1|010010":8877,"1|1|010011":9501,"1|1|011100":14560,"2|0|010001":2019,"2|1|111001":326,"2|1|111000":359,"2|0|010000":2060,"1|1|011101":15028,"1|1|000011":1838,"1|1|001100":4964,"1|1|001101":5529,"2|1|101001":1293,"1|1|000010":1916,"2|1|101000":1309,"1|1|111110":672,"1|1|111111":226,"2|1|111010":253,"1|1|011110":15585,"1|1|011111":15761,"2|0|010111":2067,"2|1|001000":1764,"2|1|001001":1836,"2|1|111011":242,"2|0|010110":2047,"1|0|101111":7853,"1|1|100101":13070,"1|1|100100":13814,"1|0|101110":8270,"1|1|000000":2019,"1|1|000001":1890,"2|1|101111":882,"2|1|101110":1013,"1|1|110010":6297,"1|1|111101":1155,"1|1|110011":5750,"1|1|111100":1534,"1|1|011000":12178,"1|1|011001":12919,"2|1|001010":1844,"2|0|010100":1985,"2|1|001011":1862,"2|0|010101":1985,"1|0|101001":10902,"1|0|101000":11435,"1|0|000110":1842,"2|0|101101":1074,"2|0|100011":1836,"2|0|101100":1112,"2|0|100010":1754,"2|1|000001":1899,"2|1|000000":1971,"1|1|111011":1982,"1|0|000111":1738,"1|1|111010":2436,"1|0|011011":13908,"2|1|110100":636,"1|0|011010":13442,"2|1|001100":1833,"2|1|110101":543,"2|1|001101":1955,"1|1|100001":15448,"1|1|100000":16008,"1|0|000000":1901,"2|0|101111":931,"2|0|101110":1010,"2|1|000111":1737,"2|1|000110":1760,"1|1|111000":3317,"1|0|000001":1925,"1|1|111001":2919,"1|0|011000":12152,"2|1|001110":1877,"2|1|110111":430,"2|1|001111":1910,"2|1|110110":546,"1|0|011001":12913,"1|1|100111":12048,"1|1|100110":12446,"1|0|000011":1862,"1|0|001100":4944,"1|0|000010":1825,"2|0|101001":1229,"2|0|101000":1446,"1|0|001101":5678,"2|1|110001":817,"2|1|110000":848,"2|1|011001":2064,"2|1|011000":2108,"1|1|010100":9898,"1|1|010101":10495,"1|1|101111":7825,"1|1|101110":8176,"2|0|101010":1239,"1|0|001111":6757,"1|1|001010":3504,"1|0|001110":6140,"1|1|001011":4249,"2|0|101011":1173,"2|1|000011":1838,"2|1|000010":1927,"1|1|010110":11013,"2|1|111101":126,"2|1|110010":708,"2|1|111100":159,"2|1|110011":691,"2|1|011010":2046,"2|1|011011":1998,"1|1|010111":11836,"1|1|101101":8888,"1|1|100011":14235,"1|1|101100":9215,"1|1|100010":14954,"1|0|110001":6613,"2|0|001011":1837,"2|0|001010":1913,"1|0|110000":7295,"2|0|111110":75,"2|0|111111":28,"1|1|101010":10471,"2|1|010010":1961,"2|1|011100":2043,"2|1|011101":2009,"1|0|010001":8196,"1|0|010000":7489,"2|1|010011":2011,"1|1|101011":9929,"1|0|111101":1151,"2|0|100101":1696,"2|0|100100":1739,"1|0|110010":6324,"1|0|110011":5777,"1|0|111100":1594,"2|0|110010":728,"2|0|111101":120,"2|0|110011":678,"2|0|111100":177,"2|1|011111":2008,"1|0|010111":11937,"1|0|010110":11145,"2|1|011110":2048,"1|1|101001":10813,"1|1|101000":11471,"1|0|110100":5238,"1|0|110101":4773,"2|0|100111":1442,"2|0|100110":1560,"2|1|000101":1804,"2|0|001111":1881,"2|1|000100":1822,"2|0|001110":1858,"1|0|011110":15448,"2|0|111011":246,"2|0|111010":298,"2|1|010111":2091,"1|0|011111":16298,"2|1|010110":2068,"1|0|110111":3738,"2|0|100001":1919,"2|0|100000":1997,"2|0|001001":1789,"2|0|001000":1761,"1|0|000101":1828,"1|0|000100":1897,"1|0|110110":4327,"1|0|010010":8819,"2|0|111000":396,"2|0|111001":327,"1|0|011101":15127,"2|1|010001":1939,"1|0|010011":9325,"1|0|011100":14671,"2|1|010000":1912}}
