{"probability":{"Group 13":"0.05994765270794101","Group 12":"0.027281075275793036","Group 11":"0.26147124927686555","Group 10":"0.00026130375991307057","Group  6":"0.0003618378994832698","Group  5":"0.0","Group  4":"0.001780963619446633","Group  3":"0.0","Group  2":"0.0","Group  1":"0.0","Group  9":"0.00024443172907763917","Group  8":"0.008198211768589812","Group  7":"0.6404532739628899"},"groups":{"Group 13":["Botan 1.5.6 & 1.11.29 & 2.1.0","Feitian JavaCOS A22 & A40","Gemalto GCX4 72K","HSM SafeNet Luna SA-1700","LibTomCrypt 1.17","Libgcrypt 1.6.0 & 1.6.5 & 1.7.6","Libgcrypt 1.6.0 FIPS & 1.6.5 FIPS","Nettle 3.2 & 3.3","Oberthur Cosmo 64","OpenSSL FIPS 2.0.12 & 2.0.14","PGPSDK 4","WolfSSL 2.0rc1 & 3.9.0 & 3.10.2","cryptlib 3.4.3 & 3.4.3.1"],"Group 12":["Bouncy Castle 1.53 (Java)","Cryptix JCE 20050328","FlexiProvider 1.7p7","HSM Utimaco Security Server Se50","Nettle 2.0","PolarSSL 0.10.0","PuTTY 0.67","SunRsaSign OpenJDK 1.8.0","mbedTLS 1.3.19 & 2.2.1 & 2.4.2"],"Group 11":["Bouncy Castle 1.54 (Java)","Crypto++ 5.6.0 & 5.6.3 & 5.6.5","Libgcrypt 1.7.6 FIPS","Microsoft CryptoAPI & CNG & .NET"],"Group 10":["NXP J2D081 & J2E145G","YubiKey NEO"],"Group  6":["Oberthur Cosmo Dual 72K"],"Group  5":["NXP J2A080 & J2A081 & J3A081 & JCOP 41 V2.2.1"],"Group  4":["Gemalto GXP E64"],"Group  3":["GNU Crypto 2.0.1"],"Group  2":["G&D SmartCafe 4.x & 6.0"],"Group  1":["G&D SmartCafe 3.2"],"Group  9":["Infineon JTOP 80K","YubiKey 4 & 4 Nano"],"Group  8":["PGPSDK 4 FIPS"],"Group  7":["OpenSSL 0.9.7 & 1.0.2g & 1.0.2k & 1.1.0e"]},"frequencies":{"1|1|000110":7524,"2|1|100011":19957,"2|1|101101":12312,"1|1|000111":8416,"2|1|101100":13131,"2|1|100010":20834,"2|0|000000":2851,"2|0|000001":3636,"1|0|111010":19800,"1|0|111011":16444,"1|1|011010":111718,"1|1|011011":115188,"2|0|110100":7427,"2|0|110101":6827,"1|0|100001":124320,"1|0|100000":129917,"2|1|100000":22808,"1|1|000100":6070,"2|1|100001":21712,"2|0|000011":5219,"2|0|001101":13984,"2|0|001100":13067,"2|0|000010":4502,"1|1|000101":6872,"2|1|010101":21362,"2|0|011010":24841,"2|1|010100":20183,"2|0|011011":25178,"1|0|100010":119667,"1|0|101100":75625,"1|0|101101":70974,"1|0|100011":115159,"2|1|100110":17421,"1|1|110101":39349,"2|1|100111":16859,"2|0|000101":6694,"2|0|000100":6039,"1|0|111110":5472,"1|1|110100":43011,"1|0|111111":2285,"1|0|100101":105859,"2|0|110001":9663,"2|0|110000":10342,"1|0|010101":86852,"1|0|010100":80945,"2|0|011001":24271,"2|0|011000":23693,"1|0|100100":110408,"2|1|100100":19168,"2|1|100101":18511,"2|0|000110":7600,"2|0|000111":8227,"1|0|111000":27416,"1|0|111001":23900,"2|0|110111":5354,"2|0|110110":6078,"2|0|011111":23217,"2|0|011110":23520,"1|0|100111":97198,"1|0|100110":102057,"1|1|001001":17932,"1|0|001001":18018,"1|0|001000":11586,"1|1|001000":11620,"1|1|110001":54582,"1|1|110000":59132,"1|1|010000":59105,"2|0|011101":24049,"2|1|111111":873,"2|1|111110":1126,"2|0|010010":18610,"2|0|011100":24346,"2|0|010011":19291,"1|1|010001":64731,"1|0|101010":83888,"1|0|101011":79831,"1|0|001010":24079,"1|1|001111":53406,"1|0|001011":30338,"1|1|001110":47839,"2|1|101011":13893,"2|1|101010":14514,"1|1|110111":31709,"1|1|110110":35129,"1|1|010010":69893,"1|1|010011":75451,"1|1|011100":118853,"2|0|010001":17623,"2|1|111001":4089,"2|1|111000":4845,"2|0|010000":16766,"1|1|011101":122566,"1|1|000011":5325,"1|1|001100":36144,"1|1|001101":41632,"2|1|101001":15232,"1|1|000010":4413,"2|1|101000":16078,"1|1|111110":5619,"1|1|111111":2347,"2|1|111010":3522,"1|1|011110":125972,"1|1|011111":129881,"2|0|010111":22935,"2|1|001000":9093,"2|1|001001":10180,"2|1|111011":2897,"2|0|010110":21877,"1|0|101111":63312,"1|1|100101":106492,"1|1|100100":110386,"1|0|101110":67230,"1|1|000000":2904,"1|1|000001":3667,"2|1|101111":10902,"2|1|101110":11630,"1|1|110010":51097,"1|1|111101":9187,"1|1|110011":46857,"1|1|111100":12697,"1|1|011000":101433,"1|1|011001":106585,"2|1|001010":11330,"2|0|010100":20421,"2|1|001011":12426,"2|0|010101":21106,"1|0|101001":88154,"1|0|101000":93042,"1|0|000110":7489,"2|0|101101":12463,"2|0|100011":20109,"2|0|101100":13188,"2|0|100010":20915,"2|1|000001":3621,"2|1|000000":2916,"1|1|111011":16397,"1|0|000111":8217,"1|1|111010":19981,"1|0|011011":114487,"2|1|110100":7453,"1|0|011010":111117,"2|1|001100":13145,"2|1|110101":6770,"2|1|001101":14052,"1|1|100001":124269,"1|1|100000":128930,"1|0|000000":2888,"2|0|101111":11047,"2|0|101110":11664,"2|1|000111":8262,"2|1|000110":7465,"1|1|111000":27719,"1|0|000001":3654,"1|1|111001":23716,"1|0|011000":101964,"2|1|001110":15104,"2|1|110111":5494,"2|1|001111":15919,"2|1|110110":6143,"1|0|011001":106541,"1|1|100111":97276,"1|1|100110":101165,"1|0|000011":5261,"1|0|001100":36504,"1|0|000010":4502,"2|0|101001":15252,"2|0|101000":16168,"1|0|001101":41533,"2|1|110001":9514,"2|1|110000":10459,"2|1|011001":24627,"2|1|011000":23539,"1|1|010100":81098,"1|1|010101":86552,"1|1|101111":63034,"1|1|101110":67590,"2|0|101010":14833,"1|0|001111":53529,"1|1|001010":24071,"1|0|001110":47651,"1|1|001011":30203,"2|0|101011":13904,"2|1|000011":5162,"2|1|000010":4414,"1|1|010110":91366,"2|1|111101":1624,"2|1|110010":8634,"2|1|111100":2284,"2|1|110011":8201,"2|1|011010":25089,"2|1|011011":24905,"1|1|010111":96564,"1|1|101101":71371,"1|1|100011":115016,"1|1|101100":76175,"1|1|100010":120013,"1|0|110001":55195,"2|0|001011":12113,"2|0|001010":11309,"1|0|110000":59504,"2|0|111110":1038,"2|0|111111":838,"1|1|101010":84186,"2|1|010010":18672,"2|1|011100":24612,"2|1|011101":24003,"1|0|010001":64856,"1|0|010000":58981,"2|1|010011":19181,"1|1|101011":79466,"1|0|111101":9156,"2|0|100101":18309,"2|0|100100":19280,"1|0|110010":51043,"1|0|110011":46912,"1|0|111100":12771,"2|0|110010":8861,"2|0|111101":1709,"2|0|110011":8065,"2|0|111100":2243,"2|1|011111":23204,"1|0|010111":96382,"1|0|010110":91439,"2|1|011110":23349,"1|1|101001":88513,"1|1|101000":92108,"1|0|110100":43215,"1|0|110101":38903,"2|0|100111":16816,"2|0|100110":17589,"2|1|000101":6819,"2|0|001111":15701,"2|1|000100":6049,"2|0|001110":15055,"1|0|011110":126416,"2|0|111011":2899,"2|0|111010":3445,"2|1|010111":23039,"1|0|011111":130250,"2|1|010110":21988,"1|0|110111":31132,"2|0|100001":21883,"2|0|100000":22638,"2|0|001001":10203,"2|0|001000":9165,"1|0|000101":6690,"1|0|000100":6038,"1|0|110110":35247,"1|0|010010":70244,"2|0|111000":4875,"2|0|111001":4189,"1|0|011101":122307,"2|1|010001":17792,"1|0|010011":75539,"1|0|011100":119070,"2|1|010000":16793}}
