{"probability":{"Group 13":"0.012622450187983351","Group 12":"0.03676049979879562","Group 11":"0.2820619725652258","Group 10":"0.00019072466832620392","Group  6":"0.0003518654305436943","Group  5":"0.0","Group  4":"0.002427017079974635","Group  3":"0.0","Group  2":"0.0","Group  1":"0.0","Group  9":"0.0000605547211312752","Group  8":"0.0019027598647005889","Group  7":"0.6636221556833188"},"groups":{"Group 13":["Botan 1.5.6 & 1.11.29 & 2.1.0","Feitian JavaCOS A22 & A40","Gemalto GCX4 72K","HSM SafeNet Luna SA-1700","LibTomCrypt 1.17","Libgcrypt 1.6.0 & 1.6.5 & 1.7.6","Libgcrypt 1.6.0 FIPS & 1.6.5 FIPS","Nettle 3.2 & 3.3","Oberthur Cosmo 64","OpenSSL FIPS 2.0.12 & 2.0.14","PGPSDK 4","WolfSSL 2.0rc1 & 3.9.0 & 3.10.2","cryptlib 3.4.3 & 3.4.3.1"],"Group 12":["Bouncy Castle 1.53 (Java)","Cryptix JCE 20050328","FlexiProvider 1.7p7","HSM Utimaco Security Server Se50","Nettle 2.0","PolarSSL 0.10.0","PuTTY 0.67","SunRsaSign OpenJDK 1.8.0","mbedTLS 1.3.19 & 2.2.1 & 2.4.2"],"Group 11":["Bouncy Castle 1.54 (Java)","Crypto++ 5.6.0 & 5.6.3 & 5.6.5","Libgcrypt 1.7.6 FIPS","Microsoft CryptoAPI & CNG & .NET"],"Group 10":["NXP J2D081 & J2E145G","YubiKey NEO"],"Group  6":["Oberthur Cosmo Dual 72K"],"Group  5":["NXP J2A080 & J2A081 & J3A081 & JCOP 41 V2.2.1"],"Group  4":["Gemalto GXP E64"],"Group  3":["GNU Crypto 2.0.1"],"Group  2":["G&D SmartCafe 4.x & 6.0"],"Group  1":["G&D SmartCafe 3.2"],"Group  9":["Infineon JTOP 80K","YubiKey 4 & 4 Nano"],"Group  8":["PGPSDK 4 FIPS"],"Group  7":["OpenSSL 0.9.7 & 1.0.2g & 1.0.2k & 1.1.0e"]},"frequencies":{"1|1|000110":5602,"2|1|100011":11647,"2|1|101101":7248,"1|1|000111":6110,"2|1|101100":7844,"2|1|100010":12274,"2|0|000000":2184,"2|0|000001":2804,"1|0|111010":13322,"1|0|111011":10833,"1|1|011010":74717,"1|1|011011":77719,"2|0|110100":4332,"2|0|110101":3991,"1|0|100001":83601,"1|0|100000":87050,"2|1|100000":13150,"1|1|000100":4432,"2|1|100001":12845,"2|0|000011":3960,"2|0|001101":9245,"2|0|001100":8917,"2|0|000010":3300,"1|1|000101":5033,"2|1|010101":13401,"2|0|011010":15700,"2|1|010100":12856,"2|0|011011":15621,"1|0|100010":80142,"1|0|101100":50816,"1|0|101101":47548,"1|0|100011":77220,"2|1|100110":10299,"1|1|110101":26349,"2|1|100111":9938,"2|0|000101":4947,"2|0|000100":4421,"1|0|111110":3585,"1|1|110100":29049,"1|0|111111":1309,"1|0|100101":71312,"2|0|110001":5616,"2|0|110000":5903,"1|0|010101":57922,"1|0|010100":54711,"2|0|011001":15312,"2|0|011000":14971,"1|0|100100":74207,"2|1|100100":11312,"2|1|100101":10974,"2|0|000110":5456,"2|0|000111":6086,"1|0|111000":18194,"1|0|111001":16065,"2|0|110111":3248,"2|0|110110":3625,"2|0|011111":13633,"2|0|011110":13969,"1|0|100111":64930,"1|0|100110":68139,"1|1|001001":12604,"1|0|001001":12553,"1|0|001000":8454,"1|1|001000":8473,"1|1|110001":36413,"1|1|110000":39594,"1|1|010000":40283,"2|0|011101":14500,"2|1|111111":406,"2|1|111110":549,"2|0|010010":11978,"2|0|011100":14903,"2|0|010011":12468,"1|1|010001":43941,"1|0|101010":56088,"1|0|101011":53488,"1|0|001010":16626,"1|1|001111":36211,"1|0|001011":20730,"1|1|001110":32593,"2|1|101011":8172,"2|1|101010":8605,"1|1|110111":21054,"1|1|110110":23617,"1|1|010010":47124,"1|1|010011":50903,"1|1|011100":80235,"2|0|010001":11446,"2|1|111001":2331,"2|1|111000":2897,"2|0|010000":11071,"1|1|011101":82891,"1|1|000011":3812,"1|1|001100":24578,"1|1|001101":28305,"2|1|101001":9018,"1|1|000010":3413,"2|1|101000":9509,"1|1|111110":3638,"1|1|111111":1450,"2|1|111010":2086,"1|1|011110":84773,"1|1|011111":86988,"2|0|010111":14430,"2|1|001000":6463,"2|1|001001":7285,"2|1|111011":1734,"2|0|010110":13880,"1|0|101111":41999,"1|1|100101":70945,"1|1|100100":74374,"1|0|101110":45166,"1|1|000000":2163,"1|1|000001":2783,"2|1|101111":6366,"2|1|101110":6980,"1|1|110010":34119,"1|1|111101":6091,"1|1|110011":31770,"1|1|111100":8585,"1|1|011000":68846,"1|1|011001":72073,"2|1|001010":7881,"2|0|010100":12876,"2|1|001011":8352,"2|0|010101":13482,"1|0|101001":59366,"1|0|101000":62291,"1|0|000110":5577,"2|0|101101":7410,"2|0|100011":11804,"2|0|101100":7806,"2|0|100010":12174,"2|1|000001":2838,"2|1|000000":2258,"1|1|111011":10862,"1|0|000111":6135,"1|1|111010":13331,"1|0|011011":77391,"2|1|110100":4354,"1|0|011010":75429,"2|1|001100":8890,"2|1|110101":4010,"2|1|001101":9335,"1|1|100001":83582,"1|1|100000":87012,"1|0|000000":2227,"2|0|101111":6454,"2|0|101110":6813,"2|1|000111":6020,"2|1|000110":5629,"1|1|111000":18575,"1|0|000001":2781,"1|1|111001":16091,"1|0|011000":68875,"2|1|001110":10086,"2|1|110111":3172,"2|1|001111":10438,"2|1|110110":3636,"1|0|011001":71754,"1|1|100111":64690,"1|1|100110":67849,"1|0|000011":3982,"1|0|001100":24567,"1|0|000010":3355,"2|0|101001":9009,"2|0|101000":9422,"1|0|001101":28369,"2|1|110001":5554,"2|1|110000":5966,"2|1|011001":15284,"2|1|011000":15021,"1|1|010100":54558,"1|1|010101":58016,"1|1|101111":42244,"1|1|101110":44988,"2|0|101010":8508,"1|0|001111":36268,"1|1|001010":16559,"1|0|001110":32343,"1|1|001011":20557,"2|0|101011":8160,"2|1|000011":3969,"2|1|000010":3251,"1|1|010110":61251,"2|1|111101":905,"0|1|101010":1,"2|1|110010":5163,"2|1|111100":1238,"2|1|110011":4641,"2|1|011010":15535,"2|1|011011":15259,"1|1|010111":65007,"1|1|101101":47316,"1|1|100011":77431,"1|1|101100":50513,"1|1|100010":80117,"1|0|110001":36750,"2|0|001011":8397,"2|0|001010":7775,"1|0|110000":39654,"2|0|111110":590,"2|0|111111":411,"1|1|101010":56449,"2|1|010010":12016,"2|1|011100":14877,"2|1|011101":14514,"1|0|010001":43736,"1|0|010000":39637,"2|1|010011":12532,"1|1|101011":53447,"1|0|111101":6032,"2|0|100101":10750,"2|0|100100":11233,"1|0|110010":33982,"1|0|110011":31341,"1|0|111100":8489,"2|0|110010":5210,"2|0|111101":922,"2|0|110011":4786,"2|0|111100":1260,"2|1|011111":13682,"1|0|010111":65304,"1|0|010110":61588,"2|1|011110":13993,"1|1|101001":59217,"1|1|101000":62397,"1|0|110100":28864,"1|0|110101":26018,"2|0|100111":10002,"2|0|100110":10477,"2|1|000101":5047,"2|0|001111":10512,"2|1|000100":4505,"2|0|001110":10001,"1|0|011110":85136,"2|0|111011":1633,"2|0|111010":1995,"2|1|010111":14478,"1|0|011111":87434,"2|1|010110":13917,"1|0|110111":20901,"2|0|100001":12824,"2|0|100000":13319,"2|0|001001":7227,"2|0|001000":6704,"1|0|000101":5039,"1|0|000100":4454,"1|0|110110":23405,"1|0|010010":47521,"2|0|111000":2870,"2|0|111001":2370,"1|0|011101":82554,"2|1|010001":11577,"1|0|010011":51003,"1|0|011100":79603,"2|1|010000":11248}}
