{"probability":{"Group 13":"0.06299296250637516","Group 12":"0.042356706379811315","Group 11":"0.00807902011974628","Group 10":"0.000043900812852091067","Group  6":"0.0018033144227678978","Group  5":"0.00039188169126441746","Group  4":"0.0010322156810625292","Group  3":"0.0","Group  2":"0.00018119189564389925","Group  1":"0.0","Group  9":"0.0001306944854659879","Group  8":"0.0","Group  7":"0.8829881120050105"},"groups":{"Group 13":["Botan 1.5.6 & 1.11.29 & 2.1.0","Feitian JavaCOS A22 & A40","Gemalto GCX4 72K","HSM SafeNet Luna SA-1700","LibTomCrypt 1.17","Libgcrypt 1.6.0 & 1.6.5 & 1.7.6","Libgcrypt 1.6.0 FIPS & 1.6.5 FIPS","Nettle 3.2 & 3.3","Oberthur Cosmo 64","OpenSSL FIPS 2.0.12 & 2.0.14","PGPSDK 4","WolfSSL 2.0rc1 & 3.9.0 & 3.10.2","cryptlib 3.4.3 & 3.4.3.1"],"Group 12":["Bouncy Castle 1.53 (Java)","Cryptix JCE 20050328","FlexiProvider 1.7p7","HSM Utimaco Security Server Se50","Nettle 2.0","PolarSSL 0.10.0","PuTTY 0.67","SunRsaSign OpenJDK 1.8.0","mbedTLS 1.3.19 & 2.2.1 & 2.4.2"],"Group 11":["Bouncy Castle 1.54 (Java)","Crypto++ 5.6.0 & 5.6.3 & 5.6.5","Libgcrypt 1.7.6 FIPS","Microsoft CryptoAPI & CNG & .NET"],"Group 10":["NXP J2D081 & J2E145G","YubiKey NEO"],"Group  6":["Oberthur Cosmo Dual 72K"],"Group  5":["NXP J2A080 & J2A081 & J3A081 & JCOP 41 V2.2.1"],"Group  4":["Gemalto GXP E64"],"Group  3":["GNU Crypto 2.0.1"],"Group  2":["G&D SmartCafe 4.x & 6.0"],"Group  1":["G&D SmartCafe 3.2"],"Group  9":["Infineon JTOP 80K","YubiKey 4 & 4 Nano"],"Group  8":["PGPSDK 4 FIPS"],"Group  7":["OpenSSL 0.9.7 & 1.0.2g & 1.0.2k & 1.1.0e"]},"frequencies":{"1|1|000110":163,"2|1|100011":311,"2|1|101101":194,"1|1|000111":148,"2|1|101100":222,"2|1|100010":352,"2|0|000000":157,"2|0|000001":187,"1|0|111010":1236,"1|0|111011":1016,"1|1|011010":6295,"1|1|011011":6666,"2|0|110100":120,"2|0|110101":91,"1|0|100001":7604,"1|0|100000":7721,"2|1|100000":380,"1|1|000100":182,"2|1|100001":353,"2|0|000011":184,"2|0|001101":249,"2|0|001100":222,"2|0|000010":151,"1|1|000101":165,"2|1|010101":306,"2|0|011010":338,"2|1|010100":318,"2|0|011011":304,"1|0|100010":7456,"1|0|101100":4689,"1|0|101101":4314,"1|0|100011":6857,"2|1|100110":300,"1|1|110101":2371,"2|1|100111":283,"2|0|000101":163,"2|0|000100":159,"1|0|111110":354,"1|1|110100":2623,"1|0|111111":118,"1|0|100101":6477,"2|0|110001":176,"2|0|110000":173,"1|0|010101":4825,"1|0|010100":4536,"2|0|011001":320,"2|0|011000":322,"1|0|100100":6708,"2|1|100100":334,"2|1|100101":321,"2|0|000110":167,"2|0|000111":157,"1|0|111000":1682,"1|0|111001":1488,"2|0|110111":81,"2|0|110110":84,"2|0|011111":407,"2|0|011110":376,"1|0|100111":5904,"1|0|100110":6112,"1|1|001001":758,"1|0|001001":727,"1|0|001000":350,"1|1|001000":359,"1|1|110001":3388,"1|1|110000":3574,"1|1|010000":3146,"2|0|011101":380,"2|1|111111":6,"2|1|111110":18,"2|0|010010":265,"2|0|011100":348,"2|0|010011":266,"1|1|010001":3546,"1|0|101010":5094,"1|0|101011":4731,"1|0|001010":1152,"1|1|001111":2853,"1|0|001011":1491,"1|1|001110":2521,"2|1|101011":238,"2|1|101010":266,"1|1|110111":1904,"1|1|110110":2141,"1|1|010010":3970,"1|1|010011":4046,"1|1|011100":6897,"2|0|010001":280,"2|1|111001":79,"2|1|111000":86,"2|0|010000":264,"1|1|011101":7260,"1|1|000011":177,"1|1|001100":1804,"1|1|001101":2187,"2|1|101001":223,"1|1|000010":200,"2|1|101000":265,"1|1|111110":345,"1|1|111111":118,"2|1|111010":50,"1|1|011110":7519,"1|1|011111":7795,"2|0|010111":317,"2|1|001000":159,"2|1|001001":175,"2|1|111011":50,"2|0|010110":285,"1|0|101111":3824,"1|1|100101":6453,"1|1|100100":6741,"1|0|101110":4175,"1|1|000000":184,"1|1|000001":170,"2|1|101111":176,"2|1|101110":197,"1|1|110010":3025,"1|1|111101":543,"1|1|110011":2899,"1|1|111100":738,"1|1|011000":5762,"1|1|011001":6108,"2|1|001010":195,"2|0|010100":313,"2|1|001011":188,"2|0|010101":324,"1|0|101001":5395,"1|0|101000":5634,"1|0|000110":144,"2|0|101101":221,"2|0|100011":376,"2|0|101100":211,"2|0|100010":342,"2|1|000001":190,"2|1|000000":159,"1|1|111011":1030,"1|0|000111":162,"1|1|111010":1152,"1|0|011011":6803,"2|1|110100":124,"1|0|011010":6338,"2|1|001100":198,"2|1|110101":98,"2|1|001101":222,"1|1|100001":7495,"1|1|100000":7792,"1|0|000000":175,"2|0|101111":177,"2|0|101110":189,"2|1|000111":159,"2|1|000110":163,"1|1|111000":1571,"1|0|000001":178,"1|1|111001":1409,"1|0|011000":5789,"2|1|001110":263,"2|1|110111":71,"2|1|001111":249,"2|1|110110":108,"1|0|011001":6057,"1|1|100111":5902,"1|1|100110":6115,"1|0|000011":167,"1|0|001100":1797,"1|0|000010":173,"2|0|101001":261,"2|0|101000":311,"1|0|001101":2145,"2|1|110001":153,"2|1|110000":156,"2|1|011001":358,"2|1|011000":307,"1|1|010100":4558,"1|1|010101":4832,"1|1|101111":3782,"1|1|101110":4031,"2|0|101010":262,"1|0|001111":2910,"1|1|001010":1036,"1|0|001110":2542,"1|1|001011":1406,"2|0|101011":223,"2|1|000011":169,"2|1|000010":174,"1|1|010110":5222,"2|1|111101":25,"2|1|110010":134,"2|1|111100":25,"2|1|110011":125,"2|1|011010":328,"2|1|011011":346,"1|1|010111":5683,"1|1|101101":4295,"1|1|100011":7002,"1|1|101100":4549,"1|1|100010":7317,"1|0|110001":3346,"2|0|001011":207,"2|0|001010":195,"1|0|110000":3577,"2|0|111110":8,"2|0|111111":4,"1|1|101010":5116,"2|1|010010":269,"2|1|011100":349,"2|1|011101":362,"1|0|010001":3565,"1|0|010000":3128,"2|1|010011":293,"1|1|101011":4677,"1|0|111101":526,"2|0|100101":307,"2|0|100100":340,"1|0|110010":3081,"1|0|110011":2961,"1|0|111100":740,"2|0|110010":140,"2|0|111101":27,"2|0|110011":138,"2|0|111100":30,"2|1|011111":390,"1|0|010111":5442,"1|0|010110":5109,"2|1|011110":361,"1|1|101001":5478,"1|1|101000":5464,"1|0|110100":2505,"1|0|110101":2403,"2|0|100111":293,"2|0|100110":289,"2|1|000101":148,"2|0|001111":272,"2|1|000100":170,"2|0|001110":222,"1|0|011110":7527,"2|0|111011":41,"2|0|111010":57,"2|1|010111":320,"1|0|011111":7905,"2|1|010110":300,"1|0|110111":1875,"2|0|100001":371,"2|0|100000":389,"2|0|001001":159,"2|0|001000":165,"1|0|000101":156,"1|0|000100":160,"1|0|110110":2158,"1|0|010010":3952,"2|0|111000":76,"2|0|111001":60,"1|0|011101":7326,"2|1|010001":269,"1|0|010011":4177,"1|0|011100":6879,"2|1|010000":252}}
