{"probability":{"Group 13":"0.3174660813745933","Group 12":"0.28804761518413624","Group 11":"0.04854819182701973","Group 10":"0.00034800172584840625","Group  6":"0.0","Group  5":"0.000790635823278855","Group  4":"0.00933376025189157","Group  3":"0.0","Group  2":"0.0","Group  1":"0.0","Group  9":"0.0011548814599706104","Group  8":"0.0","Group  7":"0.3343108323532612"},"groups":{"Group 13":["Botan 1.5.6 & 1.11.29 & 2.1.0","Feitian JavaCOS A22 & A40","Gemalto GCX4 72K","HSM SafeNet Luna SA-1700","LibTomCrypt 1.17","Libgcrypt 1.6.0 & 1.6.5 & 1.7.6","Libgcrypt 1.6.0 FIPS & 1.6.5 FIPS","Nettle 3.2 & 3.3","Oberthur Cosmo 64","OpenSSL FIPS 2.0.12 & 2.0.14","PGPSDK 4","WolfSSL 2.0rc1 & 3.9.0 & 3.10.2","cryptlib 3.4.3 & 3.4.3.1"],"Group 12":["Bouncy Castle 1.53 (Java)","Cryptix JCE 20050328","FlexiProvider 1.7p7","HSM Utimaco Security Server Se50","Nettle 2.0","PolarSSL 0.10.0","PuTTY 0.67","SunRsaSign OpenJDK 1.8.0","mbedTLS 1.3.19 & 2.2.1 & 2.4.2"],"Group 11":["Bouncy Castle 1.54 (Java)","Crypto++ 5.6.0 & 5.6.3 & 5.6.5","Libgcrypt 1.7.6 FIPS","Microsoft CryptoAPI & CNG & .NET"],"Group 10":["NXP J2D081 & J2E145G","YubiKey NEO"],"Group  6":["Oberthur Cosmo Dual 72K"],"Group  5":["NXP J2A080 & J2A081 & J3A081 & JCOP 41 V2.2.1"],"Group  4":["Gemalto GXP E64"],"Group  3":["GNU Crypto 2.0.1"],"Group  2":["G&D SmartCafe 4.x & 6.0"],"Group  1":["G&D SmartCafe 3.2"],"Group  9":["Infineon JTOP 80K","YubiKey 4 & 4 Nano"],"Group  8":["PGPSDK 4 FIPS"],"Group  7":["OpenSSL 0.9.7 & 1.0.2g & 1.0.2k & 1.1.0e"]},"frequencies":{"1|1|000110":11592,"2|1|100011":19267,"2|1|101101":11802,"1|1|000111":11444,"2|1|101100":12195,"2|1|100010":19980,"2|0|000000":12679,"2|0|000001":12707,"1|0|111010":7945,"1|0|111011":6352,"1|1|011010":44242,"1|1|011011":46514,"2|0|110100":6973,"2|0|110101":6333,"1|0|100001":50017,"1|0|100000":51564,"2|1|100000":21856,"1|1|000100":12061,"2|1|100001":21001,"2|0|000011":12022,"2|0|001101":14692,"2|0|001100":13948,"2|0|000010":12147,"1|1|000101":11833,"2|1|010101":18454,"2|0|011010":20160,"2|1|010100":18053,"2|0|011011":20668,"1|0|100010":48138,"1|0|101100":30058,"1|0|101101":28345,"1|0|100011":45800,"2|1|100110":17000,"1|1|110101":15311,"2|1|100111":16095,"2|0|000101":11905,"2|0|000100":12111,"1|0|111110":2132,"1|1|110100":17016,"1|0|111111":725,"1|0|100101":42385,"2|0|110001":8934,"2|0|110000":9612,"1|0|010101":37121,"1|0|010100":34977,"2|0|011001":20199,"2|0|011000":19717,"1|0|100100":44135,"2|1|100100":18299,"2|1|100101":17397,"2|0|000110":11497,"2|0|000111":11633,"1|0|111000":10766,"1|0|111001":9405,"2|0|110111":4957,"2|0|110110":5564,"2|0|011111":22245,"2|0|011110":21373,"1|0|100111":38599,"1|0|100110":40519,"1|1|001001":14427,"1|0|001001":14612,"1|0|001000":12454,"1|1|001000":12279,"1|1|110001":21579,"1|1|110000":23004,"1|1|010000":28215,"2|0|011101":21306,"2|1|111111":280,"2|1|111110":925,"2|0|010010":17062,"2|0|011100":20771,"2|0|010011":17747,"1|1|010001":29981,"1|0|101010":33514,"1|0|101011":31409,"1|0|001010":16525,"1|1|001111":26408,"1|0|001011":18792,"1|1|001110":24351,"2|1|101011":12972,"2|1|101010":13576,"1|1|110111":12202,"1|1|110110":13776,"1|1|010010":31721,"1|1|010011":33155,"1|1|011100":47869,"2|0|010001":16775,"2|1|111001":3753,"2|1|111000":4286,"2|0|010000":16287,"1|1|011101":49001,"1|1|000011":11991,"1|1|001100":20401,"1|1|001101":22577,"2|1|101001":14664,"1|1|000010":12263,"2|1|101000":15150,"1|1|111110":2094,"1|1|111111":658,"2|1|111010":3199,"1|1|011110":50245,"1|1|011111":52162,"2|0|010111":19255,"2|1|001000":11628,"2|1|001001":12128,"2|1|111011":2628,"2|0|010110":18984,"1|0|101111":24840,"1|1|100101":42625,"1|1|100100":44004,"1|0|101110":26764,"1|1|000000":12698,"1|1|000001":12819,"2|1|101111":10205,"2|1|101110":11000,"1|1|110010":19951,"1|1|111101":3506,"1|1|110011":18383,"1|1|111100":5050,"1|1|011000":41658,"1|1|011001":43471,"2|1|001010":12994,"2|0|010100":18118,"2|1|001011":13376,"2|0|010101":18489,"1|0|101001":35075,"1|0|101000":36890,"1|0|000110":11772,"2|0|101101":11645,"2|0|100011":19089,"2|0|101100":12257,"2|0|100010":20193,"2|1|000001":12528,"2|1|000000":12905,"1|1|111011":6262,"1|0|000111":11612,"1|1|111010":7661,"1|0|011011":46511,"2|1|110100":6990,"1|0|011010":44551,"2|1|001100":14063,"2|1|110101":6336,"2|1|001101":14595,"1|1|100001":49807,"1|1|100000":51711,"1|0|000000":12778,"2|0|101111":10268,"2|0|101110":10876,"2|1|000111":11292,"2|1|000110":11671,"1|1|111000":10923,"1|0|000001":12769,"1|1|111001":9290,"1|0|011000":41787,"2|1|001110":15251,"2|1|110111":5095,"2|1|001111":15740,"2|1|110110":5572,"1|0|011001":42918,"1|1|100111":38549,"1|1|100110":40358,"1|0|000011":12227,"1|0|001100":20454,"1|0|000010":12343,"2|0|101001":14481,"2|0|101000":15433,"1|0|001101":22333,"2|1|110001":8763,"2|1|110000":9760,"2|1|011001":19936,"2|1|011000":19735,"1|1|010100":34784,"1|1|010101":36464,"1|1|101111":25066,"1|1|101110":26341,"2|0|101010":13808,"1|0|001111":26460,"1|1|001010":16646,"1|0|001110":24204,"1|1|001011":18661,"2|0|101011":12843,"2|1|000011":12094,"2|1|000010":12390,"1|1|010110":38343,"2|1|111101":1423,"2|1|110010":8223,"2|1|111100":1987,"2|1|110011":7535,"2|1|011010":20411,"2|1|011011":20862,"1|1|010111":40367,"1|1|101101":28086,"1|1|100011":45982,"1|1|101100":30011,"1|1|100010":47939,"1|0|110001":21686,"2|0|001011":13655,"2|0|001010":13292,"1|0|110000":23548,"2|0|111110":841,"2|0|111111":285,"1|1|101010":33026,"2|1|010010":17111,"2|1|011100":20938,"2|1|011101":21338,"1|0|010001":29906,"1|0|010000":28200,"2|1|010011":17752,"1|1|101011":31617,"1|0|111101":3449,"2|0|100101":17606,"2|0|100100":18427,"1|0|110010":20048,"1|0|110011":18481,"1|0|111100":5023,"2|0|110010":8184,"2|0|111101":1487,"2|0|110011":7612,"2|0|111100":1998,"2|1|011111":22078,"1|0|010111":40057,"1|0|010110":38651,"2|1|011110":21941,"1|1|101001":34667,"1|1|101000":36652,"1|0|110100":16977,"1|0|110101":15371,"2|0|100111":15909,"2|0|100110":16628,"2|1|000101":11831,"2|0|001111":15809,"2|1|000100":12235,"2|0|001110":14941,"1|0|011110":50495,"2|0|111011":2643,"2|0|111010":3095,"2|1|010111":19305,"1|0|011111":51928,"2|1|010110":18967,"1|0|110111":12254,"2|0|100001":20971,"2|0|100000":21601,"2|0|001001":12250,"2|0|001000":11679,"1|0|000101":11939,"1|0|000100":11956,"1|0|110110":13753,"1|0|010010":31737,"2|0|111000":4412,"2|0|111001":3720,"1|0|011101":49025,"2|1|010001":16672,"1|0|010011":33608,"1|0|011100":47508,"2|1|010000":16262}}
