{"probability":{"Group 13":"0.05584797948727045","Group 12":"0.053369474097316204","Group 11":"0.017813960193217952","Group 10":"0.00020149895536135008","Group  6":"0.0011017654074662365","Group  5":"0.0","Group  4":"0.0","Group  3":"0.0","Group  2":"0.0","Group  1":"0.0","Group  9":"0.00021646130342817415","Group  8":"0.0011879251040447971","Group  7":"0.8702609354518949"},"groups":{"Group 13":["Botan 1.5.6 & 1.11.29 & 2.1.0","Feitian JavaCOS A22 & A40","Gemalto GCX4 72K","HSM SafeNet Luna SA-1700","LibTomCrypt 1.17","Libgcrypt 1.6.0 & 1.6.5 & 1.7.6","Libgcrypt 1.6.0 FIPS & 1.6.5 FIPS","Nettle 3.2 & 3.3","Oberthur Cosmo 64","OpenSSL FIPS 2.0.12 & 2.0.14","PGPSDK 4","WolfSSL 2.0rc1 & 3.9.0 & 3.10.2","cryptlib 3.4.3 & 3.4.3.1"],"Group 12":["Bouncy Castle 1.53 (Java)","Cryptix JCE 20050328","FlexiProvider 1.7p7","HSM Utimaco Security Server Se50","Nettle 2.0","PolarSSL 0.10.0","PuTTY 0.67","SunRsaSign OpenJDK 1.8.0","mbedTLS 1.3.19 & 2.2.1 & 2.4.2"],"Group 11":["Bouncy Castle 1.54 (Java)","Crypto++ 5.6.0 & 5.6.3 & 5.6.5","Libgcrypt 1.7.6 FIPS","Microsoft CryptoAPI & CNG & .NET"],"Group 10":["NXP J2D081 & J2E145G","YubiKey NEO"],"Group  6":["Oberthur Cosmo Dual 72K"],"Group  5":["NXP J2A080 & J2A081 & J3A081 & JCOP 41 V2.2.1"],"Group  4":["Gemalto GXP E64"],"Group  3":["GNU Crypto 2.0.1"],"Group  2":["G&D SmartCafe 4.x & 6.0"],"Group  1":["G&D SmartCafe 3.2"],"Group  9":["Infineon JTOP 80K","YubiKey 4 & 4 Nano"],"Group  8":["PGPSDK 4 FIPS"],"Group  7":["OpenSSL 0.9.7 & 1.0.2g & 1.0.2k & 1.1.0e"]},"frequencies":{"1|1|000110":329,"2|1|100011":569,"2|1|101101":337,"1|1|000111":301,"2|1|101100":359,"2|1|100010":540,"2|0|000000":344,"2|0|000001":363,"1|0|111010":1829,"1|0|111011":1514,"1|1|011010":9638,"1|1|011011":10133,"2|0|110100":203,"2|0|110101":177,"1|0|100001":11395,"1|0|100000":11929,"2|1|100000":624,"1|1|000100":340,"2|1|100001":558,"2|0|000011":329,"2|0|001101":448,"2|0|001100":400,"2|0|000010":350,"1|1|000101":331,"2|1|010101":535,"2|0|011010":546,"2|1|010100":450,"2|0|011011":579,"1|0|100010":10978,"1|0|101100":6970,"1|0|101101":6444,"1|0|100011":10446,"2|1|100110":489,"1|1|110101":3644,"2|1|100111":434,"2|0|000101":320,"2|0|000100":313,"1|0|111110":466,"1|1|110100":4057,"1|0|111111":159,"1|0|100101":9805,"2|0|110001":258,"2|0|110000":251,"1|0|010101":7278,"1|0|010100":7008,"2|0|011001":549,"2|0|011000":532,"1|0|100100":10361,"2|1|100100":501,"2|1|100101":492,"2|0|000110":326,"2|0|000111":334,"1|0|111000":2475,"1|0|111001":2148,"2|0|110111":145,"2|0|110110":180,"2|0|011111":636,"2|0|011110":607,"1|0|100111":8973,"1|0|100110":9154,"1|1|001001":1209,"1|0|001001":1179,"1|0|001000":631,"1|1|001000":598,"1|1|110001":5092,"1|1|110000":5382,"1|1|010000":5049,"2|0|011101":575,"2|1|111111":6,"2|1|111110":18,"2|0|010010":457,"2|0|011100":584,"2|0|010011":516,"1|1|010001":5650,"1|0|101010":7767,"1|0|101011":7421,"1|0|001010":1693,"1|1|001111":4345,"1|0|001011":2221,"1|1|001110":3872,"2|1|101011":358,"2|1|101010":381,"1|1|110111":2878,"1|1|110110":3380,"1|1|010010":5829,"1|1|010011":6583,"1|1|011100":10450,"2|0|010001":486,"2|1|111001":100,"2|1|111000":136,"2|0|010000":471,"1|1|011101":11081,"1|1|000011":351,"1|1|001100":2898,"1|1|001101":3394,"2|1|101001":406,"1|1|000010":370,"2|1|101000":403,"1|1|111110":487,"1|1|111111":170,"2|1|111010":85,"1|1|011110":11493,"1|1|011111":12092,"2|0|010111":580,"2|1|001000":315,"2|1|001001":348,"2|1|111011":69,"2|0|010110":541,"1|0|101111":5878,"1|1|100101":9931,"1|1|100100":10234,"1|0|101110":6247,"1|1|000000":351,"1|1|000001":337,"2|1|101111":289,"2|1|101110":325,"1|1|110010":4599,"1|1|111101":822,"1|1|110011":4305,"1|1|111100":1123,"1|1|011000":8810,"1|1|011001":9098,"2|1|001010":356,"2|0|010100":525,"2|1|001011":400,"2|0|010101":537,"1|0|101001":8124,"1|0|101000":8712,"1|0|000110":350,"2|0|101101":342,"2|0|100011":530,"2|0|101100":349,"2|0|100010":543,"2|1|000001":339,"2|1|000000":360,"1|1|111011":1511,"1|0|000111":313,"1|1|111010":1839,"1|0|011011":10184,"2|1|110100":195,"1|0|011010":9707,"2|1|001100":396,"2|1|110101":175,"2|1|001101":398,"1|1|100001":11366,"1|1|100000":11862,"1|0|000000":341,"2|0|101111":296,"2|0|101110":316,"2|1|000111":304,"2|1|000110":313,"1|1|111000":2556,"1|0|000001":327,"1|1|111001":2209,"1|0|011000":8625,"2|1|001110":421,"2|1|110111":131,"2|1|001111":473,"2|1|110110":161,"1|0|011001":9436,"1|1|100111":8870,"1|1|100110":9346,"1|0|000011":316,"1|0|001100":2886,"1|0|000010":341,"2|0|101001":399,"2|0|101000":441,"1|0|001101":3266,"2|1|110001":253,"2|1|110000":260,"2|1|011001":541,"2|1|011000":586,"1|1|010100":6984,"1|1|010101":7423,"1|1|101111":5822,"1|1|101110":6198,"2|0|101010":359,"1|0|001111":4397,"1|1|001010":1753,"1|0|001110":3933,"1|1|001011":2284,"2|0|101011":357,"2|1|000011":306,"2|1|000010":356,"1|1|010110":7727,"2|1|111101":44,"2|1|110010":230,"2|1|111100":63,"2|1|110011":217,"2|1|011010":585,"2|1|011011":578,"1|1|010111":8351,"1|1|101101":6635,"1|1|100011":10596,"1|1|101100":6954,"1|1|100010":11012,"1|0|110001":5084,"2|0|001011":419,"2|0|001010":366,"1|0|110000":5488,"2|0|111110":27,"2|0|111111":7,"1|1|101010":7668,"2|1|010010":493,"2|1|011100":615,"2|1|011101":557,"1|0|010001":5484,"1|0|010000":4843,"2|1|010011":517,"1|1|101011":7422,"1|0|111101":887,"2|0|100101":525,"2|0|100100":526,"1|0|110010":4731,"1|0|110011":4358,"1|0|111100":1193,"2|0|110010":226,"2|0|111101":56,"2|0|110011":214,"2|0|111100":58,"2|1|011111":665,"1|0|010111":8595,"1|0|010110":7959,"2|1|011110":612,"1|1|101001":8064,"1|1|101000":8541,"1|0|110100":4018,"1|0|110101":3541,"2|0|100111":436,"2|0|100110":491,"2|1|000101":328,"2|0|001111":418,"2|1|000100":323,"2|0|001110":439,"1|0|011110":11719,"2|0|111011":63,"2|0|111010":91,"2|1|010111":560,"1|0|011111":11985,"2|1|010110":518,"1|0|110111":2912,"2|0|100001":590,"2|0|100000":572,"2|0|001001":342,"2|0|001000":334,"1|0|000101":357,"1|0|000100":348,"1|0|110110":3177,"1|0|010010":5875,"2|0|111000":141,"2|0|111001":114,"1|0|011101":11042,"2|1|010001":462,"1|0|010011":6518,"1|0|011100":10541,"2|1|010000":446}}
