{"probability":{"Group 13":"0.025165076347857192","Group 12":"0.023722443846963297","Group 11":"0.35147786726685437","Group 10":"0.00020104644271495877","Group  6":"0.0000736810584050195","Group  5":"0.00014178637721105794","Group  4":"0.0021434693280021093","Group  3":"0.0","Group  2":"0.0","Group  1":"0.0","Group  9":"0.0002873094113771102","Group  8":"0.008079974212734098","Group  7":"0.588707345707881"},"groups":{"Group 13":["Botan 1.5.6 & 1.11.29 & 2.1.0","Feitian JavaCOS A22 & A40","Gemalto GCX4 72K","HSM SafeNet Luna SA-1700","LibTomCrypt 1.17","Libgcrypt 1.6.0 & 1.6.5 & 1.7.6","Libgcrypt 1.6.0 FIPS & 1.6.5 FIPS","Nettle 3.2 & 3.3","Oberthur Cosmo 64","OpenSSL FIPS 2.0.12 & 2.0.14","PGPSDK 4","WolfSSL 2.0rc1 & 3.9.0 & 3.10.2","cryptlib 3.4.3 & 3.4.3.1"],"Group 12":["Bouncy Castle 1.53 (Java)","Cryptix JCE 20050328","FlexiProvider 1.7p7","HSM Utimaco Security Server Se50","Nettle 2.0","PolarSSL 0.10.0","PuTTY 0.67","SunRsaSign OpenJDK 1.8.0","mbedTLS 1.3.19 & 2.2.1 & 2.4.2"],"Group 11":["Bouncy Castle 1.54 (Java)","Crypto++ 5.6.0 & 5.6.3 & 5.6.5","Libgcrypt 1.7.6 FIPS","Microsoft CryptoAPI & CNG & .NET"],"Group 10":["NXP J2D081 & J2E145G","YubiKey NEO"],"Group  6":["Oberthur Cosmo Dual 72K"],"Group  5":["NXP J2A080 & J2A081 & J3A081 & JCOP 41 V2.2.1"],"Group  4":["Gemalto GXP E64"],"Group  3":["GNU Crypto 2.0.1"],"Group  2":["G&D SmartCafe 4.x & 6.0"],"Group  1":["G&D SmartCafe 3.2"],"Group  9":["Infineon JTOP 80K","YubiKey 4 & 4 Nano"],"Group  8":["PGPSDK 4 FIPS"],"Group  7":["OpenSSL 0.9.7 & 1.0.2g & 1.0.2k & 1.1.0e"]},"frequencies":{"1|1|000110":5066,"2|1|100011":12249,"2|1|101101":7518,"1|1|000111":5626,"2|1|101100":8035,"2|1|100010":12857,"2|0|000000":1382,"2|0|000001":2039,"1|0|111010":10411,"1|0|111011":8647,"1|1|011010":59797,"1|1|011011":61621,"2|0|110100":4601,"2|0|110101":4131,"1|0|100001":65108,"1|0|100000":68066,"2|1|100000":13914,"1|1|000100":3872,"2|1|100001":13411,"2|0|000011":3184,"2|0|001101":9211,"2|0|001100":8543,"2|0|000010":2729,"1|1|000101":4487,"2|1|010101":13830,"2|0|011010":15913,"2|1|010100":13072,"2|0|011011":16054,"1|0|100010":62895,"1|0|101100":39753,"1|0|101101":36966,"1|0|100011":60368,"2|1|100110":10634,"1|1|110101":20591,"2|1|100111":10391,"2|0|000101":4360,"2|0|000100":3911,"1|0|111110":2950,"1|1|110100":22523,"1|0|111111":1340,"1|0|100101":55658,"2|0|110001":5824,"2|0|110000":6345,"1|0|010101":46809,"1|0|010100":43763,"2|0|011001":15826,"2|0|011000":15330,"1|0|100100":58011,"2|1|100100":11930,"2|1|100101":11261,"2|0|000110":4949,"2|0|000111":5567,"1|0|111000":14254,"1|0|111001":12469,"2|0|110111":3320,"2|0|110110":3681,"2|0|011111":14194,"2|0|011110":14576,"1|0|100111":51041,"1|0|100110":53404,"1|1|001001":10746,"1|0|001001":10851,"1|0|001000":7400,"1|1|001000":7425,"1|1|110001":28748,"1|1|110000":31024,"1|1|010000":32427,"2|0|011101":15127,"2|1|111111":627,"2|1|111110":674,"2|0|010010":12118,"2|0|011100":15267,"2|0|010011":12628,"1|1|010001":35181,"1|0|101010":44094,"1|0|101011":42080,"1|0|001010":13863,"1|1|001111":29634,"1|0|001011":17371,"1|1|001110":26474,"2|1|101011":8517,"2|1|101010":8839,"1|1|110111":16493,"1|1|110110":18471,"1|1|010010":37970,"1|1|010011":40762,"1|1|011100":63213,"2|0|010001":11461,"2|1|111001":2527,"2|1|111000":2964,"2|0|010000":10961,"1|1|011101":64937,"1|1|000011":3359,"1|1|001100":20179,"1|1|001101":23229,"2|1|101001":9380,"1|1|000010":2630,"2|1|101000":9862,"1|1|111110":3032,"1|1|111111":1356,"2|1|111010":2168,"1|1|011110":66891,"1|1|011111":67937,"2|0|010111":14817,"2|1|001000":6142,"2|1|001001":6819,"2|1|111011":1742,"2|0|010110":14177,"1|0|101111":33207,"1|1|100101":55935,"1|1|100100":57795,"1|0|101110":35005,"1|1|000000":1437,"1|1|000001":2095,"2|1|101111":6763,"2|1|101110":7108,"1|1|110010":26818,"1|1|111101":4836,"1|1|110011":24500,"1|1|111100":6692,"1|1|011000":54574,"1|1|011001":57560,"2|1|001010":7466,"2|0|010100":13166,"2|1|001011":8177,"2|0|010101":13741,"1|0|101001":46412,"1|0|101000":48854,"1|0|000110":4983,"2|0|101101":7657,"2|0|100011":12420,"2|0|101100":8177,"2|0|100010":12891,"2|1|000001":2047,"2|1|000000":1458,"1|1|111011":8525,"1|0|000111":5470,"1|1|111010":10397,"1|0|011011":61374,"2|1|110100":4518,"1|0|011010":59451,"2|1|001100":8639,"2|1|110101":4155,"2|1|001101":9253,"1|1|100001":65241,"1|1|100000":67615,"1|0|000000":1423,"2|0|101111":6653,"2|0|101110":7165,"2|1|000111":5610,"2|1|000110":4926,"1|1|111000":14691,"1|0|000001":2035,"1|1|111001":12454,"1|0|011000":55174,"2|1|001110":10011,"2|1|110111":3327,"2|1|001111":10397,"2|1|110110":3811,"1|0|011001":57174,"1|1|100111":51201,"1|1|100110":53075,"1|0|000011":3213,"1|0|001100":20593,"1|0|000010":2677,"2|0|101001":9334,"2|0|101000":9867,"1|0|001101":23108,"2|1|110001":5869,"2|1|110000":6334,"2|1|011001":15862,"2|1|011000":15268,"1|1|010100":44011,"1|1|010101":46915,"1|1|101111":33336,"1|1|101110":35352,"2|0|101010":8972,"1|0|001111":29518,"1|1|001010":13919,"1|0|001110":26345,"1|1|001011":17131,"2|0|101011":8536,"2|1|000011":3223,"2|1|000010":2704,"1|1|010110":49359,"2|1|111101":956,"2|1|110010":5313,"2|1|111100":1382,"2|1|110011":5030,"2|1|011010":16225,"2|1|011011":15880,"1|1|010111":51891,"1|1|101101":37386,"1|1|100011":60351,"1|1|101100":39880,"1|1|100010":63104,"1|0|110001":28831,"2|0|001011":8051,"2|0|001010":7536,"1|0|110000":31285,"2|0|111110":614,"2|0|111111":594,"1|1|101010":44143,"2|1|010010":11912,"2|1|011100":15369,"2|1|011101":15139,"1|0|010001":35372,"1|0|010000":32183,"2|1|010011":12406,"1|1|101011":42008,"1|0|111101":4728,"2|0|100101":11147,"2|0|100100":11873,"1|0|110010":26720,"1|0|110011":24739,"1|0|111100":6675,"2|0|110010":5367,"2|0|111101":1023,"2|0|110011":4889,"2|0|111100":1364,"2|1|011111":14215,"1|0|010111":52119,"1|0|010110":49221,"2|1|011110":14474,"1|1|101001":46457,"1|1|101000":48635,"1|0|110100":22869,"1|0|110101":20011,"2|0|100111":10182,"2|0|100110":10749,"2|1|000101":4480,"2|0|001111":10303,"2|1|000100":3920,"2|0|001110":9841,"1|0|011110":66811,"2|0|111011":1748,"2|0|111010":2131,"2|1|010111":14784,"1|0|011111":68577,"2|1|010110":14212,"1|0|110111":16289,"2|0|100001":13241,"2|0|100000":13794,"2|0|001001":6787,"2|0|001000":6188,"1|0|000101":4407,"1|0|000100":3842,"1|0|110110":18402,"1|0|010010":38317,"2|0|111000":3015,"2|0|111001":2607,"1|0|011101":65063,"2|1|010001":11474,"1|0|010011":40971,"1|0|011100":63163,"2|1|010000":10902}}
