{"probability":{"Group 13":"0.021509923716077496","Group 12":"0.030945091638259623","Group 11":"0.08069910377360959","Group 10":"0.0","Group  6":"0.00009002328553544268","Group  5":"0.0","Group  4":"0.006765941523042089","Group  3":"0.0","Group  2":"0.00020541428374647175","Group  1":"0.000017383862440096795","Group  9":"0.0018756353413524093","Group  8":"0.0005130768197312105","Group  7":"0.8573784057562056"},"groups":{"Group 13":["Botan 1.5.6 & 1.11.29 & 2.1.0","Feitian JavaCOS A22 & A40","Gemalto GCX4 72K","HSM SafeNet Luna SA-1700","LibTomCrypt 1.17","Libgcrypt 1.6.0 & 1.6.5 & 1.7.6","Libgcrypt 1.6.0 FIPS & 1.6.5 FIPS","Nettle 3.2 & 3.3","Oberthur Cosmo 64","OpenSSL FIPS 2.0.12 & 2.0.14","PGPSDK 4","WolfSSL 2.0rc1 & 3.9.0 & 3.10.2","cryptlib 3.4.3 & 3.4.3.1"],"Group 12":["Bouncy Castle 1.53 (Java)","Cryptix JCE 20050328","FlexiProvider 1.7p7","HSM Utimaco Security Server Se50","Nettle 2.0","PolarSSL 0.10.0","PuTTY 0.67","SunRsaSign OpenJDK 1.8.0","mbedTLS 1.3.19 & 2.2.1 & 2.4.2"],"Group 11":["Bouncy Castle 1.54 (Java)","Crypto++ 5.6.0 & 5.6.3 & 5.6.5","Libgcrypt 1.7.6 FIPS","Microsoft CryptoAPI & CNG & .NET"],"Group 10":["NXP J2D081 & J2E145G","YubiKey NEO"],"Group  6":["Oberthur Cosmo Dual 72K"],"Group  5":["NXP J2A080 & J2A081 & J3A081 & JCOP 41 V2.2.1"],"Group  4":["Gemalto GXP E64"],"Group  3":["GNU Crypto 2.0.1"],"Group  2":["G&D SmartCafe 4.x & 6.0"],"Group  1":["G&D SmartCafe 3.2"],"Group  9":["Infineon JTOP 80K","YubiKey 4 & 4 Nano"],"Group  8":["PGPSDK 4 FIPS"],"Group  7":["OpenSSL 0.9.7 & 1.0.2g & 1.0.2k & 1.1.0e"]},"frequencies":{"1|1|000110":141,"2|1|100011":249,"2|1|101101":132,"1|1|000111":142,"2|1|101100":142,"2|1|100010":247,"2|0|000000":87,"2|0|000001":95,"1|0|111010":774,"1|0|111011":633,"1|1|011010":4245,"1|1|011011":4439,"2|0|110100":83,"2|0|110101":83,"1|0|100001":4993,"1|0|100000":5172,"2|1|100000":290,"1|1|000100":123,"2|1|100001":270,"2|0|000011":92,"2|0|001101":196,"2|0|001100":204,"2|0|000010":98,"1|1|000101":139,"2|1|010101":285,"2|0|011010":336,"2|1|010100":292,"2|0|011011":307,"1|0|100010":4782,"1|0|101100":2991,"1|0|101101":2782,"1|0|100011":4549,"2|1|100110":222,"1|1|110101":1545,"2|1|100111":187,"2|0|000101":123,"2|0|000100":85,"1|0|111110":215,"1|1|110100":1650,"1|0|111111":59,"1|0|100101":4121,"2|0|110001":114,"2|0|110000":123,"1|0|010101":3263,"1|0|010100":2979,"2|0|011001":327,"2|0|011000":321,"1|0|100100":4266,"2|1|100100":223,"2|1|100101":222,"2|0|000110":155,"2|0|000111":165,"1|0|111000":1113,"1|0|111001":880,"2|0|110111":71,"2|0|110110":80,"2|0|011111":304,"2|0|011110":326,"1|0|100111":3885,"1|0|100110":4011,"1|1|001001":536,"1|0|001001":544,"1|0|001000":273,"1|1|001000":298,"1|1|110001":2127,"1|1|110000":2333,"1|1|010000":2190,"2|0|011101":286,"2|1|111111":5,"2|1|111110":5,"2|0|010010":269,"2|0|011100":313,"2|0|010011":267,"1|1|010001":2390,"1|0|101010":3327,"1|0|101011":3235,"1|0|001010":787,"1|1|001111":1887,"1|0|001011":1002,"1|1|001110":1713,"2|1|101011":146,"2|1|101010":184,"1|1|110111":1192,"1|1|110110":1365,"1|1|010010":2482,"1|1|010011":2744,"1|1|011100":4527,"2|0|010001":238,"2|1|111001":48,"2|1|111000":63,"2|0|010000":206,"1|1|011101":4867,"1|1|000011":92,"1|1|001100":1191,"1|1|001101":1516,"2|1|101001":172,"1|1|000010":117,"2|1|101000":205,"1|1|111110":234,"1|1|111111":65,"2|1|111010":32,"1|1|011110":4931,"1|1|011111":5127,"2|0|010111":306,"2|1|001000":160,"2|1|001001":184,"2|1|111011":33,"2|0|010110":307,"1|0|101111":2399,"1|1|100101":4131,"1|1|100100":4407,"1|0|101110":2633,"1|1|000000":75,"1|1|000001":96,"2|1|101111":148,"2|1|101110":151,"1|1|110010":1961,"1|1|111101":357,"1|1|110011":1878,"1|1|111100":512,"1|1|011000":3926,"1|1|011001":3970,"2|1|001010":174,"2|0|010100":265,"2|1|001011":210,"2|0|010101":294,"1|0|101001":3362,"1|0|101000":3696,"1|0|000110":127,"2|0|101101":151,"2|0|100011":248,"2|0|101100":169,"2|0|100010":244,"2|1|000001":92,"2|1|000000":78,"1|1|111011":638,"1|0|000111":132,"1|1|111010":807,"1|0|011011":4405,"2|1|110100":91,"1|0|011010":4241,"2|1|001100":229,"2|1|110101":77,"2|1|001101":214,"1|1|100001":4915,"1|1|100000":5036,"1|0|000000":73,"2|0|101111":130,"2|0|101110":120,"2|1|000111":172,"2|1|000110":128,"1|1|111000":1131,"1|0|000001":108,"1|1|111001":965,"1|0|011000":3768,"2|1|001110":237,"2|1|110111":66,"2|1|001111":225,"2|1|110110":72,"1|0|011001":3929,"1|1|100111":3904,"1|1|100110":4181,"1|0|000011":101,"1|0|001100":1219,"1|0|000010":89,"2|0|101001":196,"2|0|101000":174,"1|0|001101":1527,"2|1|110001":118,"2|1|110000":115,"2|1|011001":314,"2|1|011000":336,"1|1|010100":3000,"1|1|010101":3180,"1|1|101111":2520,"1|1|101110":2622,"2|0|101010":165,"1|0|001111":1914,"1|1|001010":774,"1|0|001110":1734,"1|1|001011":1040,"2|0|101011":149,"2|1|000011":122,"2|1|000010":101,"1|1|010110":3342,"2|1|111101":26,"2|1|110010":102,"2|1|111100":23,"2|1|110011":94,"2|1|011010":323,"2|1|011011":328,"1|1|010111":3652,"1|1|101101":2894,"1|1|100011":4532,"1|1|101100":2947,"1|1|100010":4722,"1|0|110001":2102,"2|0|001011":187,"2|0|001010":168,"1|0|110000":2291,"2|0|111110":11,"1|1|101010":3356,"2|1|010010":286,"2|1|011100":299,"2|1|011101":287,"1|0|010001":2301,"1|0|010000":2051,"2|1|010011":271,"1|1|101011":3079,"1|0|111101":359,"2|0|100101":236,"2|0|100100":223,"1|0|110010":2048,"1|0|110011":1834,"1|0|111100":513,"2|0|110010":122,"2|0|111101":20,"2|0|110011":103,"2|0|111100":26,"2|1|011111":283,"1|0|010111":3623,"1|0|010110":3414,"2|1|011110":297,"1|1|101001":3484,"1|1|101000":3750,"1|0|110100":1743,"1|0|110101":1603,"2|0|100111":222,"2|0|100110":212,"2|1|000101":129,"2|0|001111":251,"2|1|000100":126,"2|0|001110":237,"1|0|011110":4990,"2|0|111011":36,"2|0|111010":34,"2|1|010111":295,"1|0|011111":5154,"2|1|010110":328,"1|0|110111":1260,"2|0|100001":269,"2|0|100000":293,"2|0|001001":176,"2|0|001000":158,"1|0|000101":128,"1|0|000100":122,"1|0|110110":1380,"1|0|010010":2604,"2|0|111000":55,"2|0|111001":59,"1|0|011101":4788,"2|1|010001":238,"1|0|010011":2781,"1|0|011100":4651,"2|1|010000":235}}
