{"probability":{"Group 13":"0.19297229986392245","Group 12":"0.21520221617769084","Group 11":"0.027477739084735997","Group 10":"0.0009483489634862035","Group  6":"0.0","Group  5":"0.0006943535182137731","Group  4":"0.010617578821751447","Group  3":"0.0","Group  2":"0.0","Group  1":"0.0","Group  9":"0.0014849316255551657","Group  8":"0.005874989446206271","Group  7":"0.5447275424984378"},"groups":{"Group 13":["Botan 1.5.6 & 1.11.29 & 2.1.0","Feitian JavaCOS A22 & A40","Gemalto GCX4 72K","HSM SafeNet Luna SA-1700","LibTomCrypt 1.17","Libgcrypt 1.6.0 & 1.6.5 & 1.7.6","Libgcrypt 1.6.0 FIPS & 1.6.5 FIPS","Nettle 3.2 & 3.3","Oberthur Cosmo 64","OpenSSL FIPS 2.0.12 & 2.0.14","PGPSDK 4","WolfSSL 2.0rc1 & 3.9.0 & 3.10.2","cryptlib 3.4.3 & 3.4.3.1"],"Group 12":["Bouncy Castle 1.53 (Java)","Cryptix JCE 20050328","FlexiProvider 1.7p7","HSM Utimaco Security Server Se50","Nettle 2.0","PolarSSL 0.10.0","PuTTY 0.67","SunRsaSign OpenJDK 1.8.0","mbedTLS 1.3.19 & 2.2.1 & 2.4.2"],"Group 11":["Bouncy Castle 1.54 (Java)","Crypto++ 5.6.0 & 5.6.3 & 5.6.5","Libgcrypt 1.7.6 FIPS","Microsoft CryptoAPI & CNG & .NET"],"Group 10":["NXP J2D081 & J2E145G","YubiKey NEO"],"Group  6":["Oberthur Cosmo Dual 72K"],"Group  5":["NXP J2A080 & J2A081 & J3A081 & JCOP 41 V2.2.1"],"Group  4":["Gemalto GXP E64"],"Group  3":["GNU Crypto 2.0.1"],"Group  2":["G&D SmartCafe 4.x & 6.0"],"Group  1":["G&D SmartCafe 3.2"],"Group  9":["Infineon JTOP 80K","YubiKey 4 & 4 Nano"],"Group  8":["PGPSDK 4 FIPS"],"Group  7":["OpenSSL 0.9.7 & 1.0.2g & 1.0.2k & 1.1.0e"]},"frequencies":{"1|1|000110":1961,"2|1|100011":2667,"2|1|101101":1632,"1|1|000111":1773,"2|1|101100":1716,"2|1|100010":2913,"2|0|000000":2079,"2|0|000001":1962,"1|0|111010":2108,"1|0|111011":1717,"1|1|011010":11461,"1|1|011011":11998,"2|0|110100":970,"2|0|110101":900,"1|0|100001":13039,"1|0|100000":13614,"2|1|100000":3069,"1|1|000100":2009,"2|1|100001":2980,"2|0|000011":1942,"2|0|001101":2207,"2|0|001100":2206,"2|0|000010":1954,"1|1|000101":1956,"2|1|010101":2699,"2|0|011010":2945,"2|1|010100":2605,"2|0|011011":2942,"1|0|100010":12494,"1|0|101100":7920,"1|0|101101":7226,"1|0|100011":12095,"2|1|100110":2405,"1|1|110101":4034,"2|1|100111":2222,"2|0|000101":1913,"2|0|000100":1924,"1|0|111110":565,"1|1|110100":4455,"1|0|111111":182,"1|0|100101":11028,"2|0|110001":1229,"2|0|110000":1344,"1|0|010101":9185,"1|0|010100":8645,"2|0|011001":2897,"2|0|011000":2742,"1|0|100100":11415,"2|1|100100":2615,"2|1|100101":2360,"2|0|000110":1923,"2|0|000111":1867,"1|0|111000":2901,"1|0|111001":2490,"2|0|110111":702,"2|0|110110":818,"2|0|011111":3158,"2|0|011110":2964,"1|0|100111":10300,"1|0|100110":10686,"1|1|001001":2690,"1|0|001001":2767,"1|0|001000":2172,"1|1|001000":2171,"1|1|110001":5708,"1|1|110000":6061,"1|1|010000":6566,"2|0|011101":3015,"2|1|111111":33,"2|1|111110":119,"2|0|010010":2505,"2|0|011100":3017,"2|0|010011":2621,"1|1|010001":7011,"1|0|101010":8808,"1|0|101011":8144,"1|0|001010":3292,"1|1|001111":6006,"1|0|001011":3920,"1|1|001110":5395,"2|1|101011":1811,"2|1|101010":1927,"1|1|110111":3304,"1|1|110110":3620,"1|1|010010":7642,"1|1|010011":7981,"1|1|011100":12230,"2|0|010001":2555,"2|1|111001":566,"2|1|111000":624,"2|0|010000":2499,"1|1|011101":12492,"1|1|000011":1943,"1|1|001100":4485,"1|1|001101":5090,"2|1|101001":1933,"1|1|000010":2064,"2|1|101000":2174,"1|1|111110":586,"1|1|111111":186,"2|1|111010":459,"1|1|011110":13194,"1|1|011111":13528,"2|0|010111":2860,"2|1|001000":1888,"2|1|001001":1929,"2|1|111011":366,"2|0|010110":2692,"1|0|101111":6588,"1|1|100101":11061,"1|1|100100":11642,"1|0|101110":6957,"1|1|000000":2061,"1|1|000001":2055,"2|1|101111":1462,"2|1|101110":1477,"1|1|110010":5355,"1|1|111101":905,"1|1|110011":5020,"1|1|111100":1287,"1|1|011000":10679,"1|1|011001":11002,"2|1|001010":2022,"2|0|010100":2744,"2|1|001011":2129,"2|0|010101":2790,"1|0|101001":9008,"1|0|101000":9679,"1|0|000110":1979,"2|0|101101":1605,"2|0|100011":2737,"2|0|101100":1728,"2|0|100010":2840,"2|1|000001":1994,"2|1|000000":2128,"1|1|111011":1712,"1|0|000111":1888,"1|1|111010":2064,"1|0|011011":11950,"2|1|110100":1032,"1|0|011010":11551,"2|1|001100":2127,"2|1|110101":894,"2|1|001101":2319,"1|1|100001":13246,"1|1|100000":13572,"1|0|000000":2216,"2|0|101111":1447,"2|0|101110":1490,"2|1|000111":1833,"2|1|000110":1880,"1|1|111000":2901,"1|0|000001":2014,"1|1|111001":2532,"1|0|011000":10469,"2|1|001110":2385,"2|1|110111":703,"2|1|001111":2408,"2|1|110110":840,"1|0|011001":11196,"1|1|100111":10185,"1|1|100110":10729,"1|0|000011":1994,"1|0|001100":4589,"1|0|000010":1954,"2|0|101001":1969,"2|0|101000":2155,"1|0|001101":5043,"2|1|110001":1146,"2|1|110000":1339,"2|1|011001":2939,"2|1|011000":2834,"1|1|010100":8578,"1|1|010101":9067,"1|1|101111":6627,"1|1|101110":6842,"2|0|101010":1910,"1|0|001111":6144,"1|1|001010":3317,"1|0|001110":5566,"1|1|001011":3942,"2|0|101011":1793,"2|1|000011":2005,"2|1|000010":2073,"1|1|010110":9726,"2|1|111101":177,"2|1|110010":1167,"2|1|111100":274,"2|1|110011":1114,"2|1|011010":2898,"2|1|011011":2926,"1|1|010111":10036,"1|1|101101":7354,"1|1|100011":12376,"1|1|101100":7853,"1|1|100010":12557,"1|0|110001":5732,"2|0|001011":2099,"2|0|001010":2062,"1|0|110000":6144,"2|0|111110":126,"2|0|111111":36,"1|1|101010":8615,"2|1|010010":2444,"2|1|011100":2985,"2|1|011101":2938,"1|0|010001":7245,"1|0|010000":6519,"2|1|010011":2641,"1|1|101011":8165,"1|0|111101":929,"2|0|100101":2431,"2|0|100100":2557,"1|0|110010":5400,"1|0|110011":4953,"1|0|111100":1338,"2|0|110010":1182,"2|0|111101":216,"2|0|110011":1028,"2|0|111100":263,"2|1|011111":3191,"1|0|010111":10015,"1|0|010110":9626,"2|1|011110":3063,"1|1|101001":9055,"1|1|101000":9649,"1|0|110100":4553,"1|0|110101":4054,"2|0|100111":2251,"2|0|100110":2400,"2|1|000101":1878,"2|0|001111":2346,"2|1|000100":1947,"2|0|001110":2344,"1|0|011110":13136,"2|0|111011":395,"2|0|111010":415,"2|1|010111":2781,"1|0|011111":13527,"2|1|010110":2757,"1|0|110111":3257,"2|0|100001":3020,"2|0|100000":3110,"2|0|001001":1934,"2|0|001000":1891,"1|0|000101":1984,"1|0|000100":1944,"1|0|110110":3652,"1|0|010010":7642,"2|0|111000":600,"2|0|111001":507,"1|0|011101":12546,"2|1|010001":2502,"1|0|010011":8213,"1|0|011100":12376,"2|1|010000":2417}}
