{"probability":{"Group 13":"0.0","Group 12":"0.44541269917843096","Group 11":"0.006543901115155595","Group 10":"0.000006659921710724008","Group  6":"0.0","Group  5":"0.0016327602852717516","Group  4":"0.023514327212459593","Group  3":"0.0","Group  2":"0.00017587283357178683","Group  1":"0.0","Group  9":"0.003546434491441554","Group  8":"0.0","Group  7":"0.5191673449619578"},"groups":{"Group 13":["Botan 1.5.6 & 1.11.29 & 2.1.0","Feitian JavaCOS A22 & A40","Gemalto GCX4 72K","HSM SafeNet Luna SA-1700","LibTomCrypt 1.17","Libgcrypt 1.6.0 & 1.6.5 & 1.7.6","Libgcrypt 1.6.0 FIPS & 1.6.5 FIPS","Nettle 3.2 & 3.3","Oberthur Cosmo 64","OpenSSL FIPS 2.0.12 & 2.0.14","PGPSDK 4","WolfSSL 2.0rc1 & 3.9.0 & 3.10.2","cryptlib 3.4.3 & 3.4.3.1"],"Group 12":["Bouncy Castle 1.53 (Java)","Cryptix JCE 20050328","FlexiProvider 1.7p7","HSM Utimaco Security Server Se50","Nettle 2.0","PolarSSL 0.10.0","PuTTY 0.67","SunRsaSign OpenJDK 1.8.0","mbedTLS 1.3.19 & 2.2.1 & 2.4.2"],"Group 11":["Bouncy Castle 1.54 (Java)","Crypto++ 5.6.0 & 5.6.3 & 5.6.5","Libgcrypt 1.7.6 FIPS","Microsoft CryptoAPI & CNG & .NET"],"Group 10":["NXP J2D081 & J2E145G","YubiKey NEO"],"Group  6":["Oberthur Cosmo Dual 72K"],"Group  5":["NXP J2A080 & J2A081 & J3A081 & JCOP 41 V2.2.1"],"Group  4":["Gemalto GXP E64"],"Group  3":["GNU Crypto 2.0.1"],"Group  2":["G&D SmartCafe 4.x & 6.0"],"Group  1":["G&D SmartCafe 3.2"],"Group  9":["Infineon JTOP 80K","YubiKey 4 & 4 Nano"],"Group  8":["PGPSDK 4 FIPS"],"Group  7":["OpenSSL 0.9.7 & 1.0.2g & 1.0.2k & 1.1.0e"]},"frequencies":{"1|1|000110":9132,"2|1|100011":4188,"2|1|101101":2301,"1|1|000111":8934,"2|1|101100":2510,"2|1|100010":4440,"2|0|000000":10039,"2|0|000001":9650,"1|0|111010":4416,"1|0|111011":3572,"1|1|011010":25638,"1|1|011011":26542,"2|0|110100":1385,"2|0|110101":1205,"1|0|100001":28254,"1|0|100000":29211,"2|1|100000":4870,"1|1|000100":9322,"2|1|100001":4629,"2|0|000011":9353,"2|0|001101":8212,"2|0|001100":8368,"2|0|000010":9634,"1|1|000101":9383,"2|1|010101":7081,"2|0|011010":6088,"2|1|010100":7218,"2|0|011011":5794,"1|0|100010":26767,"1|0|101100":16682,"1|0|101101":15590,"1|0|100011":25950,"2|1|100110":3570,"1|1|110101":8471,"2|1|100111":3407,"2|0|000101":9320,"2|0|000100":9321,"1|0|111110":1139,"1|1|110100":9393,"1|0|111111":394,"1|0|100101":23686,"2|0|110001":1709,"2|0|110000":1898,"1|0|010101":21886,"1|0|010100":20934,"2|0|011001":6214,"2|0|011000":6462,"1|0|100100":24752,"2|1|100100":3926,"2|1|100101":3781,"2|0|000110":9058,"2|0|000111":9089,"1|0|111000":6009,"1|0|111001":5187,"2|0|110111":931,"2|0|110110":1078,"2|0|011111":5105,"2|0|011110":5303,"1|0|100111":21654,"1|0|100110":22686,"1|1|001001":10606,"1|0|001001":10650,"1|0|001000":9565,"1|1|001000":9483,"1|1|110001":12125,"1|1|110000":13216,"1|1|010000":17450,"2|0|011101":5453,"2|1|111111":49,"2|1|111110":144,"2|0|010010":7572,"2|0|011100":5552,"2|0|010011":7404,"1|1|010001":18391,"1|0|101010":18635,"1|0|101011":17778,"1|0|001010":11599,"1|1|001111":16730,"1|0|001011":12693,"1|1|001110":15574,"2|1|101011":2711,"2|1|101010":2874,"1|1|110111":6809,"1|1|110110":7751,"1|1|010010":19208,"1|1|010011":20207,"1|1|011100":27022,"2|0|010001":7730,"2|1|111001":734,"2|1|111000":766,"2|0|010000":7946,"1|1|011101":27561,"1|1|000011":9468,"1|1|001100":13559,"1|1|001101":14605,"2|1|101001":2964,"1|1|000010":9686,"2|1|101000":3155,"1|1|111110":1156,"1|1|111111":359,"2|1|111010":626,"1|1|011110":28476,"1|1|011111":29371,"2|0|010111":6749,"2|1|001000":8835,"2|1|001001":8751,"2|1|111011":516,"2|0|010110":6877,"1|0|101111":14019,"1|1|100101":23862,"1|1|100100":24944,"1|0|101110":14949,"1|1|000000":10048,"1|1|000001":9896,"2|1|101111":2110,"2|1|101110":2185,"1|1|110010":11173,"1|1|111101":2023,"1|1|110011":10251,"1|1|111100":2701,"1|1|011000":24258,"1|1|011001":24829,"2|1|001010":8726,"2|0|010100":7367,"2|1|001011":8392,"2|0|010101":7048,"1|0|101001":19558,"1|0|101000":20544,"1|0|000110":9206,"2|0|101101":2425,"2|0|100011":4136,"2|0|101100":2571,"2|0|100010":4424,"2|1|000001":9777,"2|1|000000":10096,"1|1|111011":3603,"1|0|000111":9077,"1|1|111010":4430,"1|0|011011":26515,"2|1|110100":1384,"1|0|011010":25775,"2|1|001100":8400,"2|1|110101":1173,"2|1|001101":8318,"1|1|100001":27946,"1|1|100000":29234,"1|0|000000":9894,"2|0|101111":2096,"2|0|101110":2042,"2|1|000111":8721,"2|1|000110":9040,"1|1|111000":5987,"1|0|000001":9944,"1|1|111001":5109,"1|0|011000":24094,"2|1|001110":8232,"2|1|110111":979,"2|1|001111":8207,"2|1|110110":1018,"1|0|011001":24743,"1|1|100111":21534,"1|1|100110":22916,"1|0|000011":9578,"1|0|001100":13654,"1|0|000010":9623,"2|0|101001":2987,"2|0|101000":3347,"1|0|001101":14514,"2|1|110001":1721,"2|1|110000":1906,"2|1|011001":6278,"2|1|011000":6605,"1|1|010100":21007,"1|1|010101":21780,"1|1|101111":13903,"1|1|101110":14554,"2|0|101010":2684,"1|0|001111":16556,"1|1|001010":11582,"1|0|001110":15188,"1|1|001011":12506,"2|0|101011":2622,"2|1|000011":9488,"2|1|000010":9690,"1|1|010110":22814,"2|1|111101":271,"2|1|110010":1562,"2|1|111100":365,"2|1|110011":1539,"2|1|011010":5999,"2|1|011011":5679,"1|1|010111":23455,"1|1|101101":15866,"1|1|100011":26024,"1|1|101100":16757,"1|1|100010":27027,"1|0|110001":12055,"2|0|001011":8492,"2|0|001010":8637,"1|0|110000":12988,"2|0|111110":155,"2|0|111111":47,"1|1|101010":18716,"2|1|010010":7572,"2|1|011100":5715,"2|1|011101":5391,"1|0|010001":18220,"1|0|010000":17531,"2|1|010011":7405,"1|1|101011":17566,"1|0|111101":2017,"2|0|100101":3799,"2|0|100100":3948,"1|0|110010":11187,"1|0|110011":10410,"1|0|111100":2791,"2|0|110010":1527,"2|0|111101":287,"2|0|110011":1475,"2|0|111100":362,"2|1|011111":5039,"1|0|010111":23566,"1|0|010110":22594,"2|1|011110":5292,"1|1|101001":19616,"1|1|101000":20688,"1|0|110100":9621,"1|0|110101":8405,"2|0|100111":3335,"2|0|100110":3443,"2|1|000101":9255,"2|0|001111":8035,"2|1|000100":9440,"2|0|001110":8117,"1|0|011110":28755,"2|0|111011":551,"2|0|111010":578,"2|1|010111":6577,"1|0|011111":29272,"2|1|010110":6777,"1|0|110111":6757,"2|0|100001":4619,"2|0|100000":4910,"2|0|001001":8625,"2|0|001000":8842,"1|0|000101":9160,"1|0|000100":9437,"1|0|110110":7800,"1|0|010010":19521,"2|0|111000":819,"2|0|111001":709,"1|0|011101":27751,"2|1|010001":7752,"1|0|010011":19968,"1|0|011100":27300,"2|1|010000":7844}}
