{"probability":{"Group 13":"0.026689309043657065","Group 12":"0.027032459558762097","Group 11":"0.38232842999735367","Group 10":"0.0","Group  6":"0.0","Group  5":"0.0","Group  4":"0.0017383856981518819","Group  3":"0.0","Group  2":"0.0","Group  1":"0.0","Group  9":"0.00025302507697765806","Group  8":"0.00838008241622339","Group  7":"0.5535783082088741"},"groups":{"Group 13":["Botan 1.5.6 & 1.11.29 & 2.1.0","Feitian JavaCOS A22 & A40","Gemalto GCX4 72K","HSM SafeNet Luna SA-1700","LibTomCrypt 1.17","Libgcrypt 1.6.0 & 1.6.5 & 1.7.6","Libgcrypt 1.6.0 FIPS & 1.6.5 FIPS","Nettle 3.2 & 3.3","Oberthur Cosmo 64","OpenSSL FIPS 2.0.12 & 2.0.14","PGPSDK 4","WolfSSL 2.0rc1 & 3.9.0 & 3.10.2","cryptlib 3.4.3 & 3.4.3.1"],"Group 12":["Bouncy Castle 1.53 (Java)","Cryptix JCE 20050328","FlexiProvider 1.7p7","HSM Utimaco Security Server Se50","Nettle 2.0","PolarSSL 0.10.0","PuTTY 0.67","SunRsaSign OpenJDK 1.8.0","mbedTLS 1.3.19 & 2.2.1 & 2.4.2"],"Group 11":["Bouncy Castle 1.54 (Java)","Crypto++ 5.6.0 & 5.6.3 & 5.6.5","Libgcrypt 1.7.6 FIPS","Microsoft CryptoAPI & CNG & .NET"],"Group 10":["NXP J2D081 & J2E145G","YubiKey NEO"],"Group  6":["Oberthur Cosmo Dual 72K"],"Group  5":["NXP J2A080 & J2A081 & J3A081 & JCOP 41 V2.2.1"],"Group  4":["Gemalto GXP E64"],"Group  3":["GNU Crypto 2.0.1"],"Group  2":["G&D SmartCafe 4.x & 6.0"],"Group  1":["G&D SmartCafe 3.2"],"Group  9":["Infineon JTOP 80K","YubiKey 4 & 4 Nano"],"Group  8":["PGPSDK 4 FIPS"],"Group  7":["OpenSSL 0.9.7 & 1.0.2g & 1.0.2k & 1.1.0e"]},"frequencies":{"1|1|000110":4637,"2|1|100011":11326,"2|1|101101":7092,"1|1|000111":5246,"2|1|101100":7424,"2|1|100010":11964,"2|0|000000":1360,"2|0|000001":1896,"1|0|111010":8619,"1|0|111011":7131,"1|1|011010":50199,"1|1|011011":51467,"2|0|110100":4252,"2|0|110101":3857,"1|0|100001":54052,"1|0|100000":56062,"2|1|100000":12922,"1|1|000100":3620,"2|1|100001":12428,"2|0|000011":3027,"2|0|001101":8701,"2|0|001100":8006,"2|0|000010":2554,"1|1|000101":4212,"2|1|010101":12742,"2|0|011010":14879,"2|1|010100":12270,"2|0|011011":14841,"1|0|100010":52238,"1|0|101100":32964,"1|0|101101":30839,"1|0|100011":49919,"2|1|100110":10033,"1|1|110101":17211,"2|1|100111":9685,"2|0|000101":4137,"2|0|000100":3636,"1|0|111110":2402,"1|1|110100":18488,"1|0|111111":1205,"1|0|100101":46080,"2|0|110001":5404,"2|0|110000":5842,"1|0|010101":38985,"1|0|010100":36888,"2|0|011001":14645,"2|0|011000":14182,"1|0|100100":48269,"2|1|100100":11013,"2|1|100101":10401,"2|0|000110":4677,"2|0|000111":5110,"1|0|111000":11904,"1|0|111001":10364,"2|0|110111":3042,"2|0|110110":3543,"2|0|011111":13137,"2|0|011110":13683,"1|0|100111":42174,"1|0|100110":44117,"1|1|001001":9541,"1|0|001001":9466,"1|0|001000":6827,"1|1|001000":6940,"1|1|110001":24037,"1|1|110000":25618,"1|1|010000":27231,"2|0|011101":13917,"2|1|111111":555,"2|1|111110":626,"2|0|010010":11345,"2|0|011100":14326,"2|0|010011":11535,"1|1|010001":29523,"1|0|101010":36498,"1|0|101011":34871,"1|0|001010":12126,"1|1|001111":25042,"1|0|001011":14946,"1|1|001110":22559,"2|1|101011":7899,"2|1|101010":8159,"1|1|110111":13671,"1|1|110110":15220,"1|1|010010":32193,"1|1|010011":34545,"1|1|011100":52606,"2|0|010001":10680,"2|1|111001":2309,"2|1|111000":2713,"2|0|010000":10132,"1|1|011101":53740,"1|1|000011":3124,"1|1|001100":17223,"1|1|001101":19802,"2|1|101001":8623,"1|1|000010":2496,"2|1|101000":9057,"1|1|111110":2504,"1|1|111111":1214,"2|1|111010":1979,"1|1|011110":55499,"1|1|011111":56361,"2|0|010111":13748,"2|1|001000":5681,"2|1|001001":6309,"2|1|111011":1621,"2|0|010110":13227,"1|0|101111":27637,"1|1|100101":46264,"1|1|100100":48213,"1|0|101110":29135,"1|1|000000":1390,"1|1|000001":1987,"2|1|101111":6310,"2|1|101110":6516,"1|1|110010":22012,"1|1|111101":4049,"1|1|110011":20488,"1|1|111100":5479,"1|1|011000":45794,"1|1|011001":48411,"2|1|001010":7020,"2|0|010100":12258,"2|1|001011":7562,"2|0|010101":12767,"1|0|101001":38167,"1|0|101000":40303,"1|0|000110":4587,"2|0|101101":7140,"2|0|100011":11365,"2|0|101100":7518,"2|0|100010":11819,"2|1|000001":1967,"2|1|000000":1428,"1|1|111011":6947,"1|0|000111":5166,"1|1|111010":8701,"1|0|011011":51352,"2|1|110100":4173,"1|0|011010":50081,"2|1|001100":8047,"2|1|110101":3901,"2|1|001101":8631,"1|1|100001":54244,"1|1|100000":56335,"1|0|000000":1347,"2|0|101111":6317,"2|0|101110":6604,"2|1|000111":5178,"2|1|000110":4589,"1|1|111000":12143,"1|0|000001":1920,"1|1|111001":10231,"1|0|011000":46004,"2|1|001110":9251,"2|1|110111":3021,"2|1|001111":9688,"2|1|110110":3481,"1|0|011001":48023,"1|1|100111":42326,"1|1|100110":44073,"1|0|000011":3048,"1|0|001100":17273,"1|0|000010":2513,"2|0|101001":8738,"2|0|101000":9208,"1|0|001101":19670,"2|1|110001":5313,"2|1|110000":5774,"2|1|011001":14713,"2|1|011000":14084,"1|1|010100":36784,"1|1|010101":39462,"1|1|101111":27318,"1|1|101110":29287,"2|0|101010":8210,"1|0|001111":24810,"1|1|001010":12171,"1|0|001110":22516,"1|1|001011":14895,"2|0|101011":7977,"2|1|000011":3029,"2|1|000010":2569,"1|1|010110":41324,"2|1|111101":920,"2|1|110010":5025,"2|1|111100":1302,"2|1|110011":4606,"2|1|011010":15225,"2|1|011011":14628,"1|1|010111":43407,"1|1|101101":30781,"1|1|100011":50187,"1|1|101100":33007,"1|1|100010":52273,"1|0|110001":23787,"2|0|001011":7626,"2|0|001010":6959,"1|0|110000":25898,"2|0|111110":592,"2|0|111111":575,"1|1|101010":36785,"2|1|010010":11036,"2|1|011100":14188,"2|1|011101":13894,"1|0|010001":29804,"1|0|010000":27507,"2|1|010011":11530,"1|1|101011":35119,"1|0|111101":3960,"2|0|100101":10342,"2|0|100100":10911,"1|0|110010":21965,"1|0|110011":20448,"1|0|111100":5525,"2|0|110010":5036,"2|0|111101":925,"2|0|110011":4587,"2|0|111100":1275,"2|1|011111":13167,"1|0|010111":43427,"1|0|010110":41434,"2|1|011110":13486,"1|1|101001":38545,"1|1|101000":40459,"1|0|110100":18806,"1|0|110101":16737,"2|0|100111":9325,"2|0|100110":10009,"2|1|000101":4170,"2|0|001111":9565,"2|1|000100":3566,"2|0|001110":9169,"1|0|011110":55536,"2|0|111011":1633,"2|0|111010":1926,"2|1|010111":13772,"1|0|011111":56362,"2|1|010110":13079,"1|0|110111":13597,"2|0|100001":12264,"2|0|100000":12617,"2|0|001001":6304,"2|0|001000":5737,"1|0|000101":4152,"1|0|000100":3563,"1|0|110110":15340,"1|0|010010":32171,"2|0|111000":2853,"2|0|111001":2452,"1|0|011101":54191,"2|1|010001":10638,"1|0|010011":34364,"1|0|011100":52341,"2|1|010000":10094}}
