{"probability":{"Group 13":"0.11792170330997473","Group 12":"0.3421180871106846","Group 11":"0.05520168498885797","Group 10":"0.0","Group  6":"0.0","Group  5":"0.0013097776262188084","Group  4":"0.012431356335471938","Group  3":"0.0","Group  2":"0.0","Group  1":"0.0","Group  9":"0.0011727360978053792","Group  8":"0.0","Group  7":"0.46984465453098645"},"groups":{"Group 13":["Botan 1.5.6 & 1.11.29 & 2.1.0","Feitian JavaCOS A22 & A40","Gemalto GCX4 72K","HSM SafeNet Luna SA-1700","LibTomCrypt 1.17","Libgcrypt 1.6.0 & 1.6.5 & 1.7.6","Libgcrypt 1.6.0 FIPS & 1.6.5 FIPS","Nettle 3.2 & 3.3","Oberthur Cosmo 64","OpenSSL FIPS 2.0.12 & 2.0.14","PGPSDK 4","WolfSSL 2.0rc1 & 3.9.0 & 3.10.2","cryptlib 3.4.3 & 3.4.3.1"],"Group 12":["Bouncy Castle 1.53 (Java)","Cryptix JCE 20050328","FlexiProvider 1.7p7","HSM Utimaco Security Server Se50","Nettle 2.0","PolarSSL 0.10.0","PuTTY 0.67","SunRsaSign OpenJDK 1.8.0","mbedTLS 1.3.19 & 2.2.1 & 2.4.2"],"Group 11":["Bouncy Castle 1.54 (Java)","Crypto++ 5.6.0 & 5.6.3 & 5.6.5","Libgcrypt 1.7.6 FIPS","Microsoft CryptoAPI & CNG & .NET"],"Group 10":["NXP J2D081 & J2E145G","YubiKey NEO"],"Group  6":["Oberthur Cosmo Dual 72K"],"Group  5":["NXP J2A080 & J2A081 & J3A081 & JCOP 41 V2.2.1"],"Group  4":["Gemalto GXP E64"],"Group  3":["GNU Crypto 2.0.1"],"Group  2":["G&D SmartCafe 4.x & 6.0"],"Group  1":["G&D SmartCafe 3.2"],"Group  9":["Infineon JTOP 80K","YubiKey 4 & 4 Nano"],"Group  8":["PGPSDK 4 FIPS"],"Group  7":["OpenSSL 0.9.7 & 1.0.2g & 1.0.2k & 1.1.0e"]},"frequencies":{"1|1|000110":5164,"2|1|100011":4638,"2|1|101101":2760,"1|1|000111":5102,"2|1|101100":2964,"2|1|100010":4945,"2|0|000000":5710,"2|0|000001":5658,"1|0|111010":3261,"1|0|111011":2578,"1|1|011010":18782,"1|1|011011":19093,"2|0|110100":1650,"2|0|110101":1368,"1|0|100001":20804,"1|0|100000":21415,"2|1|100000":5238,"1|1|000100":5305,"2|1|100001":5149,"2|0|000011":5405,"2|0|001101":5576,"2|0|001100":5321,"2|0|000010":5541,"1|1|000101":5318,"2|1|010101":5574,"2|0|011010":5583,"2|1|010100":5617,"2|0|011011":5555,"1|0|100010":19707,"1|0|101100":12543,"1|0|101101":11632,"1|0|100011":18816,"2|1|100110":3982,"1|1|110101":6562,"2|1|100111":3840,"2|0|000101":5274,"2|0|000100":5398,"1|0|111110":871,"1|1|110100":7039,"1|0|111111":295,"1|0|100101":17239,"2|0|110001":2182,"2|0|110000":2328,"1|0|010101":15435,"1|0|010100":14840,"2|0|011001":5640,"2|0|011000":5641,"1|0|100100":18281,"2|1|100100":4437,"2|1|100101":4215,"2|0|000110":5217,"2|0|000111":5285,"1|0|111000":4331,"1|0|111001":3791,"2|0|110111":1127,"2|0|110110":1342,"2|0|011111":5439,"2|0|011110":5600,"1|0|100111":15967,"1|0|100110":16708,"1|1|001001":6261,"1|0|001001":6378,"1|0|001000":5528,"1|1|001000":5511,"1|1|110001":8785,"1|1|110000":9533,"1|1|010000":11908,"2|0|011101":5514,"2|1|111111":62,"2|1|111110":202,"2|0|010010":5645,"2|0|011100":5510,"2|0|010011":5672,"1|1|010001":12631,"1|0|101010":13561,"1|0|101011":12864,"1|0|001010":7085,"1|1|001111":11202,"1|0|001011":8047,"1|1|001110":10259,"2|1|101011":3108,"2|1|101010":3226,"1|1|110111":5101,"1|1|110110":5694,"1|1|010010":13367,"1|1|010011":14006,"1|1|011100":19933,"2|0|010001":5561,"2|1|111001":883,"2|1|111000":1006,"2|0|010000":5480,"1|1|011101":20310,"1|1|000011":5419,"1|1|001100":8835,"1|1|001101":9489,"2|1|101001":3597,"1|1|000010":5647,"2|1|101000":3704,"1|1|111110":893,"1|1|111111":282,"2|1|111010":754,"1|1|011110":20994,"1|1|011111":21357,"2|0|010111":5678,"2|1|001000":5154,"2|1|001001":5120,"2|1|111011":608,"2|0|010110":5797,"1|0|101111":10292,"1|1|100101":17492,"1|1|100100":18223,"1|0|101110":10772,"1|1|000000":5591,"1|1|000001":5760,"2|1|101111":2436,"2|1|101110":2619,"1|1|110010":8347,"1|1|111101":1466,"1|1|110011":7718,"1|1|111100":2094,"1|1|011000":17168,"1|1|011001":17873,"2|1|001010":5308,"2|0|010100":5644,"2|1|001011":5234,"2|0|010101":5682,"1|0|101001":14602,"1|0|101000":15268,"1|0|000110":5276,"2|0|101101":2903,"2|0|100011":4709,"2|0|101100":2957,"2|0|100010":4886,"2|1|000001":5694,"2|1|000000":5856,"1|1|111011":2619,"1|0|000111":5141,"1|1|111010":3252,"1|0|011011":19121,"2|1|110100":1708,"1|0|011010":18204,"2|1|001100":5441,"2|1|110101":1462,"2|1|001101":5423,"1|1|100001":20844,"1|1|100000":21349,"1|0|000000":5752,"2|0|101111":2483,"2|0|101110":2535,"2|1|000111":5029,"2|1|000110":5396,"1|1|111000":4370,"1|0|000001":5649,"1|1|111001":3876,"1|0|011000":17184,"2|1|001110":5493,"2|1|110111":1131,"2|1|001111":5612,"2|1|110110":1342,"1|0|011001":17910,"1|1|100111":15700,"1|1|100110":16678,"1|0|000011":5485,"1|0|001100":8764,"1|0|000010":5555,"2|0|101001":3483,"2|0|101000":3695,"1|0|001101":9712,"2|1|110001":1983,"2|1|110000":2273,"2|1|011001":5559,"2|1|011000":5700,"1|1|010100":14549,"1|1|010101":15358,"1|1|101111":10358,"1|1|101110":10667,"2|0|101010":3372,"1|0|001111":11044,"1|1|001010":7315,"1|0|001110":10357,"1|1|001011":8010,"2|0|101011":3081,"2|1|000011":5406,"2|1|000010":5565,"1|1|010110":16041,"2|1|111101":333,"2|1|110010":1884,"2|1|111100":468,"2|1|110011":1789,"2|1|011010":5636,"2|1|011011":5570,"1|1|010111":16720,"1|1|101101":11501,"1|1|100011":18732,"1|1|101100":12379,"1|1|100010":19654,"1|0|110001":8953,"2|0|001011":5315,"2|0|001010":5431,"1|0|110000":9530,"2|0|111110":187,"2|0|111111":80,"1|1|101010":13693,"2|1|010010":5483,"2|1|011100":5552,"2|1|011101":5616,"1|0|010001":12721,"1|0|010000":11999,"2|1|010011":5512,"1|1|101011":12909,"1|0|111101":1483,"2|0|100101":4298,"2|0|100100":4412,"1|0|110010":8489,"1|0|110011":7787,"1|0|111100":2027,"2|0|110010":1905,"2|0|111101":339,"2|0|110011":1708,"2|0|111100":467,"2|1|011111":5595,"1|0|010111":16750,"1|0|010110":15940,"2|1|011110":5529,"1|1|101001":14381,"1|1|101000":15170,"1|0|110100":7001,"1|0|110101":6260,"2|0|100111":3916,"2|0|100110":4106,"2|1|000101":5370,"2|0|001111":5553,"2|1|000100":5522,"2|0|001110":5377,"1|0|011110":20892,"2|0|111011":620,"2|0|111010":751,"2|1|010111":5650,"1|0|011111":21241,"2|1|010110":5577,"1|0|110111":5025,"2|0|100001":5142,"2|0|100000":5456,"2|0|001001":5180,"2|0|001000":5062,"1|0|000101":5378,"1|0|000100":5300,"1|0|110110":5709,"1|0|010010":13585,"2|0|111000":1016,"2|0|111001":925,"1|0|011101":20091,"2|1|010001":5624,"1|0|010011":13923,"1|0|011100":19643,"2|1|010000":5670}}
