{"probability":{"Group 13":"0.004472318315959503","Group 12":"0.47330856335048027","Group 11":"0.061288284728601664","Group 10":"0.0","Group  6":"0.0","Group  5":"0.0005654937943515742","Group  4":"0.01949664743243623","Group  3":"0.0","Group  2":"0.0","Group  1":"0.0","Group  9":"0.0018066433888475253","Group  8":"0.0","Group  7":"0.4390620489893232"},"groups":{"Group 13":["Botan 1.5.6 & 1.11.29 & 2.1.0","Feitian JavaCOS A22 & A40","Gemalto GCX4 72K","HSM SafeNet Luna SA-1700","LibTomCrypt 1.17","Libgcrypt 1.6.0 & 1.6.5 & 1.7.6","Libgcrypt 1.6.0 FIPS & 1.6.5 FIPS","Nettle 3.2 & 3.3","Oberthur Cosmo 64","OpenSSL FIPS 2.0.12 & 2.0.14","PGPSDK 4","WolfSSL 2.0rc1 & 3.9.0 & 3.10.2","cryptlib 3.4.3 & 3.4.3.1"],"Group 12":["Bouncy Castle 1.53 (Java)","Cryptix JCE 20050328","FlexiProvider 1.7p7","HSM Utimaco Security Server Se50","Nettle 2.0","PolarSSL 0.10.0","PuTTY 0.67","SunRsaSign OpenJDK 1.8.0","mbedTLS 1.3.19 & 2.2.1 & 2.4.2"],"Group 11":["Bouncy Castle 1.54 (Java)","Crypto++ 5.6.0 & 5.6.3 & 5.6.5","Libgcrypt 1.7.6 FIPS","Microsoft CryptoAPI & CNG & .NET"],"Group 10":["NXP J2D081 & J2E145G","YubiKey NEO"],"Group  6":["Oberthur Cosmo Dual 72K"],"Group  5":["NXP J2A080 & J2A081 & J3A081 & JCOP 41 V2.2.1"],"Group  4":["Gemalto GXP E64"],"Group  3":["GNU Crypto 2.0.1"],"Group  2":["G&D SmartCafe 4.x & 6.0"],"Group  1":["G&D SmartCafe 3.2"],"Group  9":["Infineon JTOP 80K","YubiKey 4 & 4 Nano"],"Group  8":["PGPSDK 4 FIPS"],"Group  7":["OpenSSL 0.9.7 & 1.0.2g & 1.0.2k & 1.1.0e"]},"frequencies":{"1|1|000110":5677,"2|1|100011":3033,"2|1|101101":1766,"1|1|000111":5513,"2|1|101100":1890,"2|1|100010":3221,"2|0|000000":6156,"2|0|000001":6105,"1|0|111010":2336,"1|0|111011":1835,"1|1|011010":13949,"1|1|011011":14015,"2|0|110100":1019,"2|0|110101":910,"1|0|100001":14887,"1|0|100000":15376,"2|1|100000":3650,"1|1|000100":5898,"2|1|100001":3381,"2|0|000011":5916,"2|0|001101":5206,"2|0|001100":5424,"2|0|000010":6004,"1|1|000101":5737,"2|1|010101":4677,"2|0|011010":4204,"2|1|010100":4807,"2|0|011011":4151,"1|0|100010":13846,"1|0|101100":8665,"1|0|101101":8211,"1|0|100011":13617,"2|1|100110":2656,"1|1|110101":4594,"2|1|100111":2517,"2|0|000101":5822,"2|0|000100":5715,"1|0|111110":589,"1|1|110100":4916,"1|0|111111":210,"1|0|100101":12589,"2|0|110001":1344,"2|0|110000":1453,"1|0|010101":11791,"1|0|010100":11614,"2|0|011001":4319,"2|0|011000":4474,"1|0|100100":13016,"2|1|100100":2956,"2|1|100101":2804,"2|0|000110":5703,"2|0|000111":5555,"1|0|111000":3115,"1|0|111001":2751,"2|0|110111":721,"2|0|110110":818,"2|0|011111":3775,"2|0|011110":3749,"1|0|100111":11383,"1|0|100110":11765,"1|1|001001":6203,"1|0|001001":6433,"1|0|001000":5771,"1|1|001000":5716,"1|1|110001":6307,"1|1|110000":6894,"1|1|010000":9681,"2|0|011101":3962,"2|1|111111":30,"2|1|111110":127,"2|0|010010":5087,"2|0|011100":4033,"2|0|010011":4906,"1|1|010001":10066,"1|0|101010":9712,"1|0|101011":9160,"1|0|001010":6850,"1|1|001111":9309,"1|0|001011":7304,"1|1|001110":8826,"2|1|101011":2046,"2|1|101010":2187,"1|1|110111":3649,"1|1|110110":4064,"1|1|010010":10631,"1|1|010011":11071,"1|1|011100":14397,"2|0|010001":5026,"2|1|111001":553,"2|1|111000":715,"2|0|010000":5034,"1|1|011101":14875,"1|1|000011":5939,"1|1|001100":7700,"1|1|001101":8257,"2|1|101001":2298,"1|1|000010":6067,"2|1|101000":2420,"1|1|111110":576,"1|1|111111":211,"2|1|111010":485,"1|1|011110":15116,"1|1|011111":15405,"2|0|010111":4596,"2|1|001000":5575,"2|1|001001":5462,"2|1|111011":418,"2|0|010110":4700,"1|0|101111":7231,"1|1|100101":12524,"1|1|100100":12869,"1|0|101110":7856,"1|1|000000":6311,"1|1|000001":6284,"2|1|101111":1525,"2|1|101110":1633,"1|1|110010":5956,"1|1|111101":1019,"1|1|110011":5320,"1|1|111100":1469,"1|1|011000":12967,"1|1|011001":13337,"2|1|001010":5498,"2|0|010100":4747,"2|1|001011":5380,"2|0|010101":4720,"1|0|101001":10262,"1|0|101000":10911,"1|0|000110":5644,"2|0|101101":1787,"2|0|100011":3138,"2|0|101100":1888,"2|0|100010":3200,"2|1|000001":6031,"2|1|000000":6362,"1|1|111011":1887,"1|0|000111":5512,"1|1|111010":2413,"1|0|011011":14015,"2|1|110100":1047,"1|0|011010":13754,"2|1|001100":5362,"2|1|110101":889,"2|1|001101":5361,"1|1|100001":14955,"1|1|100000":15442,"1|0|000000":6128,"2|0|101111":1606,"2|0|101110":1643,"2|1|000111":5437,"2|1|000110":5618,"1|1|111000":3056,"1|0|000001":5975,"1|1|111001":2780,"1|0|011000":13057,"2|1|001110":5188,"2|1|110111":773,"2|1|001111":5109,"2|1|110110":867,"1|0|011001":13406,"1|1|100111":11408,"1|1|100110":11854,"1|0|000011":5926,"1|0|001100":7984,"1|0|000010":5929,"2|0|101001":2206,"2|0|101000":2467,"1|0|001101":8314,"2|1|110001":1324,"2|1|110000":1404,"2|1|011001":4335,"2|1|011000":4529,"1|1|010100":11476,"1|1|010101":11745,"1|1|101111":7327,"1|1|101110":7728,"2|0|101010":2141,"1|0|001111":9206,"1|1|001010":6858,"1|0|001110":8621,"1|1|001011":7359,"2|0|101011":1941,"2|1|000011":6079,"2|1|000010":6134,"1|1|010110":12523,"2|1|111101":232,"2|1|110010":1266,"2|1|111100":280,"2|1|110011":1094,"2|1|011010":4287,"2|1|011011":4039,"1|1|010111":12512,"1|1|101101":8274,"1|1|100011":13578,"1|1|101100":8787,"1|1|100010":14124,"1|0|110001":6427,"2|0|001011":5415,"2|0|001010":5487,"1|0|110000":6644,"2|0|111110":131,"2|0|111111":43,"1|1|101010":9891,"2|1|010010":5002,"2|1|011100":3965,"2|1|011101":3957,"1|0|010001":10099,"1|0|010000":9721,"2|1|010011":4834,"1|1|101011":9278,"1|0|111101":1009,"2|0|100101":2741,"2|0|100100":2935,"1|0|110010":5937,"1|0|110011":5207,"1|0|111100":1426,"2|0|110010":1240,"2|0|111101":194,"2|0|110011":1062,"2|0|111100":290,"2|1|011111":3659,"1|0|010111":12795,"1|0|010110":12266,"2|1|011110":3818,"1|1|101001":10383,"1|1|101000":10752,"1|0|110100":4980,"1|0|110101":4379,"2|0|100111":2401,"2|0|100110":2613,"2|1|000101":5758,"2|0|001111":5125,"2|1|000100":5895,"2|0|001110":5073,"1|0|011110":15175,"2|0|111011":387,"2|0|111010":444,"2|1|010111":4593,"1|0|011111":15530,"2|1|010110":4719,"1|0|110111":3631,"2|0|100001":3422,"2|0|100000":3564,"2|0|001001":5562,"2|0|001000":5418,"1|0|000101":5853,"1|0|000100":5915,"1|0|110110":4020,"1|0|010010":10844,"2|0|111000":629,"2|0|111001":529,"1|0|011101":14804,"2|1|010001":4960,"1|0|010011":10990,"1|0|011100":14261,"2|1|010000":5138}}
