{"probability":{"Group 13":"0.0","Group 12":"0.4240138642452742","Group 11":"0.0","Group 10":"0.0004264744062785794","Group  6":"0.0","Group  5":"0.0","Group  4":"0.018076624723356083","Group  3":"0.0","Group  2":"0.0002874863988357337","Group  1":"0.00017893468687034666","Group  9":"0.0037914008268091133","Group  8":"0.0","Group  7":"0.5532252147125759"},"groups":{"Group 13":["Botan 1.5.6 & 1.11.29 & 2.1.0","Feitian JavaCOS A22 & A40","Gemalto GCX4 72K","HSM SafeNet Luna SA-1700","LibTomCrypt 1.17","Libgcrypt 1.6.0 & 1.6.5 & 1.7.6","Libgcrypt 1.6.0 FIPS & 1.6.5 FIPS","Nettle 3.2 & 3.3","Oberthur Cosmo 64","OpenSSL FIPS 2.0.12 & 2.0.14","PGPSDK 4","WolfSSL 2.0rc1 & 3.9.0 & 3.10.2","cryptlib 3.4.3 & 3.4.3.1"],"Group 12":["Bouncy Castle 1.53 (Java)","Cryptix JCE 20050328","FlexiProvider 1.7p7","HSM Utimaco Security Server Se50","Nettle 2.0","PolarSSL 0.10.0","PuTTY 0.67","SunRsaSign OpenJDK 1.8.0","mbedTLS 1.3.19 & 2.2.1 & 2.4.2"],"Group 11":["Bouncy Castle 1.54 (Java)","Crypto++ 5.6.0 & 5.6.3 & 5.6.5","Libgcrypt 1.7.6 FIPS","Microsoft CryptoAPI & CNG & .NET"],"Group 10":["NXP J2D081 & J2E145G","YubiKey NEO"],"Group  6":["Oberthur Cosmo Dual 72K"],"Group  5":["NXP J2A080 & J2A081 & J3A081 & JCOP 41 V2.2.1"],"Group  4":["Gemalto GXP E64"],"Group  3":["GNU Crypto 2.0.1"],"Group  2":["G&D SmartCafe 4.x & 6.0"],"Group  1":["G&D SmartCafe 3.2"],"Group  9":["Infineon JTOP 80K","YubiKey 4 & 4 Nano"],"Group  8":["PGPSDK 4 FIPS"],"Group  7":["OpenSSL 0.9.7 & 1.0.2g & 1.0.2k & 1.1.0e"]},"frequencies":{"1|1|000110":3402,"2|1|100011":1382,"2|1|101101":819,"1|1|000111":3392,"2|1|101100":839,"2|1|100010":1548,"2|0|000000":3740,"2|0|000001":3720,"1|0|111010":1746,"1|0|111011":1526,"1|1|011010":10481,"1|1|011011":10879,"2|0|110100":463,"2|0|110101":431,"1|0|100001":11471,"1|0|100000":11994,"2|1|100000":1731,"1|1|000100":3665,"2|1|100001":1602,"2|0|000011":3629,"2|0|001101":3065,"2|0|001100":3128,"2|0|000010":3601,"1|1|000101":3459,"2|1|010101":2511,"2|0|011010":2073,"2|1|010100":2620,"2|0|011011":2034,"1|0|100010":10986,"1|0|101100":6799,"1|0|101101":6447,"1|0|100011":10634,"2|1|100110":1195,"1|1|110101":3590,"2|1|100111":1154,"2|0|000101":3517,"2|0|000100":3555,"1|0|111110":476,"1|1|110100":3916,"1|0|111111":163,"1|0|100101":9638,"2|0|110001":591,"2|0|110000":691,"1|0|010101":8784,"1|0|010100":8361,"2|0|011001":2252,"2|0|011000":2285,"1|0|100100":10115,"2|1|100100":1345,"2|1|100101":1323,"2|0|000110":3342,"2|0|000111":3415,"1|0|111000":2496,"1|0|111001":2170,"2|0|110111":326,"2|0|110110":372,"2|0|011111":1763,"2|0|011110":1831,"1|0|100111":8868,"1|0|100110":9276,"1|1|001001":4023,"1|0|001001":4021,"1|0|001000":3582,"1|1|001000":3515,"1|1|110001":4960,"1|1|110000":5367,"1|1|010000":6881,"2|0|011101":1917,"2|1|111111":18,"2|1|111110":59,"2|0|010010":2837,"2|0|011100":2010,"2|0|010011":2787,"1|1|010001":7385,"1|0|101010":7745,"1|0|101011":7313,"1|0|001010":4554,"1|1|001111":6478,"1|0|001011":5000,"1|1|001110":6141,"2|1|101011":948,"2|1|101010":994,"1|1|110111":2825,"1|1|110110":3189,"1|1|010010":7822,"1|1|010011":8032,"1|1|011100":11157,"2|0|010001":2847,"2|1|111001":247,"2|1|111000":278,"2|0|010000":2945,"1|1|011101":11394,"1|1|000011":3603,"1|1|001100":5384,"1|1|001101":5766,"2|1|101001":999,"1|1|000010":3661,"2|1|101000":1076,"1|1|111110":500,"1|1|111111":148,"2|1|111010":239,"1|1|011110":11716,"1|1|011111":11869,"2|0|010111":2394,"2|1|001000":3337,"2|1|001001":3121,"2|1|111011":164,"2|0|010110":2561,"1|0|101111":5728,"1|1|100101":9793,"1|1|100100":10341,"1|0|101110":6082,"1|1|000000":3784,"1|1|000001":3761,"2|1|101111":717,"2|1|101110":792,"1|1|110010":4444,"1|1|111101":821,"1|1|110011":4179,"1|1|111100":1150,"1|1|011000":9889,"1|1|011001":10127,"2|1|001010":3120,"2|0|010100":2679,"2|1|001011":3240,"2|0|010101":2596,"1|0|101001":8146,"1|0|101000":8610,"1|0|000110":3417,"2|0|101101":780,"2|0|100011":1459,"2|0|101100":834,"2|0|100010":1500,"2|1|000001":3585,"2|1|000000":3836,"1|1|111011":1481,"1|0|000111":3359,"1|1|111010":1830,"1|0|011011":10779,"2|1|110100":439,"1|0|011010":10579,"2|1|001100":3141,"2|1|110101":434,"2|1|001101":2957,"1|1|100001":11488,"1|1|100000":12100,"1|0|000000":3743,"2|0|101111":714,"2|0|101110":732,"2|1|000111":3400,"2|1|000110":3456,"1|1|111000":2541,"1|0|000001":3670,"1|1|111001":2209,"1|0|011000":9881,"2|1|001110":3092,"2|1|110111":361,"2|1|001111":2891,"2|1|110110":348,"1|0|011001":10028,"1|1|100111":8854,"1|1|100110":9380,"1|0|000011":3666,"1|0|001100":5410,"1|0|000010":3633,"2|0|101001":1033,"2|0|101000":1055,"1|0|001101":5756,"2|1|110001":587,"2|1|110000":652,"2|1|011001":2264,"2|1|011000":2378,"1|1|010100":8510,"1|1|010101":8824,"1|1|101111":5728,"1|1|101110":6205,"2|0|101010":941,"1|0|001111":6523,"1|1|001010":4511,"1|0|001110":6062,"1|1|001011":4922,"2|0|101011":926,"2|1|000011":3575,"2|1|000010":3645,"1|1|010110":9148,"2|1|111101":107,"2|1|110010":525,"2|1|111100":118,"2|1|110011":465,"2|1|011010":2140,"2|1|011011":2103,"1|1|010111":9591,"1|1|101101":6495,"1|1|100011":10447,"1|1|101100":6873,"1|1|100010":10918,"1|0|110001":5124,"2|0|001011":3240,"2|0|001010":3252,"1|0|110000":5310,"2|0|111110":51,"2|0|111111":11,"1|1|101010":7567,"2|1|010010":2765,"2|1|011100":2065,"2|1|011101":1862,"1|0|010001":7289,"1|0|010000":6895,"2|1|010011":2678,"1|1|101011":7376,"1|0|111101":827,"2|0|100101":1286,"2|0|100100":1456,"1|0|110010":4558,"1|0|110011":4180,"1|0|111100":1093,"2|0|110010":567,"2|0|111101":94,"2|0|110011":517,"2|0|111100":116,"2|1|011111":1811,"1|0|010111":9461,"1|0|010110":9188,"2|1|011110":1877,"1|1|101001":8055,"1|1|101000":8397,"1|0|110100":3805,"1|0|110101":3561,"2|0|100111":1140,"2|0|100110":1213,"2|1|000101":3443,"2|0|001111":3019,"2|1|000100":3618,"2|0|001110":2965,"1|0|011110":11727,"2|0|111011":159,"2|0|111010":184,"2|1|010111":2467,"1|0|011111":12049,"2|1|010110":2482,"1|0|110111":2849,"2|0|100001":1604,"2|0|100000":1667,"2|0|001001":3214,"2|0|001000":3259,"1|0|000101":3585,"1|0|000100":3493,"1|0|110110":3189,"1|0|010010":7718,"2|0|111000":294,"2|0|111001":235,"1|0|011101":11380,"2|1|010001":2739,"1|0|010011":8005,"1|0|011100":11070,"2|1|010000":2900}}
