{"probability":{"Group 13":"0.08216566388935667","Group 12":"0.029802280285526214","Group 11":"0.05713659571330399","Group 10":"0.0","Group  6":"0.00024142163178424408","Group  5":"0.0","Group  4":"0.003101570005278086","Group  3":"0.00024043107555013878","Group  2":"0.0","Group  1":"0.0","Group  9":"0.00016053525135075724","Group  8":"0.005548975779414086","Group  7":"0.8216025263684358"},"groups":{"Group 13":["Botan 1.5.6 & 1.11.29 & 2.1.0","Feitian JavaCOS A22 & A40","Gemalto GCX4 72K","HSM SafeNet Luna SA-1700","LibTomCrypt 1.17","Libgcrypt 1.6.0 & 1.6.5 & 1.7.6","Libgcrypt 1.6.0 FIPS & 1.6.5 FIPS","Nettle 3.2 & 3.3","Oberthur Cosmo 64","OpenSSL FIPS 2.0.12 & 2.0.14","PGPSDK 4","WolfSSL 2.0rc1 & 3.9.0 & 3.10.2","cryptlib 3.4.3 & 3.4.3.1"],"Group 12":["Bouncy Castle 1.53 (Java)","Cryptix JCE 20050328","FlexiProvider 1.7p7","HSM Utimaco Security Server Se50","Nettle 2.0","PolarSSL 0.10.0","PuTTY 0.67","SunRsaSign OpenJDK 1.8.0","mbedTLS 1.3.19 & 2.2.1 & 2.4.2"],"Group 11":["Bouncy Castle 1.54 (Java)","Crypto++ 5.6.0 & 5.6.3 & 5.6.5","Libgcrypt 1.7.6 FIPS","Microsoft CryptoAPI & CNG & .NET"],"Group 10":["NXP J2D081 & J2E145G","YubiKey NEO"],"Group  6":["Oberthur Cosmo Dual 72K"],"Group  5":["NXP J2A080 & J2A081 & J3A081 & JCOP 41 V2.2.1"],"Group  4":["Gemalto GXP E64"],"Group  3":["GNU Crypto 2.0.1"],"Group  2":["G&D SmartCafe 4.x & 6.0"],"Group  1":["G&D SmartCafe 3.2"],"Group  9":["Infineon JTOP 80K","YubiKey 4 & 4 Nano"],"Group  8":["PGPSDK 4 FIPS"],"Group  7":["OpenSSL 0.9.7 & 1.0.2g & 1.0.2k & 1.1.0e"]},"frequencies":{"1|1|000110":1522,"2|1|100011":4458,"2|1|101101":2831,"1|1|000111":1606,"2|1|101100":3038,"2|1|100010":4776,"2|0|000000":1469,"2|0|000001":1200,"1|0|111010":9966,"1|0|111011":8122,"1|1|011010":53388,"1|1|011011":55677,"2|0|110100":1654,"2|0|110101":1545,"1|0|100001":62081,"1|0|100000":64413,"2|1|100000":5185,"1|1|000100":1330,"2|1|100001":4892,"2|0|000011":1269,"2|0|001101":2691,"2|0|001100":2620,"2|0|000010":1185,"1|1|000101":1394,"2|1|010101":4267,"2|0|011010":5036,"2|1|010100":4038,"2|0|011011":5141,"1|0|100010":59629,"1|0|101100":37725,"1|0|101101":35631,"1|0|100011":57189,"2|1|100110":4037,"1|1|110101":19732,"2|1|100111":3762,"2|0|000101":1455,"2|0|000100":1371,"1|0|111110":2649,"1|1|110100":21525,"1|0|111111":963,"1|0|100101":52816,"2|0|110001":2195,"2|0|110000":2273,"1|0|010101":40196,"1|0|010100":37659,"2|0|011001":4771,"2|0|011000":4771,"1|0|100100":55216,"2|1|100100":4271,"2|1|100101":4136,"2|0|000110":1455,"2|0|000111":1609,"1|0|111000":13811,"1|0|111001":11813,"2|0|110111":1281,"2|0|110110":1386,"2|0|011111":5280,"2|0|011110":5197,"1|0|100111":48478,"1|0|100110":51017,"1|1|001001":6330,"1|0|001001":6323,"1|0|001000":3212,"1|1|001000":3093,"1|1|110001":27360,"1|1|110000":29354,"1|1|010000":26668,"2|0|011101":5063,"2|1|111111":145,"0|1|110111":1,"2|1|111110":236,"2|0|010010":3676,"2|0|011100":5044,"2|0|010011":3816,"1|1|010001":29656,"1|0|101010":41803,"1|0|101011":39612,"1|0|001010":9311,"1|1|001111":23526,"1|0|001011":12162,"1|1|001110":21244,"2|1|101011":3212,"2|1|101010":3330,"1|1|110111":15830,"1|1|110110":17324,"1|1|010010":32352,"1|1|010011":34932,"1|1|011100":57669,"2|0|010001":3631,"2|1|111001":931,"2|1|111000":1077,"2|0|010000":3326,"1|1|011101":60010,"1|1|000011":1344,"1|1|001100":15173,"1|1|001101":17949,"2|1|101001":3420,"1|1|000010":1218,"2|1|101000":3622,"1|1|111110":2778,"1|1|111111":954,"2|1|111010":753,"1|1|011110":61956,"0|0|000000":1,"1|1|011111":64556,"2|0|010111":4450,"2|1|001000":1656,"2|1|001001":1953,"2|1|111011":665,"2|0|010110":4351,"1|0|101111":31271,"1|1|100101":52780,"1|1|100100":55238,"1|0|101110":33656,"1|1|000000":1568,"1|1|000001":1259,"2|1|101111":2436,"2|1|101110":2729,"1|1|110010":25281,"1|1|111101":4492,"1|1|110011":23155,"1|1|111100":6267,"1|1|011000":48072,"1|1|011001":50482,"2|1|001010":2123,"2|0|010100":4001,"2|1|001011":2443,"2|0|010101":4254,"1|0|101001":43882,"1|0|101000":46257,"1|0|000110":1514,"2|0|101101":2741,"2|0|100011":4513,"2|0|101100":2956,"2|0|100010":4716,"2|1|000001":1114,"2|1|000000":1540,"1|1|111011":8314,"1|0|000111":1559,"1|1|111010":10183,"1|0|011011":55069,"2|1|110100":1674,"1|0|011010":53157,"2|1|001100":2556,"2|1|110101":1503,"2|1|001101":2764,"1|1|100001":61472,"1|1|100000":64372,"1|0|000000":1535,"2|0|101111":2555,"2|0|101110":2564,"2|1|000111":1630,"2|1|000110":1465,"1|1|111000":13677,"1|0|000001":1208,"1|1|111001":11790,"1|0|011000":47937,"2|1|001110":2875,"2|1|110111":1250,"2|1|001111":3212,"2|1|110110":1386,"1|0|011001":50482,"1|1|100111":48179,"1|1|100110":50521,"1|0|000011":1330,"1|0|001100":15165,"1|0|000010":1253,"2|0|101001":3437,"2|0|101000":3741,"1|0|001101":18021,"2|1|110001":2209,"2|1|110000":2300,"2|1|011001":4995,"2|1|011000":4738,"1|1|010100":37408,"1|1|010101":40256,"1|1|101111":31250,"1|1|101110":33480,"2|0|101010":3452,"1|0|001111":23880,"1|1|001010":9382,"1|0|001110":21169,"1|1|001011":12511,"2|0|101011":3153,"2|1|000011":1275,"2|1|000010":1196,"1|1|010110":42761,"2|1|111101":383,"2|1|110010":1905,"2|1|111100":498,"2|1|110011":1803,"2|1|011010":5085,"2|1|011011":5147,"1|1|010111":45790,"1|1|101101":35563,"1|1|100011":57673,"1|1|101100":37848,"1|1|100010":59671,"1|0|110001":27613,"2|0|001011":2381,"2|0|001010":2155,"1|0|110000":29627,"2|0|111110":235,"2|0|111111":156,"1|1|101010":42095,"2|1|010010":3679,"2|1|011100":5177,"2|1|011101":5195,"1|0|010001":29351,"1|0|010000":26547,"2|1|010011":3876,"1|1|101011":39471,"1|0|111101":4580,"2|0|100101":4135,"2|0|100100":4436,"1|0|110010":25432,"1|0|110011":23318,"1|0|111100":6355,"2|0|110010":1985,"2|0|111101":372,"2|0|110011":1925,"2|0|111100":496,"2|1|011111":5253,"1|0|010111":45395,"1|0|010110":43155,"2|1|011110":5271,"1|1|101001":44330,"1|1|101000":45594,"1|0|110100":21360,"1|0|110101":19689,"2|0|100111":3852,"2|0|100110":4066,"2|1|000101":1450,"2|0|001111":3005,"2|1|000100":1416,"2|0|001110":2975,"1|0|011110":62231,"2|0|111011":643,"2|0|111010":753,"2|1|010111":4670,"1|0|011111":64609,"2|1|010110":4363,"1|0|110111":15778,"2|0|100001":5075,"2|0|100000":5212,"2|0|001001":1929,"2|0|001000":1691,"1|0|000101":1438,"1|0|000100":1405,"1|0|110110":17522,"1|0|010010":32240,"2|0|111000":1054,"2|0|111001":906,"1|0|011101":59780,"2|1|010001":3512,"1|0|010011":35083,"1|0|011100":57552,"2|1|010000":3270}}
