{"probability":{"Group 13":"0.15646235261374325","Group 12":"0.3871334682161154","Group 11":"0.06153134023278354","Group 10":"0.0","Group  6":"0.0","Group  5":"0.0001059534756431386","Group  4":"0.013812052937443645","Group  3":"0.0","Group  2":"0.0","Group  1":"0.0","Group  9":"0.0015933838921544674","Group  8":"0.0","Group  7":"0.3793614486321167"},"groups":{"Group 13":["Botan 1.5.6 & 1.11.29 & 2.1.0","Feitian JavaCOS A22 & A40","Gemalto GCX4 72K","HSM SafeNet Luna SA-1700","LibTomCrypt 1.17","Libgcrypt 1.6.0 & 1.6.5 & 1.7.6","Libgcrypt 1.6.0 FIPS & 1.6.5 FIPS","Nettle 3.2 & 3.3","Oberthur Cosmo 64","OpenSSL FIPS 2.0.12 & 2.0.14","PGPSDK 4","WolfSSL 2.0rc1 & 3.9.0 & 3.10.2","cryptlib 3.4.3 & 3.4.3.1"],"Group 12":["Bouncy Castle 1.53 (Java)","Cryptix JCE 20050328","FlexiProvider 1.7p7","HSM Utimaco Security Server Se50","Nettle 2.0","PolarSSL 0.10.0","PuTTY 0.67","SunRsaSign OpenJDK 1.8.0","mbedTLS 1.3.19 & 2.2.1 & 2.4.2"],"Group 11":["Bouncy Castle 1.54 (Java)","Crypto++ 5.6.0 & 5.6.3 & 5.6.5","Libgcrypt 1.7.6 FIPS","Microsoft CryptoAPI & CNG & .NET"],"Group 10":["NXP J2D081 & J2E145G","YubiKey NEO"],"Group  6":["Oberthur Cosmo Dual 72K"],"Group  5":["NXP J2A080 & J2A081 & J3A081 & JCOP 41 V2.2.1"],"Group  4":["Gemalto GXP E64"],"Group  3":["GNU Crypto 2.0.1"],"Group  2":["G&D SmartCafe 4.x & 6.0"],"Group  1":["G&D SmartCafe 3.2"],"Group  9":["Infineon JTOP 80K","YubiKey 4 & 4 Nano"],"Group  8":["PGPSDK 4 FIPS"],"Group  7":["OpenSSL 0.9.7 & 1.0.2g & 1.0.2k & 1.1.0e"]},"frequencies":{"1|1|000110":13397,"2|1|100011":12767,"2|1|101101":7728,"1|1|000111":13103,"2|1|101100":7999,"2|1|100010":13377,"2|0|000000":14612,"2|0|000001":14374,"1|0|111010":6563,"1|0|111011":5442,"1|1|011010":38537,"1|1|011011":39925,"2|0|110100":4455,"2|0|110101":4098,"1|0|100001":42094,"1|0|100000":44285,"2|1|100000":14698,"1|1|000100":13979,"2|1|100001":14134,"2|0|000011":13957,"2|0|001101":14083,"2|0|001100":14128,"2|0|000010":14308,"1|1|000101":13698,"2|1|010101":15080,"2|0|011010":14898,"2|1|010100":15088,"2|0|011011":14932,"1|0|100010":40708,"1|0|101100":25432,"1|0|101101":23520,"1|0|100011":38852,"2|1|100110":11347,"1|1|110101":12912,"2|1|100111":10725,"2|0|000101":13679,"2|0|000100":13548,"1|0|111110":1782,"1|1|110100":14106,"1|0|111111":574,"1|0|100101":35480,"2|0|110001":5843,"2|0|110000":6168,"1|0|010101":32577,"1|0|010100":31571,"2|0|011001":14983,"2|0|011000":14809,"1|0|100100":37151,"2|1|100100":12202,"2|1|100101":11476,"2|0|000110":13407,"2|0|000111":13375,"1|0|111000":9159,"1|0|111001":7804,"2|0|110111":3203,"2|0|110110":3564,"2|0|011111":15067,"2|0|011110":14799,"1|0|100111":32841,"1|0|100110":34064,"1|1|001001":15533,"1|0|001001":15764,"1|0|001000":14013,"1|1|001000":13737,"1|1|110001":18155,"1|1|110000":19532,"1|1|010000":26299,"2|0|011101":15073,"2|1|111111":187,"2|1|111110":569,"2|0|010010":14917,"2|0|011100":14975,"2|0|010011":14745,"1|1|010001":27622,"1|0|101010":28136,"1|0|101011":26216,"1|0|001010":17282,"1|1|001111":24657,"1|0|001011":18576,"1|1|001110":23297,"2|1|101011":8482,"2|1|101010":9044,"1|1|110111":10344,"1|1|110110":11752,"1|1|010010":29288,"1|1|010011":30080,"1|1|011100":41174,"2|0|010001":14712,"2|1|111001":2426,"2|1|111000":2805,"2|0|010000":14438,"1|1|011101":41893,"1|1|000011":14012,"1|1|001100":19996,"1|1|001101":21956,"2|1|101001":9524,"1|1|000010":14328,"2|1|101000":9895,"1|1|111110":1743,"1|1|111111":575,"2|1|111010":2060,"1|1|011110":43188,"1|1|011111":44388,"2|0|010111":15066,"2|1|001000":13208,"2|1|001001":13435,"2|1|111011":1715,"2|0|010110":15040,"1|0|101111":20936,"1|1|100101":35969,"1|1|100100":37436,"1|0|101110":22116,"1|1|000000":14829,"1|1|000001":14585,"2|1|101111":6691,"2|1|101110":7146,"1|1|110010":16976,"1|1|111101":2954,"1|1|110011":15390,"1|1|111100":4120,"1|1|011000":36441,"1|1|011001":37398,"2|1|001010":13874,"2|0|010100":15163,"2|1|001011":13785,"2|0|010101":14999,"1|0|101001":29765,"1|0|101000":30975,"1|0|000110":13508,"2|0|101101":7704,"2|0|100011":12943,"2|0|101100":8078,"2|0|100010":13391,"2|1|000001":14368,"2|1|000000":14905,"1|1|111011":5301,"1|0|000111":13147,"1|1|111010":6515,"1|0|011011":39639,"2|1|110100":4465,"1|0|011010":38865,"2|1|001100":14056,"2|1|110101":4041,"2|1|001101":14258,"1|1|100001":42468,"1|1|100000":44078,"1|0|000000":14572,"2|0|101111":6674,"2|0|101110":7053,"2|1|000111":12931,"2|1|000110":13426,"1|1|111000":9165,"1|0|000001":14486,"1|1|111001":7905,"1|0|011000":36257,"2|1|001110":14295,"2|1|110111":3281,"2|1|001111":14627,"2|1|110110":3558,"1|0|011001":37443,"1|1|100111":32644,"1|1|100110":34167,"1|0|000011":14082,"1|0|001100":20399,"1|0|000010":14200,"2|0|101001":9614,"2|0|101000":10081,"1|0|001101":21924,"2|1|110001":5757,"2|1|110000":6307,"2|1|011001":14786,"2|1|011000":15054,"1|1|010100":31777,"1|1|010101":32546,"1|1|101111":21013,"1|1|101110":22357,"2|0|101010":9077,"1|0|001111":24824,"1|1|001010":17153,"1|0|001110":22971,"1|1|001011":18714,"2|0|101011":8436,"2|1|000011":14080,"2|1|000010":14273,"1|1|010110":34540,"2|1|111101":948,"2|1|110010":5300,"2|1|111100":1292,"2|1|110011":4866,"2|1|011010":15186,"2|1|011011":14931,"1|1|010111":35463,"1|1|101101":23752,"1|1|100011":38750,"1|1|101100":25463,"1|1|100010":40534,"1|0|110001":18338,"2|0|001011":13639,"2|0|001010":13887,"1|0|110000":19576,"2|0|111110":531,"2|0|111111":170,"1|1|101010":28369,"2|1|010010":14718,"2|1|011100":14856,"2|1|011101":15046,"1|0|010001":27340,"1|0|010000":26051,"2|1|010011":15003,"1|1|101011":26472,"1|0|111101":2893,"2|0|100101":11679,"2|0|100100":12359,"1|0|110010":17044,"1|0|110011":15778,"1|0|111100":4224,"2|0|110010":5276,"2|0|111101":918,"2|0|110011":4918,"2|0|111100":1270,"2|1|011111":14776,"1|0|010111":35094,"1|0|010110":34228,"2|1|011110":15001,"1|1|101001":29449,"1|1|101000":31272,"1|0|110100":14155,"1|0|110101":13041,"2|0|100111":10421,"2|0|100110":10967,"2|1|000101":13798,"2|0|001111":14400,"2|1|000100":13901,"2|0|001110":14082,"1|0|011110":43144,"2|0|111011":1681,"2|0|111010":1976,"2|1|010111":15037,"1|0|011111":44162,"2|1|010110":15143,"1|0|110111":10212,"2|0|100001":14110,"2|0|100000":14583,"2|0|001001":13617,"2|0|001000":13154,"1|0|000101":13666,"1|0|000100":13934,"1|0|110110":11786,"1|0|010010":29240,"2|0|111000":2836,"2|0|111001":2387,"1|0|011101":41920,"2|1|010001":14644,"1|0|010011":30221,"1|0|011100":40954,"2|1|010000":14462}}
