{"probability":{"Group 13":"0.07969761193517817","Group 12":"0.02689545637416913","Group 11":"0.05523823528635353","Group 10":"0.00005870184149422875","Group  6":"0.0007468787266854483","Group  5":"0.0","Group  4":"0.004385226681649451","Group  3":"0.0","Group  2":"0.0","Group  1":"0.0","Group  9":"0.0004245795467470307","Group  8":"0.0053521354102085625","Group  7":"0.8272011741975145"},"groups":{"Group 13":["Botan 1.5.6 & 1.11.29 & 2.1.0","Feitian JavaCOS A22 & A40","Gemalto GCX4 72K","HSM SafeNet Luna SA-1700","LibTomCrypt 1.17","Libgcrypt 1.6.0 & 1.6.5 & 1.7.6","Libgcrypt 1.6.0 FIPS & 1.6.5 FIPS","Nettle 3.2 & 3.3","Oberthur Cosmo 64","OpenSSL FIPS 2.0.12 & 2.0.14","PGPSDK 4","WolfSSL 2.0rc1 & 3.9.0 & 3.10.2","cryptlib 3.4.3 & 3.4.3.1"],"Group 12":["Bouncy Castle 1.53 (Java)","Cryptix JCE 20050328","FlexiProvider 1.7p7","HSM Utimaco Security Server Se50","Nettle 2.0","PolarSSL 0.10.0","PuTTY 0.67","SunRsaSign OpenJDK 1.8.0","mbedTLS 1.3.19 & 2.2.1 & 2.4.2"],"Group 11":["Bouncy Castle 1.54 (Java)","Crypto++ 5.6.0 & 5.6.3 & 5.6.5","Libgcrypt 1.7.6 FIPS","Microsoft CryptoAPI & CNG & .NET"],"Group 10":["NXP J2D081 & J2E145G","YubiKey NEO"],"Group  6":["Oberthur Cosmo Dual 72K"],"Group  5":["NXP J2A080 & J2A081 & J3A081 & JCOP 41 V2.2.1"],"Group  4":["Gemalto GXP E64"],"Group  3":["GNU Crypto 2.0.1"],"Group  2":["G&D SmartCafe 4.x & 6.0"],"Group  1":["G&D SmartCafe 3.2"],"Group  9":["Infineon JTOP 80K","YubiKey 4 & 4 Nano"],"Group  8":["PGPSDK 4 FIPS"],"Group  7":["OpenSSL 0.9.7 & 1.0.2g & 1.0.2k & 1.1.0e"]},"frequencies":{"1|1|000110":1405,"2|1|100011":4290,"2|1|101101":2709,"1|1|000111":1471,"2|1|101100":2855,"2|1|100010":4633,"2|0|000000":1280,"2|0|000001":1045,"1|0|111010":9879,"1|0|111011":8080,"1|1|011010":53178,"1|1|011011":55469,"2|0|110100":1602,"2|0|110101":1506,"1|0|100001":62175,"1|0|100000":64215,"2|1|100000":5040,"1|1|000100":1194,"2|1|100001":4742,"2|0|000011":1199,"2|0|001101":2568,"2|0|001100":2533,"2|0|000010":1125,"1|1|000101":1283,"2|1|010101":4086,"2|0|011010":4856,"2|1|010100":3993,"2|0|011011":5085,"1|0|100010":59721,"1|0|101100":37772,"1|0|101101":35441,"1|0|100011":56823,"2|1|100110":3891,"1|1|110101":19472,"2|1|100111":3626,"2|0|000101":1334,"2|0|000100":1252,"1|0|111110":2600,"1|1|110100":21415,"1|0|111111":975,"1|0|100101":52498,"2|0|110001":2125,"2|0|110000":2243,"1|0|010101":40130,"1|0|010100":37426,"2|0|011001":4702,"2|0|011000":4623,"1|0|100100":55055,"2|1|100100":4131,"2|1|100101":4019,"2|0|000110":1351,"2|0|000111":1394,"1|0|111000":13857,"1|0|111001":11825,"2|0|110111":1229,"2|0|110110":1330,"2|0|011111":5134,"2|0|011110":5144,"1|0|100111":48279,"1|0|100110":50897,"1|1|001001":6192,"1|0|001001":6149,"1|0|001000":3018,"1|1|001000":3061,"1|1|110001":27196,"1|1|110000":29167,"1|1|010000":26588,"2|0|011101":4920,"2|1|111111":120,"2|1|111110":232,"2|0|010010":3563,"2|0|011100":4732,"2|0|010011":3663,"1|1|010001":29362,"1|0|101010":41425,"1|0|101011":39591,"1|0|001010":9223,"1|1|001111":23552,"1|0|001011":12152,"1|1|001110":21012,"2|1|101011":3062,"2|1|101010":3210,"1|1|110111":15676,"1|1|110110":17514,"1|1|010010":32088,"1|1|010011":35102,"1|1|011100":57441,"2|0|010001":3390,"2|1|111001":887,"2|1|111000":1053,"2|0|010000":3146,"1|1|011101":59629,"1|1|000011":1200,"1|1|001100":15236,"1|1|001101":18045,"2|1|101001":3344,"1|1|000010":1143,"2|1|101000":3518,"1|1|111110":2695,"1|1|111111":906,"2|1|111010":739,"1|1|011110":61995,"1|1|011111":64271,"2|0|010111":4326,"2|1|001000":1619,"2|1|001001":1830,"2|1|111011":663,"2|0|010110":4269,"1|0|101111":31336,"1|1|100101":52730,"1|1|100100":55172,"1|0|101110":33532,"1|1|000000":1343,"1|1|000001":1107,"2|1|101111":2439,"2|1|101110":2595,"1|1|110010":25341,"1|1|111101":4556,"1|1|110011":23270,"1|1|111100":6241,"1|1|011000":47913,"1|1|011001":50418,"2|1|001010":2028,"2|0|010100":3962,"2|1|001011":2302,"2|0|010101":4106,"1|0|101001":44086,"1|0|101000":46190,"1|0|000110":1411,"2|0|101101":2675,"2|0|100011":4411,"2|0|101100":2829,"2|0|100010":4585,"2|1|000001":1036,"2|1|000000":1260,"1|1|111011":8166,"1|0|000111":1384,"1|1|111010":10145,"1|0|011011":55127,"2|1|110100":1665,"1|0|011010":52754,"2|1|001100":2388,"2|1|110101":1444,"2|1|001101":2599,"1|1|100001":61526,"1|1|100000":64330,"1|0|000000":1253,"2|0|101111":2485,"2|0|101110":2463,"2|1|000111":1421,"2|1|000110":1365,"1|1|111000":13667,"1|0|000001":1095,"1|1|111001":11812,"1|0|011000":47770,"2|1|001110":2750,"2|1|110111":1214,"2|1|001111":3063,"2|1|110110":1345,"1|0|011001":50401,"1|1|100111":47669,"1|1|100110":50389,"1|0|000011":1246,"1|0|001100":15168,"1|0|000010":1159,"2|0|101001":3378,"2|0|101000":3646,"1|0|001101":17727,"2|1|110001":2159,"2|1|110000":2198,"2|1|011001":4843,"2|1|011000":4531,"1|1|010100":37379,"1|1|010101":39960,"1|1|101111":31243,"1|1|101110":33269,"2|0|101010":3184,"1|0|001111":23757,"1|1|001010":9205,"1|0|001110":21198,"1|1|001011":12406,"2|0|101011":3125,"2|1|000011":1213,"2|1|000010":1168,"1|1|010110":42866,"2|1|111101":350,"2|1|110010":1868,"2|1|111100":457,"2|1|110011":1749,"2|1|011010":4909,"2|1|011011":4929,"1|1|010111":45661,"1|1|101101":35229,"1|1|100011":57568,"1|1|101100":37445,"1|1|100010":59430,"1|0|110001":27402,"2|0|001011":2206,"2|0|001010":2065,"1|0|110000":29517,"2|0|111110":215,"2|0|111111":153,"1|1|101010":42036,"2|1|010010":3567,"2|1|011100":4999,"2|1|011101":5050,"1|0|010001":29426,"1|0|010000":26578,"2|1|010011":3788,"1|1|101011":39261,"1|0|111101":4529,"2|0|100101":3955,"2|0|100100":4311,"1|0|110010":25127,"1|0|110011":23247,"1|0|111100":6330,"2|0|110010":1865,"2|0|111101":368,"2|0|110011":1871,"2|0|111100":485,"2|1|011111":5053,"1|0|010111":45358,"1|0|010110":42754,"2|1|011110":5040,"1|1|101001":44366,"1|1|101000":45507,"1|0|110100":21411,"1|0|110101":19668,"2|0|100111":3752,"2|0|100110":3942,"2|1|000101":1327,"2|0|001111":2883,"2|1|000100":1261,"2|0|001110":2781,"1|0|011110":62115,"2|0|111011":640,"2|0|111010":757,"2|1|010111":4416,"1|0|011111":64419,"2|1|010110":4226,"1|0|110111":15740,"2|0|100001":4983,"2|0|100000":5094,"2|0|001001":1905,"2|0|001000":1593,"1|0|000101":1335,"1|0|000100":1290,"1|0|110110":17334,"1|0|010010":32185,"2|0|111000":1029,"2|0|111001":915,"1|0|011101":60075,"2|1|010001":3388,"1|0|010011":34867,"1|0|011100":57243,"2|1|010000":3085}}
