{"probability":{"Group 13":"0.17934600185851454","Group 12":"0.2007322538242863","Group 11":"0.021704974745696475","Group 10":"0.00007989882751262528","Group  6":"0.0","Group  5":"0.0011238045325855065","Group  4":"0.007807626292200241","Group  3":"0.0","Group  2":"0.0","Group  1":"0.0","Group  9":"0.001190197594343735","Group  8":"0.0","Group  7":"0.5880152423248607"},"groups":{"Group 13":["Botan 1.5.6 & 1.11.29 & 2.1.0","Feitian JavaCOS A22 & A40","Gemalto GCX4 72K","HSM SafeNet Luna SA-1700","LibTomCrypt 1.17","Libgcrypt 1.6.0 & 1.6.5 & 1.7.6","Libgcrypt 1.6.0 FIPS & 1.6.5 FIPS","Nettle 3.2 & 3.3","Oberthur Cosmo 64","OpenSSL FIPS 2.0.12 & 2.0.14","PGPSDK 4","WolfSSL 2.0rc1 & 3.9.0 & 3.10.2","cryptlib 3.4.3 & 3.4.3.1"],"Group 12":["Bouncy Castle 1.53 (Java)","Cryptix JCE 20050328","FlexiProvider 1.7p7","HSM Utimaco Security Server Se50","Nettle 2.0","PolarSSL 0.10.0","PuTTY 0.67","SunRsaSign OpenJDK 1.8.0","mbedTLS 1.3.19 & 2.2.1 & 2.4.2"],"Group 11":["Bouncy Castle 1.54 (Java)","Crypto++ 5.6.0 & 5.6.3 & 5.6.5","Libgcrypt 1.7.6 FIPS","Microsoft CryptoAPI & CNG & .NET"],"Group 10":["NXP J2D081 & J2E145G","YubiKey NEO"],"Group  6":["Oberthur Cosmo Dual 72K"],"Group  5":["NXP J2A080 & J2A081 & J3A081 & JCOP 41 V2.2.1"],"Group  4":["Gemalto GXP E64"],"Group  3":["GNU Crypto 2.0.1"],"Group  2":["G&D SmartCafe 4.x & 6.0"],"Group  1":["G&D SmartCafe 3.2"],"Group  9":["Infineon JTOP 80K","YubiKey 4 & 4 Nano"],"Group  8":["PGPSDK 4 FIPS"],"Group  7":["OpenSSL 0.9.7 & 1.0.2g & 1.0.2k & 1.1.0e"]},"frequencies":{"1|1|000110":3026,"2|1|100011":4194,"2|1|101101":2564,"1|1|000111":2886,"2|1|101100":2673,"2|1|100010":4468,"2|0|000000":3336,"2|0|000001":3219,"1|0|111010":3782,"1|0|111011":3094,"1|1|011010":20715,"1|1|011011":21307,"2|0|110100":1480,"2|0|110101":1429,"1|0|100001":23704,"1|0|100000":24587,"2|1|100000":4985,"1|1|000100":3130,"2|1|100001":4668,"2|0|000011":3048,"2|0|001101":3536,"2|0|001100":3524,"2|0|000010":3167,"1|1|000101":3107,"2|1|010101":4280,"2|0|011010":4607,"2|1|010100":4156,"2|0|011011":4834,"1|0|100010":22770,"1|0|101100":14419,"1|0|101101":13550,"1|0|100011":21732,"2|1|100110":3627,"1|1|110101":7291,"2|1|100111":3588,"2|0|000101":2962,"2|0|000100":3055,"1|0|111110":983,"1|1|110100":8063,"1|0|111111":318,"1|0|100101":20075,"2|0|110001":1964,"2|0|110000":2159,"1|0|010101":16553,"1|0|010100":15619,"2|0|011001":4464,"2|0|011000":4398,"1|0|100100":20635,"2|1|100100":4018,"2|1|100101":3921,"2|0|000110":3058,"2|0|000111":2985,"1|0|111000":5204,"1|0|111001":4533,"2|0|110111":1108,"2|0|110110":1210,"2|0|011111":4897,"2|0|011110":4805,"1|0|100111":18252,"1|0|100110":19139,"1|1|001001":4524,"1|0|001001":4470,"1|0|001000":3470,"1|1|001000":3420,"1|1|110001":10428,"1|1|110000":11234,"1|1|010000":11499,"2|0|011101":4768,"2|1|111111":60,"2|1|111110":204,"2|0|010010":4139,"2|0|011100":4781,"2|0|010011":4185,"1|1|010001":12627,"1|0|101010":15929,"1|0|101011":14969,"1|0|001010":5653,"1|1|001111":10721,"1|0|001011":6820,"1|1|001110":9804,"2|1|101011":2850,"2|1|101010":3107,"1|1|110111":5949,"1|1|110110":6658,"1|1|010010":13563,"1|1|010011":14547,"1|1|011100":22213,"2|0|010001":3942,"2|1|111001":880,"2|1|111000":1002,"2|0|010000":3775,"1|1|011101":22949,"1|1|000011":3080,"1|1|001100":7644,"1|1|001101":8765,"2|1|101001":3097,"1|1|000010":3305,"2|1|101000":3461,"1|1|111110":1041,"1|1|111111":317,"2|1|111010":718,"1|1|011110":23666,"1|1|011111":24733,"2|0|010111":4456,"2|1|001000":2966,"2|1|001001":3104,"2|1|111011":557,"2|0|010110":4354,"1|0|101111":11909,"1|1|100101":20140,"1|1|100100":21128,"1|0|101110":12922,"1|1|000000":3362,"1|1|000001":3320,"2|1|101111":2236,"2|1|101110":2281,"1|1|110010":9624,"1|1|111101":1773,"1|1|110011":8755,"1|1|111100":2385,"1|1|011000":19133,"1|1|011001":19766,"2|1|001010":3285,"2|0|010100":4189,"2|1|001011":3402,"2|0|010101":4398,"1|0|101001":16946,"1|0|101000":17669,"1|0|000110":3018,"2|0|101101":2622,"2|0|100011":4409,"2|0|101100":2822,"2|0|100010":4361,"2|1|000001":3290,"2|1|000000":3365,"1|1|111011":3093,"1|0|000111":3011,"1|1|111010":3745,"1|0|011011":21435,"2|1|110100":1488,"1|0|011010":20564,"2|1|001100":3450,"2|1|110101":1364,"2|1|001101":3563,"1|1|100001":23936,"1|1|100000":24828,"1|0|000000":3306,"2|0|101111":2279,"2|0|101110":2372,"2|1|000111":2836,"2|1|000110":3004,"1|1|111000":5162,"1|0|000001":3212,"1|1|111001":4464,"1|0|011000":19069,"2|1|001110":3722,"2|1|110111":1086,"2|1|001111":3799,"2|1|110110":1291,"1|0|011001":19692,"1|1|100111":18495,"1|1|100110":19276,"1|0|000011":3172,"1|0|001100":7734,"1|0|000010":3192,"2|0|101001":3118,"2|0|101000":3347,"1|0|001101":8877,"2|1|110001":1950,"2|1|110000":2170,"2|1|011001":4530,"2|1|011000":4420,"1|1|010100":15298,"1|1|010101":16186,"1|1|101111":11746,"1|1|101110":12726,"2|0|101010":3045,"1|0|001111":10687,"1|1|001010":5661,"1|0|001110":9511,"1|1|001011":6625,"2|0|101011":2943,"2|1|000011":3198,"2|1|000010":3200,"1|1|010110":17208,"2|1|111101":300,"2|1|110010":1785,"2|1|111100":415,"2|1|110011":1685,"2|1|011010":4581,"2|1|011011":4610,"1|1|010111":18006,"1|1|101101":13554,"1|1|100011":21665,"1|1|101100":14345,"1|1|100010":22974,"1|0|110001":10351,"2|0|001011":3340,"2|0|001010":3298,"1|0|110000":11080,"2|0|111110":188,"2|0|111111":57,"1|1|101010":15634,"2|1|010010":4094,"2|1|011100":4722,"2|1|011101":4702,"1|0|010001":12830,"1|0|010000":11608,"2|1|010011":4143,"1|1|101011":15047,"1|0|111101":1658,"2|0|100101":4025,"2|0|100100":4076,"1|0|110010":9712,"1|0|110011":9003,"1|0|111100":2338,"2|0|110010":1838,"2|0|111101":318,"2|0|110011":1647,"2|0|111100":444,"2|1|011111":5001,"1|0|010111":17842,"1|0|010110":17048,"2|1|011110":4836,"1|1|101001":16991,"1|1|101000":17477,"1|0|110100":8124,"1|0|110101":7355,"2|0|100111":3559,"2|0|100110":3731,"2|1|000101":3148,"2|0|001111":3728,"2|1|000100":3103,"2|0|001110":3627,"1|0|011110":24265,"2|0|111011":595,"2|0|111010":769,"2|1|010111":4514,"1|0|011111":24733,"2|1|010110":4342,"1|0|110111":5846,"2|0|100001":4608,"2|0|100000":4803,"2|0|001001":3189,"2|0|001000":2990,"1|0|000101":3083,"1|0|000100":3113,"1|0|110110":6590,"1|0|010010":13604,"2|0|111000":917,"2|0|111001":809,"1|0|011101":23022,"2|1|010001":3932,"1|0|010011":14529,"1|0|011100":22395,"2|1|010000":3904}}
