{"probability":{"Group 13":"0.058146423834589345","Group 12":"0.023160590219191465","Group 11":"0.05696498935629228","Group 10":"0.000039657979295472415","Group  6":"0.00037281950278055545","Group  5":"0.0","Group  4":"0.0025025251095303408","Group  3":"0.000010368657131789435","Group  2":"0.00003619345149273924","Group  1":"0.0","Group  9":"0.0004456263912215686","Group  8":"0.007193943512376538","Group  7":"0.851126861986098"},"groups":{"Group 13":["Botan 1.5.6 & 1.11.29 & 2.1.0","Feitian JavaCOS A22 & A40","Gemalto GCX4 72K","HSM SafeNet Luna SA-1700","LibTomCrypt 1.17","Libgcrypt 1.6.0 & 1.6.5 & 1.7.6","Libgcrypt 1.6.0 FIPS & 1.6.5 FIPS","Nettle 3.2 & 3.3","Oberthur Cosmo 64","OpenSSL FIPS 2.0.12 & 2.0.14","PGPSDK 4","WolfSSL 2.0rc1 & 3.9.0 & 3.10.2","cryptlib 3.4.3 & 3.4.3.1"],"Group 12":["Bouncy Castle 1.53 (Java)","Cryptix JCE 20050328","FlexiProvider 1.7p7","HSM Utimaco Security Server Se50","Nettle 2.0","PolarSSL 0.10.0","PuTTY 0.67","SunRsaSign OpenJDK 1.8.0","mbedTLS 1.3.19 & 2.2.1 & 2.4.2"],"Group 11":["Bouncy Castle 1.54 (Java)","Crypto++ 5.6.0 & 5.6.3 & 5.6.5","Libgcrypt 1.7.6 FIPS","Microsoft CryptoAPI & CNG & .NET"],"Group 10":["NXP J2D081 & J2E145G","YubiKey NEO"],"Group  6":["Oberthur Cosmo Dual 72K"],"Group  5":["NXP J2A080 & J2A081 & J3A081 & JCOP 41 V2.2.1"],"Group  4":["Gemalto GXP E64"],"Group  3":["GNU Crypto 2.0.1"],"Group  2":["G&D SmartCafe 4.x & 6.0"],"Group  1":["G&D SmartCafe 3.2"],"Group  9":["Infineon JTOP 80K","YubiKey 4 & 4 Nano"],"Group  8":["PGPSDK 4 FIPS"],"Group  7":["OpenSSL 0.9.7 & 1.0.2g & 1.0.2k & 1.1.0e"]},"frequencies":{"1|1|000110":2245,"2|1|100011":6372,"2|1|101101":3942,"1|1|000111":2486,"2|1|101100":4204,"2|1|100010":6643,"2|0|000000":2031,"2|0|000001":1711,"1|0|111010":17595,"1|0|111011":14409,"1|1|011010":93549,"1|1|011011":98057,"2|0|110100":2302,"2|0|110101":2219,"1|0|100001":109612,"1|0|100000":113955,"2|1|100000":7376,"1|1|000100":2056,"2|1|100001":6877,"2|0|000011":1937,"2|0|001101":4058,"2|0|001100":3929,"2|0|000010":1869,"1|1|000101":2153,"2|1|010101":6247,"2|0|011010":7386,"2|1|010100":5910,"2|0|011011":7553,"1|0|100010":105461,"1|0|101100":66866,"1|0|101101":62639,"1|0|100011":101724,"2|1|100110":5650,"1|1|110101":34641,"2|1|100111":5346,"2|0|000101":2146,"2|0|000100":2093,"1|0|111110":4804,"1|1|110100":37941,"1|0|111111":1986,"1|0|100101":93725,"2|0|110001":3100,"2|0|110000":3241,"1|0|010101":71359,"1|0|010100":66191,"2|0|011001":6942,"2|0|011000":6938,"1|0|100100":97415,"2|1|100100":6049,"2|1|100101":6091,"2|0|000110":2337,"2|0|000111":2378,"1|0|111000":24196,"1|0|111001":21014,"2|0|110111":1758,"2|0|110110":1945,"2|0|011111":7510,"2|0|011110":7312,"1|0|100111":85538,"1|0|100110":89685,"1|1|001001":11036,"1|0|001001":10757,"1|0|001000":5222,"1|1|001000":5307,"1|1|110001":48275,"1|1|110000":51919,"1|1|010000":47176,"2|0|011101":7370,"2|1|111111":574,"2|1|111110":415,"2|0|010010":5391,"2|0|011100":7408,"2|0|010011":5643,"1|1|010001":52044,"1|0|101010":74206,"1|0|101011":70048,"1|0|001010":16327,"1|1|001111":41910,"1|0|001011":21622,"1|1|001110":37346,"2|1|101011":4501,"2|1|101010":4643,"1|1|110111":27935,"1|1|110110":30924,"1|1|010010":56972,"1|1|010011":61535,"1|1|011100":101975,"2|0|010001":5301,"2|1|111001":1254,"2|1|111000":1524,"2|0|010000":4944,"1|1|011101":106053,"1|1|000011":1995,"1|1|001100":26852,"1|1|001101":31874,"2|1|101001":4959,"1|1|000010":1839,"2|1|101000":5179,"1|1|111110":4927,"1|1|111111":2042,"2|1|111010":1093,"1|1|011110":109670,"1|1|011111":113977,"2|0|010111":6597,"2|1|001000":2718,"2|1|001001":3026,"2|1|111011":924,"2|0|010110":6430,"1|0|101111":56119,"1|1|100101":93779,"1|1|100100":97290,"1|0|101110":59423,"1|1|000000":2007,"1|1|000001":1817,"2|1|101111":3424,"2|1|101110":3682,"1|1|110010":45080,"1|1|111101":8148,"1|1|110011":41074,"1|1|111100":11151,"1|1|011000":84458,"1|1|011001":89729,"2|1|001010":3275,"2|0|010100":6001,"2|1|001011":3688,"2|0|010101":6263,"1|0|101001":77783,"1|0|101000":81903,"1|0|000110":2320,"2|0|101101":3960,"2|0|100011":6378,"2|0|101100":4178,"2|0|100010":6771,"2|1|000001":1690,"2|1|000000":2073,"1|1|111011":14363,"1|0|000111":2499,"1|1|111010":17623,"1|0|011011":97387,"2|1|110100":2305,"1|0|011010":93464,"2|1|001100":3843,"2|1|110101":2158,"2|1|001101":4102,"1|1|100001":109732,"1|1|100000":113633,"1|0|000000":1975,"2|0|101111":3526,"2|0|101110":3735,"2|1|000111":2337,"2|1|000110":2303,"1|1|111000":24344,"1|0|000001":1637,"1|1|111001":20996,"1|0|011000":85040,"2|1|001110":4449,"2|1|110111":1804,"2|1|001111":4771,"2|1|110110":1985,"1|0|011001":89092,"1|1|100111":85807,"1|1|100110":89207,"1|0|000011":1991,"1|0|001100":26956,"1|0|000010":1919,"2|0|101001":4899,"2|0|101000":5271,"1|0|001101":31652,"2|1|110001":3050,"2|1|110000":3271,"0|0|101101":1,"2|1|011001":7279,"0|1|000000":2,"2|1|011000":6845,"1|1|010100":66670,"1|1|010101":71158,"1|1|101111":55464,"1|1|101110":59364,"2|0|101010":4830,"1|0|001111":42197,"1|1|001010":16079,"1|0|001110":37119,"1|1|001011":21645,"2|0|101011":4432,"2|1|000011":1967,"2|1|000010":1873,"1|1|010110":75149,"2|1|111101":559,"2|1|110010":2756,"2|1|111100":720,"2|1|110011":2635,"2|1|011010":7401,"2|1|011011":7414,"1|1|010111":80523,"1|1|101101":62738,"1|1|100011":101930,"1|1|101100":67166,"1|1|100010":105756,"1|0|110001":48625,"2|0|001011":3600,"2|0|001010":3328,"1|0|110000":52417,"2|0|111110":409,"2|0|111111":553,"1|1|101010":74169,"2|1|010010":5470,"2|1|011100":7550,"2|1|011101":7415,"1|0|010001":52133,"1|0|010000":46837,"2|1|010011":5605,"1|1|101011":70333,"1|0|111101":8046,"2|0|100101":5885,"2|0|100100":6238,"1|0|110010":45097,"1|0|110011":41414,"1|0|111100":11205,"2|0|110010":2873,"2|0|111101":561,"2|0|110011":2641,"2|0|111100":716,"2|1|011111":7456,"1|0|010111":79980,"1|0|010110":75673,"2|1|011110":7367,"1|1|101001":78089,"1|1|101000":81078,"1|0|110100":37947,"1|0|110101":34375,"2|0|100111":5381,"2|0|100110":5688,"2|1|000101":2298,"2|0|001111":4578,"2|1|000100":2113,"2|0|001110":4343,"1|0|011110":110178,"2|0|111011":921,"2|0|111010":1045,"2|1|010111":6847,"1|0|011111":114427,"2|1|010110":6395,"1|0|110111":27572,"2|0|100001":7015,"2|0|100000":7290,"2|0|001001":3046,"2|0|001000":2656,"1|0|000101":2271,"1|0|000100":2071,"1|0|110110":30931,"1|0|010010":56836,"2|0|111000":1547,"2|0|111001":1311,"1|0|011101":106011,"2|1|010001":5219,"1|0|010011":61474,"1|0|011100":102075,"2|1|010000":4859}}
