{"probability":{"Group 13":"0.07986198476904327","Group 12":"0.02110769373163759","Group 11":"0.27525445634639784","Group 10":"0.0","Group  6":"0.0","Group  5":"0.0","Group  4":"0.0031222584269349346","Group  3":"0.000300211644647051","Group  2":"0.0","Group  1":"0.0","Group  9":"0.00031076473524191823","Group  8":"0.01226193356430286","Group  7":"0.6077806967817946"},"groups":{"Group 13":["Botan 1.5.6 & 1.11.29 & 2.1.0","Feitian JavaCOS A22 & A40","Gemalto GCX4 72K","HSM SafeNet Luna SA-1700","LibTomCrypt 1.17","Libgcrypt 1.6.0 & 1.6.5 & 1.7.6","Libgcrypt 1.6.0 FIPS & 1.6.5 FIPS","Nettle 3.2 & 3.3","Oberthur Cosmo 64","OpenSSL FIPS 2.0.12 & 2.0.14","PGPSDK 4","WolfSSL 2.0rc1 & 3.9.0 & 3.10.2","cryptlib 3.4.3 & 3.4.3.1"],"Group 12":["Bouncy Castle 1.53 (Java)","Cryptix JCE 20050328","FlexiProvider 1.7p7","HSM Utimaco Security Server Se50","Nettle 2.0","PolarSSL 0.10.0","PuTTY 0.67","SunRsaSign OpenJDK 1.8.0","mbedTLS 1.3.19 & 2.2.1 & 2.4.2"],"Group 11":["Bouncy Castle 1.54 (Java)","Crypto++ 5.6.0 & 5.6.3 & 5.6.5","Libgcrypt 1.7.6 FIPS","Microsoft CryptoAPI & CNG & .NET"],"Group 10":["NXP J2D081 & J2E145G","YubiKey NEO"],"Group  6":["Oberthur Cosmo Dual 72K"],"Group  5":["NXP J2A080 & J2A081 & J3A081 & JCOP 41 V2.2.1"],"Group  4":["Gemalto GXP E64"],"Group  3":["GNU Crypto 2.0.1"],"Group  2":["G&D SmartCafe 4.x & 6.0"],"Group  1":["G&D SmartCafe 3.2"],"Group  9":["Infineon JTOP 80K","YubiKey 4 & 4 Nano"],"Group  8":["PGPSDK 4 FIPS"],"Group  7":["OpenSSL 0.9.7 & 1.0.2g & 1.0.2k & 1.1.0e"]},"frequencies":{"1|1|000110":6142,"2|1|100011":18395,"2|1|101101":11341,"1|1|000111":6808,"2|1|101100":12096,"2|1|100010":19133,"2|0|000000":2730,"2|0|000001":2562,"1|0|111010":16009,"1|0|111011":13033,"1|1|011010":90231,"1|1|011011":92954,"2|0|110100":6911,"2|0|110101":6316,"1|0|100001":100082,"1|0|100000":103417,"2|1|100000":20830,"1|1|000100":4789,"2|1|100001":19899,"2|0|000011":4016,"2|0|001101":12383,"2|0|001100":11447,"2|0|000010":3460,"1|1|000101":5472,"2|1|010101":19082,"2|0|011010":22459,"2|1|010100":18181,"2|0|011011":22701,"1|0|100010":95987,"1|0|101100":60667,"1|0|101101":57008,"1|0|100011":92462,"2|1|100110":16195,"1|1|110101":31654,"2|1|100111":15601,"2|0|000101":5490,"2|0|000100":4877,"1|0|111110":4471,"1|1|110100":34367,"1|0|111111":2008,"1|0|100101":85124,"2|0|110001":8614,"2|0|110000":9363,"1|0|010101":69691,"1|0|010100":65601,"2|0|011001":21912,"2|0|011000":21265,"1|0|100100":88834,"2|1|100100":17574,"2|1|100101":16740,"2|0|000110":6100,"2|0|000111":6698,"1|0|111000":22195,"1|0|111001":19320,"2|0|110111":4848,"2|0|110110":5671,"2|0|011111":21088,"2|0|011110":21697,"1|0|100111":78200,"1|0|100110":81692,"1|1|001001":14565,"1|0|001001":14612,"1|0|001000":9601,"1|1|001000":9764,"1|1|110001":44558,"1|1|110000":47571,"1|1|010000":47664,"2|0|011101":21815,"2|1|111111":849,"2|1|111110":1096,"2|0|010010":16586,"2|0|011100":22234,"2|0|010011":17101,"1|1|010001":52107,"1|0|101010":67481,"1|0|101011":64052,"1|0|001010":19541,"1|1|001111":43184,"1|0|001011":24481,"1|1|001110":38507,"2|1|101011":12736,"2|1|101010":13272,"1|1|110111":25254,"1|1|110110":28578,"1|1|010010":56642,"1|1|010011":61198,"1|1|011100":95835,"2|0|010001":15659,"2|1|111001":3762,"2|1|111000":4395,"2|0|010000":14666,"1|1|011101":98235,"1|1|000011":4141,"1|1|001100":29240,"1|1|001101":33789,"2|1|101001":14016,"1|1|000010":3307,"2|1|101000":14641,"1|1|111110":4570,"1|1|111111":2022,"2|1|111010":3158,"1|1|011110":101777,"1|1|011111":104399,"2|0|010111":20598,"2|1|001000":7597,"2|1|001001":8582,"2|1|111011":2660,"2|0|010110":19710,"1|0|101111":51067,"1|1|100101":85422,"1|1|100100":88931,"1|0|101110":54144,"1|1|000000":2783,"1|1|000001":2697,"2|1|101111":10085,"2|1|101110":10533,"1|1|110010":40893,"1|1|111101":7256,"1|1|110011":37746,"1|1|111100":10131,"1|1|011000":82112,"1|1|011001":86149,"2|1|001010":9625,"2|0|010100":18209,"2|1|001011":10678,"2|0|010101":18967,"1|0|101001":71081,"1|0|101000":74830,"1|0|000110":6067,"2|0|101101":11407,"2|0|100011":18317,"2|0|101100":12015,"2|0|100010":19038,"2|1|000001":2657,"2|1|000000":2790,"1|1|111011":12914,"1|0|000111":6844,"1|1|111010":16370,"1|0|011011":92462,"2|1|110100":6861,"1|0|011010":90120,"2|1|001100":11518,"2|1|110101":6307,"2|1|001101":12315,"1|1|100001":99896,"1|1|100000":104147,"1|0|000000":2724,"2|0|101111":10311,"2|0|101110":10617,"2|1|000111":6807,"2|1|000110":6037,"1|1|111000":22142,"1|0|000001":2575,"1|1|111001":18843,"1|0|011000":82440,"2|1|001110":13311,"2|1|110111":5009,"2|1|001111":14037,"2|1|110110":5627,"1|0|011001":86099,"1|1|100111":77967,"1|1|100110":81329,"1|0|000011":4082,"1|0|001100":29333,"1|0|000010":3382,"2|0|101001":14114,"2|0|101000":14836,"1|0|001101":33691,"2|1|110001":8572,"2|1|110000":9381,"2|1|011001":22366,"2|1|011000":21177,"1|1|010100":65709,"1|1|010101":69989,"1|1|101111":50392,"1|1|101110":54185,"2|0|101010":13446,"1|0|001111":43152,"1|1|001010":19526,"1|0|001110":38988,"1|1|001011":24674,"2|0|101011":12665,"2|1|000011":4089,"2|1|000010":3437,"1|1|010110":74083,"2|1|111101":1590,"2|1|110010":8092,"2|1|111100":2113,"2|1|110011":7616,"2|1|011010":22948,"2|1|011011":22506,"1|1|010111":77783,"1|1|101101":57086,"1|1|100011":92534,"1|1|101100":60881,"1|1|100010":96280,"1|0|110001":44174,"2|0|001011":10589,"2|0|001010":9723,"1|0|110000":47838,"2|0|111110":1054,"2|0|111111":856,"1|1|101010":67542,"2|1|010010":16655,"2|1|011100":22180,"2|1|011101":21434,"1|0|010001":52692,"1|0|010000":47845,"2|1|010011":17317,"1|1|101011":64137,"1|0|111101":7421,"2|0|100101":16837,"2|0|100100":17623,"1|0|110010":41222,"1|0|110011":37689,"1|0|111100":10173,"2|0|110010":8220,"2|0|111101":1568,"2|0|110011":7431,"2|0|111100":2079,"2|1|011111":21168,"1|0|010111":77834,"1|0|010110":73920,"2|1|011110":20913,"1|1|101001":71112,"1|1|101000":74438,"1|0|110100":34381,"1|0|110101":31392,"2|0|100111":15157,"2|0|100110":16078,"2|1|000101":5438,"2|0|001111":13925,"2|1|000100":4769,"2|0|001110":13266,"1|0|011110":101761,"2|0|111011":2760,"2|0|111010":3193,"2|1|010111":20635,"1|0|011111":104127,"2|1|010110":19549,"1|0|110111":25235,"2|0|100001":19922,"2|0|100000":20456,"2|0|001001":8685,"2|0|001000":7630,"1|0|000101":5489,"1|0|000100":4785,"1|0|110110":28463,"1|0|010010":56914,"2|0|111000":4542,"2|0|111001":3879,"1|0|011101":98482,"2|1|010001":15775,"1|0|010011":60938,"1|0|011100":95746,"2|1|010000":14823}}
