{"probability":{"Group 13":"0.07798645191738234","Group 12":"0.0218202464005238","Group 11":"0.2807737640411439","Group 10":"0.0","Group  6":"0.0","Group  5":"0.0","Group  4":"0.0024808200316718447","Group  3":"0.00030105396474712894","Group  2":"0.0","Group  1":"0.0","Group  9":"0.00018323532741960634","Group  8":"0.01188490109243558","Group  7":"0.6045695272246759"},"groups":{"Group 13":["Botan 1.5.6 & 1.11.29 & 2.1.0","Feitian JavaCOS A22 & A40","Gemalto GCX4 72K","HSM SafeNet Luna SA-1700","LibTomCrypt 1.17","Libgcrypt 1.6.0 & 1.6.5 & 1.7.6","Libgcrypt 1.6.0 FIPS & 1.6.5 FIPS","Nettle 3.2 & 3.3","Oberthur Cosmo 64","OpenSSL FIPS 2.0.12 & 2.0.14","PGPSDK 4","WolfSSL 2.0rc1 & 3.9.0 & 3.10.2","cryptlib 3.4.3 & 3.4.3.1"],"Group 12":["Bouncy Castle 1.53 (Java)","Cryptix JCE 20050328","FlexiProvider 1.7p7","HSM Utimaco Security Server Se50","Nettle 2.0","PolarSSL 0.10.0","PuTTY 0.67","SunRsaSign OpenJDK 1.8.0","mbedTLS 1.3.19 & 2.2.1 & 2.4.2"],"Group 11":["Bouncy Castle 1.54 (Java)","Crypto++ 5.6.0 & 5.6.3 & 5.6.5","Libgcrypt 1.7.6 FIPS","Microsoft CryptoAPI & CNG & .NET"],"Group 10":["NXP J2D081 & J2E145G","YubiKey NEO"],"Group  6":["Oberthur Cosmo Dual 72K"],"Group  5":["NXP J2A080 & J2A081 & J3A081 & JCOP 41 V2.2.1"],"Group  4":["Gemalto GXP E64"],"Group  3":["GNU Crypto 2.0.1"],"Group  2":["G&D SmartCafe 4.x & 6.0"],"Group  1":["G&D SmartCafe 3.2"],"Group  9":["Infineon JTOP 80K","YubiKey 4 & 4 Nano"],"Group  8":["PGPSDK 4 FIPS"],"Group  7":["OpenSSL 0.9.7 & 1.0.2g & 1.0.2k & 1.1.0e"]},"frequencies":{"1|1|000110":5959,"2|1|100011":17700,"2|1|101101":10733,"1|1|000111":6730,"2|1|101100":11593,"2|1|100010":18433,"2|0|000000":2730,"2|0|000001":2497,"1|0|111010":15297,"1|0|111011":12351,"1|1|011010":86348,"1|1|011011":88995,"2|0|110100":6649,"2|0|110101":6068,"1|0|100001":95556,"1|0|100000":98782,"2|1|100000":19913,"1|1|000100":4649,"2|1|100001":19332,"2|0|000011":3849,"2|0|001101":12012,"2|0|001100":11076,"2|0|000010":3332,"1|1|000101":5319,"2|1|010101":18374,"2|0|011010":21804,"2|1|010100":17566,"2|0|011011":21908,"1|0|100010":91960,"1|0|101100":58220,"1|0|101101":54388,"1|0|100011":88399,"2|1|100110":15626,"1|1|110101":30564,"2|1|100111":14974,"2|0|000101":5364,"2|0|000100":4751,"1|0|111110":4336,"1|1|110100":32973,"1|0|111111":1932,"1|0|100101":81403,"2|0|110001":8333,"2|0|110000":9083,"1|0|010101":66751,"1|0|010100":62742,"2|0|011001":21294,"2|0|011000":20682,"1|0|100100":85014,"2|1|100100":16986,"2|1|100101":16333,"2|0|000110":6094,"2|0|000111":6552,"1|0|111000":21209,"1|0|111001":18244,"2|0|110111":4726,"2|0|110110":5498,"2|0|011111":20372,"2|0|011110":20920,"1|0|100111":74786,"1|0|100110":78120,"1|1|001001":14118,"1|0|001001":14017,"1|0|001000":9422,"1|1|001000":9440,"1|1|110001":42239,"1|1|110000":45664,"1|1|010000":45940,"2|0|011101":20986,"2|1|111111":831,"2|1|111110":1057,"2|0|010010":16046,"2|0|011100":21431,"2|0|010011":16716,"1|1|010001":50150,"1|0|101010":64675,"1|0|101011":61373,"1|0|001010":18689,"1|1|001111":41560,"1|0|001011":23586,"1|1|001110":36670,"2|1|101011":12125,"2|1|101010":12723,"1|1|110111":24123,"1|1|110110":27233,"1|1|010010":54320,"1|1|010011":58682,"1|1|011100":91673,"2|0|010001":15223,"2|1|111001":3668,"2|1|111000":4307,"2|0|010000":14216,"1|1|011101":94094,"1|1|000011":3995,"1|1|001100":28150,"1|1|001101":32539,"2|1|101001":13520,"1|1|000010":3251,"2|1|101000":14048,"1|1|111110":4318,"1|1|111111":1966,"2|1|111010":3104,"1|1|011110":97412,"1|1|011111":99807,"2|0|010111":19929,"2|1|001000":7345,"2|1|001001":8450,"2|1|111011":2563,"2|0|010110":18987,"1|0|101111":48807,"1|1|100101":81805,"1|1|100100":85121,"1|0|101110":51913,"1|1|000000":2797,"1|1|000001":2634,"2|1|101111":9763,"2|1|101110":10140,"1|1|110010":39159,"1|1|111101":6946,"1|1|110011":35916,"1|1|111100":9671,"1|1|011000":78593,"1|1|011001":82528,"2|1|001010":9356,"2|0|010100":17667,"2|1|001011":10288,"2|0|010101":18343,"1|0|101001":67814,"1|0|101000":71208,"1|0|000110":5901,"2|0|101101":11107,"2|0|100011":17748,"2|0|101100":11679,"2|0|100010":18400,"2|1|000001":2585,"2|1|000000":2735,"1|1|111011":12466,"1|0|000111":6614,"1|1|111010":15666,"1|0|011011":88527,"2|1|110100":6670,"1|0|011010":86288,"2|1|001100":11130,"2|1|110101":6161,"2|1|001101":11913,"1|1|100001":95598,"1|1|100000":99514,"1|0|000000":2751,"2|0|101111":9951,"2|0|101110":10269,"2|1|000111":6621,"2|1|000110":5861,"1|1|111000":21139,"1|0|000001":2497,"1|1|111001":18074,"1|0|011000":78724,"2|1|001110":12795,"2|1|110111":4790,"2|1|001111":13606,"2|1|110110":5484,"1|0|011001":82098,"1|1|100111":74580,"1|1|100110":77835,"1|0|000011":3981,"1|0|001100":28272,"1|0|000010":3205,"2|0|101001":13551,"2|0|101000":14333,"1|0|001101":32306,"2|1|110001":8301,"2|1|110000":9073,"2|1|011001":21684,"2|1|011000":20426,"1|1|010100":62815,"1|1|010101":66863,"1|1|101111":48286,"1|1|101110":51880,"2|0|101010":12949,"1|0|001111":41345,"1|1|001010":18748,"1|0|001110":37452,"1|1|001011":23713,"2|0|101011":12197,"2|1|000011":3978,"2|1|000010":3375,"1|1|010110":70832,"2|1|111101":1521,"2|1|110010":7729,"2|1|111100":2013,"2|1|110011":7306,"2|1|011010":22126,"2|1|011011":21541,"1|1|010111":74509,"1|1|101101":54545,"1|1|100011":88536,"1|1|101100":58383,"1|1|100010":91878,"1|0|110001":42352,"2|0|001011":10157,"2|0|001010":9354,"1|0|110000":45896,"2|0|111110":1007,"2|0|111111":800,"1|1|101010":64585,"2|1|010010":16196,"2|1|011100":21479,"2|1|011101":20928,"1|0|010001":50469,"1|0|010000":46046,"2|1|010011":16849,"1|1|101011":61334,"1|0|111101":6991,"2|0|100101":16223,"2|0|100100":17142,"1|0|110010":39347,"1|0|110011":35987,"1|0|111100":9762,"2|0|110010":7841,"2|0|111101":1483,"2|0|110011":7174,"2|0|111100":2033,"2|1|011111":20382,"1|0|010111":74408,"1|0|010110":70811,"2|1|011110":20314,"1|1|101001":67987,"1|1|101000":71188,"1|0|110100":33043,"1|0|110101":30053,"2|0|100111":14643,"2|0|100110":15520,"2|1|000101":5335,"2|0|001111":13600,"2|1|000100":4581,"2|0|001110":12818,"1|0|011110":97425,"2|0|111011":2693,"2|0|111010":3053,"2|1|010111":19864,"1|0|011111":99499,"2|1|010110":18964,"1|0|110111":24147,"2|0|100001":19181,"2|0|100000":19609,"2|0|001001":8448,"2|0|001000":7449,"1|0|000101":5307,"1|0|000100":4715,"1|0|110110":27122,"1|0|010010":54509,"2|0|111000":4408,"2|0|111001":3719,"1|0|011101":94143,"2|1|010001":15362,"1|0|010011":58535,"1|0|011100":91734,"2|1|010000":14408}}
