{"probability":{"Group 13":"0.013695075523675174","Group 12":"0.055633427321683186","Group 11":"0.38188889305465346","Group 10":"0.00009174288187925882","Group  6":"0.0","Group  5":"0.0","Group  4":"0.00314204945312191","Group  3":"0.0","Group  2":"0.0","Group  1":"0.0","Group  9":"0.00037307330170119443","Group  8":"0.006632312312637825","Group  7":"0.538543426150648"},"groups":{"Group 13":["Botan 1.5.6 & 1.11.29 & 2.1.0","Feitian JavaCOS A22 & A40","Gemalto GCX4 72K","HSM SafeNet Luna SA-1700","LibTomCrypt 1.17","Libgcrypt 1.6.0 & 1.6.5 & 1.7.6","Libgcrypt 1.6.0 FIPS & 1.6.5 FIPS","Nettle 3.2 & 3.3","Oberthur Cosmo 64","OpenSSL FIPS 2.0.12 & 2.0.14","PGPSDK 4","WolfSSL 2.0rc1 & 3.9.0 & 3.10.2","cryptlib 3.4.3 & 3.4.3.1"],"Group 12":["Bouncy Castle 1.53 (Java)","Cryptix JCE 20050328","FlexiProvider 1.7p7","HSM Utimaco Security Server Se50","Nettle 2.0","PolarSSL 0.10.0","PuTTY 0.67","SunRsaSign OpenJDK 1.8.0","mbedTLS 1.3.19 & 2.2.1 & 2.4.2"],"Group 11":["Bouncy Castle 1.54 (Java)","Crypto++ 5.6.0 & 5.6.3 & 5.6.5","Libgcrypt 1.7.6 FIPS","Microsoft CryptoAPI & CNG & .NET"],"Group 10":["NXP J2D081 & J2E145G","YubiKey NEO"],"Group  6":["Oberthur Cosmo Dual 72K"],"Group  5":["NXP J2A080 & J2A081 & J3A081 & JCOP 41 V2.2.1"],"Group  4":["Gemalto GXP E64"],"Group  3":["GNU Crypto 2.0.1"],"Group  2":["G&D SmartCafe 4.x & 6.0"],"Group  1":["G&D SmartCafe 3.2"],"Group  9":["Infineon JTOP 80K","YubiKey 4 & 4 Nano"],"Group  8":["PGPSDK 4 FIPS"],"Group  7":["OpenSSL 0.9.7 & 1.0.2g & 1.0.2k & 1.1.0e"]},"frequencies":{"1|1|000110":7297,"2|1|100011":14772,"2|1|101101":9092,"1|1|000111":7999,"2|1|101100":9590,"2|1|100010":15535,"2|0|000000":3202,"2|0|000001":3934,"1|0|111010":11090,"1|0|111011":9164,"1|1|011010":64323,"1|1|011011":66323,"2|0|110100":5570,"2|0|110101":4970,"1|0|100001":69163,"1|0|100000":72156,"2|1|100000":16835,"1|1|000100":6032,"2|1|100001":16228,"2|0|000011":5185,"2|0|001101":11868,"2|0|001100":11343,"2|0|000010":4677,"1|1|000101":6761,"2|1|010101":17142,"2|0|011010":19563,"2|1|010100":16407,"2|0|011011":19448,"1|0|100010":66344,"1|0|101100":42061,"1|0|101101":39312,"1|0|100011":64088,"2|1|100110":12925,"1|1|110101":21808,"2|1|100111":12552,"2|0|000101":6521,"2|0|000100":6136,"1|0|111110":3119,"1|1|110100":23761,"1|0|111111":1410,"1|0|100101":59048,"2|0|110001":6987,"2|0|110000":7534,"1|0|010101":50830,"1|0|010100":47805,"2|0|011001":19476,"2|0|011000":19028,"1|0|100100":61356,"2|1|100100":14372,"2|1|100101":13474,"2|0|000110":7327,"2|0|000111":8024,"1|0|111000":15076,"1|0|111001":13149,"2|0|110111":3982,"2|0|110110":4439,"2|0|011111":17383,"2|0|011110":17645,"1|0|100111":53889,"1|0|100110":56559,"1|1|001001":13506,"1|0|001001":13470,"1|0|001000":9866,"1|1|001000":9824,"1|1|110001":30512,"1|1|110000":32624,"1|1|010000":36035,"2|0|011101":18437,"2|1|111111":654,"2|1|111110":800,"2|0|010010":15167,"2|0|011100":18597,"2|0|010011":15743,"1|1|010001":38692,"1|0|101010":46689,"1|0|101011":44282,"1|0|001010":16640,"1|1|001111":32993,"1|0|001011":20195,"1|1|001110":29847,"2|1|101011":10311,"2|1|101010":10670,"1|1|110111":17450,"1|1|110110":19442,"1|1|010010":41851,"1|1|010011":44853,"1|1|011100":67435,"2|0|010001":14589,"2|1|111001":3026,"2|1|111000":3509,"2|0|010000":14080,"1|1|011101":69367,"1|1|000011":5405,"1|1|001100":23256,"1|1|001101":26446,"2|1|101001":11301,"1|1|000010":4566,"2|1|101000":11937,"1|1|111110":3174,"1|1|111111":1422,"2|1|111010":2610,"1|1|011110":70916,"1|1|011111":72132,"2|0|010111":18219,"2|1|001000":8615,"2|1|001001":9315,"2|1|111011":2075,"2|0|010110":17587,"1|0|101111":35129,"1|1|100101":59464,"1|1|100100":61346,"1|0|101110":37094,"1|1|000000":3164,"1|1|000001":3958,"2|1|101111":8093,"2|1|101110":8416,"1|1|110010":28309,"1|1|111101":5080,"1|1|110011":26005,"1|1|111100":7060,"1|1|011000":58863,"1|1|011001":62249,"2|1|001010":10158,"2|0|010100":16522,"2|1|001011":11042,"2|0|010101":17192,"1|0|101001":49115,"1|0|101000":51682,"1|0|000110":7385,"2|0|101101":9194,"2|0|100011":14876,"2|0|101100":9724,"2|0|100010":15483,"2|1|000001":3778,"2|1|000000":3156,"1|1|111011":8977,"1|0|000111":7874,"1|1|111010":11070,"1|0|011011":66080,"2|1|110100":5420,"1|0|011010":63958,"2|1|001100":11464,"2|1|110101":5002,"2|1|001101":12176,"1|1|100001":69050,"1|1|100000":71814,"1|0|000000":3224,"2|0|101111":8071,"2|0|101110":8550,"2|1|000111":8026,"2|1|000110":7255,"1|1|111000":15537,"1|0|000001":3849,"1|1|111001":13171,"1|0|011000":59416,"2|1|001110":12998,"2|1|110111":3978,"2|1|001111":13510,"2|1|110110":4539,"1|0|011001":61648,"1|1|100111":54344,"1|1|100110":56369,"1|0|000011":5358,"1|0|001100":23588,"1|0|000010":4636,"2|0|101001":11242,"2|0|101000":11977,"1|0|001101":26405,"2|1|110001":6967,"2|1|110000":7448,"2|1|011001":19514,"2|1|011000":18837,"1|1|010100":47977,"1|1|010101":51091,"1|1|101111":35249,"1|1|101110":37417,"2|0|101010":10738,"1|0|001111":32823,"1|1|001010":16738,"1|0|001110":29599,"1|1|001011":20073,"2|0|101011":10293,"2|1|000011":5287,"2|1|000010":4628,"1|1|010110":53609,"2|1|111101":1141,"2|1|110010":6446,"2|1|111100":1669,"2|1|110011":6061,"2|1|011010":19785,"2|1|011011":19326,"1|1|010111":56274,"1|1|101101":39654,"1|1|100011":64021,"1|1|101100":42183,"1|1|100010":66727,"1|0|110001":30542,"2|0|001011":10838,"2|0|001010":10223,"1|0|110000":32883,"2|0|111110":704,"2|0|111111":633,"1|1|101010":46897,"2|1|010010":15193,"2|1|011100":18796,"2|1|011101":18289,"1|0|010001":39018,"1|0|010000":35851,"2|1|010011":15681,"1|1|101011":44452,"1|0|111101":5001,"2|0|100101":13491,"2|0|100100":14157,"1|0|110010":28156,"1|0|110011":26198,"1|0|111100":7128,"2|0|110010":6465,"2|0|111101":1208,"2|0|110011":5963,"2|0|111100":1633,"2|1|011111":17185,"1|0|010111":56228,"1|0|010110":53705,"2|1|011110":17593,"1|1|101001":49202,"1|1|101000":51355,"1|0|110100":24182,"1|0|110101":21278,"2|0|100111":12253,"2|0|100110":12875,"2|1|000101":6715,"2|0|001111":13343,"2|1|000100":5992,"2|0|001110":12743,"1|0|011110":70829,"2|0|111011":2090,"2|0|111010":2537,"2|1|010111":18323,"1|0|011111":72652,"2|1|010110":17752,"1|0|110111":17165,"2|0|100001":16069,"2|0|100000":16595,"2|0|001001":9344,"2|0|001000":8638,"1|0|000101":6506,"1|0|000100":5999,"1|0|110110":19488,"1|0|010010":42059,"2|0|111000":3638,"2|0|111001":3088,"1|0|011101":69511,"2|1|010001":14690,"1|0|010011":44781,"1|0|011100":67616,"2|1|010000":14182}}
