{"probability":{"Group 13":"0.0954313533095913","Group 12":"0.02244740113325378","Group 11":"0.06618519925260191","Group 10":"0.00024316972860342458","Group  6":"0.0003578589388136475","Group  5":"0.0","Group  4":"0.0039206313505215605","Group  3":"0.00020763726201246076","Group  2":"0.0","Group  1":"0.0","Group  9":"0.000363511447930056","Group  8":"0.00658301093149921","Group  7":"0.8042602266451726"},"groups":{"Group 13":["Botan 1.5.6 & 1.11.29 & 2.1.0","Feitian JavaCOS A22 & A40","Gemalto GCX4 72K","HSM SafeNet Luna SA-1700","LibTomCrypt 1.17","Libgcrypt 1.6.0 & 1.6.5 & 1.7.6","Libgcrypt 1.6.0 FIPS & 1.6.5 FIPS","Nettle 3.2 & 3.3","Oberthur Cosmo 64","OpenSSL FIPS 2.0.12 & 2.0.14","PGPSDK 4","WolfSSL 2.0rc1 & 3.9.0 & 3.10.2","cryptlib 3.4.3 & 3.4.3.1"],"Group 12":["Bouncy Castle 1.53 (Java)","Cryptix JCE 20050328","FlexiProvider 1.7p7","HSM Utimaco Security Server Se50","Nettle 2.0","PolarSSL 0.10.0","PuTTY 0.67","SunRsaSign OpenJDK 1.8.0","mbedTLS 1.3.19 & 2.2.1 & 2.4.2"],"Group 11":["Bouncy Castle 1.54 (Java)","Crypto++ 5.6.0 & 5.6.3 & 5.6.5","Libgcrypt 1.7.6 FIPS","Microsoft CryptoAPI & CNG & .NET"],"Group 10":["NXP J2D081 & J2E145G","YubiKey NEO"],"Group  6":["Oberthur Cosmo Dual 72K"],"Group  5":["NXP J2A080 & J2A081 & J3A081 & JCOP 41 V2.2.1"],"Group  4":["Gemalto GXP E64"],"Group  3":["GNU Crypto 2.0.1"],"Group  2":["G&D SmartCafe 4.x & 6.0"],"Group  1":["G&D SmartCafe 3.2"],"Group  9":["Infineon JTOP 80K","YubiKey 4 & 4 Nano"],"Group  8":["PGPSDK 4 FIPS"],"Group  7":["OpenSSL 0.9.7 & 1.0.2g & 1.0.2k & 1.1.0e"]},"frequencies":{"1|1|000110":1137,"2|1|100011":4425,"2|1|101101":2705,"1|1|000111":1248,"2|1|101100":2915,"2|1|100010":4487,"2|0|000000":1164,"2|0|000001":814,"1|0|111010":8422,"1|0|111011":6876,"1|1|011010":45007,"1|1|011011":46994,"2|0|110100":1614,"2|0|110101":1513,"1|0|100001":52909,"1|0|100000":54697,"2|1|100000":5058,"1|1|000100":1024,"2|1|100001":4736,"2|0|000011":939,"2|0|001101":2412,"2|0|001100":2335,"2|0|000010":871,"1|1|000101":1060,"2|1|010101":3959,"2|0|011010":4820,"2|1|010100":3792,"2|0|011011":4997,"1|0|100010":50662,"1|0|101100":32036,"1|0|101101":30163,"1|0|100011":48799,"2|1|100110":3817,"1|1|110101":16751,"2|1|100111":3677,"2|0|000101":1042,"2|0|000100":1059,"1|0|111110":2238,"1|1|110100":18288,"1|0|111111":815,"1|0|100101":44789,"2|0|110001":2100,"2|0|110000":2193,"1|0|010101":34657,"1|0|010100":32054,"2|0|011001":4618,"2|0|011000":4524,"1|0|100100":46845,"2|1|100100":4146,"2|1|100101":4119,"2|0|000110":1163,"2|0|000111":1196,"1|0|111000":11625,"1|0|111001":10110,"2|0|110111":1166,"2|0|110110":1378,"2|0|011111":5114,"2|0|011110":5041,"1|0|100111":41186,"1|0|100110":43182,"1|1|001001":5309,"1|0|001001":5285,"1|0|001000":2618,"1|1|001000":2625,"1|1|110001":23036,"1|1|110000":25229,"1|1|010000":22843,"2|0|011101":5008,"2|1|111111":149,"2|1|111110":240,"2|0|010010":3460,"2|0|011100":4923,"2|0|010011":3583,"1|1|010001":25381,"1|0|101010":35591,"1|0|101011":33787,"1|0|001010":7955,"1|1|001111":20088,"1|0|001011":10379,"1|1|001110":18152,"2|1|101011":3064,"2|1|101010":3200,"1|1|110111":13737,"1|1|110110":14793,"1|1|010010":27355,"1|1|010011":29786,"1|1|011100":48965,"2|0|010001":3290,"2|1|111001":853,"2|1|111000":1067,"2|0|010000":3035,"1|1|011101":51197,"1|1|000011":928,"1|1|001100":13097,"1|1|001101":15405,"2|1|101001":3308,"0|1|010001":1,"1|1|000010":871,"2|1|101000":3586,"1|1|111110":2332,"1|1|111111":815,"2|1|111010":738,"1|1|011110":52539,"1|1|011111":54978,"2|0|010111":4320,"2|1|001000":1347,"2|1|001001":1612,"2|1|111011":632,"2|0|010110":4124,"1|0|101111":27022,"1|1|100101":45117,"1|1|100100":46743,"1|0|101110":28538,"1|1|000000":1161,"1|1|000001":787,"2|1|101111":2334,"2|1|101110":2612,"1|1|110010":21600,"1|1|111101":3831,"1|1|110011":19729,"1|1|111100":5312,"1|1|011000":41025,"1|1|011001":43183,"2|1|001010":1889,"2|0|010100":3736,"2|1|001011":2132,"2|0|010101":3910,"1|0|101001":37115,"1|0|101000":39168,"1|0|000110":1184,"2|0|101101":2721,"2|0|100011":4405,"2|0|101100":2841,"2|0|100010":4547,"2|1|000001":847,"2|1|000000":1219,"1|1|111011":6967,"1|0|000111":1248,"1|1|111010":8526,"1|0|011011":46690,"2|1|110100":1616,"1|0|011010":45110,"2|1|001100":2222,"2|1|110101":1502,"2|1|001101":2439,"1|1|100001":52598,"1|1|100000":54677,"1|0|000000":1172,"2|0|101111":2485,"2|0|101110":2571,"2|1|000111":1146,"2|1|000110":1141,"1|1|111000":11598,"1|0|000001":800,"1|1|111001":10022,"1|0|011000":41088,"2|1|001110":2641,"2|1|110111":1208,"2|1|001111":2896,"2|1|110110":1351,"1|0|011001":43026,"1|1|100111":40792,"1|1|100110":42677,"1|0|000011":951,"1|0|001100":12936,"1|0|000010":892,"2|0|101001":3352,"2|0|101000":3571,"1|0|001101":15226,"2|1|110001":2058,"2|1|110000":2238,"2|1|011001":4817,"0|1|000000":2,"2|1|011000":4524,"1|1|010100":31828,"1|1|010101":34284,"1|1|101111":26408,"1|1|101110":28565,"2|0|101010":3325,"1|0|001111":20315,"1|1|001010":7951,"1|0|001110":17978,"1|1|001011":10417,"2|0|101011":2993,"2|1|000011":961,"2|1|000010":909,"1|1|010110":36508,"2|1|111101":367,"2|1|110010":1904,"2|1|111100":466,"2|1|110011":1837,"2|1|011010":4824,"2|1|011011":4952,"1|1|010111":38839,"1|1|101101":30318,"1|1|100011":48800,"1|1|101100":32335,"1|1|100010":50894,"1|0|110001":23463,"2|0|001011":2007,"2|0|001010":1840,"1|0|110000":25132,"2|0|111110":218,"2|0|111111":151,"1|1|101010":35825,"2|1|010010":3524,"2|1|011100":4964,"2|1|011101":4974,"1|0|010001":25256,"1|0|010000":22796,"2|1|010011":3598,"1|1|101011":33511,"1|0|111101":3855,"2|0|100101":3993,"2|0|100100":4290,"1|0|110010":21652,"1|0|110011":19615,"1|0|111100":5398,"2|0|110010":1973,"2|0|111101":383,"2|0|110011":1865,"2|0|111100":486,"2|1|011111":5117,"1|0|010111":38786,"1|0|010110":36494,"2|1|011110":5012,"1|1|101001":37705,"1|1|101000":38746,"1|0|110100":18139,"1|0|110101":16611,"2|0|100111":3742,"2|0|100110":3955,"2|1|000101":1074,"2|0|001111":2743,"2|1|000100":975,"2|0|001110":2708,"1|0|011110":52959,"2|0|111011":625,"2|0|111010":743,"2|1|010111":4465,"1|0|011111":54833,"2|1|010110":4187,"1|0|110111":13370,"2|0|100001":4908,"2|0|100000":5022,"2|0|001001":1632,"2|0|001000":1408,"1|0|000101":1240,"1|0|000100":1038,"1|0|110110":14998,"1|0|010010":27388,"2|0|111000":1051,"2|0|111001":901,"1|0|011101":50844,"2|1|010001":3346,"1|0|010011":29738,"1|0|011100":49329,"2|1|010000":3046}}
