{"probability":{"Group 13":"0.01248938447203984","Group 12":"0.06782368439872703","Group 11":"0.15816047679000675","Group 10":"0.00023137298109676848","Group  6":"0.0","Group  5":"0.0","Group  4":"0.00432870198126387","Group  3":"0.0","Group  2":"0.0","Group  1":"0.0","Group  9":"0.0007293001234187131","Group  8":"0.007262582914437961","Group  7":"0.7489744963390089"},"groups":{"Group 13":["Botan 1.5.6 & 1.11.29 & 2.1.0","Feitian JavaCOS A22 & A40","Gemalto GCX4 72K","HSM SafeNet Luna SA-1700","LibTomCrypt 1.17","Libgcrypt 1.6.0 & 1.6.5 & 1.7.6","Libgcrypt 1.6.0 FIPS & 1.6.5 FIPS","Nettle 3.2 & 3.3","Oberthur Cosmo 64","OpenSSL FIPS 2.0.12 & 2.0.14","PGPSDK 4","WolfSSL 2.0rc1 & 3.9.0 & 3.10.2","cryptlib 3.4.3 & 3.4.3.1"],"Group 12":["Bouncy Castle 1.53 (Java)","Cryptix JCE 20050328","FlexiProvider 1.7p7","HSM Utimaco Security Server Se50","Nettle 2.0","PolarSSL 0.10.0","PuTTY 0.67","SunRsaSign OpenJDK 1.8.0","mbedTLS 1.3.19 & 2.2.1 & 2.4.2"],"Group 11":["Bouncy Castle 1.54 (Java)","Crypto++ 5.6.0 & 5.6.3 & 5.6.5","Libgcrypt 1.7.6 FIPS","Microsoft CryptoAPI & CNG & .NET"],"Group 10":["NXP J2D081 & J2E145G","YubiKey NEO"],"Group  6":["Oberthur Cosmo Dual 72K"],"Group  5":["NXP J2A080 & J2A081 & J3A081 & JCOP 41 V2.2.1"],"Group  4":["Gemalto GXP E64"],"Group  3":["GNU Crypto 2.0.1"],"Group  2":["G&D SmartCafe 4.x & 6.0"],"Group  1":["G&D SmartCafe 3.2"],"Group  9":["Infineon JTOP 80K","YubiKey 4 & 4 Nano"],"Group  8":["PGPSDK 4 FIPS"],"Group  7":["OpenSSL 0.9.7 & 1.0.2g & 1.0.2k & 1.1.0e"]},"frequencies":{"1|1|000110":3370,"2|1|100011":5091,"2|1|101101":3077,"1|1|000111":3580,"2|1|101100":3167,"2|1|100010":5211,"2|0|000000":2587,"2|0|000001":2630,"1|0|111010":8778,"1|0|111011":7393,"1|1|011010":48383,"1|1|011011":50509,"2|0|110100":1830,"2|0|110101":1673,"1|0|100001":55383,"1|0|100000":57583,"2|1|100000":5622,"1|1|000100":3201,"2|1|100001":5544,"2|0|000011":2911,"2|0|001101":4654,"2|0|001100":4557,"2|0|000010":2864,"1|1|000101":3340,"2|1|010101":6016,"2|0|011010":6600,"2|1|010100":5804,"2|0|011011":6610,"1|0|100010":53025,"1|0|101100":33624,"1|0|101101":31415,"1|0|100011":51246,"2|1|100110":4471,"1|1|110101":17296,"2|1|100111":4218,"2|0|000101":3226,"2|0|000100":3227,"1|0|111110":2526,"1|1|110100":18909,"1|0|111111":1173,"1|0|100101":47176,"2|0|110001":2302,"2|0|110000":2576,"1|0|010101":37398,"1|0|010100":35151,"2|0|011001":6582,"2|0|011000":6566,"1|0|100100":49061,"2|1|100100":4883,"2|1|100101":4676,"2|0|000110":3457,"2|0|000111":3655,"1|0|111000":12045,"1|0|111001":10484,"2|0|110111":1350,"2|0|110110":1451,"2|0|011111":6056,"2|0|011110":5994,"1|0|100111":43000,"1|0|100110":45197,"1|1|001001":7797,"1|0|001001":7739,"1|0|001000":4949,"1|1|001000":4966,"1|1|110001":24314,"1|1|110000":25972,"1|1|010000":25734,"2|0|011101":6236,"0|0|110110":1,"2|1|111111":488,"2|1|111110":320,"2|0|010010":5482,"2|0|011100":6381,"2|0|010011":5621,"1|1|010001":28006,"1|0|101010":37232,"1|0|101011":35392,"1|0|001010":10391,"1|1|001111":23364,"1|0|001011":13172,"1|1|001110":20854,"2|1|101011":3580,"2|1|101010":3605,"1|1|110111":13939,"1|1|110110":15599,"1|1|010010":30650,"1|1|010011":32861,"1|1|011100":52047,"2|0|010001":5459,"2|1|111001":990,"2|1|111000":1157,"2|0|010000":5389,"1|1|011101":54268,"1|1|000011":3015,"1|1|001100":15615,"1|1|001101":18221,"2|1|101001":3850,"1|1|000010":2843,"2|1|101000":4007,"1|1|111110":2511,"1|1|111111":1223,"2|1|111010":888,"1|1|011110":56064,"1|1|011111":57536,"2|0|010111":6308,"2|1|001000":3891,"2|1|001001":4049,"2|1|111011":695,"2|0|010110":6091,"1|0|101111":28028,"1|1|100101":47243,"1|1|100100":48804,"1|0|101110":29802,"1|1|000000":2475,"1|1|000001":2690,"2|1|101111":2661,"2|1|101110":2799,"1|1|110010":22740,"1|1|111101":4093,"1|1|110011":20710,"1|1|111100":5631,"1|1|011000":44021,"1|1|011001":46671,"2|1|001010":4222,"2|0|010100":5926,"2|1|001011":4558,"2|0|010101":6103,"1|0|101001":39172,"1|0|101000":41387,"1|0|000110":3518,"2|0|101101":3117,"2|0|100011":4966,"2|0|101100":3247,"2|0|100010":5292,"2|1|000001":2544,"2|1|000000":2418,"1|1|111011":7155,"1|0|000111":3629,"1|1|111010":8786,"1|0|011011":50323,"2|1|110100":1825,"1|0|011010":48393,"2|1|001100":4693,"2|1|110101":1711,"2|1|001101":4735,"1|1|100001":55176,"1|1|100000":57169,"1|0|000000":2508,"2|0|101111":2668,"2|0|101110":2826,"2|1|000111":3666,"2|1|000110":3458,"1|1|111000":12314,"1|0|000001":2589,"1|1|111001":10506,"1|0|011000":44403,"2|1|001110":4962,"2|1|110111":1321,"2|1|001111":5231,"2|1|110110":1554,"1|0|011001":46114,"1|1|100111":43323,"1|1|100110":45041,"1|0|000011":3022,"1|0|001100":15945,"1|0|000010":2877,"2|0|101001":3741,"2|0|101000":4114,"1|0|001101":18190,"2|1|110001":2323,"2|1|110000":2459,"0|0|101101":1,"2|1|011001":6630,"2|1|011000":6448,"1|1|010100":35512,"1|1|010101":37672,"1|1|101111":27962,"1|1|101110":29822,"2|0|101010":3634,"1|0|001111":23517,"1|1|001010":10338,"1|0|001110":20922,"1|1|001011":13127,"2|0|101011":3557,"2|1|000011":2959,"2|1|000010":2825,"1|1|010110":39705,"2|1|111101":396,"2|1|110010":2204,"2|1|111100":571,"2|1|110011":2067,"2|1|011010":6721,"2|1|011011":6527,"1|1|010111":41866,"1|1|101101":31305,"1|1|100011":51138,"1|1|101100":33590,"1|1|100010":53340,"1|0|110001":24353,"2|0|001011":4425,"2|0|001010":4303,"1|0|110000":26295,"2|0|111110":297,"2|0|111111":460,"1|1|101010":37383,"2|1|010010":5635,"2|1|011100":6407,"2|1|011101":6174,"1|0|010001":28279,"1|0|010000":25526,"2|1|010011":5649,"1|1|101011":35576,"1|0|111101":4024,"2|0|100101":4585,"2|0|100100":4781,"1|0|110010":22411,"1|0|110011":20971,"1|0|111100":5675,"2|0|110010":2175,"2|0|111101":422,"2|0|110011":2052,"2|0|111100":554,"2|1|011111":5960,"1|0|010111":41944,"1|0|010110":39488,"2|1|011110":6033,"1|1|101001":39270,"1|1|101000":41219,"1|0|110100":19217,"1|0|110101":16884,"2|0|100111":4182,"2|0|100110":4435,"2|1|000101":3356,"2|0|001111":5143,"2|1|000100":3217,"2|0|001110":4855,"1|0|011110":55638,"2|0|111011":698,"2|0|111010":843,"2|1|010111":6417,"1|0|011111":58068,"2|1|010110":6140,"1|0|110111":13662,"2|0|100001":5483,"2|0|100000":5717,"2|0|001001":3963,"2|0|001000":3773,"1|0|000101":3279,"1|0|000100":3146,"1|0|110110":15554,"1|0|010010":30549,"2|0|111000":1227,"2|0|111001":1013,"1|0|011101":54165,"2|1|010001":5410,"1|0|010011":32871,"1|0|011100":52035,"2|1|010000":5391}}
