{"probability":{"Group 13":"0.04015847875467752","Group 12":"0.04685973735193715","Group 11":"0.20190692779805308","Group 10":"0.0001659541255657055","Group  6":"0.00022711231536161927","Group  5":"0.0","Group  4":"0.0031913944852906273","Group  3":"0.0000306652903802448","Group  2":"0.0","Group  1":"0.0","Group  9":"0.0001204535589550456","Group  8":"0.012921026401894534","Group  7":"0.6944182499178845"},"groups":{"Group 13":["Botan 1.5.6 & 1.11.29 & 2.1.0","Feitian JavaCOS A22 & A40","Gemalto GCX4 72K","HSM SafeNet Luna SA-1700","LibTomCrypt 1.17","Libgcrypt 1.6.0 & 1.6.5 & 1.7.6","Libgcrypt 1.6.0 FIPS & 1.6.5 FIPS","Nettle 3.2 & 3.3","Oberthur Cosmo 64","OpenSSL FIPS 2.0.12 & 2.0.14","PGPSDK 4","WolfSSL 2.0rc1 & 3.9.0 & 3.10.2","cryptlib 3.4.3 & 3.4.3.1"],"Group 12":["Bouncy Castle 1.53 (Java)","Cryptix JCE 20050328","FlexiProvider 1.7p7","HSM Utimaco Security Server Se50","Nettle 2.0","PolarSSL 0.10.0","PuTTY 0.67","SunRsaSign OpenJDK 1.8.0","mbedTLS 1.3.19 & 2.2.1 & 2.4.2"],"Group 11":["Bouncy Castle 1.54 (Java)","Crypto++ 5.6.0 & 5.6.3 & 5.6.5","Libgcrypt 1.7.6 FIPS","Microsoft CryptoAPI & CNG & .NET"],"Group 10":["NXP J2D081 & J2E145G","YubiKey NEO"],"Group  6":["Oberthur Cosmo Dual 72K"],"Group  5":["NXP J2A080 & J2A081 & J3A081 & JCOP 41 V2.2.1"],"Group  4":["Gemalto GXP E64"],"Group  3":["GNU Crypto 2.0.1"],"Group  2":["G&D SmartCafe 4.x & 6.0"],"Group  1":["G&D SmartCafe 3.2"],"Group  9":["Infineon JTOP 80K","YubiKey 4 & 4 Nano"],"Group  8":["PGPSDK 4 FIPS"],"Group  7":["OpenSSL 0.9.7 & 1.0.2g & 1.0.2k & 1.1.0e"]},"frequencies":{"1|1|000110":9576,"2|1|100011":18864,"2|1|101101":11925,"1|1|000111":10106,"2|1|101100":12777,"2|1|100010":20137,"2|0|000000":5786,"2|0|000001":6248,"1|0|111010":24536,"1|0|111011":20115,"1|1|011010":136099,"1|1|011011":141558,"2|0|110100":7154,"2|0|110101":6738,"1|0|100001":153701,"1|0|100000":159660,"2|1|100000":21553,"1|1|000100":8055,"2|1|100001":20819,"2|0|000011":7477,"2|0|001101":14932,"2|0|001100":14502,"2|0|000010":6778,"1|1|000101":8816,"2|1|010101":21116,"2|0|011010":24580,"2|1|010100":20328,"2|0|011011":24504,"1|0|100010":147476,"1|0|101100":93414,"1|0|101101":87886,"1|0|100011":141596,"2|1|100110":16819,"1|1|110101":48622,"2|1|100111":16115,"2|0|000101":8726,"2|0|000100":8086,"1|0|111110":6891,"1|1|110100":53025,"1|0|111111":2630,"1|0|100101":130613,"2|0|110001":9287,"2|0|110000":9766,"1|0|010101":104680,"1|0|010100":98579,"2|0|011001":23707,"2|0|011000":23473,"1|0|100100":136362,"2|1|100100":18384,"2|1|100101":17903,"0|0|011100":1,"2|0|000110":9337,"2|0|000111":10053,"1|0|111000":34044,"1|0|111001":29528,"2|0|110111":5360,"2|0|110110":6022,"2|0|011111":22229,"2|0|011110":22546,"1|0|100111":119036,"1|0|100110":125118,"1|1|001001":21877,"1|0|001001":21758,"1|0|001000":14308,"1|1|001000":14304,"1|1|110001":67397,"1|1|110000":72983,"1|1|010000":72126,"2|0|011101":22934,"2|1|111111":805,"2|1|111110":1128,"2|0|010010":18788,"2|0|011100":23524,"2|0|010011":19699,"1|1|010001":78862,"1|0|101010":103400,"1|0|101011":98484,"1|0|001010":29285,"1|1|001111":64871,"1|0|001011":36761,"1|1|001110":58344,"2|1|101011":13431,"2|1|101010":14096,"1|1|110111":38825,"1|1|110110":43331,"1|1|010010":85138,"1|1|010011":91931,"1|1|011100":145213,"2|0|010001":18200,"2|1|111001":4005,"2|1|111000":4840,"2|0|010000":17586,"1|1|011101":150819,"1|1|000011":7344,"1|1|001100":43838,"1|1|001101":50922,"2|1|101001":14678,"1|1|000010":6810,"2|1|101000":15556,"1|1|111110":6919,"1|1|111111":2707,"2|1|111010":3593,"1|1|011110":155038,"1|1|011111":159713,"2|0|010111":22452,"2|1|001000":10711,"2|1|001001":11843,"2|1|111011":2952,"2|0|010110":22043,"1|0|101111":77643,"1|1|100101":130500,"1|1|100100":137153,"1|0|101110":83090,"1|1|000000":5766,"1|1|000001":6115,"2|1|101111":10446,"2|1|101110":11343,"1|1|110010":62867,"1|1|111101":11400,"1|1|110011":58074,"1|1|111100":16001,"1|1|011000":124004,"1|1|011001":130396,"2|1|001010":12580,"2|0|010100":20317,"2|1|001011":13533,"2|0|010101":21206,"1|0|101001":109290,"1|0|101000":114678,"1|0|000110":9456,"2|0|101101":12065,"2|0|100011":19247,"2|0|101100":12693,"2|0|100010":19986,"2|1|000001":6247,"2|1|000000":5975,"1|1|111011":20286,"1|0|000111":10096,"1|1|111010":24984,"1|0|011011":140600,"2|1|110100":7222,"1|0|011010":136006,"2|1|001100":14333,"2|1|110101":6712,"2|1|001101":15005,"1|1|100001":152891,"1|1|100000":159735,"1|0|000000":5835,"2|0|101111":10675,"2|0|101110":11065,"2|1|000111":10090,"2|1|000110":9641,"1|1|111000":34341,"1|0|000001":6147,"1|1|111001":29657,"1|0|011000":124373,"2|1|001110":15905,"2|1|110111":5346,"2|1|001111":16726,"2|1|110110":5991,"1|0|011001":129989,"1|1|100111":119484,"1|1|100110":124990,"1|0|000011":7524,"1|0|001100":43889,"1|0|000010":6775,"2|0|101001":14671,"2|0|101000":15466,"1|0|001101":50625,"2|1|110001":9135,"2|1|110000":9806,"2|1|011001":24088,"2|1|011000":23434,"1|1|010100":98231,"1|1|010101":104749,"1|1|101111":78045,"1|1|101110":82429,"2|0|101010":13897,"1|0|001111":64918,"1|1|001010":29293,"1|0|001110":58015,"1|1|001011":36585,"2|0|101011":13324,"2|1|000011":7496,"2|1|000010":6641,"1|1|010110":111141,"2|1|111101":1739,"0|1|101010":1,"2|1|110010":8611,"2|1|111100":2245,"2|1|110011":7803,"2|1|011010":24516,"2|1|011011":24214,"1|1|010111":118164,"1|1|101101":87388,"1|1|100011":142392,"1|1|101100":93034,"1|1|100010":147540,"1|0|110001":67784,"2|0|001011":13441,"2|0|001010":12601,"1|0|110000":72361,"2|0|111110":1154,"2|0|111111":831,"1|1|101010":103907,"2|1|010010":18981,"2|1|011100":23589,"2|1|011101":23139,"1|0|010001":78474,"1|0|010000":71695,"2|1|010011":19617,"1|1|101011":97864,"1|0|111101":11287,"2|0|100101":17531,"2|0|100100":18327,"1|0|110010":62742,"1|0|110011":57930,"1|0|111100":16011,"2|0|110010":8652,"2|0|111101":1704,"2|0|110011":7899,"2|0|111100":2347,"2|1|011111":22052,"1|0|010111":117643,"1|0|010110":111368,"2|1|011110":22531,"1|1|101001":109301,"1|1|101000":114013,"1|0|110100":52993,"1|0|110101":48487,"2|0|100111":16293,"2|0|100110":16950,"2|1|000101":8765,"2|0|001111":16697,"2|1|000100":8158,"2|0|001110":15810,"1|0|011110":155751,"2|0|111011":2866,"2|0|111010":3440,"2|1|010111":22582,"1|0|011111":160724,"2|1|010110":21920,"1|0|110111":38865,"2|0|100001":20782,"2|0|100000":21712,"2|0|001001":11729,"2|0|001000":10937,"1|0|000101":8868,"1|0|000100":8109,"1|0|110110":43468,"1|0|010010":85876,"2|0|111000":4763,"2|0|111001":4096,"1|0|011101":150532,"2|1|010001":18185,"1|0|010011":92414,"1|0|011100":145355,"2|1|010000":17661}}
