{"probability":{"Group 13":"0.05142257491962191","Group 12":"0.024622967874982863","Group 11":"0.05655213096778799","Group 10":"0.00005860582276066491","Group  6":"0.00016963368381542226","Group  5":"0.0","Group  4":"0.0021987473636124436","Group  3":"0.00007475249630895082","Group  2":"0.0","Group  1":"0.0","Group  9":"0.00026911119884372907","Group  8":"0.0056582264600311925","Group  7":"0.8589732492122348"},"groups":{"Group 13":["Botan 1.5.6 & 1.11.29 & 2.1.0","Feitian JavaCOS A22 & A40","Gemalto GCX4 72K","HSM SafeNet Luna SA-1700","LibTomCrypt 1.17","Libgcrypt 1.6.0 & 1.6.5 & 1.7.6","Libgcrypt 1.6.0 FIPS & 1.6.5 FIPS","Nettle 3.2 & 3.3","Oberthur Cosmo 64","OpenSSL FIPS 2.0.12 & 2.0.14","PGPSDK 4","WolfSSL 2.0rc1 & 3.9.0 & 3.10.2","cryptlib 3.4.3 & 3.4.3.1"],"Group 12":["Bouncy Castle 1.53 (Java)","Cryptix JCE 20050328","FlexiProvider 1.7p7","HSM Utimaco Security Server Se50","Nettle 2.0","PolarSSL 0.10.0","PuTTY 0.67","SunRsaSign OpenJDK 1.8.0","mbedTLS 1.3.19 & 2.2.1 & 2.4.2"],"Group 11":["Bouncy Castle 1.54 (Java)","Crypto++ 5.6.0 & 5.6.3 & 5.6.5","Libgcrypt 1.7.6 FIPS","Microsoft CryptoAPI & CNG & .NET"],"Group 10":["NXP J2D081 & J2E145G","YubiKey NEO"],"Group  6":["Oberthur Cosmo Dual 72K"],"Group  5":["NXP J2A080 & J2A081 & J3A081 & JCOP 41 V2.2.1"],"Group  4":["Gemalto GXP E64"],"Group  3":["GNU Crypto 2.0.1"],"Group  2":["G&D SmartCafe 4.x & 6.0"],"Group  1":["G&D SmartCafe 3.2"],"Group  9":["Infineon JTOP 80K","YubiKey 4 & 4 Nano"],"Group  8":["PGPSDK 4 FIPS"],"Group  7":["OpenSSL 0.9.7 & 1.0.2g & 1.0.2k & 1.1.0e"]},"frequencies":{"1|1|000110":2501,"2|1|100011":6419,"2|1|101101":4063,"1|1|000111":2719,"2|1|101100":4395,"2|1|100010":6772,"2|0|000000":2222,"2|0|000001":1984,"1|0|111010":19277,"1|0|111011":15793,"1|1|011010":103184,"1|1|011011":108255,"2|0|110100":2393,"2|0|110101":2238,"1|0|100001":120633,"1|0|100000":125755,"2|1|100000":7512,"1|1|000100":2265,"2|1|100001":7192,"2|0|000011":2231,"2|0|001101":4358,"2|0|001100":4175,"2|0|000010":2078,"1|1|000101":2419,"2|1|010101":6508,"2|0|011010":7651,"2|1|010100":6206,"2|0|011011":7866,"1|0|100010":116292,"1|0|101100":73985,"1|0|101101":69434,"1|0|100011":111790,"2|1|100110":5865,"1|1|110101":38278,"2|1|100111":5473,"2|0|000101":2395,"2|0|000100":2339,"1|0|111110":5189,"1|1|110100":41950,"1|0|111111":2101,"1|0|100101":103711,"2|0|110001":3201,"2|0|110000":3280,"1|0|010101":78129,"1|0|010100":73327,"2|0|011001":7241,"2|0|011000":7247,"1|0|100100":107369,"2|1|100100":6158,"2|1|100101":6056,"2|0|000110":2467,"2|0|000111":2700,"1|0|111000":26722,"1|0|111001":23015,"2|0|110111":1889,"2|0|110110":2008,"2|0|011111":7584,"2|0|011110":7584,"1|0|100111":94492,"1|0|100110":98680,"1|1|001001":12007,"1|0|001001":11781,"1|0|001000":5811,"1|1|001000":5918,"1|1|110001":53478,"1|1|110000":57349,"1|1|010000":51931,"2|0|011101":7489,"2|1|111111":526,"2|1|111110":388,"2|0|010010":5615,"2|0|011100":7570,"2|0|010011":5853,"1|1|010001":57378,"1|0|101010":81326,"1|0|101011":77099,"1|0|001010":17893,"1|1|001111":46427,"1|0|001011":23553,"1|1|001110":41079,"2|1|101011":4595,"2|1|101010":4770,"1|1|110111":30809,"1|1|110110":34257,"1|1|010010":62851,"1|1|010011":67843,"1|1|011100":112460,"2|0|010001":5550,"2|1|111001":1277,"2|1|111000":1544,"2|0|010000":5241,"1|1|011101":116707,"1|1|000011":2184,"1|1|001100":29429,"1|1|001101":35014,"2|1|101001":5049,"1|1|000010":1987,"2|1|101000":5227,"1|1|111110":5374,"1|1|111111":2188,"2|1|111010":1089,"1|1|011110":121112,"1|1|011111":125748,"2|0|010111":6844,"2|1|001000":2906,"2|1|001001":3243,"2|1|111011":952,"2|0|010110":6684,"1|0|101111":61225,"1|1|100101":103484,"1|1|100100":107706,"1|0|101110":65719,"1|1|000000":2262,"1|1|000001":2083,"2|1|101111":3519,"2|1|101110":3996,"1|1|110010":49324,"1|1|111101":8810,"1|1|110011":45448,"1|1|111100":12324,"1|1|011000":92978,"1|1|011001":98621,"2|1|001010":3535,"2|0|010100":6203,"2|1|001011":3876,"2|0|010101":6525,"1|0|101001":85795,"1|0|101000":90396,"1|0|000110":2649,"2|0|101101":4017,"2|0|100011":6557,"2|0|101100":4342,"2|0|100010":6936,"2|1|000001":2042,"2|1|000000":2250,"1|1|111011":16074,"1|0|000111":2685,"1|1|111010":19543,"1|0|011011":107083,"2|1|110100":2444,"1|0|011010":103120,"2|1|001100":4142,"2|1|110101":2159,"2|1|001101":4412,"1|1|100001":120966,"1|1|100000":125686,"1|0|000000":2162,"2|0|101111":3648,"2|0|101110":3719,"2|1|000111":2727,"2|1|000110":2569,"1|1|111000":26867,"1|0|000001":1939,"1|1|111001":22961,"1|0|011000":93796,"2|1|001110":4595,"2|1|110111":1812,"2|1|001111":5043,"2|1|110110":1992,"1|0|011001":98230,"1|1|100111":93974,"1|1|100110":98675,"1|0|000011":2266,"1|0|001100":29542,"1|0|000010":2100,"2|0|101001":5016,"2|0|101000":5390,"1|0|001101":34848,"2|1|110001":3135,"2|1|110000":3350,"2|1|011001":7606,"2|1|011000":7074,"1|1|010100":73359,"1|1|010101":78217,"1|1|101111":61232,"1|1|101110":65431,"2|0|101010":4917,"1|0|001111":46635,"1|1|001010":17656,"1|0|001110":41213,"1|1|001011":23897,"2|0|101011":4633,"2|1|000011":2144,"2|1|000010":2075,"1|1|010110":83284,"2|1|111101":549,"2|1|110010":2773,"2|1|111100":742,"2|1|110011":2607,"2|1|011010":7715,"2|1|011011":7715,"1|1|010111":88574,"1|1|101101":68995,"1|1|100011":112290,"1|1|101100":74027,"1|1|100010":116072,"1|0|110001":53020,"2|0|001011":3843,"2|0|001010":3586,"1|0|110000":57434,"2|0|111110":411,"2|0|111111":541,"1|1|101010":81788,"2|1|010010":5734,"2|1|011100":7697,"2|1|011101":7587,"1|0|010001":56909,"1|0|010000":51523,"2|1|010011":5987,"1|1|101011":77300,"1|0|111101":8932,"2|0|100101":6095,"2|0|100100":6405,"1|0|110010":49457,"1|0|110011":45767,"1|0|111100":12310,"2|0|110010":2918,"2|0|111101":563,"2|0|110011":2775,"2|0|111100":735,"2|1|011111":7693,"1|0|010111":88667,"1|0|010110":83572,"2|1|011110":7693,"1|1|101001":86483,"1|1|101000":89777,"1|0|110100":41900,"1|0|110101":38161,"2|0|100111":5597,"2|0|100110":5826,"2|1|000101":2494,"2|0|001111":4774,"2|1|000100":2388,"2|0|001110":4596,"1|0|011110":121442,"2|0|111011":928,"2|0|111010":1100,"2|1|010111":7074,"1|0|011111":125819,"2|1|010110":6564,"1|0|110111":30521,"2|0|100001":7277,"2|0|100000":7556,"2|0|001001":3310,"2|0|001000":2982,"1|0|000101":2483,"1|0|000100":2304,"1|0|110110":34289,"1|0|010010":62619,"2|0|111000":1540,"2|0|111001":1335,"1|0|011101":117280,"2|1|010001":5358,"1|0|010011":68096,"1|0|011100":112290,"2|1|010000":5097}}
