{"probability":{"Group 13":"0.011587836147637344","Group 12":"0.03460194611118457","Group 11":"0.2784761066135069","Group 10":"0.0002538966058001833","Group  6":"0.00015736185866335403","Group  5":"0.0","Group  4":"0.002352716319322861","Group  3":"0.000027584620764630006","Group  2":"0.0","Group  1":"0.0","Group  9":"0.0001825816463604874","Group  8":"0.002292419601309102","Group  7":"0.6700675504754505"},"groups":{"Group 13":["Botan 1.5.6 & 1.11.29 & 2.1.0","Feitian JavaCOS A22 & A40","Gemalto GCX4 72K","HSM SafeNet Luna SA-1700","LibTomCrypt 1.17","Libgcrypt 1.6.0 & 1.6.5 & 1.7.6","Libgcrypt 1.6.0 FIPS & 1.6.5 FIPS","Nettle 3.2 & 3.3","Oberthur Cosmo 64","OpenSSL FIPS 2.0.12 & 2.0.14","PGPSDK 4","WolfSSL 2.0rc1 & 3.9.0 & 3.10.2","cryptlib 3.4.3 & 3.4.3.1"],"Group 12":["Bouncy Castle 1.53 (Java)","Cryptix JCE 20050328","FlexiProvider 1.7p7","HSM Utimaco Security Server Se50","Nettle 2.0","PolarSSL 0.10.0","PuTTY 0.67","SunRsaSign OpenJDK 1.8.0","mbedTLS 1.3.19 & 2.2.1 & 2.4.2"],"Group 11":["Bouncy Castle 1.54 (Java)","Crypto++ 5.6.0 & 5.6.3 & 5.6.5","Libgcrypt 1.7.6 FIPS","Microsoft CryptoAPI & CNG & .NET"],"Group 10":["NXP J2D081 & J2E145G","YubiKey NEO"],"Group  6":["Oberthur Cosmo Dual 72K"],"Group  5":["NXP J2A080 & J2A081 & J3A081 & JCOP 41 V2.2.1"],"Group  4":["Gemalto GXP E64"],"Group  3":["GNU Crypto 2.0.1"],"Group  2":["G&D SmartCafe 4.x & 6.0"],"Group  1":["G&D SmartCafe 3.2"],"Group  9":["Infineon JTOP 80K","YubiKey 4 & 4 Nano"],"Group  8":["PGPSDK 4 FIPS"],"Group  7":["OpenSSL 0.9.7 & 1.0.2g & 1.0.2k & 1.1.0e"]},"frequencies":{"1|1|000110":5472,"2|1|100011":11489,"2|1|101101":7155,"1|1|000111":5936,"2|1|101100":7751,"2|1|100010":12148,"2|0|000000":2102,"2|0|000001":2713,"1|0|111010":13501,"1|0|111011":10945,"1|1|011010":75494,"1|1|011011":78671,"2|0|110100":4291,"2|0|110101":4015,"1|0|100001":84348,"1|0|100000":87782,"2|1|100000":13023,"1|1|000100":4292,"2|1|100001":12614,"2|0|000011":3831,"2|0|001101":9171,"2|0|001100":8801,"2|0|000010":3252,"1|1|000101":5021,"2|1|010101":13175,"2|0|011010":15465,"2|1|010100":12571,"2|0|011011":15532,"1|0|100010":80846,"1|0|101100":51076,"1|0|101101":48202,"1|0|100011":78082,"2|1|100110":10050,"1|1|110101":26528,"2|1|100111":9815,"2|0|000101":4913,"2|0|000100":4414,"1|0|111110":3686,"1|1|110100":29160,"1|0|111111":1378,"1|0|100101":71568,"2|0|110001":5521,"2|0|110000":5904,"1|0|010101":58211,"1|0|010100":54845,"2|0|011001":15128,"2|0|011000":14715,"1|0|100100":75024,"2|1|100100":11080,"2|1|100101":10703,"2|0|000110":5421,"2|0|000111":6019,"1|0|111000":18419,"1|0|111001":16110,"2|0|110111":3138,"2|0|110110":3513,"2|0|011111":13446,"2|0|011110":13710,"1|0|100111":65626,"1|0|100110":68588,"1|1|001001":12542,"1|0|001001":12557,"1|0|001000":8380,"1|1|001000":8305,"1|1|110001":37093,"1|1|110000":40022,"1|1|010000":40394,"2|0|011101":14254,"2|1|111111":425,"2|1|111110":536,"2|0|010010":11814,"2|0|011100":14573,"2|0|010011":12271,"1|1|010001":43804,"1|0|101010":56365,"1|0|101011":53702,"1|0|001010":16487,"1|1|001111":36538,"1|0|001011":20772,"1|1|001110":32728,"2|1|101011":8070,"2|1|101010":8492,"1|1|110111":21197,"1|1|110110":23941,"1|1|010010":47467,"1|1|010011":51170,"1|1|011100":80268,"2|0|010001":11261,"2|1|111001":2346,"2|1|111000":2808,"2|0|010000":10915,"1|1|011101":83380,"1|1|000011":3703,"1|1|001100":24488,"1|1|001101":28732,"2|1|101001":8820,"1|1|000010":3316,"2|1|101000":9459,"1|1|111110":3674,"1|1|111111":1473,"2|1|111010":2030,"1|1|011110":85427,"1|1|011111":87922,"2|0|010111":14243,"2|1|001000":6347,"2|1|001001":7206,"2|1|111011":1708,"2|0|010110":13751,"1|0|101111":42707,"1|1|100101":71685,"1|1|100100":75231,"1|0|101110":45489,"1|1|000000":2078,"1|1|000001":2704,"2|1|101111":6312,"2|1|101110":6922,"1|1|110010":34309,"1|1|111101":6075,"1|1|110011":31810,"1|1|111100":8763,"1|1|011000":69344,"1|1|011001":72490,"2|1|001010":7673,"2|0|010100":12588,"2|1|001011":8311,"2|0|010101":13342,"1|0|101001":59744,"1|0|101000":62577,"1|0|000110":5508,"2|0|101101":7270,"2|0|100011":11704,"2|0|101100":7677,"2|0|100010":11959,"2|1|000001":2686,"2|1|000000":2189,"1|1|111011":11006,"1|0|000111":6017,"1|1|111010":13390,"1|0|011011":78230,"2|1|110100":4228,"1|0|011010":76012,"2|1|001100":8722,"2|1|110101":3992,"2|1|001101":9150,"1|1|100001":83968,"1|1|100000":87773,"1|0|000000":2191,"2|0|101111":6406,"2|0|101110":6730,"2|1|000111":5864,"2|1|000110":5513,"1|1|111000":18836,"1|0|000001":2663,"1|1|111001":16122,"1|0|011000":69262,"2|1|001110":9772,"2|1|110111":3094,"2|1|001111":10304,"2|1|110110":3612,"0|0|100001":1,"1|0|011001":72481,"1|1|100111":65521,"1|1|100110":68756,"1|0|000011":3870,"1|0|001100":24659,"1|0|000010":3216,"2|0|101001":8891,"2|0|101000":9307,"1|0|001101":28671,"2|1|110001":5459,"2|1|110000":5907,"2|1|011001":15077,"2|1|011000":14800,"1|1|010100":54885,"1|1|010101":58604,"1|1|101111":42749,"1|1|101110":45201,"2|0|101010":8430,"1|0|001111":36343,"1|1|001010":16594,"1|0|001110":32643,"1|1|001011":20733,"2|0|101011":8014,"2|1|000011":3832,"2|1|000010":3207,"1|1|010110":61728,"2|1|111101":923,"0|1|101010":1,"2|1|110010":5114,"2|1|111100":1226,"2|1|110011":4597,"2|1|011010":15384,"2|1|011011":15128,"1|1|010111":65648,"1|1|101101":48058,"1|1|100011":78016,"1|1|101100":51015,"1|1|100010":80715,"1|0|110001":36984,"2|0|001011":8270,"2|0|001010":7638,"1|0|110000":39677,"2|0|111110":563,"2|0|111111":430,"1|1|101010":57173,"2|1|010010":11827,"2|1|011100":14744,"2|1|011101":14342,"1|0|010001":43896,"1|0|010000":40093,"2|1|010011":12262,"1|1|101011":54100,"1|0|111101":6145,"2|0|100101":10562,"2|0|100100":11153,"1|0|110010":34224,"1|0|110011":31523,"1|0|111100":8577,"2|0|110010":5118,"2|0|111101":897,"2|0|110011":4672,"2|0|111100":1274,"2|1|011111":13380,"1|0|010111":65627,"1|0|010110":62141,"2|1|011110":13792,"1|1|101001":60040,"1|1|101000":62961,"1|0|110100":29111,"1|0|110101":26415,"2|0|100111":9804,"2|0|100110":10252,"2|1|000101":4901,"2|0|001111":10363,"2|1|000100":4415,"2|0|001110":9908,"1|0|011110":85691,"2|0|111011":1601,"2|0|111010":1973,"2|1|010111":14138,"1|0|011111":88271,"2|1|010110":13637,"1|0|110111":21143,"2|0|100001":12530,"2|0|100000":13065,"2|0|001001":7055,"2|0|001000":6498,"1|0|000101":4990,"1|0|000100":4363,"1|0|110110":23609,"1|0|010010":47762,"2|0|111000":2814,"2|0|111001":2391,"1|0|011101":83415,"2|1|010001":11274,"1|0|010011":51484,"1|0|011100":80572,"2|1|010000":11026}}
