{"probability":{"Group 13":"0.040924286055690526","Group 12":"0.048963599611865076","Group 11":"0.19533467768777696","Group 10":"0.00011966356048672512","Group  6":"0.00022089395228378487","Group  5":"0.0","Group  4":"0.0033345963649892246","Group  3":"0.00019911592908901726","Group  2":"0.0","Group  1":"0.0","Group  9":"0.0001922937550267667","Group  8":"0.015150379291542065","Group  7":"0.6955604937912498"},"groups":{"Group 13":["Botan 1.5.6 & 1.11.29 & 2.1.0","Feitian JavaCOS A22 & A40","Gemalto GCX4 72K","HSM SafeNet Luna SA-1700","LibTomCrypt 1.17","Libgcrypt 1.6.0 & 1.6.5 & 1.7.6","Libgcrypt 1.6.0 FIPS & 1.6.5 FIPS","Nettle 3.2 & 3.3","Oberthur Cosmo 64","OpenSSL FIPS 2.0.12 & 2.0.14","PGPSDK 4","WolfSSL 2.0rc1 & 3.9.0 & 3.10.2","cryptlib 3.4.3 & 3.4.3.1"],"Group 12":["Bouncy Castle 1.53 (Java)","Cryptix JCE 20050328","FlexiProvider 1.7p7","HSM Utimaco Security Server Se50","Nettle 2.0","PolarSSL 0.10.0","PuTTY 0.67","SunRsaSign OpenJDK 1.8.0","mbedTLS 1.3.19 & 2.2.1 & 2.4.2"],"Group 11":["Bouncy Castle 1.54 (Java)","Crypto++ 5.6.0 & 5.6.3 & 5.6.5","Libgcrypt 1.7.6 FIPS","Microsoft CryptoAPI & CNG & .NET"],"Group 10":["NXP J2D081 & J2E145G","YubiKey NEO"],"Group  6":["Oberthur Cosmo Dual 72K"],"Group  5":["NXP J2A080 & J2A081 & J3A081 & JCOP 41 V2.2.1"],"Group  4":["Gemalto GXP E64"],"Group  3":["GNU Crypto 2.0.1"],"Group  2":["G&D SmartCafe 4.x & 6.0"],"Group  1":["G&D SmartCafe 3.2"],"Group  9":["Infineon JTOP 80K","YubiKey 4 & 4 Nano"],"Group  8":["PGPSDK 4 FIPS"],"Group  7":["OpenSSL 0.9.7 & 1.0.2g & 1.0.2k & 1.1.0e"]},"frequencies":{"1|1|000110":9853,"2|1|100011":19054,"2|1|101101":12091,"1|1|000111":10399,"2|1|101100":12868,"2|1|100010":20363,"2|0|000000":6306,"2|0|000001":6617,"1|0|111010":25176,"1|0|111011":20630,"1|1|011010":138641,"1|1|011011":144720,"2|0|110100":7306,"2|0|110101":6912,"1|0|100001":156733,"1|0|100000":162802,"2|1|100000":21913,"1|1|000100":8415,"2|1|100001":20987,"2|0|000011":7929,"2|0|001101":15350,"2|0|001100":14862,"2|0|000010":7189,"1|1|000101":9155,"2|1|010101":21277,"2|0|011010":24829,"2|1|010100":20574,"2|0|011011":24826,"1|0|100010":150539,"1|0|101100":94988,"1|0|101101":89640,"1|0|100011":144609,"2|1|100110":17022,"1|1|110101":49676,"2|1|100111":16365,"2|0|000101":9100,"2|0|000100":8556,"1|0|111110":7096,"1|1|110100":53984,"1|0|111111":2762,"1|0|100101":132894,"2|0|110001":9340,"2|0|110000":9923,"1|0|010101":106370,"1|0|010100":100560,"2|0|011001":24086,"2|0|011000":23503,"1|0|100100":139427,"2|1|100100":18527,"2|1|100101":17985,"2|0|000110":9763,"2|0|000111":10379,"1|0|111000":34613,"1|0|111001":30059,"2|0|110111":5563,"2|0|110110":6088,"2|0|011111":22395,"2|0|011110":22689,"1|0|100111":122035,"1|0|100110":127917,"1|1|001001":22329,"1|0|001001":22220,"1|0|001000":14594,"1|1|001000":14551,"1|1|110001":69113,"1|1|110000":74303,"1|1|010000":73689,"2|0|011101":23230,"2|1|111111":862,"2|1|111110":1159,"2|0|010010":19173,"2|0|011100":23553,"2|0|010011":20120,"1|1|010001":80380,"1|0|101010":105091,"1|0|101011":100142,"1|0|001010":29973,"1|1|001111":66172,"1|0|001011":37602,"1|1|001110":59446,"2|1|101011":13537,"2|1|101010":14340,"1|1|110111":39532,"1|1|110110":44495,"1|1|010010":86945,"1|1|010011":93691,"1|1|011100":148123,"2|0|010001":18552,"2|1|111001":4078,"2|1|111000":4882,"2|0|010000":17750,"1|1|011101":153464,"1|1|000011":7760,"1|1|001100":44630,"1|1|001101":52113,"2|1|101001":14870,"1|1|000010":7144,"2|1|101000":15748,"1|1|111110":7089,"1|1|111111":2775,"2|1|111010":3610,"1|1|011110":158135,"1|1|011111":162930,"2|0|010111":22818,"2|1|001000":11110,"2|1|001001":12109,"2|1|111011":3072,"2|0|010110":22299,"1|0|101111":79709,"1|1|100101":133305,"1|1|100100":139866,"1|0|101110":84826,"1|1|000000":6296,"1|1|000001":6586,"2|1|101111":10640,"2|1|101110":11525,"1|1|110010":64239,"1|1|111101":11559,"1|1|110011":59288,"1|1|111100":16469,"1|1|011000":126720,"1|1|011001":132980,"2|1|001010":12933,"2|0|010100":20516,"2|1|001011":13846,"2|0|010101":21444,"1|0|101001":111423,"1|0|101000":116710,"1|0|000110":9831,"2|0|101101":12094,"2|0|100011":19298,"2|0|101100":12829,"2|0|100010":20237,"2|1|000001":6757,"2|1|000000":6443,"1|1|111011":20792,"1|0|000111":10492,"1|1|111010":25605,"1|0|011011":143294,"2|1|110100":7281,"1|0|011010":139121,"2|1|001100":14671,"2|1|110101":6850,"2|1|001101":15362,"1|1|100001":156415,"1|1|100000":162677,"1|0|000000":6321,"2|0|101111":10796,"2|0|101110":11264,"2|1|000111":10425,"2|1|000110":9940,"1|1|111000":35106,"1|0|000001":6608,"1|1|111001":30182,"1|0|011000":126594,"2|1|001110":16013,"2|1|110111":5463,"2|1|001111":17145,"2|1|110110":6129,"1|0|011001":132801,"1|1|100111":121548,"1|1|100110":127392,"1|0|000011":8017,"1|0|001100":44906,"1|0|000010":7185,"2|0|101001":14805,"2|0|101000":15536,"1|0|001101":51694,"2|1|110001":9303,"2|1|110000":9975,"2|1|011001":24119,"2|1|011000":23685,"1|1|010100":100221,"1|1|010101":106619,"1|1|101111":79436,"1|1|101110":83962,"2|0|101010":14199,"1|0|001111":66520,"1|1|001010":29979,"1|0|001110":59457,"1|1|001011":37455,"2|0|101011":13476,"2|1|000011":7954,"2|1|000010":7082,"1|1|010110":113185,"2|1|111101":1779,"0|1|101010":1,"2|1|110010":8775,"2|1|111100":2334,"2|1|110011":7911,"2|1|011010":24775,"2|1|011011":24303,"1|1|010111":120598,"1|1|101101":89216,"1|1|100011":145347,"1|1|101100":95046,"1|1|100010":150027,"1|0|110001":69179,"2|0|001011":13938,"2|0|001010":12893,"1|0|110000":74305,"2|0|111110":1203,"2|0|111111":896,"1|1|101010":105840,"2|1|010010":19285,"2|1|011100":23991,"2|1|011101":23443,"1|0|010001":79964,"1|0|010000":73324,"2|1|010011":19887,"1|1|101011":99978,"1|0|111101":11663,"2|0|100101":17619,"2|0|100100":18476,"1|0|110010":63997,"1|0|110011":58947,"1|0|111100":16287,"2|0|110010":8635,"2|0|111101":1769,"2|0|110011":8095,"2|0|111100":2343,"2|1|011111":22222,"1|0|010111":119656,"1|0|010110":113331,"2|1|011110":22777,"1|1|101001":111644,"1|1|101000":116450,"1|0|110100":54213,"1|0|110101":49461,"2|0|100111":16409,"2|0|100110":17137,"2|1|000101":9065,"2|0|001111":17005,"2|1|000100":8562,"2|0|001110":16128,"1|0|011110":158903,"2|0|111011":2921,"2|0|111010":3468,"2|1|010111":22969,"1|0|011111":164083,"2|1|010110":22109,"1|0|110111":39751,"2|0|100001":21043,"2|0|100000":21990,"2|0|001001":12162,"2|0|001000":11294,"1|0|000101":9238,"1|0|000100":8475,"1|0|110110":44516,"1|0|010010":87477,"2|0|111000":4885,"2|0|111001":4134,"1|0|011101":153733,"2|1|010001":18458,"1|0|010011":94139,"1|0|011100":148115,"2|1|010000":18033}}
