{"probability":{"Group 13":"0.20486360365874015","Group 12":"0.12672346654016084","Group 11":"0.013961140505001935","Group 10":"0.0","Group  6":"0.0","Group  5":"0.0005858072372206248","Group  4":"0.006805566721159924","Group  3":"0.0","Group  2":"0.0","Group  1":"0.0","Group  9":"0.000786724549935063","Group  8":"0.005383591863455546","Group  7":"0.6408900989243259"},"groups":{"Group 13":["Botan 1.5.6 & 1.11.29 & 2.1.0","Feitian JavaCOS A22 & A40","Gemalto GCX4 72K","HSM SafeNet Luna SA-1700","LibTomCrypt 1.17","Libgcrypt 1.6.0 & 1.6.5 & 1.7.6","Libgcrypt 1.6.0 FIPS & 1.6.5 FIPS","Nettle 3.2 & 3.3","Oberthur Cosmo 64","OpenSSL FIPS 2.0.12 & 2.0.14","PGPSDK 4","WolfSSL 2.0rc1 & 3.9.0 & 3.10.2","cryptlib 3.4.3 & 3.4.3.1"],"Group 12":["Bouncy Castle 1.53 (Java)","Cryptix JCE 20050328","FlexiProvider 1.7p7","HSM Utimaco Security Server Se50","Nettle 2.0","PolarSSL 0.10.0","PuTTY 0.67","SunRsaSign OpenJDK 1.8.0","mbedTLS 1.3.19 & 2.2.1 & 2.4.2"],"Group 11":["Bouncy Castle 1.54 (Java)","Crypto++ 5.6.0 & 5.6.3 & 5.6.5","Libgcrypt 1.7.6 FIPS","Microsoft CryptoAPI & CNG & .NET"],"Group 10":["NXP J2D081 & J2E145G","YubiKey NEO"],"Group  6":["Oberthur Cosmo Dual 72K"],"Group  5":["NXP J2A080 & J2A081 & J3A081 & JCOP 41 V2.2.1"],"Group  4":["Gemalto GXP E64"],"Group  3":["GNU Crypto 2.0.1"],"Group  2":["G&D SmartCafe 4.x & 6.0"],"Group  1":["G&D SmartCafe 3.2"],"Group  9":["Infineon JTOP 80K","YubiKey 4 & 4 Nano"],"Group  8":["PGPSDK 4 FIPS"],"Group  7":["OpenSSL 0.9.7 & 1.0.2g & 1.0.2k & 1.1.0e"]},"frequencies":{"1|1|000110":1131,"2|1|100011":2362,"2|1|101101":1398,"1|1|000111":1124,"2|1|101100":1478,"2|1|100010":2457,"2|0|000000":1191,"2|0|000001":1224,"1|0|111010":2199,"1|0|111011":1866,"1|1|011010":12113,"1|1|011011":12872,"2|0|110100":840,"2|0|110101":795,"1|0|100001":14313,"1|0|100000":14920,"2|1|100000":2738,"1|1|000100":1120,"2|1|100001":2512,"2|0|000011":1111,"2|0|001101":1535,"2|0|001100":1422,"2|0|000010":1197,"1|1|000101":1152,"2|1|010101":2208,"2|0|011010":2380,"2|1|010100":2017,"2|0|011011":2393,"1|0|100010":13754,"1|0|101100":8536,"1|0|101101":8157,"1|0|100011":13244,"2|1|100110":2089,"1|1|110101":4352,"2|1|100111":1943,"2|0|000101":1096,"2|0|000100":1091,"1|0|111110":607,"1|1|110100":4909,"1|0|111111":201,"1|0|100101":12184,"2|0|110001":1089,"2|0|110000":1184,"1|0|010101":9675,"1|0|010100":8965,"2|0|011001":2280,"2|0|011000":2300,"1|0|100100":12881,"2|1|100100":2177,"2|1|100101":2113,"2|0|000110":1167,"2|0|000111":1126,"1|0|111000":3300,"1|0|111001":2717,"2|0|110111":652,"2|0|110110":714,"2|0|011111":2670,"2|0|011110":2688,"1|0|100111":11235,"1|0|100110":11601,"1|1|001001":2100,"1|0|001001":2084,"1|0|001000":1428,"1|1|001000":1414,"1|1|110001":6161,"1|1|110000":6680,"1|1|010000":6706,"2|0|011101":2563,"2|1|111111":37,"2|1|111110":110,"2|0|010010":1882,"2|0|011100":2502,"2|0|010011":2022,"1|1|010001":7186,"1|0|101010":9533,"1|0|101011":9209,"1|0|001010":2799,"1|1|001111":6127,"1|0|001011":3434,"1|1|001110":5140,"2|1|101011":1626,"2|1|101010":1618,"1|1|110111":3519,"1|1|110110":4050,"1|1|010010":7728,"1|1|010011":8402,"1|1|011100":13310,"2|0|010001":1859,"2|1|111001":526,"2|1|111000":579,"2|0|010000":1739,"1|1|011101":14019,"1|1|000011":1167,"1|1|001100":4074,"1|1|001101":4763,"2|1|101001":1739,"1|1|000010":1203,"2|1|101000":1839,"1|1|111110":665,"1|1|111111":212,"2|1|111010":391,"1|1|011110":14546,"1|1|011111":15094,"2|0|010111":2284,"2|1|001000":1142,"2|1|001001":1194,"2|1|111011":316,"2|0|010110":2175,"1|0|101111":7197,"1|1|100101":12120,"1|1|100100":12764,"1|0|101110":7801,"1|1|000000":1179,"1|1|000001":1232,"2|1|101111":1251,"2|1|101110":1356,"1|1|110010":5902,"1|1|111101":1034,"1|1|110011":5331,"1|1|111100":1377,"1|1|011000":11340,"1|1|011001":11709,"2|1|001010":1297,"2|0|010100":2065,"2|1|001011":1324,"2|0|010101":2145,"1|0|101001":10137,"1|0|101000":10543,"1|0|000110":1070,"2|0|101101":1453,"2|0|100011":2435,"2|0|101100":1426,"2|0|100010":2486,"2|1|000001":1237,"2|1|000000":1208,"1|1|111011":1870,"1|0|000111":1043,"1|1|111010":2295,"1|0|011011":12958,"2|1|110100":907,"1|0|011010":12258,"2|1|001100":1471,"2|1|110101":765,"2|1|001101":1603,"1|1|100001":14142,"1|1|100000":14788,"1|0|000000":1216,"2|0|101111":1223,"2|0|101110":1345,"2|1|000111":1086,"2|1|000110":1142,"1|1|111000":3256,"1|0|000001":1133,"1|1|111001":2740,"1|0|011000":11162,"2|1|001110":1624,"2|1|110111":647,"2|1|001111":1666,"2|1|110110":668,"1|0|011001":11765,"1|1|100111":11119,"1|1|100110":11956,"1|0|000011":1102,"1|0|001100":4113,"1|0|000010":1149,"2|0|101001":1748,"2|0|101000":1905,"1|0|001101":4789,"2|1|110001":1155,"2|1|110000":1176,"2|1|011001":2343,"2|1|011000":2298,"1|1|010100":8897,"1|1|010101":9453,"1|1|101111":7270,"1|1|101110":7693,"2|0|101010":1679,"1|0|001111":5903,"1|1|001010":2776,"1|0|001110":5457,"1|1|001011":3399,"2|0|101011":1630,"2|1|000011":1149,"2|1|000010":1176,"1|1|010110":10079,"2|1|111101":162,"2|1|110010":1010,"2|1|111100":246,"2|1|110011":927,"2|1|011010":2393,"2|1|011011":2364,"1|1|010111":10799,"1|1|101101":8071,"1|1|100011":13018,"1|1|101100":8672,"1|1|100010":13755,"1|0|110001":6232,"2|0|001011":1391,"2|0|001010":1316,"1|0|110000":6765,"2|0|111110":116,"2|0|111111":32,"1|1|101010":9682,"2|1|010010":1931,"2|1|011100":2577,"2|1|011101":2594,"1|0|010001":7167,"1|0|010000":6552,"2|1|010011":1978,"1|1|101011":9065,"1|0|111101":1044,"2|0|100101":2134,"2|0|100100":2258,"1|0|110010":5860,"1|0|110011":5410,"1|0|111100":1531,"2|0|110010":999,"2|0|111101":201,"2|0|110011":940,"2|0|111100":234,"2|1|011111":2729,"1|0|010111":10657,"1|0|010110":10068,"2|1|011110":2582,"1|1|101001":10172,"1|1|101000":10737,"1|0|110100":4970,"1|0|110101":4432,"2|0|100111":1925,"2|0|100110":2030,"2|1|000101":1121,"2|0|001111":1704,"2|1|000100":1169,"2|0|001110":1640,"1|0|011110":14335,"2|0|111011":333,"2|0|111010":388,"2|1|010111":2211,"1|0|011111":14751,"2|1|010110":2229,"1|0|110111":3715,"2|0|100001":2591,"2|0|100000":2683,"2|0|001001":1196,"2|0|001000":1159,"1|0|000101":1077,"1|0|000100":1182,"1|0|110110":4028,"1|0|010010":7828,"2|0|111000":521,"2|0|111001":457,"1|0|011101":13855,"2|1|010001":1838,"1|0|010011":8377,"1|0|011100":13445,"2|1|010000":1710}}
