{"probability":{"Group 13":"0.026809475374927665","Group 12":"0.023840991664757033","Group 11":"0.3512414424900464","Group 10":"0.00006442059661384231","Group  6":"0.00011202598364034548","Group  5":"0.00023453212477441066","Group  4":"0.0015959789745221289","Group  3":"0.0","Group  2":"0.0","Group  1":"0.0","Group  9":"0.00021130461730321166","Group  8":"0.007305167012945189","Group  7":"0.5885846611604697"},"groups":{"Group 13":["Botan 1.5.6 & 1.11.29 & 2.1.0","Feitian JavaCOS A22 & A40","Gemalto GCX4 72K","HSM SafeNet Luna SA-1700","LibTomCrypt 1.17","Libgcrypt 1.6.0 & 1.6.5 & 1.7.6","Libgcrypt 1.6.0 FIPS & 1.6.5 FIPS","Nettle 3.2 & 3.3","Oberthur Cosmo 64","OpenSSL FIPS 2.0.12 & 2.0.14","PGPSDK 4","WolfSSL 2.0rc1 & 3.9.0 & 3.10.2","cryptlib 3.4.3 & 3.4.3.1"],"Group 12":["Bouncy Castle 1.53 (Java)","Cryptix JCE 20050328","FlexiProvider 1.7p7","HSM Utimaco Security Server Se50","Nettle 2.0","PolarSSL 0.10.0","PuTTY 0.67","SunRsaSign OpenJDK 1.8.0","mbedTLS 1.3.19 & 2.2.1 & 2.4.2"],"Group 11":["Bouncy Castle 1.54 (Java)","Crypto++ 5.6.0 & 5.6.3 & 5.6.5","Libgcrypt 1.7.6 FIPS","Microsoft CryptoAPI & CNG & .NET"],"Group 10":["NXP J2D081 & J2E145G","YubiKey NEO"],"Group  6":["Oberthur Cosmo Dual 72K"],"Group  5":["NXP J2A080 & J2A081 & J3A081 & JCOP 41 V2.2.1"],"Group  4":["Gemalto GXP E64"],"Group  3":["GNU Crypto 2.0.1"],"Group  2":["G&D SmartCafe 4.x & 6.0"],"Group  1":["G&D SmartCafe 3.2"],"Group  9":["Infineon JTOP 80K","YubiKey 4 & 4 Nano"],"Group  8":["PGPSDK 4 FIPS"],"Group  7":["OpenSSL 0.9.7 & 1.0.2g & 1.0.2k & 1.1.0e"]},"frequencies":{"1|1|000110":5153,"2|1|100011":12427,"2|1|101101":7747,"1|1|000111":5721,"2|1|101100":8260,"2|1|100010":13165,"2|0|000000":1410,"2|0|000001":2050,"1|0|111010":10585,"1|0|111011":8838,"1|1|011010":61274,"1|1|011011":62977,"2|0|110100":4669,"2|0|110101":4206,"1|0|100001":66529,"1|0|100000":69750,"2|1|100000":14320,"1|1|000100":3935,"2|1|100001":13696,"2|0|000011":3258,"2|0|001101":9401,"2|0|001100":8721,"2|0|000010":2760,"1|1|000101":4596,"2|1|010101":14156,"2|0|011010":16303,"2|1|010100":13327,"2|0|011011":16484,"1|0|100010":64221,"1|0|101100":40611,"1|0|101101":37907,"1|0|100011":62035,"2|1|100110":10908,"1|1|110101":21068,"2|1|100111":10655,"2|0|000101":4448,"2|0|000100":3968,"1|0|111110":3015,"1|1|110100":23047,"1|0|111111":1353,"1|0|100101":56911,"2|0|110001":6051,"2|0|110000":6559,"1|0|010101":47793,"1|0|010100":44756,"2|0|011001":16095,"2|0|011000":15687,"1|0|100100":59244,"2|1|100100":12204,"2|1|100101":11541,"2|0|000110":5093,"2|0|000111":5674,"1|0|111000":14619,"1|0|111001":12744,"2|0|110111":3371,"2|0|110110":3767,"2|0|011111":14573,"2|0|011110":14865,"1|0|100111":51952,"1|0|100110":54661,"1|1|001001":10893,"1|0|001001":10954,"1|0|001000":7551,"1|1|001000":7571,"1|1|110001":29450,"1|1|110000":31714,"1|1|010000":33201,"2|0|011101":15466,"2|1|111111":626,"2|1|111110":686,"2|0|010010":12384,"2|0|011100":15685,"2|0|010011":12903,"1|1|010001":35959,"1|0|101010":45067,"1|0|101011":42861,"1|0|001010":14089,"1|1|001111":30237,"1|0|001011":17697,"1|1|001110":27051,"2|1|101011":8687,"2|1|101010":9060,"1|1|110111":16865,"1|1|110110":18884,"1|1|010010":38775,"1|1|010011":41742,"1|1|011100":64563,"2|0|010001":11693,"2|1|111001":2585,"2|1|111000":3064,"2|0|010000":11197,"1|1|011101":66319,"1|1|000011":3385,"1|1|001100":20692,"1|1|001101":23661,"2|1|101001":9617,"1|1|000010":2615,"2|1|101000":10005,"1|1|111110":3076,"1|1|111111":1374,"2|1|111010":2213,"1|1|011110":68253,"1|1|011111":69608,"2|0|010111":15093,"2|1|001000":6278,"2|1|001001":6918,"2|1|111011":1791,"2|0|010110":14493,"1|0|101111":33998,"1|1|100101":57270,"1|1|100100":59123,"1|0|101110":35966,"1|1|000000":1459,"1|1|000001":2113,"2|1|101111":6935,"2|1|101110":7249,"1|1|110010":27334,"1|1|111101":4901,"1|1|110011":25051,"1|1|111100":6853,"1|1|011000":55726,"1|1|011001":58831,"2|1|001010":7626,"2|0|010100":13509,"2|1|001011":8327,"2|0|010101":14033,"1|0|101001":47446,"1|0|101000":50027,"1|0|000110":5061,"2|0|101101":7856,"2|0|100011":12667,"2|0|101100":8359,"2|0|100010":13233,"2|1|000001":2055,"2|1|000000":1469,"1|1|111011":8705,"1|0|000111":5571,"1|1|111010":10646,"1|0|011011":62703,"2|1|110100":4612,"1|0|011010":60655,"2|1|001100":8777,"2|1|110101":4250,"2|1|001101":9512,"1|1|100001":66831,"1|1|100000":69127,"1|0|000000":1428,"2|0|101111":6850,"2|0|101110":7334,"2|1|000111":5690,"2|1|000110":4989,"1|1|111000":15026,"1|0|000001":2085,"1|1|111001":12774,"1|0|011000":56259,"2|1|001110":10195,"2|1|110111":3398,"2|1|001111":10620,"2|1|110110":3877,"1|0|011001":58481,"1|1|100111":52415,"1|1|100110":54250,"1|0|000011":3288,"1|0|001100":20992,"1|0|000010":2703,"2|0|101001":9562,"2|0|101000":10151,"1|0|001101":23603,"2|1|110001":6018,"2|1|110000":6515,"2|1|011001":16180,"2|1|011000":15583,"1|1|010100":45083,"1|1|010101":47954,"1|1|101111":34010,"1|1|101110":36225,"2|0|101010":9180,"1|0|001111":30225,"1|1|001010":14141,"1|0|001110":26837,"1|1|001011":17471,"2|0|101011":8741,"2|1|000011":3289,"2|1|000010":2707,"1|1|010110":50347,"2|1|111101":982,"2|1|110010":5456,"2|1|111100":1416,"2|1|110011":5140,"2|1|011010":16567,"2|1|011011":16202,"1|1|010111":53035,"1|1|101101":38178,"1|1|100011":61634,"1|1|101100":40788,"1|1|100010":64447,"1|0|110001":29560,"2|0|001011":8225,"2|0|001010":7690,"1|0|110000":31884,"2|0|111110":617,"2|0|111111":599,"1|1|101010":45185,"2|1|010010":12259,"2|1|011100":15852,"2|1|011101":15431,"1|0|010001":36096,"1|0|010000":32951,"2|1|010011":12631,"1|1|101011":42889,"1|0|111101":4828,"2|0|100101":11474,"2|0|100100":12113,"1|0|110010":27312,"1|0|110011":25425,"1|0|111100":6803,"2|0|110010":5544,"2|0|111101":1046,"2|0|110011":5007,"2|0|111100":1402,"2|1|011111":14563,"1|0|010111":53120,"1|0|010110":50276,"2|1|011110":14797,"1|1|101001":47445,"1|1|101000":49716,"1|0|110100":23352,"1|0|110101":20612,"2|0|100111":10447,"2|0|100110":11041,"2|1|000101":4573,"2|0|001111":10533,"2|1|000100":3995,"2|0|001110":10068,"1|0|011110":68242,"2|0|111011":1793,"2|0|111010":2150,"2|1|010111":15075,"1|0|011111":70006,"2|1|010110":14576,"1|0|110111":16611,"2|0|100001":13619,"2|0|100000":14206,"2|0|001001":6917,"2|0|001000":6258,"1|0|000101":4455,"1|0|000100":3935,"1|0|110110":18846,"1|0|010010":39183,"2|0|111000":3060,"2|0|111001":2654,"1|0|011101":66533,"2|1|010001":11732,"1|0|010011":41880,"1|0|011100":64489,"2|1|010000":11167}}
