{"probability":{"Group 13":"0.03841584049036216","Group 12":"0.0460487013433621","Group 11":"0.19847186344499618","Group 10":"0.00010154042978113834","Group  6":"0.0002254154214230694","Group  5":"0.0","Group  4":"0.0030343691844005828","Group  3":"0.00013822244881056702","Group  2":"0.0","Group  1":"0.0","Group  9":"0.00008122252373516987","Group  8":"0.012914333874142299","Group  7":"0.7005684908389869"},"groups":{"Group 13":["Botan 1.5.6 & 1.11.29 & 2.1.0","Feitian JavaCOS A22 & A40","Gemalto GCX4 72K","HSM SafeNet Luna SA-1700","LibTomCrypt 1.17","Libgcrypt 1.6.0 & 1.6.5 & 1.7.6","Libgcrypt 1.6.0 FIPS & 1.6.5 FIPS","Nettle 3.2 & 3.3","Oberthur Cosmo 64","OpenSSL FIPS 2.0.12 & 2.0.14","PGPSDK 4","WolfSSL 2.0rc1 & 3.9.0 & 3.10.2","cryptlib 3.4.3 & 3.4.3.1"],"Group 12":["Bouncy Castle 1.53 (Java)","Cryptix JCE 20050328","FlexiProvider 1.7p7","HSM Utimaco Security Server Se50","Nettle 2.0","PolarSSL 0.10.0","PuTTY 0.67","SunRsaSign OpenJDK 1.8.0","mbedTLS 1.3.19 & 2.2.1 & 2.4.2"],"Group 11":["Bouncy Castle 1.54 (Java)","Crypto++ 5.6.0 & 5.6.3 & 5.6.5","Libgcrypt 1.7.6 FIPS","Microsoft CryptoAPI & CNG & .NET"],"Group 10":["NXP J2D081 & J2E145G","YubiKey NEO"],"Group  6":["Oberthur Cosmo Dual 72K"],"Group  5":["NXP J2A080 & J2A081 & J3A081 & JCOP 41 V2.2.1"],"Group  4":["Gemalto GXP E64"],"Group  3":["GNU Crypto 2.0.1"],"Group  2":["G&D SmartCafe 4.x & 6.0"],"Group  1":["G&D SmartCafe 3.2"],"Group  9":["Infineon JTOP 80K","YubiKey 4 & 4 Nano"],"Group  8":["PGPSDK 4 FIPS"],"Group  7":["OpenSSL 0.9.7 & 1.0.2g & 1.0.2k & 1.1.0e"]},"frequencies":{"1|1|000110":9581,"2|1|100011":18884,"2|1|101101":11886,"1|1|000111":10153,"2|1|101100":12662,"2|1|100010":20102,"2|0|000000":5889,"2|0|000001":6275,"1|0|111010":25305,"1|0|111011":20616,"1|1|011010":139705,"1|1|011011":145267,"2|0|110100":7159,"2|0|110101":6770,"1|0|100001":157600,"1|0|100000":163659,"2|1|100000":21671,"1|1|000100":8093,"2|1|100001":20746,"2|0|000011":7525,"2|0|001101":15086,"2|0|001100":14554,"2|0|000010":6837,"1|1|000101":8814,"2|1|010101":21113,"2|0|011010":24653,"2|1|010100":20324,"2|0|011011":24634,"1|0|100010":151175,"1|0|101100":95806,"1|0|101101":90406,"1|0|100011":145490,"2|1|100110":16905,"1|1|110101":49982,"2|1|100111":16060,"2|0|000101":8787,"2|0|000100":8164,"1|0|111110":7058,"1|1|110100":54366,"1|0|111111":2736,"1|0|100101":133619,"2|0|110001":9268,"2|0|110000":9829,"1|0|010101":107002,"1|0|010100":100916,"2|0|011001":23807,"2|0|011000":23506,"1|0|100100":140281,"2|1|100100":18314,"2|1|100101":17909,"2|0|000110":9428,"2|0|000111":10066,"1|0|111000":34852,"1|0|111001":30171,"2|0|110111":5391,"2|0|110110":5973,"2|0|011111":22162,"2|0|011110":22449,"1|0|100111":122290,"1|0|100110":128644,"1|1|001001":22355,"1|0|001001":22123,"1|0|001000":14439,"1|1|001000":14437,"1|1|110001":69389,"1|1|110000":74960,"1|1|010000":73780,"2|0|011101":22996,"2|1|111111":806,"2|1|111110":1120,"2|0|010010":18831,"2|0|011100":23473,"2|0|010011":19753,"1|1|010001":80615,"1|0|101010":105840,"1|0|101011":101114,"1|0|001010":29851,"1|1|001111":66467,"1|0|001011":37411,"1|1|001110":59601,"2|1|101011":13366,"2|1|101010":14092,"1|1|110111":39798,"1|1|110110":44747,"1|1|010010":87187,"1|1|010011":93996,"1|1|011100":149137,"2|0|010001":18325,"2|1|111001":4010,"2|1|111000":4822,"2|0|010000":17560,"1|1|011101":154815,"1|1|000011":7361,"1|1|001100":44670,"1|1|001101":52098,"2|1|101001":14680,"1|1|000010":6881,"2|1|101000":15582,"1|1|111110":7074,"1|1|111111":2756,"2|1|111010":3569,"1|1|011110":158760,"1|1|011111":163725,"2|0|010111":22567,"2|1|001000":10755,"2|1|001001":11859,"2|1|111011":2987,"2|0|010110":22177,"1|0|101111":79776,"1|1|100101":134135,"1|1|100100":140633,"1|0|101110":85064,"1|1|000000":5846,"1|1|000001":6237,"2|1|101111":10453,"2|1|101110":11405,"1|1|110010":64415,"1|1|111101":11668,"1|1|110011":59443,"1|1|111100":16474,"1|1|011000":127429,"1|1|011001":133573,"2|1|001010":12632,"2|0|010100":20293,"2|1|001011":13570,"2|0|010101":21205,"1|0|101001":112387,"1|0|101000":117674,"1|0|000110":9506,"2|0|101101":12003,"2|0|100011":19166,"2|0|101100":12737,"2|0|100010":19874,"2|1|000001":6318,"2|1|000000":6074,"1|1|111011":20856,"1|0|000111":10132,"1|1|111010":25710,"1|0|011011":143924,"2|1|110100":7228,"1|0|011010":139611,"2|1|001100":14277,"2|1|110101":6775,"2|1|001101":15010,"1|1|100001":157101,"1|1|100000":163838,"1|0|000000":5924,"2|0|101111":10660,"2|0|101110":11047,"2|1|000111":10115,"2|1|000110":9682,"1|1|111000":35224,"1|0|000001":6244,"1|1|111001":30332,"1|0|011000":127236,"2|1|001110":15824,"2|1|110111":5350,"2|1|001111":16800,"2|1|110110":6049,"1|0|011001":133420,"1|1|100111":122595,"1|1|100110":128252,"1|0|000011":7569,"1|0|001100":44954,"1|0|000010":6753,"2|0|101001":14579,"2|0|101000":15416,"1|0|001101":51732,"2|1|110001":9133,"2|1|110000":9770,"2|1|011001":24000,"2|1|011000":23458,"1|1|010100":100619,"1|1|010101":107413,"1|1|101111":80014,"1|1|101110":84227,"2|0|101010":13995,"1|0|001111":66570,"1|1|001010":29938,"1|0|001110":59538,"1|1|001011":37090,"2|0|101011":13312,"2|1|000011":7539,"2|1|000010":6704,"1|1|010110":113923,"2|1|111101":1728,"0|1|101010":1,"2|1|110010":8595,"2|1|111100":2257,"2|1|110011":7773,"2|1|011010":24436,"2|1|011011":24154,"1|1|010111":120765,"1|1|101101":89830,"1|1|100011":146044,"1|1|101100":95577,"1|1|100010":151333,"1|0|110001":69708,"2|0|001011":13458,"2|0|001010":12621,"1|0|110000":74524,"2|0|111110":1178,"0|0|101000":1,"2|0|111111":844,"1|1|101010":106380,"2|1|010010":18987,"2|1|011100":23682,"2|1|011101":23219,"1|0|010001":80276,"1|0|010000":73530,"2|1|010011":19607,"1|1|101011":100717,"1|0|111101":11664,"2|0|100101":17527,"2|0|100100":18328,"1|0|110010":64292,"1|0|110011":59441,"1|0|111100":16432,"2|0|110010":8543,"2|0|111101":1739,"2|0|110011":7954,"2|0|111100":2344,"2|1|011111":21896,"1|0|010111":120346,"1|0|010110":114141,"2|1|011110":22576,"1|1|101001":112259,"1|1|101000":117087,"1|0|110100":54368,"1|0|110101":49814,"2|0|100111":16296,"2|0|100110":16903,"2|1|000101":8822,"2|0|001111":16718,"2|1|000100":8258,"2|0|001110":15828,"1|0|011110":159874,"2|0|111011":2889,"2|0|111010":3431,"2|1|010111":22651,"1|0|011111":164852,"2|1|010110":21990,"1|0|110111":39815,"2|0|100001":20827,"2|0|100000":21706,"2|0|001001":11731,"2|0|001000":11027,"1|0|000101":8849,"1|0|000100":8153,"1|0|110110":44582,"1|0|010010":87767,"2|0|111000":4795,"2|0|111001":4087,"1|0|011101":154621,"2|1|010001":18214,"1|0|010011":94560,"1|0|011100":149070,"2|1|010000":17723}}
