{"probability":{"Group 13":"0.052888435754452776","Group 12":"0.025929281847932077","Group 11":"0.05383752092988955","Group 10":"0.00010834298162238463","Group  6":"0.0","Group  5":"0.00011794826092721973","Group  4":"0.0029628972593395155","Group  3":"0.00004186910154426753","Group  2":"0.000025752906445049473","Group  1":"0.0","Group  9":"0.0004005153051436499","Group  8":"0.007084508413409312","Group  7":"0.8566029272392943"},"groups":{"Group 13":["Botan 1.5.6 & 1.11.29 & 2.1.0","Feitian JavaCOS A22 & A40","Gemalto GCX4 72K","HSM SafeNet Luna SA-1700","LibTomCrypt 1.17","Libgcrypt 1.6.0 & 1.6.5 & 1.7.6","Libgcrypt 1.6.0 FIPS & 1.6.5 FIPS","Nettle 3.2 & 3.3","Oberthur Cosmo 64","OpenSSL FIPS 2.0.12 & 2.0.14","PGPSDK 4","WolfSSL 2.0rc1 & 3.9.0 & 3.10.2","cryptlib 3.4.3 & 3.4.3.1"],"Group 12":["Bouncy Castle 1.53 (Java)","Cryptix JCE 20050328","FlexiProvider 1.7p7","HSM Utimaco Security Server Se50","Nettle 2.0","PolarSSL 0.10.0","PuTTY 0.67","SunRsaSign OpenJDK 1.8.0","mbedTLS 1.3.19 & 2.2.1 & 2.4.2"],"Group 11":["Bouncy Castle 1.54 (Java)","Crypto++ 5.6.0 & 5.6.3 & 5.6.5","Libgcrypt 1.7.6 FIPS","Microsoft CryptoAPI & CNG & .NET"],"Group 10":["NXP J2D081 & J2E145G","YubiKey NEO"],"Group  6":["Oberthur Cosmo Dual 72K"],"Group  5":["NXP J2A080 & J2A081 & J3A081 & JCOP 41 V2.2.1"],"Group  4":["Gemalto GXP E64"],"Group  3":["GNU Crypto 2.0.1"],"Group  2":["G&D SmartCafe 4.x & 6.0"],"Group  1":["G&D SmartCafe 3.2"],"Group  9":["Infineon JTOP 80K","YubiKey 4 & 4 Nano"],"Group  8":["PGPSDK 4 FIPS"],"Group  7":["OpenSSL 0.9.7 & 1.0.2g & 1.0.2k & 1.1.0e"]},"frequencies":{"1|1|000110":2664,"2|1|100011":6578,"2|1|101101":4075,"1|1|000111":2821,"2|1|101100":4492,"2|1|100010":6915,"2|0|000000":2281,"2|0|000001":2059,"1|0|111010":19480,"1|0|111011":15813,"1|1|011010":103224,"1|1|011011":108428,"2|0|110100":2397,"2|0|110101":2283,"1|0|100001":120615,"1|0|100000":125751,"2|1|100000":7620,"1|1|000100":2454,"2|1|100001":7236,"2|0|000011":2365,"2|0|001101":4494,"2|0|001100":4341,"2|0|000010":2261,"1|1|000101":2502,"2|1|010101":6555,"2|0|011010":7716,"2|1|010100":6319,"2|0|011011":7907,"1|0|100010":116124,"1|0|101100":73755,"1|0|101101":69223,"1|0|100011":111931,"2|1|100110":5920,"1|1|110101":38323,"2|1|100111":5584,"2|0|000101":2574,"2|0|000100":2497,"1|0|111110":5212,"1|1|110100":41909,"1|0|111111":2137,"1|0|100101":103457,"2|0|110001":3220,"2|0|110000":3321,"1|0|010101":78274,"1|0|010100":73175,"2|0|011001":7234,"2|0|011000":7373,"1|0|100100":107708,"2|1|100100":6337,"2|1|100101":6157,"2|0|000110":2670,"2|0|000111":2845,"1|0|111000":26588,"1|0|111001":23085,"2|0|110111":1878,"2|0|110110":2025,"2|0|011111":7842,"2|0|011110":7581,"1|0|100111":94428,"1|0|100110":98700,"1|1|001001":12161,"1|0|001001":11965,"1|0|001000":5896,"1|1|001000":5978,"1|1|110001":53507,"1|1|110000":57212,"1|1|010000":51947,"2|0|011101":7514,"2|1|111111":570,"2|1|111110":417,"2|0|010010":5766,"2|0|011100":7657,"2|0|010011":5964,"1|1|010001":57261,"1|0|101010":81556,"1|0|101011":77290,"1|0|001010":18175,"1|1|001111":46476,"1|0|001011":23821,"1|1|001110":41265,"2|1|101011":4615,"2|1|101010":4865,"1|1|110111":30759,"1|1|110110":34193,"1|1|010010":63092,"1|1|010011":67786,"1|1|011100":112621,"2|0|010001":5640,"2|1|111001":1359,"2|1|111000":1628,"2|0|010000":5299,"1|1|011101":116897,"1|1|000011":2289,"1|1|001100":29601,"1|1|001101":34994,"2|1|101001":5123,"1|1|000010":2242,"2|1|101000":5363,"1|1|111110":5395,"1|1|111111":2179,"2|1|111010":1111,"1|1|011110":120853,"0|0|000000":1,"1|1|011111":125605,"2|0|010111":6886,"2|1|001000":2952,"2|1|001001":3340,"2|1|111011":950,"2|0|010110":6782,"1|0|101111":61215,"1|1|100101":103311,"1|1|100100":107538,"1|0|101110":65620,"1|1|000000":2360,"1|1|000001":2155,"2|1|101111":3535,"2|1|101110":3980,"1|1|110010":49453,"1|1|111101":8936,"1|1|110011":45566,"1|1|111100":12397,"1|1|011000":93293,"1|1|011001":98691,"2|1|001010":3651,"2|0|010100":6334,"2|1|001011":3997,"2|0|010101":6625,"1|0|101001":85554,"1|0|101000":90123,"1|0|000110":2762,"2|0|101101":4126,"2|0|100011":6707,"2|0|101100":4421,"2|0|100010":6978,"2|1|000001":2125,"2|1|000000":2309,"1|1|111011":15861,"1|0|000111":2842,"1|1|111010":19618,"1|0|011011":107305,"2|1|110100":2453,"1|0|011010":103095,"2|1|001100":4237,"2|1|110101":2217,"2|1|001101":4478,"1|1|100001":121267,"1|1|100000":125616,"1|0|000000":2241,"2|0|101111":3664,"2|0|101110":3819,"2|1|000111":2831,"2|1|000110":2604,"1|1|111000":26859,"1|0|000001":2095,"1|1|111001":23081,"1|0|011000":93632,"2|1|001110":4699,"2|1|110111":1888,"2|1|001111":5120,"2|1|110110":2052,"1|0|011001":98352,"1|1|100111":94239,"1|1|100110":98864,"1|0|000011":2431,"1|0|001100":29545,"1|0|000010":2271,"2|0|101001":5080,"2|0|101000":5464,"1|0|001101":35006,"2|1|110001":3181,"2|1|110000":3435,"2|1|011001":7641,"0|1|000000":1,"2|1|011000":7257,"1|1|010100":73513,"1|1|010101":78168,"1|1|101111":61251,"1|1|101110":65067,"2|0|101010":5003,"1|0|001111":46639,"1|1|001010":17889,"1|0|001110":41197,"1|1|001011":23933,"2|0|101011":4652,"2|1|000011":2308,"2|1|000010":2208,"1|1|010110":83147,"2|1|111101":555,"2|1|110010":2863,"2|1|111100":754,"2|1|110011":2637,"2|1|011010":7812,"2|1|011011":7843,"1|1|010111":88611,"1|1|101101":69008,"1|1|100011":112383,"1|1|101100":74019,"1|1|100010":116350,"1|0|110001":53306,"2|0|001011":3988,"2|0|001010":3659,"1|0|110000":57719,"2|0|111110":408,"2|0|111111":549,"1|1|101010":81769,"2|1|010010":5769,"2|1|011100":7756,"2|1|011101":7686,"1|0|010001":56969,"1|0|010000":51784,"2|1|010011":6029,"1|1|101011":77347,"1|0|111101":8860,"2|0|100101":6123,"2|0|100100":6549,"1|0|110010":49584,"1|0|110011":45718,"1|0|111100":12368,"2|0|110010":2957,"2|0|111101":563,"2|0|110011":2772,"2|0|111100":713,"2|1|011111":7744,"1|0|010111":88648,"1|0|010110":83795,"2|1|011110":7787,"1|1|101001":86160,"1|1|101000":89571,"1|0|110100":41884,"1|0|110101":37982,"2|0|100111":5610,"2|0|100110":5899,"2|1|000101":2521,"2|0|001111":4866,"2|1|000100":2529,"2|0|001110":4731,"1|0|011110":121779,"2|0|111011":990,"2|0|111010":1128,"2|1|010111":7186,"1|0|011111":125907,"2|1|010110":6744,"1|0|110111":30549,"2|0|100001":7413,"2|0|100000":7668,"2|0|001001":3397,"2|0|001000":3014,"1|0|000101":2576,"1|0|000100":2446,"1|0|110110":34262,"1|0|010010":62612,"2|0|111000":1565,"2|0|111001":1350,"1|0|011101":117050,"2|1|010001":5504,"1|0|010011":68027,"1|0|011100":112414,"2|1|010000":5223}}
