{"probability":{"Group 13":"0.23456427844086472","Group 12":"0.4719857534722037","Group 11":"0.07109133054290993","Group 10":"0.0","Group  6":"0.0","Group  5":"0.0004957816224062813","Group  4":"0.01744133403029643","Group  3":"0.0","Group  2":"0.0","Group  1":"0.0","Group  9":"0.0020628915099562585","Group  8":"0.0","Group  7":"0.20235863038136268"},"groups":{"Group 13":["Botan 1.5.6 & 1.11.29 & 2.1.0","Feitian JavaCOS A22 & A40","Gemalto GCX4 72K","HSM SafeNet Luna SA-1700","LibTomCrypt 1.17","Libgcrypt 1.6.0 & 1.6.5 & 1.7.6","Libgcrypt 1.6.0 FIPS & 1.6.5 FIPS","Nettle 3.2 & 3.3","Oberthur Cosmo 64","OpenSSL FIPS 2.0.12 & 2.0.14","PGPSDK 4","WolfSSL 2.0rc1 & 3.9.0 & 3.10.2","cryptlib 3.4.3 & 3.4.3.1"],"Group 12":["Bouncy Castle 1.53 (Java)","Cryptix JCE 20050328","FlexiProvider 1.7p7","HSM Utimaco Security Server Se50","Nettle 2.0","PolarSSL 0.10.0","PuTTY 0.67","SunRsaSign OpenJDK 1.8.0","mbedTLS 1.3.19 & 2.2.1 & 2.4.2"],"Group 11":["Bouncy Castle 1.54 (Java)","Crypto++ 5.6.0 & 5.6.3 & 5.6.5","Libgcrypt 1.7.6 FIPS","Microsoft CryptoAPI & CNG & .NET"],"Group 10":["NXP J2D081 & J2E145G","YubiKey NEO"],"Group  6":["Oberthur Cosmo Dual 72K"],"Group  5":["NXP J2A080 & J2A081 & J3A081 & JCOP 41 V2.2.1"],"Group  4":["Gemalto GXP E64"],"Group  3":["GNU Crypto 2.0.1"],"Group  2":["G&D SmartCafe 4.x & 6.0"],"Group  1":["G&D SmartCafe 3.2"],"Group  9":["Infineon JTOP 80K","YubiKey 4 & 4 Nano"],"Group  8":["PGPSDK 4 FIPS"],"Group  7":["OpenSSL 0.9.7 & 1.0.2g & 1.0.2k & 1.1.0e"]},"frequencies":{"1|1|000110":21707,"2|1|100011":22625,"2|1|101101":13608,"1|1|000111":21291,"2|1|101100":14169,"2|1|100010":23824,"2|0|000000":23763,"2|0|000001":23249,"1|0|111010":6846,"1|0|111011":5624,"1|1|011010":42536,"1|1|011011":43546,"2|0|110100":8173,"2|0|110101":7184,"1|0|100001":44898,"1|0|100000":46463,"2|1|100000":25825,"1|1|000100":22470,"2|1|100001":24818,"2|0|000011":22535,"2|0|001101":23426,"2|0|001100":23077,"2|0|000010":22952,"1|1|000101":22078,"2|1|010101":25432,"2|0|011010":25941,"2|1|010100":25410,"2|0|011011":25951,"1|0|100010":43480,"1|0|101100":26643,"1|0|101101":24716,"1|0|100011":41237,"2|1|100110":19648,"1|1|110101":13578,"2|1|100111":18921,"2|0|000101":22236,"2|0|000100":22308,"1|0|111110":1840,"1|1|110100":14985,"1|0|111111":605,"1|0|100101":37556,"2|0|110001":10178,"2|0|110000":11224,"1|0|010101":38325,"1|0|010100":37182,"2|0|011001":26100,"2|0|011000":25848,"1|0|100100":39530,"2|1|100100":21462,"2|1|100101":20569,"2|0|000110":21609,"2|0|000111":21629,"1|0|111000":9576,"1|0|111001":8226,"2|0|110111":5642,"2|0|110110":6411,"2|0|011111":26528,"2|0|011110":26046,"1|0|100111":34305,"1|0|100110":36099,"1|1|001001":23287,"1|0|001001":23586,"1|0|001000":21955,"1|1|001000":21792,"1|1|110001":18958,"1|1|110000":20451,"1|1|010000":32814,"2|0|011101":26361,"2|1|111111":322,"2|1|111110":1036,"2|0|010010":24927,"2|0|011100":26015,"2|0|010011":25364,"1|1|010001":33894,"1|0|101010":29484,"1|0|101011":27809,"1|0|001010":24956,"1|1|001111":31658,"1|0|001011":26215,"1|1|001110":30284,"2|1|101011":15079,"2|1|101010":15900,"1|1|110111":10679,"1|1|110110":12195,"1|1|010010":34898,"1|1|010011":36203,"1|1|011100":44525,"2|0|010001":24593,"2|1|111001":4291,"2|1|111000":4976,"2|0|010000":24445,"1|1|011101":45364,"1|1|000011":22669,"1|1|001100":27712,"1|1|001101":29065,"2|1|101001":17084,"1|1|000010":23122,"2|1|101000":17681,"1|1|111110":1856,"1|1|111111":621,"2|1|111010":3667,"1|1|011110":46244,"1|1|011111":47147,"2|0|010111":25709,"2|1|001000":21382,"2|1|001001":21750,"2|1|111011":3004,"2|0|010110":25844,"1|0|101111":21743,"1|1|100101":38177,"1|1|100100":39209,"1|0|101110":23744,"1|1|000000":23824,"1|1|000001":23760,"2|1|101111":11818,"2|1|101110":12619,"1|1|110010":17611,"1|1|111101":3127,"1|1|110011":16477,"1|1|111100":4360,"1|1|011000":40857,"1|1|011001":41942,"2|1|001010":22505,"2|0|010100":25536,"2|1|001011":22625,"2|0|010101":25613,"1|0|101001":30859,"1|0|101000":32555,"1|0|000110":21868,"2|0|101101":13551,"2|0|100011":22771,"2|0|101100":14261,"2|0|100010":23744,"2|1|000001":23287,"2|1|000000":24110,"1|1|111011":5655,"1|0|000111":21547,"1|1|111010":6815,"1|0|011011":44050,"2|1|110100":7914,"1|0|011010":42649,"2|1|001100":22913,"2|1|110101":7188,"2|1|001101":23407,"1|1|100001":45209,"1|1|100000":46953,"1|0|000000":23743,"2|0|101111":11913,"2|0|101110":12460,"2|1|000111":21054,"2|1|000110":21838,"1|1|111000":9504,"1|0|000001":23578,"1|1|111001":8199,"1|0|011000":41005,"2|1|001110":23805,"2|1|110111":5873,"2|1|001111":24377,"2|1|110110":6456,"1|0|011001":41963,"1|1|100111":34089,"1|1|100110":36079,"1|0|000011":22960,"1|0|001100":27733,"1|0|000010":22841,"2|0|101001":16949,"2|0|101000":17947,"1|0|001101":28933,"2|1|110001":10085,"2|1|110000":11212,"2|1|011001":26024,"2|1|011000":26023,"1|1|010100":37180,"1|1|010101":38098,"1|1|101111":22124,"1|1|101110":23450,"2|0|101010":16025,"1|0|001111":31569,"1|1|001010":24898,"1|0|001110":29986,"1|1|001011":26083,"2|0|101011":14894,"2|1|000011":22766,"2|1|000010":23184,"1|1|010110":39230,"2|1|111101":1638,"2|1|110010":9487,"2|1|111100":2275,"2|1|110011":8645,"2|1|011010":26096,"2|1|011011":26317,"1|1|010111":40443,"1|1|101101":25224,"1|1|100011":41327,"1|1|101100":26506,"1|1|100010":43165,"1|0|110001":19195,"2|0|001011":22774,"2|0|001010":22539,"1|0|110000":20373,"2|0|111110":965,"2|0|111111":305,"1|1|101010":29653,"2|1|010010":24959,"2|1|011100":26098,"2|1|011101":26116,"1|0|010001":33377,"1|0|010000":32457,"2|1|010011":25363,"1|1|101011":27840,"1|0|111101":3082,"2|0|100101":20700,"2|0|100100":21678,"1|0|110010":17804,"1|0|110011":16327,"1|0|111100":4444,"2|0|110010":9402,"2|0|111101":1674,"2|0|110011":8728,"2|0|111100":2290,"2|1|011111":26382,"1|0|010111":40083,"1|0|010110":39224,"2|1|011110":26426,"1|1|101001":31079,"1|1|101000":32890,"1|0|110100":14916,"1|0|110101":13541,"2|0|100111":18663,"2|0|100110":19518,"2|1|000101":22180,"2|0|001111":24134,"2|1|000100":22603,"2|0|001110":23652,"1|0|011110":46246,"2|0|111011":3077,"2|0|111010":3591,"2|1|010111":25881,"1|0|011111":46923,"2|1|010110":25740,"1|0|110111":10767,"2|0|100001":24909,"2|0|100000":25766,"2|0|001001":21807,"2|0|001000":21455,"1|0|000101":22098,"1|0|000100":22467,"1|0|110110":12237,"1|0|010010":35170,"2|0|111000":5054,"2|0|111001":4377,"1|0|011101":45150,"2|1|010001":24631,"1|0|010011":36022,"1|0|011100":44269,"2|1|010000":24257}}
