{"probability":{"Group 13":"0.03805945029928767","Group 12":"0.029735063903852943","Group 11":"0.23290594492306296","Group 10":"0.0","Group  6":"0.00009946942911766903","Group  5":"0.0","Group  4":"0.0020031785199730997","Group  3":"0.00017872467186714927","Group  2":"0.0","Group  1":"0.0","Group  9":"0.00008280990326482134","Group  8":"0.005388286313796964","Group  7":"0.6915470720357767"},"groups":{"Group 13":["Botan 1.5.6 & 1.11.29 & 2.1.0","Feitian JavaCOS A22 & A40","Gemalto GCX4 72K","HSM SafeNet Luna SA-1700","LibTomCrypt 1.17","Libgcrypt 1.6.0 & 1.6.5 & 1.7.6","Libgcrypt 1.6.0 FIPS & 1.6.5 FIPS","Nettle 3.2 & 3.3","Oberthur Cosmo 64","OpenSSL FIPS 2.0.12 & 2.0.14","PGPSDK 4","WolfSSL 2.0rc1 & 3.9.0 & 3.10.2","cryptlib 3.4.3 & 3.4.3.1"],"Group 12":["Bouncy Castle 1.53 (Java)","Cryptix JCE 20050328","FlexiProvider 1.7p7","HSM Utimaco Security Server Se50","Nettle 2.0","PolarSSL 0.10.0","PuTTY 0.67","SunRsaSign OpenJDK 1.8.0","mbedTLS 1.3.19 & 2.2.1 & 2.4.2"],"Group 11":["Bouncy Castle 1.54 (Java)","Crypto++ 5.6.0 & 5.6.3 & 5.6.5","Libgcrypt 1.7.6 FIPS","Microsoft CryptoAPI & CNG & .NET"],"Group 10":["NXP J2D081 & J2E145G","YubiKey NEO"],"Group  6":["Oberthur Cosmo Dual 72K"],"Group  5":["NXP J2A080 & J2A081 & J3A081 & JCOP 41 V2.2.1"],"Group  4":["Gemalto GXP E64"],"Group  3":["GNU Crypto 2.0.1"],"Group  2":["G&D SmartCafe 4.x & 6.0"],"Group  1":["G&D SmartCafe 3.2"],"Group  9":["Infineon JTOP 80K","YubiKey 4 & 4 Nano"],"Group  8":["PGPSDK 4 FIPS"],"Group  7":["OpenSSL 0.9.7 & 1.0.2g & 1.0.2k & 1.1.0e"]},"frequencies":{"1|1|000110":7807,"2|1|100011":18454,"2|1|101101":11391,"1|1|000111":8501,"2|1|101100":12153,"2|1|100010":19348,"2|0|000000":3454,"2|0|000001":3943,"1|0|111010":22741,"1|0|111011":18636,"1|1|011010":127064,"1|1|011011":131630,"2|0|110100":6852,"2|0|110101":6402,"1|0|100001":142885,"1|0|100000":148074,"2|1|100000":21081,"1|1|000100":6099,"2|1|100001":20103,"2|0|000011":5558,"2|0|001101":13570,"2|0|001100":13112,"2|0|000010":4657,"1|1|000101":6836,"2|1|010101":20317,"2|0|011010":23837,"2|1|010100":19252,"2|0|011011":23555,"1|0|100010":136867,"1|0|101100":87123,"1|0|101101":81717,"1|0|100011":131917,"2|1|100110":16424,"1|1|110101":44922,"2|1|100111":15625,"2|0|000101":6963,"2|0|000100":6291,"1|0|111110":6239,"1|1|110100":49524,"1|0|111111":2484,"1|0|100101":121479,"2|0|110001":8943,"2|0|110000":9459,"1|0|010101":97710,"1|0|010100":91705,"2|0|011001":23132,"2|0|011000":22475,"1|0|100100":127566,"2|1|100100":17778,"2|1|100101":17200,"0|0|011100":1,"2|0|000110":7734,"2|0|000111":8458,"1|0|111000":31624,"1|0|111001":27246,"2|0|110111":5103,"2|0|110110":5707,"2|0|011111":21437,"2|0|011110":21894,"1|0|100111":111072,"1|0|100110":116484,"1|1|001001":19544,"1|0|001001":19586,"1|0|001000":12274,"1|1|001000":12536,"1|1|110001":62967,"1|1|110000":67537,"1|1|010000":66480,"2|0|011101":22459,"2|1|111111":738,"2|1|111110":973,"2|0|010010":17926,"2|0|011100":22986,"2|0|010011":18790,"1|1|010001":72896,"1|0|101010":96197,"1|0|101011":91154,"1|0|001010":26299,"1|1|001111":60135,"1|0|001011":33339,"1|1|001110":53877,"2|1|101011":12828,"2|1|101010":13484,"1|1|110111":35876,"1|1|110110":40628,"1|1|010010":79501,"1|1|010011":85619,"1|1|011100":135924,"2|0|010001":17152,"2|1|111001":3816,"2|1|111000":4495,"2|0|010000":16188,"1|1|011101":139980,"1|1|000011":5440,"1|1|001100":39991,"1|1|001101":46696,"2|1|101001":14228,"1|1|000010":4703,"2|1|101000":14877,"1|1|111110":6249,"1|1|111111":2517,"2|1|111010":3220,"1|1|011110":144407,"1|1|011111":148784,"2|0|010111":21490,"2|1|001000":9278,"2|1|001001":10323,"2|1|111011":2781,"2|0|010110":21272,"1|0|101111":72171,"1|1|100101":121777,"1|1|100100":126972,"1|0|101110":77073,"1|1|000000":3460,"1|1|000001":4078,"2|1|101111":10212,"2|1|101110":10890,"1|1|110010":58264,"1|1|111101":10504,"1|1|110011":54046,"1|1|111100":14524,"1|1|011000":114983,"1|1|011001":121567,"2|1|001010":11220,"2|0|010100":19393,"2|1|001011":12041,"2|0|010101":20131,"1|0|101001":101305,"1|0|101000":106577,"1|0|000110":7732,"2|0|101101":11409,"2|0|100011":18522,"2|0|101100":12151,"2|0|100010":19406,"2|1|000001":3945,"2|1|000000":3441,"1|1|111011":18889,"1|0|000111":8359,"1|1|111010":23126,"1|0|011011":131345,"2|1|110100":6782,"1|0|011010":126737,"2|1|001100":12941,"2|1|110101":6317,"2|1|001101":13737,"1|1|100001":142398,"1|1|100000":148709,"1|0|000000":3461,"2|0|101111":10139,"2|0|101110":10742,"2|1|000111":8344,"2|1|000110":7652,"1|1|111000":31648,"1|0|000001":3946,"1|1|111001":27110,"1|0|011000":115696,"2|1|001110":14374,"2|1|110111":5047,"2|1|001111":15704,"2|1|110110":5750,"1|0|011001":121205,"1|1|100111":110851,"1|1|100110":116459,"1|0|000011":5510,"1|0|001100":40336,"1|0|000010":4735,"2|0|101001":14102,"2|0|101000":15089,"1|0|001101":46382,"2|1|110001":8803,"2|1|110000":9502,"2|1|011001":23259,"2|1|011000":22320,"1|1|010100":91889,"1|1|010101":97414,"1|1|101111":72489,"1|1|101110":76945,"2|0|101010":13766,"1|0|001111":60252,"1|1|001010":26363,"1|0|001110":53879,"1|1|001011":33581,"2|0|101011":13047,"2|1|000011":5383,"2|1|000010":4801,"1|1|010110":103834,"2|1|111101":1513,"2|1|110010":8253,"2|1|111100":2040,"2|1|110011":7472,"2|1|011010":23830,"2|1|011011":23555,"1|1|010111":109506,"1|1|101101":81412,"1|1|100011":132601,"1|1|101100":86872,"1|1|100010":137351,"1|0|110001":62341,"2|0|001011":12026,"2|0|001010":11213,"1|0|110000":67760,"2|0|111110":1015,"2|0|111111":744,"1|1|101010":96685,"2|1|010010":17768,"2|1|011100":22908,"2|1|011101":22400,"1|0|010001":72786,"1|0|010000":66613,"2|1|010011":18737,"1|1|101011":90947,"1|0|111101":10377,"2|0|100101":16928,"2|0|100100":17840,"1|0|110010":58196,"1|0|110011":53945,"1|0|111100":14500,"2|0|110010":8195,"2|0|111101":1587,"2|0|110011":7612,"2|0|111100":2100,"2|1|011111":21269,"1|0|010111":109716,"1|0|010110":103389,"2|1|011110":21782,"1|1|101001":102561,"1|1|101000":105941,"1|0|110100":49503,"1|0|110101":45096,"2|0|100111":15632,"2|0|100110":16533,"2|1|000101":6968,"2|0|001111":15148,"2|1|000100":6350,"2|0|001110":14665,"1|0|011110":144230,"2|0|111011":2626,"2|0|111010":3174,"2|1|010111":21741,"1|0|011111":149034,"2|1|010110":21098,"1|0|110111":36116,"2|0|100001":20201,"2|0|100000":21074,"2|0|001001":10505,"2|0|001000":9517,"1|0|000101":6953,"1|0|000100":6218,"1|0|110110":40306,"1|0|010010":79102,"2|0|111000":4399,"2|0|111001":3809,"1|0|011101":140708,"2|1|010001":17121,"1|0|010011":85296,"1|0|011100":135776,"2|1|010000":16151}}
