{"probability":{"Group 13":"0.023320400348571486","Group 12":"0.01652497413790136","Group 11":"0.05645317771982922","Group 10":"0.00011903866496762687","Group  6":"0.000518329136325754","Group  5":"0.0","Group  4":"0.002097253002217505","Group  3":"0.0","Group  2":"0.0000016187834198577417","Group  1":"0.0","Group  9":"0.0004508866836149559","Group  8":"0.0073234348815138465","Group  7":"0.8931908866416384"},"groups":{"Group 13":["Botan 1.5.6 & 1.11.29 & 2.1.0","Feitian JavaCOS A22 & A40","Gemalto GCX4 72K","HSM SafeNet Luna SA-1700","LibTomCrypt 1.17","Libgcrypt 1.6.0 & 1.6.5 & 1.7.6","Libgcrypt 1.6.0 FIPS & 1.6.5 FIPS","Nettle 3.2 & 3.3","Oberthur Cosmo 64","OpenSSL FIPS 2.0.12 & 2.0.14","PGPSDK 4","WolfSSL 2.0rc1 & 3.9.0 & 3.10.2","cryptlib 3.4.3 & 3.4.3.1"],"Group 12":["Bouncy Castle 1.53 (Java)","Cryptix JCE 20050328","FlexiProvider 1.7p7","HSM Utimaco Security Server Se50","Nettle 2.0","PolarSSL 0.10.0","PuTTY 0.67","SunRsaSign OpenJDK 1.8.0","mbedTLS 1.3.19 & 2.2.1 & 2.4.2"],"Group 11":["Bouncy Castle 1.54 (Java)","Crypto++ 5.6.0 & 5.6.3 & 5.6.5","Libgcrypt 1.7.6 FIPS","Microsoft CryptoAPI & CNG & .NET"],"Group 10":["NXP J2D081 & J2E145G","YubiKey NEO"],"Group  6":["Oberthur Cosmo Dual 72K"],"Group  5":["NXP J2A080 & J2A081 & J3A081 & JCOP 41 V2.2.1"],"Group  4":["Gemalto GXP E64"],"Group  3":["GNU Crypto 2.0.1"],"Group  2":["G&D SmartCafe 4.x & 6.0"],"Group  1":["G&D SmartCafe 3.2"],"Group  9":["Infineon JTOP 80K","YubiKey 4 & 4 Nano"],"Group  8":["PGPSDK 4 FIPS"],"Group  7":["OpenSSL 0.9.7 & 1.0.2g & 1.0.2k & 1.1.0e"]},"frequencies":{"1|1|000110":884,"2|1|100011":1998,"2|1|101101":1224,"1|1|000111":1027,"2|1|101100":1393,"2|1|100010":2099,"2|0|000000":602,"2|0|000001":665,"1|0|111010":8530,"1|0|111011":6963,"1|1|011010":45420,"1|1|011011":47781,"2|0|110100":709,"2|0|110101":684,"1|0|100001":53137,"1|0|100000":55896,"2|1|100000":2376,"1|1|000100":839,"2|1|100001":2229,"2|0|000011":771,"2|0|001101":1592,"2|0|001100":1456,"2|0|000010":755,"1|1|000101":921,"2|1|010101":2230,"2|0|011010":2539,"2|1|010100":2054,"2|0|011011":2639,"1|0|100010":51153,"1|0|101100":32524,"1|0|101101":30538,"1|0|100011":49730,"2|1|100110":1817,"1|1|110101":17028,"2|1|100111":1723,"2|0|000101":887,"2|0|000100":856,"1|0|111110":2358,"1|1|110100":18318,"1|0|111111":1121,"1|0|100101":45931,"2|0|110001":997,"2|0|110000":1027,"1|0|010101":34414,"1|0|010100":32248,"2|0|011001":2389,"2|0|011000":2377,"1|0|100100":47316,"2|1|100100":1934,"2|1|100101":1961,"2|0|000110":920,"2|0|000111":1033,"1|0|111000":11594,"1|0|111001":10230,"2|0|110111":592,"2|0|110110":613,"2|0|011111":2442,"2|0|011110":2347,"1|0|100111":41422,"1|0|100110":43354,"1|1|001001":5150,"1|0|001001":5011,"1|0|001000":2357,"1|1|001000":2486,"1|1|110001":23588,"1|1|110000":25246,"1|1|010000":22836,"2|0|011101":2354,"2|1|111111":427,"2|1|111110":168,"2|0|010010":1932,"2|0|011100":2477,"2|0|010011":2013,"1|1|010001":24737,"1|0|101010":35805,"1|0|101011":34181,"1|0|001010":7720,"1|1|001111":20751,"1|0|001011":10340,"1|1|001110":18112,"2|1|101011":1399,"2|1|101010":1483,"1|1|110111":13412,"1|1|110110":15124,"1|1|010010":27635,"1|1|010011":29718,"1|1|011100":49546,"2|0|010001":1894,"2|1|111001":387,"2|1|111000":489,"2|0|010000":1787,"1|1|011101":51448,"1|1|000011":768,"1|1|001100":12756,"1|1|001101":15317,"2|1|101001":1650,"1|1|000010":707,"2|1|101000":1638,"1|1|111110":2376,"1|1|111111":1180,"2|1|111010":342,"1|1|011110":53531,"1|1|011111":55234,"2|0|010111":2292,"2|1|001000":1110,"2|1|001001":1216,"2|1|111011":286,"2|0|010110":2256,"1|0|101111":27076,"1|1|100101":45702,"1|1|100100":47259,"1|0|101110":29021,"1|1|000000":589,"1|1|000001":689,"2|1|101111":1054,"2|1|101110":1195,"1|1|110010":21862,"1|1|111101":3893,"1|1|110011":20033,"1|1|111100":5512,"1|1|011000":41016,"1|1|011001":43729,"2|1|001010":1283,"2|0|010100":2112,"2|1|001011":1404,"2|0|010101":2275,"1|0|101001":37806,"1|0|101000":40039,"1|0|000110":964,"2|0|101101":1293,"2|0|100011":2004,"2|0|101100":1376,"2|0|100010":2173,"2|1|000001":712,"2|1|000000":623,"1|1|111011":6865,"1|0|000111":1009,"1|1|111010":8477,"1|0|011011":47216,"2|1|110100":742,"1|0|011010":45381,"2|1|001100":1503,"2|1|110101":663,"2|1|001101":1545,"1|1|100001":53677,"1|1|100000":55113,"1|0|000000":568,"2|0|101111":1039,"2|0|101110":1188,"2|1|000111":992,"2|1|000110":920,"1|1|111000":11930,"1|0|000001":623,"1|1|111001":10187,"1|0|011000":41217,"2|1|001110":1616,"2|1|110111":571,"2|1|001111":1762,"2|1|110110":627,"1|0|011001":43114,"1|1|100111":41641,"1|1|100110":43611,"1|0|000011":836,"1|0|001100":12979,"1|0|000010":757,"2|0|101001":1548,"2|0|101000":1647,"1|0|001101":15247,"2|1|110001":916,"2|1|110000":1112,"2|1|011001":2463,"2|1|011000":2340,"1|1|010100":32400,"1|1|010101":34398,"1|1|101111":27134,"1|1|101110":28830,"2|0|101010":1542,"1|0|001111":20437,"1|1|001010":7556,"1|0|001110":17934,"1|1|001011":10311,"2|0|101011":1427,"2|1|000011":764,"2|1|000010":759,"1|1|010110":36451,"2|1|111101":171,"2|1|110010":864,"2|1|111100":237,"2|1|110011":830,"2|1|011010":2586,"2|1|011011":2486,"1|1|010111":38636,"1|1|101101":30304,"1|1|100011":49434,"1|1|101100":32588,"1|1|100010":51170,"1|0|110001":23229,"2|0|001011":1405,"2|0|001010":1272,"1|0|110000":25583,"2|0|111110":165,"2|0|111111":403,"1|1|101010":35972,"2|1|010010":1959,"2|1|011100":2516,"2|1|011101":2395,"1|0|010001":25049,"1|0|010000":22603,"2|1|010011":1994,"1|1|101011":34388,"1|0|111101":3988,"2|0|100101":1917,"2|0|100100":1985,"1|0|110010":21771,"1|0|110011":20162,"1|0|111100":5393,"2|0|110010":922,"2|0|111101":194,"2|0|110011":819,"2|0|111100":230,"2|1|011111":2315,"1|0|010111":39145,"1|0|010110":36696,"2|1|011110":2379,"1|1|101001":38103,"1|1|101000":39641,"1|0|110100":18383,"1|0|110101":16747,"2|0|100111":1674,"2|0|100110":1782,"2|1|000101":919,"2|0|001111":1685,"2|1|000100":874,"2|0|001110":1555,"1|0|011110":53693,"2|0|111011":295,"2|0|111010":318,"2|1|010111":2374,"1|0|011111":55633,"2|1|010110":2232,"1|0|110111":13404,"2|0|100001":2273,"2|0|100000":2321,"2|0|001001":1228,"2|0|001000":1097,"1|0|000101":880,"1|0|000100":826,"1|0|110110":15050,"1|0|010010":27503,"2|0|111000":460,"2|0|111001":439,"1|0|011101":51788,"2|1|010001":1831,"1|0|010011":29748,"1|0|011100":49434,"2|1|010000":1741}}
