{"probability":{"Group 13":"0.03924229190388581","Group 12":"0.029341089221114853","Group 11":"0.22972650922373922","Group 10":"0.00004376873356895841","Group  6":"0.00003666848101682502","Group  5":"0.0","Group  4":"0.002014880209069159","Group  3":"0.00007011839521110365","Group  2":"0.0","Group  1":"0.0","Group  9":"0.00015922982033207502","Group  8":"0.005811155099124706","Group  7":"0.6935542889129374"},"groups":{"Group 13":["Botan 1.5.6 & 1.11.29 & 2.1.0","Feitian JavaCOS A22 & A40","Gemalto GCX4 72K","HSM SafeNet Luna SA-1700","LibTomCrypt 1.17","Libgcrypt 1.6.0 & 1.6.5 & 1.7.6","Libgcrypt 1.6.0 FIPS & 1.6.5 FIPS","Nettle 3.2 & 3.3","Oberthur Cosmo 64","OpenSSL FIPS 2.0.12 & 2.0.14","PGPSDK 4","WolfSSL 2.0rc1 & 3.9.0 & 3.10.2","cryptlib 3.4.3 & 3.4.3.1"],"Group 12":["Bouncy Castle 1.53 (Java)","Cryptix JCE 20050328","FlexiProvider 1.7p7","HSM Utimaco Security Server Se50","Nettle 2.0","PolarSSL 0.10.0","PuTTY 0.67","SunRsaSign OpenJDK 1.8.0","mbedTLS 1.3.19 & 2.2.1 & 2.4.2"],"Group 11":["Bouncy Castle 1.54 (Java)","Crypto++ 5.6.0 & 5.6.3 & 5.6.5","Libgcrypt 1.7.6 FIPS","Microsoft CryptoAPI & CNG & .NET"],"Group 10":["NXP J2D081 & J2E145G","YubiKey NEO"],"Group  6":["Oberthur Cosmo Dual 72K"],"Group  5":["NXP J2A080 & J2A081 & J3A081 & JCOP 41 V2.2.1"],"Group  4":["Gemalto GXP E64"],"Group  3":["GNU Crypto 2.0.1"],"Group  2":["G&D SmartCafe 4.x & 6.0"],"Group  1":["G&D SmartCafe 3.2"],"Group  9":["Infineon JTOP 80K","YubiKey 4 & 4 Nano"],"Group  8":["PGPSDK 4 FIPS"],"Group  7":["OpenSSL 0.9.7 & 1.0.2g & 1.0.2k & 1.1.0e"]},"frequencies":{"1|1|000110":7779,"2|1|100011":18385,"2|1|101101":11430,"1|1|000111":8433,"2|1|101100":12299,"2|1|100010":19582,"2|0|000000":3350,"2|0|000001":3905,"1|0|111010":23084,"1|0|111011":18841,"1|1|011010":128051,"1|1|011011":132890,"2|0|110100":6872,"2|0|110101":6354,"1|0|100001":144267,"1|0|100000":149947,"2|1|100000":21175,"1|1|000100":6110,"2|1|100001":20258,"2|0|000011":5510,"2|0|001101":13546,"2|0|001100":12976,"2|0|000010":4711,"1|1|000101":6871,"2|1|010101":20234,"2|0|011010":23894,"2|1|010100":19455,"2|0|011011":23582,"1|0|100010":138325,"1|0|101100":87808,"1|0|101101":82594,"1|0|100011":133216,"2|1|100110":16439,"1|1|110101":45607,"2|1|100111":15798,"2|0|000101":6925,"2|0|000100":6329,"1|0|111110":6410,"1|1|110100":49884,"1|0|111111":2485,"1|0|100101":122596,"2|0|110001":8982,"2|0|110000":9490,"1|0|010101":98303,"1|0|010100":92360,"2|0|011001":23256,"2|0|011000":22434,"1|0|100100":128780,"2|1|100100":17883,"2|1|100101":17250,"2|0|000110":7698,"2|0|000111":8459,"1|0|111000":31949,"1|0|111001":27646,"2|0|110111":5076,"2|0|110110":5733,"2|0|011111":21469,"2|0|011110":22037,"1|0|100111":112451,"1|0|100110":117279,"1|1|001001":19631,"1|0|001001":19730,"1|0|001000":12219,"1|1|001000":12592,"1|1|110001":63373,"1|1|110000":68611,"1|1|010000":67311,"2|0|011101":22365,"2|1|111111":743,"2|1|111110":976,"2|0|010010":17842,"2|0|011100":22966,"2|0|010011":18667,"1|1|010001":73522,"1|0|101010":97022,"1|0|101011":92261,"1|0|001010":26508,"1|1|001111":60412,"1|0|001011":33802,"1|1|001110":54152,"2|1|101011":12842,"2|1|101010":13481,"1|1|110111":36205,"1|1|110110":40760,"1|1|010010":80324,"1|1|010011":86414,"1|1|011100":137202,"2|0|010001":17095,"2|1|111001":3871,"2|1|111000":4553,"2|0|010000":16206,"1|1|011101":141537,"1|1|000011":5432,"1|1|001100":40328,"1|1|001101":47204,"2|1|101001":14194,"1|1|000010":4643,"2|1|101000":15113,"1|1|111110":6377,"1|1|111111":2524,"2|1|111010":3242,"1|1|011110":145468,"1|1|011111":150260,"2|0|010111":21605,"2|1|001000":9277,"2|1|001001":10298,"2|1|111011":2805,"2|0|010110":21151,"1|0|101111":72747,"1|1|100101":122942,"1|1|100100":128167,"1|0|101110":77750,"1|1|000000":3250,"1|1|000001":4114,"2|1|101111":10271,"2|1|101110":11015,"1|1|110010":59096,"1|1|111101":10600,"1|1|110011":54448,"1|1|111100":14584,"1|1|011000":116260,"1|1|011001":122586,"2|1|001010":11149,"2|0|010100":19313,"2|1|001011":12077,"2|0|010101":20024,"1|0|101001":102180,"1|0|101000":107576,"1|0|000110":7653,"2|0|101101":11417,"2|0|100011":18645,"2|0|101100":12202,"2|0|100010":19466,"2|1|000001":4036,"2|1|000000":3410,"1|1|111011":18931,"1|0|000111":8286,"1|1|111010":23234,"1|0|011011":132342,"2|1|110100":6790,"1|0|011010":127904,"2|1|001100":13008,"2|1|110101":6270,"2|1|001101":13750,"1|1|100001":143789,"1|1|100000":150158,"1|0|000000":3412,"2|0|101111":10248,"2|0|101110":10815,"2|1|000111":8304,"2|1|000110":7682,"1|1|111000":31966,"1|0|000001":3930,"1|1|111001":27224,"1|0|011000":116726,"2|1|001110":14530,"2|1|110111":5057,"2|1|001111":15628,"2|1|110110":5719,"1|0|011001":122439,"1|1|100111":111769,"1|1|100110":117534,"1|0|000011":5537,"1|0|001100":40557,"1|0|000010":4778,"2|0|101001":14109,"2|0|101000":15085,"1|0|001101":46829,"2|1|110001":8817,"2|1|110000":9562,"2|1|011001":23263,"2|1|011000":22398,"1|1|010100":92713,"1|1|010101":98292,"1|1|101111":72983,"1|1|101110":77504,"2|0|101010":13739,"1|0|001111":60802,"1|1|001010":26498,"1|0|001110":54258,"1|1|001011":33834,"2|0|101011":13049,"2|1|000011":5466,"2|1|000010":4825,"1|1|010110":104711,"2|1|111101":1529,"2|1|110010":8338,"2|1|111100":2066,"2|1|110011":7513,"2|1|011010":23843,"2|1|011011":23557,"1|1|010111":110551,"1|1|101101":82345,"1|1|100011":133902,"1|1|101100":87949,"1|1|100010":138978,"1|0|110001":63152,"2|0|001011":12143,"2|0|001010":11114,"1|0|110000":68394,"2|0|111110":1020,"2|0|111111":774,"1|1|101010":97642,"2|1|010010":17735,"2|1|011100":22907,"2|1|011101":22386,"1|0|010001":73514,"1|0|010000":67059,"2|1|010011":18588,"1|1|101011":92085,"1|0|111101":10630,"2|0|100101":16967,"2|0|100100":17853,"1|0|110010":58991,"1|0|110011":54466,"1|0|111100":14619,"2|0|110010":8192,"2|0|111101":1587,"2|0|110011":7545,"2|0|111100":2131,"2|1|011111":21262,"1|0|010111":110726,"1|0|010110":104524,"2|1|011110":21752,"1|1|101001":103014,"1|1|101000":107076,"1|0|110100":50000,"1|0|110101":45646,"2|0|100111":15647,"2|0|100110":16485,"2|1|000101":6860,"2|0|001111":15280,"2|1|000100":6313,"2|0|001110":14624,"1|0|011110":145630,"2|0|111011":2668,"2|0|111010":3177,"2|1|010111":21817,"1|0|011111":150548,"2|1|010110":20981,"1|0|110111":36276,"2|0|100001":20209,"2|0|100000":21236,"2|0|001001":10357,"2|0|001000":9456,"1|0|000101":6972,"1|0|000100":6238,"1|0|110110":40731,"1|0|010010":80023,"2|0|111000":4474,"2|0|111001":3915,"1|0|011101":141781,"2|1|010001":17201,"1|0|010011":86194,"1|0|011100":136832,"2|1|010000":16223}}
