{"probability":{"Group 13":"0.05122575400579903","Group 12":"0.03668332617264627","Group 11":"0.0","Group 10":"0.0","Group  6":"0.0002859889237034734","Group  5":"0.0","Group  4":"0.005879163579583058","Group  3":"0.0","Group  2":"0.0002547728339100982","Group  1":"0.0","Group  9":"0.00026171452081425286","Group  8":"0.0","Group  7":"0.9054092799635438"},"groups":{"Group 13":["Botan 1.5.6 & 1.11.29 & 2.1.0","Feitian JavaCOS A22 & A40","Gemalto GCX4 72K","HSM SafeNet Luna SA-1700","LibTomCrypt 1.17","Libgcrypt 1.6.0 & 1.6.5 & 1.7.6","Libgcrypt 1.6.0 FIPS & 1.6.5 FIPS","Nettle 3.2 & 3.3","Oberthur Cosmo 64","OpenSSL FIPS 2.0.12 & 2.0.14","PGPSDK 4","WolfSSL 2.0rc1 & 3.9.0 & 3.10.2","cryptlib 3.4.3 & 3.4.3.1"],"Group 12":["Bouncy Castle 1.53 (Java)","Cryptix JCE 20050328","FlexiProvider 1.7p7","HSM Utimaco Security Server Se50","Nettle 2.0","PolarSSL 0.10.0","PuTTY 0.67","SunRsaSign OpenJDK 1.8.0","mbedTLS 1.3.19 & 2.2.1 & 2.4.2"],"Group 11":["Bouncy Castle 1.54 (Java)","Crypto++ 5.6.0 & 5.6.3 & 5.6.5","Libgcrypt 1.7.6 FIPS","Microsoft CryptoAPI & CNG & .NET"],"Group 10":["NXP J2D081 & J2E145G","YubiKey NEO"],"Group  6":["Oberthur Cosmo Dual 72K"],"Group  5":["NXP J2A080 & J2A081 & J3A081 & JCOP 41 V2.2.1"],"Group  4":["Gemalto GXP E64"],"Group  3":["GNU Crypto 2.0.1"],"Group  2":["G&D SmartCafe 4.x & 6.0"],"Group  1":["G&D SmartCafe 3.2"],"Group  9":["Infineon JTOP 80K","YubiKey 4 & 4 Nano"],"Group  8":["PGPSDK 4 FIPS"],"Group  7":["OpenSSL 0.9.7 & 1.0.2g & 1.0.2k & 1.1.0e"]},"frequencies":{"1|1|000110":90,"2|1|100011":183,"2|1|101101":97,"1|1|000111":92,"2|1|101100":106,"2|1|100010":160,"2|0|000000":104,"2|0|000001":95,"1|0|111010":794,"1|0|111011":634,"1|1|011010":4166,"1|1|011011":4405,"2|0|110100":52,"2|0|110101":56,"1|0|100001":4907,"1|0|100000":5098,"2|1|100000":204,"1|1|000100":93,"2|1|100001":186,"2|0|000011":100,"2|0|001101":110,"2|0|001100":123,"2|0|000010":109,"1|1|000101":95,"2|1|010101":171,"2|0|011010":176,"2|1|010100":149,"2|0|011011":177,"1|0|100010":4691,"1|0|101100":3032,"1|0|101101":2797,"1|0|100011":4614,"2|1|100110":159,"1|1|110101":1532,"2|1|100111":170,"2|0|000101":82,"2|0|000100":78,"1|0|111110":211,"1|1|110100":1612,"1|0|111111":72,"1|0|100101":4191,"2|0|110001":78,"2|0|110000":85,"1|0|010101":3072,"1|0|010100":2888,"2|0|011001":195,"2|0|011000":159,"1|0|100100":4377,"2|1|100100":156,"2|1|100101":157,"2|0|000110":81,"2|0|000111":91,"1|0|111000":1069,"1|0|111001":909,"2|0|110111":46,"2|0|110110":49,"2|0|011111":178,"2|0|011110":202,"1|0|100111":3829,"1|0|100110":4013,"1|1|001001":473,"1|0|001001":467,"1|0|001000":195,"1|1|001000":200,"1|1|110001":2111,"1|1|110000":2309,"1|1|010000":2099,"2|0|011101":200,"2|1|111111":1,"2|1|111110":7,"2|0|010010":137,"2|0|011100":219,"2|0|010011":151,"1|1|010001":2306,"1|0|101010":3262,"1|0|101011":3083,"1|0|001010":745,"1|1|001111":1800,"1|0|001011":940,"1|1|001110":1652,"2|1|101011":126,"2|1|101010":133,"1|1|110111":1214,"1|1|110110":1402,"1|1|010010":2619,"1|1|010011":2697,"1|1|011100":4542,"2|0|010001":155,"2|1|111001":37,"2|1|111000":35,"2|0|010000":136,"1|1|011101":4625,"1|1|000011":92,"1|1|001100":1160,"1|1|001101":1406,"2|1|101001":139,"1|1|000010":98,"2|1|101000":102,"1|1|111110":219,"1|1|111111":65,"2|1|111010":29,"1|1|011110":5011,"1|1|011111":5172,"2|0|010111":152,"2|1|001000":78,"2|1|001001":98,"2|1|111011":18,"2|0|010110":170,"1|0|101111":2490,"1|1|100101":4211,"1|1|100100":4377,"1|0|101110":2611,"1|1|000000":76,"1|1|000001":105,"2|1|101111":94,"2|1|101110":111,"1|1|110010":2027,"1|1|111101":354,"1|1|110011":1814,"1|1|111100":497,"1|1|011000":3741,"1|1|011001":3952,"2|1|001010":86,"2|0|010100":140,"2|1|001011":94,"2|0|010101":174,"1|0|101001":3459,"1|0|101000":3621,"1|0|000110":74,"2|0|101101":109,"2|0|100011":169,"2|0|101100":117,"2|0|100010":207,"2|1|000001":83,"2|1|000000":100,"1|1|111011":667,"1|0|000111":93,"1|1|111010":778,"1|0|011011":4388,"2|1|110100":74,"1|0|011010":4210,"2|1|001100":129,"2|1|110101":54,"2|1|001101":129,"1|1|100001":4843,"1|1|100000":5133,"1|0|000000":88,"2|0|101111":98,"2|0|101110":83,"2|1|000111":84,"2|1|000110":101,"1|1|111000":1095,"1|0|000001":91,"1|1|111001":945,"1|0|011000":3733,"2|1|001110":136,"2|1|110111":38,"2|1|001111":130,"2|1|110110":58,"1|0|011001":3940,"1|1|100111":3853,"1|1|100110":4028,"1|0|000011":86,"1|0|001100":1135,"1|0|000010":123,"2|0|101001":143,"2|0|101000":134,"1|0|001101":1358,"2|1|110001":77,"2|1|110000":68,"2|1|011001":166,"2|1|011000":186,"1|1|010100":2954,"1|1|010101":3170,"1|1|101111":2483,"1|1|101110":2655,"2|0|101010":129,"1|0|001111":1795,"1|1|001010":665,"1|0|001110":1688,"1|1|001011":917,"2|0|101011":114,"2|1|000011":107,"2|1|000010":91,"1|1|010110":3371,"2|1|111101":6,"2|1|110010":75,"2|1|111100":17,"2|1|110011":51,"2|1|011010":199,"2|1|011011":193,"1|1|010111":3546,"1|1|101101":2825,"1|1|100011":4392,"1|1|101100":2978,"1|1|100010":4696,"1|0|110001":2191,"2|0|001011":84,"2|0|001010":105,"1|0|110000":2340,"2|0|111110":10,"2|0|111111":2,"1|1|101010":3296,"2|1|010010":149,"2|1|011100":182,"2|1|011101":209,"1|0|010001":2235,"1|0|010000":2016,"2|1|010011":128,"1|1|101011":3075,"1|0|111101":368,"2|0|100101":142,"2|0|100100":151,"1|0|110010":1992,"1|0|110011":1828,"1|0|111100":498,"2|0|110010":78,"2|0|111101":13,"2|0|110011":83,"2|0|111100":20,"2|1|011111":183,"1|0|010111":3502,"1|0|010110":3287,"2|1|011110":172,"1|1|101001":3458,"1|1|101000":3603,"1|0|110100":1713,"1|0|110101":1535,"2|0|100111":147,"2|0|100110":148,"2|1|000101":96,"2|0|001111":130,"2|1|000100":107,"2|0|001110":127,"1|0|011110":4981,"2|0|111011":17,"2|0|111010":34,"2|1|010111":153,"1|0|011111":5218,"2|1|010110":165,"1|0|110111":1262,"2|0|100001":194,"2|0|100000":193,"2|0|001001":85,"2|0|001000":97,"1|0|000101":82,"1|0|000100":98,"1|0|110110":1381,"1|0|010010":2454,"2|0|111000":44,"2|0|111001":41,"1|0|011101":4713,"2|1|010001":152,"1|0|010011":2721,"1|0|011100":4472,"2|1|010000":130}}
