{"probability":{"Group 13":"0.12349241415714063","Group 12":"0.027959951215999864","Group 11":"0.1290559249530087","Group 10":"0.0","Group  6":"0.0005616155046597498","Group  5":"0.0","Group  4":"0.004287805282348705","Group  3":"0.0005547350484115351","Group  2":"0.0","Group  1":"0.0","Group  9":"0.00036626869844542703","Group  8":"0.013627873620601822","Group  7":"0.7000934115193836"},"groups":{"Group 13":["Botan 1.5.6 & 1.11.29 & 2.1.0","Feitian JavaCOS A22 & A40","Gemalto GCX4 72K","HSM SafeNet Luna SA-1700","LibTomCrypt 1.17","Libgcrypt 1.6.0 & 1.6.5 & 1.7.6","Libgcrypt 1.6.0 FIPS & 1.6.5 FIPS","Nettle 3.2 & 3.3","Oberthur Cosmo 64","OpenSSL FIPS 2.0.12 & 2.0.14","PGPSDK 4","WolfSSL 2.0rc1 & 3.9.0 & 3.10.2","cryptlib 3.4.3 & 3.4.3.1"],"Group 12":["Bouncy Castle 1.53 (Java)","Cryptix JCE 20050328","FlexiProvider 1.7p7","HSM Utimaco Security Server Se50","Nettle 2.0","PolarSSL 0.10.0","PuTTY 0.67","SunRsaSign OpenJDK 1.8.0","mbedTLS 1.3.19 & 2.2.1 & 2.4.2"],"Group 11":["Bouncy Castle 1.54 (Java)","Crypto++ 5.6.0 & 5.6.3 & 5.6.5","Libgcrypt 1.7.6 FIPS","Microsoft CryptoAPI & CNG & .NET"],"Group 10":["NXP J2D081 & J2E145G","YubiKey NEO"],"Group  6":["Oberthur Cosmo Dual 72K"],"Group  5":["NXP J2A080 & J2A081 & J3A081 & JCOP 41 V2.2.1"],"Group  4":["Gemalto GXP E64"],"Group  3":["GNU Crypto 2.0.1"],"Group  2":["G&D SmartCafe 4.x & 6.0"],"Group  1":["G&D SmartCafe 3.2"],"Group  9":["Infineon JTOP 80K","YubiKey 4 & 4 Nano"],"Group  8":["PGPSDK 4 FIPS"],"Group  7":["OpenSSL 0.9.7 & 1.0.2g & 1.0.2k & 1.1.0e"]},"frequencies":{"1|1|000110":2190,"2|1|100011":7555,"2|1|101101":4633,"1|1|000111":2356,"2|1|101100":4943,"2|1|100010":7713,"2|0|000000":1911,"2|0|000001":1288,"1|0|111010":8964,"1|0|111011":7335,"1|1|011010":48852,"1|1|011011":50605,"2|0|110100":2864,"2|0|110101":2611,"1|0|100001":55897,"1|0|100000":58036,"2|1|100000":8746,"1|1|000100":1801,"2|1|100001":8197,"2|0|000011":1680,"2|0|001101":4507,"2|0|001100":4098,"2|0|000010":1467,"1|1|000101":2035,"2|1|010101":7158,"2|0|011010":8585,"2|1|010100":6730,"2|0|011011":8825,"1|0|100010":53446,"1|0|101100":33934,"1|0|101101":31966,"1|0|100011":51497,"2|1|100110":6700,"1|1|110101":17767,"2|1|100111":6313,"2|0|000101":1993,"2|0|000100":1853,"1|0|111110":2483,"1|1|110100":19268,"1|0|111111":919,"1|0|100101":47455,"2|0|110001":3643,"2|0|110000":3757,"1|0|010101":37528,"1|0|010100":34876,"2|0|011001":8235,"2|0|011000":8042,"1|0|100100":49468,"2|1|100100":7207,"2|1|100101":7025,"2|0|000110":2192,"2|0|000111":2261,"1|0|111000":12348,"1|0|111001":10769,"2|0|110111":1994,"2|0|110110":2442,"2|0|011111":8730,"2|0|011110":8766,"1|0|100111":43706,"1|0|100110":46055,"1|1|001001":6668,"1|0|001001":6753,"1|0|001000":3725,"1|1|001000":3790,"1|1|110001":24585,"1|1|110000":26795,"1|1|010000":24929,"2|0|011101":8722,"2|1|111111":275,"2|1|111110":479,"2|0|010010":6075,"2|0|011100":8726,"2|0|010011":6352,"1|1|010001":27620,"1|0|101010":37686,"1|0|101011":35790,"1|0|001010":9553,"1|1|001111":22408,"1|0|001011":11892,"1|1|001110":20069,"2|1|101011":5211,"2|1|101010":5616,"1|1|110111":14194,"1|1|110110":15921,"1|1|010010":30132,"1|1|010011":32460,"1|1|011100":52812,"2|0|010001":5813,"2|1|111001":1558,"2|1|111000":1826,"2|0|010000":5412,"1|1|011101":54353,"1|1|000011":1723,"1|1|001100":14974,"1|1|001101":17396,"2|1|101001":5716,"1|1|000010":1493,"2|1|101000":6140,"1|1|111110":2511,"1|1|111111":986,"2|1|111010":1337,"1|1|011110":55960,"1|1|011111":58219,"2|0|010111":7674,"2|1|001000":2616,"2|1|001001":2983,"2|1|111011":1137,"2|0|010110":7428,"1|0|101111":28399,"1|1|100101":47624,"1|1|100100":49609,"1|0|101110":30493,"1|1|000000":1837,"1|1|000001":1278,"2|1|101111":4117,"2|1|101110":4476,"1|1|110010":22934,"1|1|111101":4096,"1|1|110011":21072,"1|1|111100":5653,"1|1|011000":44241,"1|1|011001":46208,"2|1|001010":3387,"2|0|010100":6842,"2|1|001011":3858,"2|0|010101":7069,"1|0|101001":39671,"1|0|101000":41810,"1|0|000110":2178,"2|0|101101":4712,"2|0|100011":7574,"2|0|101100":4943,"2|0|100010":7836,"2|1|000001":1313,"2|1|000000":1915,"1|1|111011":7477,"1|0|000111":2339,"1|1|111010":9178,"1|0|011011":50409,"2|1|110100":2869,"1|0|011010":48628,"2|1|001100":4171,"2|1|110101":2667,"2|1|001101":4317,"1|1|100001":55580,"1|1|100000":57878,"1|0|000000":1918,"2|0|101111":4320,"2|0|101110":4485,"2|1|000111":2258,"2|1|000110":2096,"1|1|111000":12321,"1|0|000001":1254,"1|1|111001":10615,"1|0|011000":44190,"2|1|001110":4787,"2|1|110111":2160,"2|1|001111":5101,"2|1|110110":2279,"1|0|011001":46526,"1|1|100111":43672,"1|1|100110":45511,"1|0|000011":1673,"1|0|001100":14756,"1|0|000010":1506,"2|0|101001":5914,"2|0|101000":6179,"1|0|001101":17329,"2|1|110001":3586,"2|1|110000":3960,"2|1|011001":8272,"2|1|011000":7908,"1|1|010100":35085,"1|1|010101":37148,"1|1|101111":28209,"1|1|101110":30360,"2|0|101010":5692,"1|0|001111":22545,"1|1|001010":9294,"1|0|001110":19847,"1|1|001011":12052,"2|0|101011":5215,"2|1|000011":1648,"2|1|000010":1481,"1|1|010110":39871,"2|1|111101":683,"2|1|110010":3317,"2|1|111100":892,"2|1|110011":3179,"2|1|011010":8663,"2|1|011011":8630,"1|1|010111":41819,"1|1|101101":31926,"1|1|100011":51917,"1|1|101100":34057,"1|1|100010":53590,"1|0|110001":24790,"2|0|001011":3692,"2|0|001010":3386,"1|0|110000":26576,"2|0|111110":474,"2|0|111111":297,"1|1|101010":37752,"2|1|010010":6304,"2|1|011100":8604,"2|1|011101":8660,"1|0|010001":27809,"1|0|010000":25004,"2|1|010011":6388,"1|1|101011":35367,"1|0|111101":4173,"2|0|100101":6966,"2|0|100100":7285,"1|0|110010":23045,"1|0|110011":20772,"1|0|111100":5773,"2|0|110010":3440,"2|0|111101":659,"2|0|110011":3138,"2|0|111100":918,"2|1|011111":8723,"1|0|010111":41950,"1|0|010110":39676,"2|1|011110":8548,"1|1|101001":40019,"1|1|101000":41271,"1|0|110100":19080,"1|0|110101":17633,"2|0|100111":6421,"2|0|100110":6665,"2|1|000101":2041,"2|0|001111":5010,"2|1|000100":1837,"2|0|001110":4833,"1|0|011110":56527,"2|0|111011":1145,"2|0|111010":1319,"2|1|010111":7883,"1|0|011111":58427,"2|1|010110":7388,"1|0|110111":14070,"2|0|100001":8342,"2|0|100000":8499,"2|0|001001":3028,"2|0|001000":2589,"1|0|000101":1977,"1|0|000100":1870,"1|0|110110":16004,"1|0|010010":29964,"2|0|111000":1855,"2|0|111001":1611,"1|0|011101":54273,"2|1|010001":5785,"1|0|010011":32448,"1|0|011100":52661,"2|1|010000":5505}}
