{"probability":{"Group 13":"0.07709486326615285","Group 12":"0.021117748710727163","Group 11":"0.2719465733038396","Group 10":"0.0","Group  6":"0.0","Group  5":"0.0","Group  4":"0.002810108735555474","Group  3":"0.0001582387038293899","Group  2":"0.0","Group  1":"0.0","Group  9":"0.00036414547723734005","Group  8":"0.011887820580894904","Group  7":"0.6146205012217633"},"groups":{"Group 13":["Botan 1.5.6 & 1.11.29 & 2.1.0","Feitian JavaCOS A22 & A40","Gemalto GCX4 72K","HSM SafeNet Luna SA-1700","LibTomCrypt 1.17","Libgcrypt 1.6.0 & 1.6.5 & 1.7.6","Libgcrypt 1.6.0 FIPS & 1.6.5 FIPS","Nettle 3.2 & 3.3","Oberthur Cosmo 64","OpenSSL FIPS 2.0.12 & 2.0.14","PGPSDK 4","WolfSSL 2.0rc1 & 3.9.0 & 3.10.2","cryptlib 3.4.3 & 3.4.3.1"],"Group 12":["Bouncy Castle 1.53 (Java)","Cryptix JCE 20050328","FlexiProvider 1.7p7","HSM Utimaco Security Server Se50","Nettle 2.0","PolarSSL 0.10.0","PuTTY 0.67","SunRsaSign OpenJDK 1.8.0","mbedTLS 1.3.19 & 2.2.1 & 2.4.2"],"Group 11":["Bouncy Castle 1.54 (Java)","Crypto++ 5.6.0 & 5.6.3 & 5.6.5","Libgcrypt 1.7.6 FIPS","Microsoft CryptoAPI & CNG & .NET"],"Group 10":["NXP J2D081 & J2E145G","YubiKey NEO"],"Group  6":["Oberthur Cosmo Dual 72K"],"Group  5":["NXP J2A080 & J2A081 & J3A081 & JCOP 41 V2.2.1"],"Group  4":["Gemalto GXP E64"],"Group  3":["GNU Crypto 2.0.1"],"Group  2":["G&D SmartCafe 4.x & 6.0"],"Group  1":["G&D SmartCafe 3.2"],"Group  9":["Infineon JTOP 80K","YubiKey 4 & 4 Nano"],"Group  8":["PGPSDK 4 FIPS"],"Group  7":["OpenSSL 0.9.7 & 1.0.2g & 1.0.2k & 1.1.0e"]},"frequencies":{"1|1|000110":6237,"2|1|100011":18561,"2|1|101101":11439,"1|1|000111":7006,"2|1|101100":12184,"2|1|100010":19267,"2|0|000000":2732,"2|0|000001":2628,"1|0|111010":16484,"1|0|111011":13486,"1|1|011010":93004,"1|1|011011":95931,"2|0|110100":6961,"2|0|110101":6359,"1|0|100001":103278,"1|0|100000":106869,"2|1|100000":20893,"1|1|000100":4856,"2|1|100001":20042,"2|0|000011":4068,"2|0|001101":12503,"2|0|001100":11565,"2|0|000010":3502,"1|1|000101":5571,"2|1|010101":19276,"2|0|011010":22674,"2|1|010100":18461,"2|0|011011":22876,"1|0|100010":99173,"1|0|101100":62587,"1|0|101101":58669,"1|0|100011":95201,"2|1|100110":16403,"1|1|110101":32641,"2|1|100111":15627,"2|0|000101":5568,"2|0|000100":4919,"1|0|111110":4612,"1|1|110100":35560,"1|0|111111":2034,"1|0|100101":87660,"2|0|110001":8762,"2|0|110000":9413,"1|0|010101":71737,"1|0|010100":67532,"2|0|011001":22078,"2|0|011000":21471,"1|0|100100":91732,"2|1|100100":17747,"2|1|100101":16870,"2|0|000110":6265,"2|0|000111":6808,"1|0|111000":22885,"1|0|111001":19837,"2|0|110111":4934,"2|0|110110":5839,"2|0|011111":21259,"2|0|011110":21777,"1|0|100111":80587,"1|0|100110":84358,"1|1|001001":14994,"1|0|001001":15034,"1|0|001000":9810,"1|1|001000":10008,"1|1|110001":45956,"1|1|110000":49194,"1|1|010000":49105,"2|0|011101":22028,"2|1|111111":826,"2|1|111110":1111,"2|0|010010":16705,"2|0|011100":22337,"2|0|010011":17212,"1|1|010001":53370,"1|0|101010":69642,"1|0|101011":66219,"1|0|001010":20135,"1|1|001111":44476,"1|0|001011":25168,"1|1|001110":39891,"2|1|101011":12828,"2|1|101010":13365,"1|1|110111":26197,"1|1|110110":29368,"1|1|010010":58378,"1|1|010011":62951,"1|1|011100":98749,"2|0|010001":15828,"2|1|111001":3761,"2|1|111000":4436,"2|0|010000":14837,"1|1|011101":101610,"1|1|000011":4217,"1|1|001100":30040,"1|1|001101":34893,"2|1|101001":14029,"1|1|000010":3412,"2|1|101000":14856,"1|1|111110":4700,"1|1|111111":2060,"2|1|111010":3233,"1|1|011110":105163,"1|1|011111":107499,"2|0|010111":20947,"2|1|001000":7672,"2|1|001001":8696,"2|1|111011":2663,"2|0|010110":19981,"1|0|101111":52641,"1|1|100101":88295,"1|1|100100":91851,"1|0|101110":56048,"1|1|000000":2760,"1|1|000001":2699,"2|1|101111":10137,"2|1|101110":10696,"1|1|110010":42158,"1|1|111101":7553,"1|1|110011":38820,"1|1|111100":10430,"1|1|011000":84603,"1|1|011001":88882,"2|1|001010":9786,"2|0|010100":18271,"2|1|001011":10793,"2|0|010101":19172,"1|0|101001":73217,"1|0|101000":77082,"1|0|000110":6175,"2|0|101101":11569,"2|0|100011":18481,"2|0|101100":12151,"2|0|100010":19069,"2|1|000001":2682,"2|1|000000":2789,"1|1|111011":13386,"1|0|000111":6932,"1|1|111010":16835,"1|0|011011":95596,"2|1|110100":6829,"1|0|011010":92635,"2|1|001100":11619,"2|1|110101":6364,"2|1|001101":12452,"1|1|100001":103090,"1|1|100000":107242,"1|0|000000":2707,"2|0|101111":10402,"2|0|101110":10632,"2|1|000111":6966,"2|1|000110":6202,"1|1|111000":22871,"1|0|000001":2628,"1|1|111001":19493,"1|0|011000":84604,"2|1|001110":13422,"2|1|110111":5009,"2|1|001111":14212,"2|1|110110":5724,"1|0|011001":88739,"1|1|100111":80556,"1|1|100110":84152,"1|0|000011":4145,"1|0|001100":30081,"1|0|000010":3413,"2|0|101001":14194,"2|0|101000":14969,"1|0|001101":34573,"2|1|110001":8684,"2|1|110000":9426,"2|1|011001":22434,"2|1|011000":21339,"1|1|010100":67504,"1|1|010101":71986,"1|1|101111":52108,"1|1|101110":55986,"2|0|101010":13496,"1|0|001111":44428,"1|1|001010":20083,"1|0|001110":40011,"1|1|001011":25355,"2|0|101011":12824,"2|1|000011":4051,"2|1|000010":3446,"1|1|010110":76306,"2|1|111101":1610,"2|1|110010":8170,"2|1|111100":2146,"2|1|110011":7628,"2|1|011010":23181,"2|1|011011":22683,"1|1|010111":80215,"1|1|101101":58850,"1|1|100011":95772,"1|1|101100":62798,"1|1|100010":99610,"1|0|110001":45735,"2|0|001011":10789,"2|0|001010":9825,"1|0|110000":49348,"2|0|111110":1047,"2|0|111111":863,"1|1|101010":69776,"2|1|010010":16714,"2|1|011100":22341,"2|1|011101":21702,"1|0|010001":54363,"1|0|010000":49348,"2|1|010011":17400,"1|1|101011":66292,"1|0|111101":7653,"2|0|100101":16821,"2|0|100100":17793,"1|0|110010":42499,"1|0|110011":38961,"1|0|111100":10524,"2|0|110010":8286,"2|0|111101":1587,"2|0|110011":7435,"2|0|111100":2108,"2|1|011111":21346,"1|0|010111":80283,"1|0|010110":76190,"2|1|011110":21236,"1|1|101001":73442,"1|1|101000":76671,"1|0|110100":35588,"1|0|110101":32252,"2|0|100111":15150,"2|0|100110":16135,"2|1|000101":5613,"2|0|001111":14102,"2|1|000100":4782,"2|0|001110":13425,"1|0|011110":104909,"2|0|111011":2786,"2|0|111010":3197,"2|1|010111":21042,"1|0|011111":107544,"2|1|010110":19728,"1|0|110111":26112,"2|0|100001":20048,"2|0|100000":20463,"2|0|001001":8725,"2|0|001000":7794,"1|0|000101":5509,"1|0|000100":4862,"1|0|110110":29377,"1|0|010010":58363,"2|0|111000":4615,"2|0|111001":3899,"1|0|011101":101743,"2|1|010001":15887,"1|0|010011":62605,"1|0|011100":98822,"2|1|010000":15016}}
