{"probability":{"Group 13":"0.07678912760732402","Group 12":"0.021228717785069098","Group 11":"0.28023560460660246","Group 10":"0.0","Group  6":"0.0","Group  5":"0.0","Group  4":"0.0024979183155193142","Group  3":"0.0002888006383508297","Group  2":"0.0","Group  1":"0.0","Group  9":"0.00023646397260528905","Group  8":"0.0126165980671388","Group  7":"0.6061067690073901"},"groups":{"Group 13":["Botan 1.5.6 & 1.11.29 & 2.1.0","Feitian JavaCOS A22 & A40","Gemalto GCX4 72K","HSM SafeNet Luna SA-1700","LibTomCrypt 1.17","Libgcrypt 1.6.0 & 1.6.5 & 1.7.6","Libgcrypt 1.6.0 FIPS & 1.6.5 FIPS","Nettle 3.2 & 3.3","Oberthur Cosmo 64","OpenSSL FIPS 2.0.12 & 2.0.14","PGPSDK 4","WolfSSL 2.0rc1 & 3.9.0 & 3.10.2","cryptlib 3.4.3 & 3.4.3.1"],"Group 12":["Bouncy Castle 1.53 (Java)","Cryptix JCE 20050328","FlexiProvider 1.7p7","HSM Utimaco Security Server Se50","Nettle 2.0","PolarSSL 0.10.0","PuTTY 0.67","SunRsaSign OpenJDK 1.8.0","mbedTLS 1.3.19 & 2.2.1 & 2.4.2"],"Group 11":["Bouncy Castle 1.54 (Java)","Crypto++ 5.6.0 & 5.6.3 & 5.6.5","Libgcrypt 1.7.6 FIPS","Microsoft CryptoAPI & CNG & .NET"],"Group 10":["NXP J2D081 & J2E145G","YubiKey NEO"],"Group  6":["Oberthur Cosmo Dual 72K"],"Group  5":["NXP J2A080 & J2A081 & J3A081 & JCOP 41 V2.2.1"],"Group  4":["Gemalto GXP E64"],"Group  3":["GNU Crypto 2.0.1"],"Group  2":["G&D SmartCafe 4.x & 6.0"],"Group  1":["G&D SmartCafe 3.2"],"Group  9":["Infineon JTOP 80K","YubiKey 4 & 4 Nano"],"Group  8":["PGPSDK 4 FIPS"],"Group  7":["OpenSSL 0.9.7 & 1.0.2g & 1.0.2k & 1.1.0e"]},"frequencies":{"1|1|000110":6054,"2|1|100011":17921,"2|1|101101":10996,"1|1|000111":6814,"2|1|101100":11667,"2|1|100010":18744,"2|0|000000":2741,"2|0|000001":2554,"1|0|111010":15642,"1|0|111011":12682,"1|1|011010":88092,"1|1|011011":90572,"2|0|110100":6769,"2|0|110101":6142,"1|0|100001":97323,"1|0|100000":100572,"2|1|100000":20264,"1|1|000100":4742,"2|1|100001":19490,"2|0|000011":3964,"2|0|001101":12188,"2|0|001100":11283,"2|0|000010":3377,"1|1|000101":5452,"2|1|010101":18717,"2|0|011010":22047,"2|1|010100":17787,"2|0|011011":22110,"1|0|100010":93901,"1|0|101100":59278,"1|0|101101":55525,"1|0|100011":90032,"2|1|100110":15809,"1|1|110101":31023,"2|1|100111":15244,"2|0|000101":5449,"2|0|000100":4841,"1|0|111110":4386,"1|1|110100":33524,"1|0|111111":1962,"1|0|100101":82767,"2|0|110001":8427,"2|0|110000":9191,"1|0|010101":68024,"1|0|010100":64018,"2|0|011001":21361,"2|0|011000":20825,"1|0|100100":86661,"2|1|100100":17185,"2|1|100101":16519,"2|0|000110":6076,"2|0|000111":6649,"1|0|111000":21533,"1|0|111001":18745,"2|0|110111":4759,"2|0|110110":5570,"2|0|011111":20615,"2|0|011110":21269,"1|0|100111":76102,"1|0|100110":79542,"1|1|001001":14358,"1|0|001001":14291,"1|0|001000":9461,"1|1|001000":9580,"1|1|110001":43321,"1|1|110000":46405,"1|1|010000":46521,"2|0|011101":21341,"2|1|111111":842,"2|1|111110":1055,"2|0|010010":16290,"2|0|011100":21764,"2|0|010011":16838,"1|1|010001":51046,"1|0|101010":65794,"1|0|101011":62322,"1|0|001010":19157,"1|1|001111":42062,"1|0|001011":24038,"1|1|001110":37601,"2|1|101011":12367,"2|1|101010":12955,"1|1|110111":24566,"1|1|110110":27816,"1|1|010010":55352,"1|1|010011":59799,"1|1|011100":93158,"2|0|010001":15458,"2|1|111001":3702,"2|1|111000":4253,"2|0|010000":14420,"1|1|011101":95730,"1|1|000011":4117,"1|1|001100":28662,"1|1|001101":33000,"2|1|101001":13659,"1|1|000010":3252,"2|1|101000":14215,"1|1|111110":4413,"1|1|111111":1981,"2|1|111010":3116,"1|1|011110":99048,"1|1|011111":101544,"2|0|010111":20252,"2|1|001000":7486,"2|1|001001":8516,"2|1|111011":2594,"2|0|010110":19306,"1|0|101111":49690,"1|1|100101":83419,"1|1|100100":86564,"1|0|101110":52820,"1|1|000000":2809,"1|1|000001":2712,"2|1|101111":9853,"2|1|101110":10385,"1|1|110010":39896,"1|1|111101":7059,"1|1|110011":36578,"1|1|111100":9856,"1|1|011000":80067,"1|1|011001":84108,"2|1|001010":9481,"2|0|010100":17827,"2|1|001011":10502,"2|0|010101":18613,"1|0|101001":69156,"1|0|101000":72840,"1|0|000110":5990,"2|0|101101":11212,"2|0|100011":17941,"2|0|101100":11808,"2|0|100010":18601,"2|1|000001":2626,"2|1|000000":2771,"1|1|111011":12667,"1|0|000111":6714,"1|1|111010":15851,"1|0|011011":90250,"2|1|110100":6708,"1|0|011010":87778,"2|1|001100":11328,"2|1|110101":6159,"2|1|001101":12129,"1|1|100001":97062,"1|1|100000":101283,"1|0|000000":2721,"2|0|101111":10047,"2|0|101110":10396,"2|1|000111":6683,"2|1|000110":5998,"1|1|111000":21696,"1|0|000001":2519,"1|1|111001":18368,"1|0|011000":80333,"2|1|001110":13033,"2|1|110111":4906,"2|1|001111":13750,"2|1|110110":5504,"1|0|011001":83628,"1|1|100111":75976,"1|1|100110":79249,"1|0|000011":4009,"1|0|001100":28675,"1|0|000010":3319,"2|0|101001":13682,"2|0|101000":14544,"1|0|001101":32820,"2|1|110001":8446,"2|1|110000":9194,"2|1|011001":21856,"2|1|011000":20711,"1|1|010100":63993,"1|1|010101":68277,"1|1|101111":49150,"1|1|101110":52934,"2|0|101010":13068,"1|0|001111":42036,"1|1|001010":19075,"1|0|001110":38069,"1|1|001011":24137,"2|0|101011":12302,"2|1|000011":4025,"2|1|000010":3377,"1|1|010110":72207,"2|1|111101":1566,"2|1|110010":7935,"2|1|111100":2064,"2|1|110011":7444,"2|1|011010":22440,"2|1|011011":21978,"1|1|010111":75841,"1|1|101101":55633,"1|1|100011":90159,"1|1|101100":59384,"1|1|100010":93831,"1|0|110001":43123,"2|0|001011":10433,"2|0|001010":9541,"1|0|110000":46792,"2|0|111110":1046,"2|0|111111":821,"1|1|101010":65717,"2|1|010010":16353,"2|1|011100":21632,"2|1|011101":21043,"1|0|010001":51490,"1|0|010000":46756,"2|1|010011":17015,"1|1|101011":62372,"1|0|111101":7148,"2|0|100101":16381,"2|0|100100":17236,"1|0|110010":40099,"1|0|110011":36696,"1|0|111100":9994,"2|0|110010":7991,"2|0|111101":1508,"2|0|110011":7300,"2|0|111100":2068,"2|1|011111":20713,"1|0|010111":75831,"1|0|010110":72191,"2|1|011110":20613,"1|1|101001":69398,"1|1|101000":72426,"1|0|110100":33527,"1|0|110101":30540,"2|0|100111":14813,"2|0|100110":15625,"2|1|000101":5364,"2|0|001111":13773,"2|1|000100":4664,"2|0|001110":13010,"1|0|011110":99270,"2|0|111011":2711,"2|0|111010":3123,"2|1|010111":20162,"1|0|011111":101138,"2|1|010110":19325,"1|0|110111":24623,"2|0|100001":19496,"2|0|100000":19985,"2|0|001001":8608,"2|0|001000":7597,"1|0|000101":5441,"1|0|000100":4715,"1|0|110110":27667,"1|0|010010":55421,"2|0|111000":4453,"2|0|111001":3792,"1|0|011101":95800,"2|1|010001":15533,"1|0|010011":59544,"1|0|011100":93302,"2|1|010000":14580}}
