{"probability":{"Group 13":"0.04146642518645461","Group 12":"0.049093840884393995","Group 11":"0.20526006451583323","Group 10":"0.00021042226519113187","Group  6":"0.0004542926737464157","Group  5":"0.0","Group  4":"0.002740157623699231","Group  3":"0.0","Group  2":"0.0","Group  1":"0.0","Group  9":"0.00009432524569277075","Group  8":"0.015458132124657801","Group  7":"0.685222339480331"},"groups":{"Group 13":["Botan 1.5.6 & 1.11.29 & 2.1.0","Feitian JavaCOS A22 & A40","Gemalto GCX4 72K","HSM SafeNet Luna SA-1700","LibTomCrypt 1.17","Libgcrypt 1.6.0 & 1.6.5 & 1.7.6","Libgcrypt 1.6.0 FIPS & 1.6.5 FIPS","Nettle 3.2 & 3.3","Oberthur Cosmo 64","OpenSSL FIPS 2.0.12 & 2.0.14","PGPSDK 4","WolfSSL 2.0rc1 & 3.9.0 & 3.10.2","cryptlib 3.4.3 & 3.4.3.1"],"Group 12":["Bouncy Castle 1.53 (Java)","Cryptix JCE 20050328","FlexiProvider 1.7p7","HSM Utimaco Security Server Se50","Nettle 2.0","PolarSSL 0.10.0","PuTTY 0.67","SunRsaSign OpenJDK 1.8.0","mbedTLS 1.3.19 & 2.2.1 & 2.4.2"],"Group 11":["Bouncy Castle 1.54 (Java)","Crypto++ 5.6.0 & 5.6.3 & 5.6.5","Libgcrypt 1.7.6 FIPS","Microsoft CryptoAPI & CNG & .NET"],"Group 10":["NXP J2D081 & J2E145G","YubiKey NEO"],"Group  6":["Oberthur Cosmo Dual 72K"],"Group  5":["NXP J2A080 & J2A081 & J3A081 & JCOP 41 V2.2.1"],"Group  4":["Gemalto GXP E64"],"Group  3":["GNU Crypto 2.0.1"],"Group  2":["G&D SmartCafe 4.x & 6.0"],"Group  1":["G&D SmartCafe 3.2"],"Group  9":["Infineon JTOP 80K","YubiKey 4 & 4 Nano"],"Group  8":["PGPSDK 4 FIPS"],"Group  7":["OpenSSL 0.9.7 & 1.0.2g & 1.0.2k & 1.1.0e"]},"frequencies":{"1|1|000110":9686,"2|1|100011":19115,"2|1|101101":12048,"1|1|000111":10244,"2|1|101100":12799,"2|1|100010":20236,"2|0|000000":6177,"2|0|000001":6249,"1|0|111010":24156,"1|0|111011":19695,"1|1|011010":132116,"1|1|011011":137740,"2|0|110100":7199,"2|0|110101":6853,"1|0|100001":149810,"1|0|100000":154611,"2|1|100000":21813,"1|1|000100":8204,"2|1|100001":21000,"2|0|000011":7629,"2|0|001101":15178,"2|0|001100":14665,"2|0|000010":7118,"1|1|000101":8895,"2|1|010101":21105,"2|0|011010":24701,"2|1|010100":20532,"2|0|011011":24760,"1|0|100010":143053,"1|0|101100":90606,"1|0|101101":85654,"1|0|100011":138152,"2|1|100110":16960,"1|1|110101":47419,"2|1|100111":16358,"2|0|000101":8830,"2|0|000100":8354,"1|0|111110":6744,"1|1|110100":51678,"1|0|111111":2676,"1|0|100101":126880,"2|0|110001":9188,"2|0|110000":9855,"1|0|010101":101968,"1|0|010100":96173,"2|0|011001":23861,"2|0|011000":23489,"1|0|100100":133266,"2|1|100100":18487,"2|1|100101":17802,"2|0|000110":9571,"2|0|000111":10314,"1|0|111000":33026,"1|0|111001":28661,"2|0|110111":5500,"2|0|110110":6000,"2|0|011111":22369,"2|0|011110":22653,"1|0|100111":116486,"1|0|100110":121633,"1|1|001001":21684,"1|0|001001":21601,"1|0|001000":14081,"1|1|001000":14396,"1|1|110001":65874,"1|1|110000":70723,"1|1|010000":70515,"2|0|011101":23174,"2|1|111111":870,"2|1|111110":1177,"2|0|010010":19022,"2|0|011100":23511,"2|0|010011":19977,"1|1|010001":77021,"1|0|101010":100583,"1|0|101011":95940,"1|0|001010":28904,"1|1|001111":63671,"1|0|001011":36127,"1|1|001110":56906,"2|1|101011":13475,"2|1|101010":14214,"1|1|110111":37612,"1|1|110110":42383,"1|1|010010":83462,"1|1|010011":89697,"1|1|011100":141200,"2|0|010001":18358,"2|1|111001":4092,"2|1|111000":4925,"2|0|010000":17530,"1|1|011101":146747,"1|1|000011":7594,"1|1|001100":42781,"1|1|001101":49904,"2|1|101001":14726,"1|1|000010":6921,"2|1|101000":15680,"1|1|111110":6774,"1|1|111111":2719,"2|1|111010":3586,"1|1|011110":150735,"1|1|011111":155065,"2|0|010111":22707,"2|1|001000":10811,"2|1|001001":11978,"2|1|111011":3094,"2|0|010110":22134,"1|0|101111":75864,"1|1|100101":127394,"1|1|100100":132699,"1|0|101110":80766,"1|1|000000":6194,"1|1|000001":6505,"2|1|101111":10644,"2|1|101110":11449,"1|1|110010":61064,"1|1|111101":11186,"1|1|110011":56462,"1|1|111100":15693,"1|1|011000":121181,"1|1|011001":126956,"2|1|001010":12794,"2|0|010100":20369,"2|1|001011":13703,"2|0|010101":21346,"1|0|101001":105908,"1|0|101000":111374,"1|0|000110":9610,"2|0|101101":12095,"2|0|100011":19130,"2|0|101100":12661,"2|0|100010":20079,"2|1|000001":6582,"2|1|000000":6384,"1|1|111011":19651,"1|0|000111":10351,"1|1|111010":24357,"1|0|011011":136934,"2|1|110100":7183,"1|0|011010":132916,"2|1|001100":14517,"2|1|110101":6865,"2|1|001101":15134,"1|1|100001":148557,"1|1|100000":155037,"1|0|000000":6136,"2|0|101111":10700,"2|0|101110":11217,"2|1|000111":10208,"2|1|000110":9784,"1|1|111000":33407,"1|0|000001":6470,"1|1|111001":28803,"1|0|011000":120663,"2|1|001110":15949,"2|1|110111":5434,"2|1|001111":16992,"2|1|110110":6062,"1|0|011001":126929,"1|1|100111":115756,"1|1|100110":121118,"1|0|000011":7705,"1|0|001100":43151,"1|0|000010":7052,"2|0|101001":14725,"2|0|101000":15471,"1|0|001101":49591,"2|1|110001":9317,"2|1|110000":9888,"2|1|011001":24157,"2|1|011000":23481,"1|1|010100":96146,"1|1|010101":101625,"1|1|101111":75507,"1|1|101110":80146,"2|0|101010":14174,"1|0|001111":63800,"1|1|001010":28949,"1|0|001110":57178,"1|1|001011":36194,"2|0|101011":13456,"2|1|000011":7775,"2|1|000010":6945,"1|1|010110":108468,"2|1|111101":1790,"0|1|101010":1,"2|1|110010":8808,"2|1|111100":2350,"2|1|110011":7882,"2|1|011010":24662,"2|1|011011":24296,"1|1|010111":115124,"1|1|101101":85118,"1|1|100011":138453,"1|1|101100":90781,"1|1|100010":142782,"1|0|110001":65870,"2|0|001011":13739,"2|0|001010":12716,"1|0|110000":70999,"2|0|111110":1225,"0|0|101000":1,"2|0|111111":939,"1|1|101010":101097,"2|1|010010":19174,"2|1|011100":23871,"2|1|011101":23315,"1|0|010001":76892,"1|0|010000":70215,"2|1|010011":19827,"1|1|101011":95196,"1|0|111101":11151,"2|0|100101":17626,"2|0|100100":18462,"1|0|110010":60896,"1|0|110011":56193,"1|0|111100":15483,"2|0|110010":8611,"2|0|111101":1773,"2|0|110011":8019,"2|0|111100":2327,"2|1|011111":22040,"1|0|010111":114359,"1|0|010110":108260,"2|1|011110":22546,"1|1|101001":106911,"1|1|101000":110958,"1|0|110100":51763,"1|0|110101":47027,"2|0|100111":16249,"2|0|100110":17166,"2|1|000101":8907,"2|0|001111":16713,"2|1|000100":8358,"2|0|001110":15889,"1|0|011110":151385,"2|0|111011":3005,"2|0|111010":3408,"2|1|010111":22710,"1|0|011111":156223,"2|1|010110":22177,"1|0|110111":37840,"2|0|100001":20853,"2|0|100000":21782,"2|0|001001":12015,"2|0|001000":11065,"1|0|000101":8988,"1|0|000100":8281,"1|0|110110":42165,"1|0|010010":83586,"2|0|111000":4771,"2|0|111001":4108,"1|0|011101":146457,"2|1|010001":18363,"1|0|010011":89894,"1|0|011100":141647,"2|1|010000":17629}}
