{"probability":{"Group 13":"0.01239323920683327","Group 12":"0.03512533852344689","Group 11":"0.27977446134601447","Group 10":"0.00034239432501810286","Group  6":"0.0004437763599294612","Group  5":"0.0","Group  4":"0.0019352987120949364","Group  3":"0.0","Group  2":"0.0","Group  1":"0.0","Group  9":"0.00017964887318878327","Group  8":"0.002187033770679139","Group  7":"0.6676188088827947"},"groups":{"Group 13":["Botan 1.5.6 & 1.11.29 & 2.1.0","Feitian JavaCOS A22 & A40","Gemalto GCX4 72K","HSM SafeNet Luna SA-1700","LibTomCrypt 1.17","Libgcrypt 1.6.0 & 1.6.5 & 1.7.6","Libgcrypt 1.6.0 FIPS & 1.6.5 FIPS","Nettle 3.2 & 3.3","Oberthur Cosmo 64","OpenSSL FIPS 2.0.12 & 2.0.14","PGPSDK 4","WolfSSL 2.0rc1 & 3.9.0 & 3.10.2","cryptlib 3.4.3 & 3.4.3.1"],"Group 12":["Bouncy Castle 1.53 (Java)","Cryptix JCE 20050328","FlexiProvider 1.7p7","HSM Utimaco Security Server Se50","Nettle 2.0","PolarSSL 0.10.0","PuTTY 0.67","SunRsaSign OpenJDK 1.8.0","mbedTLS 1.3.19 & 2.2.1 & 2.4.2"],"Group 11":["Bouncy Castle 1.54 (Java)","Crypto++ 5.6.0 & 5.6.3 & 5.6.5","Libgcrypt 1.7.6 FIPS","Microsoft CryptoAPI & CNG & .NET"],"Group 10":["NXP J2D081 & J2E145G","YubiKey NEO"],"Group  6":["Oberthur Cosmo Dual 72K"],"Group  5":["NXP J2A080 & J2A081 & J3A081 & JCOP 41 V2.2.1"],"Group  4":["Gemalto GXP E64"],"Group  3":["GNU Crypto 2.0.1"],"Group  2":["G&D SmartCafe 4.x & 6.0"],"Group  1":["G&D SmartCafe 3.2"],"Group  9":["Infineon JTOP 80K","YubiKey 4 & 4 Nano"],"Group  8":["PGPSDK 4 FIPS"],"Group  7":["OpenSSL 0.9.7 & 1.0.2g & 1.0.2k & 1.1.0e"]},"frequencies":{"1|1|000110":5461,"2|1|100011":11505,"2|1|101101":7241,"1|1|000111":5944,"2|1|101100":7786,"2|1|100010":12197,"2|0|000000":2098,"2|0|000001":2732,"1|0|111010":13369,"1|0|111011":10864,"1|1|011010":74951,"1|1|011011":78340,"2|0|110100":4346,"2|0|110101":4059,"1|0|100001":83817,"1|0|100000":87197,"2|1|100000":13155,"1|1|000100":4308,"2|1|100001":12703,"2|0|000011":3868,"2|0|001101":9173,"2|0|001100":8853,"2|0|000010":3236,"1|1|000101":4962,"2|1|010101":13263,"2|0|011010":15482,"2|1|010100":12560,"2|0|011011":15568,"1|0|100010":80615,"1|0|101100":50730,"1|0|101101":47956,"1|0|100011":77870,"2|1|100110":10128,"1|1|110101":26397,"2|1|100111":9891,"2|0|000101":4940,"2|0|000100":4441,"1|0|111110":3648,"1|1|110100":28848,"1|0|111111":1388,"1|0|100101":71206,"2|0|110001":5543,"2|0|110000":5942,"1|0|010101":58100,"1|0|010100":54637,"2|0|011001":15145,"2|0|011000":14654,"1|0|100100":74498,"2|1|100100":11192,"2|1|100101":10773,"2|0|000110":5453,"2|0|000111":5953,"1|0|111000":18292,"1|0|111001":15957,"2|0|110111":3217,"2|0|110110":3548,"2|0|011111":13485,"2|0|011110":13742,"1|0|100111":65378,"1|0|100110":68243,"1|1|001001":12493,"1|0|001001":12489,"1|0|001000":8371,"1|1|001000":8323,"1|1|110001":36732,"1|1|110000":39715,"1|1|010000":40279,"2|0|011101":14268,"2|1|111111":429,"2|1|111110":542,"2|0|010010":11874,"2|0|011100":14600,"2|0|010011":12420,"1|1|010001":43761,"1|0|101010":56131,"1|0|101011":53427,"1|0|001010":16435,"1|1|001111":36293,"1|0|001011":20750,"1|1|001110":32555,"2|1|101011":8117,"2|1|101010":8478,"1|1|110111":21007,"1|1|110110":23903,"1|1|010010":47305,"1|1|010011":50918,"1|1|011100":79952,"2|0|010001":11258,"2|1|111001":2332,"2|1|111000":2818,"2|0|010000":10891,"1|1|011101":82674,"1|1|000011":3742,"1|1|001100":24399,"1|1|001101":28554,"2|1|101001":8837,"1|1|000010":3291,"2|1|101000":9487,"1|1|111110":3658,"1|1|111111":1448,"2|1|111010":2021,"1|1|011110":85047,"1|1|011111":87255,"2|0|010111":14228,"2|1|001000":6358,"2|1|001001":7190,"2|1|111011":1737,"2|0|010110":13840,"1|0|101111":42462,"1|1|100101":71253,"1|1|100100":75061,"1|0|101110":45161,"1|1|000000":2081,"1|1|000001":2739,"2|1|101111":6367,"2|1|101110":6973,"1|1|110010":34139,"1|1|111101":6062,"1|1|110011":31776,"1|1|111100":8766,"1|1|011000":68932,"1|1|011001":72073,"2|1|001010":7716,"2|0|010100":12695,"2|1|001011":8345,"2|0|010101":13285,"1|0|101001":59468,"1|0|101000":62437,"1|0|000110":5519,"2|0|101101":7310,"2|0|100011":11769,"2|0|101100":7711,"2|0|100010":12058,"2|1|000001":2734,"2|1|000000":2226,"1|1|111011":11014,"1|0|000111":6033,"1|1|111010":13267,"1|0|011011":77607,"2|1|110100":4200,"1|0|011010":75471,"2|1|001100":8802,"2|1|110101":4028,"2|1|001101":9269,"1|1|100001":83524,"1|1|100000":87108,"1|0|000000":2190,"2|0|101111":6450,"2|0|101110":6744,"2|1|000111":5913,"2|1|000110":5505,"1|1|111000":18760,"1|0|000001":2687,"1|1|111001":16001,"1|0|011000":68845,"2|1|001110":9805,"2|1|110111":3098,"2|1|001111":10371,"2|1|110110":3591,"1|0|011001":72184,"1|1|100111":64907,"1|1|100110":68241,"1|0|000011":3883,"1|0|001100":24459,"1|0|000010":3241,"2|0|101001":8958,"2|0|101000":9322,"1|0|001101":28504,"2|1|110001":5515,"2|1|110000":5987,"2|1|011001":15063,"2|1|011000":14787,"1|1|010100":54626,"1|1|010101":57985,"1|1|101111":42601,"1|1|101110":44785,"2|0|101010":8460,"1|0|001111":36395,"1|1|001010":16599,"1|0|001110":32531,"1|1|001011":20664,"2|0|101011":8047,"2|1|000011":3864,"2|1|000010":3197,"1|1|010110":61517,"2|1|111101":926,"0|1|101010":1,"2|1|110010":5167,"2|1|111100":1249,"2|1|110011":4632,"2|1|011010":15513,"2|1|011011":15066,"1|1|010111":65463,"1|1|101101":47725,"1|1|100011":77606,"1|1|101100":50744,"1|1|100010":80138,"1|0|110001":36716,"2|0|001011":8333,"2|0|001010":7582,"1|0|110000":39589,"2|0|111110":581,"2|0|111111":444,"1|1|101010":56735,"2|1|010010":11881,"2|1|011100":14777,"2|1|011101":14307,"1|0|010001":43656,"1|0|010000":39941,"2|1|010011":12303,"1|1|101011":53751,"1|0|111101":6041,"2|0|100101":10607,"2|0|100100":11158,"1|0|110010":34101,"1|0|110011":31395,"1|0|111100":8546,"2|0|110010":5137,"2|0|111101":911,"2|0|110011":4724,"2|0|111100":1271,"2|1|011111":13442,"1|0|010111":65195,"1|0|010110":61808,"2|1|011110":13800,"1|1|101001":59673,"1|1|101000":62708,"1|0|110100":28976,"1|0|110101":26240,"2|0|100111":9781,"2|0|100110":10281,"2|1|000101":4913,"2|0|001111":10406,"2|1|000100":4468,"2|0|001110":9923,"1|0|011110":85430,"2|0|111011":1626,"2|0|111010":1943,"2|1|010111":14273,"1|0|011111":87983,"2|1|010110":13553,"1|0|110111":21059,"2|0|100001":12526,"2|0|100000":13128,"2|0|001001":7174,"2|0|001000":6559,"1|0|000101":5054,"1|0|000100":4382,"1|0|110110":23455,"1|0|010010":47542,"2|0|111000":2818,"2|0|111001":2377,"1|0|011101":83031,"2|1|010001":11363,"1|0|010011":51400,"1|0|011100":80034,"2|1|010000":11037}}
