{"probability":{"Group 13":"0.0055396410011696795","Group 12":"0.01651079894653992","Group 11":"0.1265261861223137","Group 10":"0.0010433194568755734","Group  6":"0.0027408600222380577","Group  5":"0.0","Group  4":"0.00008614167849232995","Group  3":"0.0","Group  2":"0.00009587528108270536","Group  1":"0.0","Group  9":"0.001192509600217775","Group  8":"0.0","Group  7":"0.8462646678910702"},"groups":{"Group 13":["Botan 1.5.6 & 1.11.29 & 2.1.0","Feitian JavaCOS A22 & A40","Gemalto GCX4 72K","HSM SafeNet Luna SA-1700","LibTomCrypt 1.17","Libgcrypt 1.6.0 & 1.6.5 & 1.7.6","Libgcrypt 1.6.0 FIPS & 1.6.5 FIPS","Nettle 3.2 & 3.3","Oberthur Cosmo 64","OpenSSL FIPS 2.0.12 & 2.0.14","PGPSDK 4","WolfSSL 2.0rc1 & 3.9.0 & 3.10.2","cryptlib 3.4.3 & 3.4.3.1"],"Group 12":["Bouncy Castle 1.53 (Java)","Cryptix JCE 20050328","FlexiProvider 1.7p7","HSM Utimaco Security Server Se50","Nettle 2.0","PolarSSL 0.10.0","PuTTY 0.67","SunRsaSign OpenJDK 1.8.0","mbedTLS 1.3.19 & 2.2.1 & 2.4.2"],"Group 11":["Bouncy Castle 1.54 (Java)","Crypto++ 5.6.0 & 5.6.3 & 5.6.5","Libgcrypt 1.7.6 FIPS","Microsoft CryptoAPI & CNG & .NET"],"Group 10":["NXP J2D081 & J2E145G","YubiKey NEO"],"Group  6":["Oberthur Cosmo Dual 72K"],"Group  5":["NXP J2A080 & J2A081 & J3A081 & JCOP 41 V2.2.1"],"Group  4":["Gemalto GXP E64"],"Group  3":["GNU Crypto 2.0.1"],"Group  2":["G&D SmartCafe 4.x & 6.0"],"Group  1":["G&D SmartCafe 3.2"],"Group  9":["Infineon JTOP 80K","YubiKey 4 & 4 Nano"],"Group  8":["PGPSDK 4 FIPS"],"Group  7":["OpenSSL 0.9.7 & 1.0.2g & 1.0.2k & 1.1.0e"]},"frequencies":{"1|1|000110":115,"2|1|100011":235,"2|1|101101":153,"1|1|000111":138,"2|1|101100":162,"2|1|100010":256,"2|0|000000":55,"2|0|000001":61,"1|0|111010":689,"1|0|111011":552,"1|1|011010":3938,"1|1|011011":4157,"2|0|110100":89,"2|0|110101":82,"1|0|100001":4507,"1|0|100000":4737,"2|1|100000":297,"1|1|000100":97,"2|1|100001":303,"2|0|000011":64,"2|0|001101":207,"2|0|001100":187,"2|0|000010":80,"1|1|000101":132,"2|1|010101":281,"2|0|011010":337,"2|1|010100":291,"2|0|011011":317,"1|0|100010":4443,"1|0|101100":2781,"1|0|101101":2694,"1|0|100011":4256,"2|1|100110":223,"1|1|110101":1389,"2|1|100111":224,"2|0|000101":104,"2|0|000100":97,"1|0|111110":201,"1|1|110100":1570,"1|0|111111":54,"1|0|100101":3857,"2|0|110001":129,"2|0|110000":120,"1|0|010101":2965,"1|0|010100":2840,"2|0|011001":339,"2|0|011000":305,"1|0|100100":4069,"2|1|100100":231,"2|1|100101":228,"2|0|000110":110,"2|0|000111":151,"1|0|111000":1036,"1|0|111001":840,"2|0|110111":66,"2|0|110110":79,"2|0|011111":288,"2|0|011110":311,"1|0|100111":3557,"1|0|100110":3674,"1|1|001001":491,"1|0|001001":482,"1|0|001000":275,"1|1|001000":244,"1|1|110001":2106,"1|1|110000":2188,"1|1|010000":2014,"2|0|011101":339,"2|1|111111":5,"2|1|111110":6,"2|0|010010":269,"2|0|011100":331,"2|0|010011":276,"1|1|010001":2212,"1|0|101010":3042,"1|0|101011":3002,"1|0|001010":720,"1|1|001111":1678,"1|0|001011":971,"1|1|001110":1560,"2|1|101011":170,"2|1|101010":202,"1|1|110111":1158,"1|1|110110":1282,"1|1|010010":2356,"1|1|010011":2571,"1|1|011100":4259,"2|0|010001":278,"2|1|111001":56,"2|1|111000":62,"2|0|010000":211,"1|1|011101":4354,"1|1|000011":63,"1|1|001100":1157,"1|1|001101":1379,"2|1|101001":194,"1|1|000010":84,"2|1|101000":218,"1|1|111110":211,"1|1|111111":73,"2|1|111010":32,"1|1|011110":4527,"1|1|011111":4671,"2|0|010111":314,"2|1|001000":145,"2|1|001001":164,"2|1|111011":33,"2|0|010110":304,"1|0|101111":2225,"1|1|100101":3886,"1|1|100100":4065,"1|0|101110":2479,"1|1|000000":51,"1|1|000001":63,"2|1|101111":137,"2|1|101110":148,"1|1|110010":1880,"1|1|111101":327,"1|1|110011":1769,"1|1|111100":432,"1|1|011000":3526,"1|1|011001":3725,"2|1|001010":160,"2|0|010100":279,"2|1|001011":200,"2|0|010101":285,"1|0|101001":3230,"1|0|101000":3348,"1|0|000110":115,"2|0|101101":170,"2|0|100011":255,"2|0|101100":166,"2|0|100010":265,"2|1|000001":64,"2|1|000000":51,"1|1|111011":556,"1|0|000111":112,"1|1|111010":740,"1|0|011011":4116,"2|1|110100":85,"1|0|011010":3921,"2|1|001100":197,"2|1|110101":78,"2|1|001101":227,"1|1|100001":4433,"1|1|100000":4614,"1|0|000000":49,"2|0|101111":133,"2|0|101110":127,"2|1|000111":129,"2|1|000110":128,"1|1|111000":986,"1|0|000001":70,"1|1|111001":827,"1|0|011000":3560,"2|1|001110":207,"2|1|110111":67,"2|1|001111":227,"2|1|110110":87,"1|0|011001":3720,"1|1|100111":3525,"1|1|100110":3767,"1|0|000011":105,"1|0|001100":1166,"1|0|000010":70,"2|0|101001":193,"2|0|101000":201,"1|0|001101":1407,"2|1|110001":135,"2|1|110000":124,"2|1|011001":289,"2|1|011000":318,"1|1|010100":2819,"1|1|010101":2985,"1|1|101111":2303,"1|1|101110":2402,"2|0|101010":145,"1|0|001111":1785,"1|1|001010":736,"1|0|001110":1633,"1|1|001011":927,"2|0|101011":157,"2|1|000011":95,"2|1|000010":76,"1|1|010110":3171,"2|1|111101":18,"2|1|110010":112,"2|1|111100":21,"2|1|110011":116,"2|1|011010":336,"2|1|011011":321,"1|1|010111":3367,"1|1|101101":2670,"1|1|100011":4109,"1|1|101100":2690,"1|1|100010":4356,"1|0|110001":2057,"2|0|001011":177,"2|0|001010":167,"1|0|110000":2110,"2|0|111110":17,"2|0|111111":5,"1|1|101010":3106,"2|1|010010":270,"2|1|011100":321,"2|1|011101":302,"1|0|010001":2164,"1|0|010000":1967,"2|1|010011":253,"1|1|101011":2858,"1|0|111101":299,"2|0|100101":230,"2|0|100100":243,"1|0|110010":1869,"1|0|110011":1669,"1|0|111100":461,"2|0|110010":103,"2|0|111101":19,"2|0|110011":115,"2|0|111100":34,"2|1|011111":261,"1|0|010111":3350,"1|0|010110":3036,"2|1|011110":283,"1|1|101001":3283,"1|1|101000":3481,"1|0|110100":1583,"1|0|110101":1378,"2|0|100111":227,"2|0|100110":207,"2|1|000101":95,"2|0|001111":226,"2|1|000100":89,"2|0|001110":230,"1|0|011110":4597,"2|0|111011":38,"2|0|111010":36,"2|1|010111":340,"1|0|011111":4832,"2|1|010110":311,"1|0|110111":1144,"2|0|100001":266,"2|0|100000":288,"2|0|001001":155,"2|0|001000":133,"1|0|000101":111,"1|0|000100":96,"1|0|110110":1231,"1|0|010010":2408,"2|0|111000":54,"2|0|111001":57,"1|0|011101":4452,"2|1|010001":254,"1|0|010011":2583,"1|0|011100":4398,"2|1|010000":238}}
