{"probability":{"Group 13":"0.040074995045669304","Group 12":"0.04856998959495477","Group 11":"0.20189064948259233","Group 10":"0.00010666272722997705","Group  6":"0.00045509345841933006","Group  5":"0.0","Group  4":"0.0031531673395624646","Group  3":"0.000031210779303872127","Group  2":"0.0","Group  1":"0.0","Group  9":"0.00015247623742408958","Group  8":"0.01186218696028283","Group  7":"0.6937035683745609"},"groups":{"Group 13":["Botan 1.5.6 & 1.11.29 & 2.1.0","Feitian JavaCOS A22 & A40","Gemalto GCX4 72K","HSM SafeNet Luna SA-1700","LibTomCrypt 1.17","Libgcrypt 1.6.0 & 1.6.5 & 1.7.6","Libgcrypt 1.6.0 FIPS & 1.6.5 FIPS","Nettle 3.2 & 3.3","Oberthur Cosmo 64","OpenSSL FIPS 2.0.12 & 2.0.14","PGPSDK 4","WolfSSL 2.0rc1 & 3.9.0 & 3.10.2","cryptlib 3.4.3 & 3.4.3.1"],"Group 12":["Bouncy Castle 1.53 (Java)","Cryptix JCE 20050328","FlexiProvider 1.7p7","HSM Utimaco Security Server Se50","Nettle 2.0","PolarSSL 0.10.0","PuTTY 0.67","SunRsaSign OpenJDK 1.8.0","mbedTLS 1.3.19 & 2.2.1 & 2.4.2"],"Group 11":["Bouncy Castle 1.54 (Java)","Crypto++ 5.6.0 & 5.6.3 & 5.6.5","Libgcrypt 1.7.6 FIPS","Microsoft CryptoAPI & CNG & .NET"],"Group 10":["NXP J2D081 & J2E145G","YubiKey NEO"],"Group  6":["Oberthur Cosmo Dual 72K"],"Group  5":["NXP J2A080 & J2A081 & J3A081 & JCOP 41 V2.2.1"],"Group  4":["Gemalto GXP E64"],"Group  3":["GNU Crypto 2.0.1"],"Group  2":["G&D SmartCafe 4.x & 6.0"],"Group  1":["G&D SmartCafe 3.2"],"Group  9":["Infineon JTOP 80K","YubiKey 4 & 4 Nano"],"Group  8":["PGPSDK 4 FIPS"],"Group  7":["OpenSSL 0.9.7 & 1.0.2g & 1.0.2k & 1.1.0e"]},"frequencies":{"1|1|000110":9728,"2|1|100011":18985,"2|1|101101":11882,"1|1|000111":10359,"2|1|101100":12778,"2|1|100010":20122,"2|0|000000":5942,"2|0|000001":6332,"1|0|111010":24709,"1|0|111011":20226,"1|1|011010":136056,"1|1|011011":141783,"2|0|110100":7126,"2|0|110101":6680,"1|0|100001":154236,"1|0|100000":160238,"2|1|100000":21548,"1|1|000100":8199,"2|1|100001":20899,"2|0|000011":7584,"2|0|001101":15012,"2|0|001100":14645,"2|0|000010":6855,"1|1|000101":8875,"2|1|010101":21215,"2|0|011010":24798,"2|1|010100":20530,"2|0|011011":24619,"1|0|100010":147857,"1|0|101100":93738,"1|0|101101":87896,"1|0|100011":142045,"2|1|100110":16941,"1|1|110101":48762,"2|1|100111":16239,"2|0|000101":8850,"2|0|000100":8179,"1|0|111110":6869,"1|1|110100":53338,"1|0|111111":2631,"1|0|100101":130971,"2|0|110001":9304,"2|0|110000":9692,"1|0|010101":104668,"1|0|010100":99020,"2|0|011001":23931,"2|0|011000":23686,"1|0|100100":137056,"2|1|100100":18461,"2|1|100101":18008,"2|0|000110":9451,"2|0|000111":10236,"1|0|111000":33967,"1|0|111001":29549,"2|0|110111":5469,"2|0|110110":6063,"2|0|011111":22148,"2|0|011110":22625,"1|0|100111":119718,"1|0|100110":126008,"1|1|001001":22083,"1|0|001001":22032,"1|0|001000":14314,"1|1|001000":14454,"1|1|110001":67404,"1|1|110000":73043,"1|1|010000":72571,"2|0|011101":23131,"2|1|111111":791,"2|1|111110":1116,"2|0|010010":18936,"2|0|011100":23628,"2|0|010011":19865,"1|1|010001":79251,"1|0|101010":103562,"1|0|101011":98813,"1|0|001010":29672,"1|1|001111":65160,"1|0|001011":36930,"1|1|001110":58556,"2|1|101011":13558,"2|1|101010":14048,"1|1|110111":38771,"1|1|110110":43389,"1|1|010010":85320,"1|1|010011":92256,"1|1|011100":146027,"2|0|010001":18481,"2|1|111001":4015,"2|1|111000":4844,"2|0|010000":17690,"1|1|011101":151475,"1|1|000011":7492,"1|1|001100":43982,"1|1|001101":50933,"2|1|101001":14764,"1|1|000010":6900,"2|1|101000":15524,"1|1|111110":6948,"1|1|111111":2664,"2|1|111010":3593,"1|1|011110":155561,"1|1|011111":160306,"2|0|010111":22835,"2|1|001000":10893,"2|1|001001":11992,"2|1|111011":3002,"2|0|010110":22137,"1|0|101111":77802,"1|1|100101":131155,"1|1|100100":137186,"1|0|101110":83574,"1|1|000000":5872,"1|1|000001":6222,"2|1|101111":10495,"2|1|101110":11367,"1|1|110010":63283,"1|1|111101":11455,"1|1|110011":58306,"1|1|111100":16017,"1|1|011000":124526,"1|1|011001":130688,"2|1|001010":12779,"2|0|010100":20449,"2|1|001011":13653,"2|0|010101":21308,"1|0|101001":109313,"1|0|101000":115068,"1|0|000110":9583,"2|0|101101":12029,"2|0|100011":19325,"2|0|101100":12858,"2|0|100010":20045,"2|1|000001":6382,"2|1|000000":6012,"1|1|111011":20321,"1|0|000111":10284,"1|1|111010":25066,"1|0|011011":141151,"2|1|110100":7295,"1|0|011010":136623,"2|1|001100":14543,"2|1|110101":6734,"2|1|001101":15096,"1|1|100001":153932,"1|1|100000":160185,"1|0|000000":5889,"2|0|101111":10633,"2|0|101110":11148,"2|1|000111":10201,"2|1|000110":9719,"1|1|111000":34363,"1|0|000001":6233,"1|1|111001":29811,"1|0|011000":124772,"2|1|001110":16097,"2|1|110111":5387,"2|1|001111":16902,"2|1|110110":6037,"1|0|011001":130362,"1|1|100111":119369,"1|1|100110":125216,"1|0|000011":7677,"1|0|001100":44182,"1|0|000010":6864,"2|0|101001":14705,"2|0|101000":15471,"1|0|001101":50816,"2|1|110001":9208,"2|1|110000":9814,"2|1|011001":24099,"2|1|011000":23587,"1|1|010100":98529,"1|1|010101":104851,"1|1|101111":77908,"1|1|101110":82985,"2|0|101010":13947,"1|0|001111":65107,"1|1|001010":29411,"1|0|001110":58088,"1|1|001011":36650,"2|0|101011":13403,"2|1|000011":7603,"2|1|000010":6835,"1|1|010110":111274,"2|1|111101":1698,"0|1|101010":1,"2|1|110010":8620,"2|1|111100":2227,"2|1|110011":7758,"2|1|011010":24556,"2|1|011011":24274,"1|1|010111":118296,"1|1|101101":87491,"1|1|100011":142858,"1|1|101100":93271,"1|1|100010":147747,"1|0|110001":68161,"2|0|001011":13610,"2|0|001010":12842,"1|0|110000":73017,"2|0|111110":1150,"2|0|111111":824,"1|1|101010":104162,"2|1|010010":19125,"2|1|011100":23693,"2|1|011101":23279,"1|0|010001":78869,"1|0|010000":71943,"2|1|010011":19760,"1|1|101011":98335,"1|0|111101":11372,"2|0|100101":17575,"2|0|100100":18342,"1|0|110010":62753,"1|0|110011":58014,"1|0|111100":15944,"2|0|110010":8553,"2|0|111101":1704,"2|0|110011":7961,"2|0|111100":2293,"2|1|011111":22201,"1|0|010111":118109,"1|0|010110":111757,"2|1|011110":22685,"1|1|101001":109257,"1|1|101000":114811,"1|0|110100":53209,"1|0|110101":48544,"2|0|100111":16311,"2|0|100110":17086,"2|1|000101":8929,"2|0|001111":16877,"2|1|000100":8236,"2|0|001110":15882,"1|0|011110":156634,"2|0|111011":2846,"2|0|111010":3429,"2|1|010111":22749,"1|0|011111":160700,"2|1|010110":22136,"1|0|110111":38930,"2|0|100001":21069,"2|0|100000":21883,"2|0|001001":11865,"2|0|001000":11144,"1|0|000101":8967,"1|0|000100":8213,"1|0|110110":43519,"1|0|010010":85841,"2|0|111000":4830,"2|0|111001":4092,"1|0|011101":151111,"2|1|010001":18468,"1|0|010011":92465,"1|0|011100":145559,"2|1|010000":17851}}
