{"probability":{"Group 13":"0.007897217666208921","Group 12":"0.03025421570547956","Group 11":"0.29642724206066723","Group 10":"0.0001698558226434369","Group  6":"0.0","Group  5":"0.00007883821658385299","Group  4":"0.001066645951686572","Group  3":"0.0","Group  2":"0.0","Group  1":"0.0","Group  9":"0.0","Group  8":"0.0017776271789460615","Group  7":"0.6623283573977843"},"groups":{"Group 13":["Botan 1.5.6 & 1.11.29 & 2.1.0","Feitian JavaCOS A22 & A40","Gemalto GCX4 72K","HSM SafeNet Luna SA-1700","LibTomCrypt 1.17","Libgcrypt 1.6.0 & 1.6.5 & 1.7.6","Libgcrypt 1.6.0 FIPS & 1.6.5 FIPS","Nettle 3.2 & 3.3","Oberthur Cosmo 64","OpenSSL FIPS 2.0.12 & 2.0.14","PGPSDK 4","WolfSSL 2.0rc1 & 3.9.0 & 3.10.2","cryptlib 3.4.3 & 3.4.3.1"],"Group 12":["Bouncy Castle 1.53 (Java)","Cryptix JCE 20050328","FlexiProvider 1.7p7","HSM Utimaco Security Server Se50","Nettle 2.0","PolarSSL 0.10.0","PuTTY 0.67","SunRsaSign OpenJDK 1.8.0","mbedTLS 1.3.19 & 2.2.1 & 2.4.2"],"Group 11":["Bouncy Castle 1.54 (Java)","Crypto++ 5.6.0 & 5.6.3 & 5.6.5","Libgcrypt 1.7.6 FIPS","Microsoft CryptoAPI & CNG & .NET"],"Group 10":["NXP J2D081 & J2E145G","YubiKey NEO"],"Group  6":["Oberthur Cosmo Dual 72K"],"Group  5":["NXP J2A080 & J2A081 & J3A081 & JCOP 41 V2.2.1"],"Group  4":["Gemalto GXP E64"],"Group  3":["GNU Crypto 2.0.1"],"Group  2":["G&D SmartCafe 4.x & 6.0"],"Group  1":["G&D SmartCafe 3.2"],"Group  9":["Infineon JTOP 80K","YubiKey 4 & 4 Nano"],"Group  8":["PGPSDK 4 FIPS"],"Group  7":["OpenSSL 0.9.7 & 1.0.2g & 1.0.2k & 1.1.0e"]},"frequencies":{"1|1|000110":5182,"2|1|100011":11340,"2|1|101101":7144,"1|1|000111":5795,"2|1|101100":7620,"2|1|100010":12023,"2|0|000000":1773,"2|0|000001":2425,"1|0|111010":12882,"1|0|111011":10499,"1|1|011010":72441,"1|1|011011":75252,"0|1|100111":1,"2|0|110100":4203,"2|0|110101":3820,"1|0|100001":80678,"1|0|100000":83491,"2|1|100000":13019,"1|1|000100":4040,"2|1|100001":12486,"2|0|000011":3563,"2|0|001101":8954,"2|0|001100":8675,"2|0|000010":3016,"1|1|000101":4654,"2|1|010101":13271,"2|0|011010":15483,"2|1|010100":12676,"2|0|011011":15213,"1|0|100010":77192,"1|0|101100":48998,"1|0|101101":46083,"1|0|100011":75157,"2|1|100110":9970,"1|1|110101":25503,"2|1|100111":9838,"2|0|000101":4647,"2|0|000100":4154,"1|0|111110":3587,"1|1|110100":27780,"1|0|111111":1360,"1|0|100101":68602,"2|0|110001":5422,"2|0|110000":5898,"1|0|010101":56257,"1|0|010100":52727,"2|0|011001":14838,"2|0|011000":14468,"1|0|100100":71672,"2|1|100100":10989,"2|1|100101":10524,"2|0|000110":5226,"2|0|000111":5823,"1|0|111000":17689,"1|0|111001":15413,"2|0|110111":3148,"2|0|110110":3502,"2|0|011111":13313,"2|0|011110":13786,"1|0|100111":62786,"1|0|100110":65637,"1|1|001001":12162,"1|0|001001":12095,"1|0|001000":7872,"1|1|001000":8205,"1|1|110001":35570,"1|1|110000":38443,"1|1|010000":38632,"2|0|011101":14109,"2|1|111111":450,"2|1|111110":565,"2|0|010010":11643,"2|0|011100":14721,"2|0|010011":12314,"1|1|010001":42246,"1|0|101010":54299,"1|0|101011":51675,"1|0|001010":15800,"1|1|001111":35065,"1|0|001011":20165,"1|1|001110":31329,"2|1|101011":7966,"2|1|101010":8294,"1|1|110111":20417,"1|1|110110":23078,"1|1|010010":45905,"1|1|010011":49168,"1|1|011100":76855,"2|0|010001":11077,"2|1|111001":2339,"2|1|111000":2735,"2|0|010000":10665,"1|1|011101":79848,"1|1|000011":3492,"1|1|001100":23448,"1|1|001101":27584,"2|1|101001":8720,"0|0|011011":1,"1|1|000010":2939,"2|1|101000":9400,"1|1|111110":3516,"1|1|111111":1493,"2|1|111010":1969,"1|1|011110":82068,"1|1|011111":84017,"2|0|010111":14107,"2|1|001000":6183,"2|1|001001":6968,"2|1|111011":1748,"2|0|010110":13804,"1|0|101111":40688,"1|1|100101":68806,"1|1|100100":72179,"1|0|101110":43400,"1|1|000000":1818,"1|1|000001":2552,"2|1|101111":6297,"2|1|101110":6807,"1|1|110010":33085,"1|1|111101":5900,"1|1|110011":30430,"1|1|111100":8289,"1|1|011000":66556,"1|1|011001":69792,"2|1|001010":7479,"2|0|010100":12580,"2|1|001011":8213,"2|0|010101":13146,"1|0|101001":57230,"1|0|101000":60258,"1|0|000110":5154,"2|0|101101":7224,"2|0|100011":11436,"2|0|101100":7466,"2|0|100010":11875,"2|1|000001":2372,"2|1|000000":1883,"1|1|111011":10524,"1|0|000111":5803,"1|1|111010":12797,"1|0|011011":74928,"2|1|110100":4075,"1|0|011010":72522,"2|1|001100":8552,"2|1|110101":3937,"2|1|001101":9136,"1|1|100001":80509,"1|1|100000":84335,"1|0|000000":1806,"0|1|011100":3,"2|0|101111":6326,"2|0|101110":6687,"2|1|000111":5704,"2|1|000110":5237,"1|1|111000":17885,"1|0|000001":2330,"1|1|111001":15245,"1|0|011000":66404,"2|1|001110":9525,"2|1|110111":3058,"2|1|001111":10129,"2|1|110110":3505,"1|0|011001":69728,"1|1|100111":62660,"1|1|100110":65752,"1|0|000011":3692,"1|0|001100":23649,"1|0|000010":2914,"2|0|101001":8674,"2|0|101000":9172,"1|0|001101":27577,"2|1|110001":5335,"2|1|110000":5917,"2|1|011001":14941,"2|1|011000":14557,"1|1|010100":53197,"1|1|010101":55792,"1|1|101111":41027,"1|1|101110":43313,"2|0|101010":8422,"1|0|001111":35359,"1|1|001010":15987,"1|0|001110":31474,"1|1|001011":19763,"2|0|101011":7987,"2|1|000011":3553,"2|1|000010":3054,"1|1|010110":59612,"2|1|111101":896,"0|1|101010":1,"2|1|110010":5150,"2|1|111100":1190,"2|1|110011":4596,"2|1|011010":15313,"2|1|011011":15041,"1|1|010111":62665,"1|1|101101":46023,"1|1|100011":74638,"1|1|101100":49191,"1|1|100010":77613,"1|0|110001":35246,"2|0|001011":8087,"2|0|001010":7482,"1|0|110000":38134,"2|0|111110":614,"2|0|111111":463,"1|1|101010":54519,"2|1|010010":11638,"2|1|011100":14622,"2|1|011101":14199,"1|0|010001":42234,"1|0|010000":38534,"2|1|010011":12066,"1|1|101011":51856,"1|0|111101":5800,"2|0|100101":10343,"2|0|100100":10968,"1|0|110010":32808,"1|0|110011":30652,"1|0|111100":8151,"2|0|110010":5100,"2|0|111101":917,"2|0|110011":4580,"2|0|111100":1270,"2|1|011111":13230,"1|0|010111":63028,"1|0|010110":59855,"2|1|011110":13550,"1|1|101001":58012,"1|1|101000":60454,"1|0|110100":27940,"1|0|110101":25279,"2|0|100111":9485,"2|0|100110":10180,"2|1|000101":4667,"2|0|001111":10163,"2|1|000100":4194,"2|0|001110":9703,"1|0|011110":81943,"2|0|111011":1611,"2|0|111010":1883,"2|1|010111":14144,"1|0|011111":84531,"2|1|010110":13660,"1|0|110111":20053,"2|0|100001":12272,"2|0|100000":13118,"2|0|001001":7072,"2|0|001000":6435,"1|0|000101":4738,"1|0|000100":4133,"1|0|110110":22579,"1|0|010010":46148,"2|0|111000":2792,"2|0|111001":2375,"1|0|011101":79989,"2|1|010001":11224,"1|0|010011":49516,"1|0|011100":77148,"2|1|010000":10737}}
