{"probability":{"Group 13":"0.12924767865508532","Group 12":"0.02118154896454175","Group 11":"0.26512038862931836","Group 10":"0.000342722375863974","Group  6":"0.0","Group  5":"0.00028134505471429837","Group  4":"0.00464180655431929","Group  3":"0.00015981531078902966","Group  2":"0.0","Group  1":"0.0","Group  9":"0.00013393036330948963","Group  8":"0.01983550593012926","Group  7":"0.5590552581619292"},"groups":{"Group 13":["Botan 1.5.6 & 1.11.29 & 2.1.0","Feitian JavaCOS A22 & A40","Gemalto GCX4 72K","HSM SafeNet Luna SA-1700","LibTomCrypt 1.17","Libgcrypt 1.6.0 & 1.6.5 & 1.7.6","Libgcrypt 1.6.0 FIPS & 1.6.5 FIPS","Nettle 3.2 & 3.3","Oberthur Cosmo 64","OpenSSL FIPS 2.0.12 & 2.0.14","PGPSDK 4","WolfSSL 2.0rc1 & 3.9.0 & 3.10.2","cryptlib 3.4.3 & 3.4.3.1"],"Group 12":["Bouncy Castle 1.53 (Java)","Cryptix JCE 20050328","FlexiProvider 1.7p7","HSM Utimaco Security Server Se50","Nettle 2.0","PolarSSL 0.10.0","PuTTY 0.67","SunRsaSign OpenJDK 1.8.0","mbedTLS 1.3.19 & 2.2.1 & 2.4.2"],"Group 11":["Bouncy Castle 1.54 (Java)","Crypto++ 5.6.0 & 5.6.3 & 5.6.5","Libgcrypt 1.7.6 FIPS","Microsoft CryptoAPI & CNG & .NET"],"Group 10":["NXP J2D081 & J2E145G","YubiKey NEO"],"Group  6":["Oberthur Cosmo Dual 72K"],"Group  5":["NXP J2A080 & J2A081 & J3A081 & JCOP 41 V2.2.1"],"Group  4":["Gemalto GXP E64"],"Group  3":["GNU Crypto 2.0.1"],"Group  2":["G&D SmartCafe 4.x & 6.0"],"Group  1":["G&D SmartCafe 3.2"],"Group  9":["Infineon JTOP 80K","YubiKey 4 & 4 Nano"],"Group  8":["PGPSDK 4 FIPS"],"Group  7":["OpenSSL 0.9.7 & 1.0.2g & 1.0.2k & 1.1.0e"]},"frequencies":{"1|1|000110":3092,"2|1|100011":10634,"2|1|101101":6521,"1|1|000111":3512,"2|1|101100":6941,"2|1|100010":10803,"2|0|000000":1585,"2|0|000001":1403,"1|0|111010":7805,"1|0|111011":6391,"1|1|011010":43577,"1|1|011011":44507,"2|0|110100":4048,"2|0|110101":3603,"1|0|100001":47921,"1|0|100000":49849,"2|1|100000":11954,"1|1|000100":2417,"2|1|100001":11454,"0|0|011001":1,"2|0|000011":2019,"2|0|001101":6503,"2|0|001100":6008,"2|0|000010":1749,"1|1|000101":2758,"2|1|010101":10375,"2|0|011010":12259,"2|1|010100":9938,"2|0|011011":12784,"1|0|100010":46306,"1|0|101100":29096,"1|0|101101":27230,"1|0|100011":44296,"2|1|100110":9316,"1|1|110101":15140,"2|1|100111":8890,"2|0|000101":2783,"2|0|000100":2435,"1|0|111110":2210,"1|1|110100":16751,"1|0|111111":1049,"1|0|100101":41053,"2|0|110001":4969,"2|0|110000":5418,"1|0|010101":33751,"1|0|010100":31964,"2|0|011001":12240,"2|0|011000":11579,"1|0|100100":42429,"2|1|100100":10082,"2|1|100101":9813,"2|0|000110":3111,"2|0|000111":3437,"1|0|111000":10630,"1|0|111001":9400,"2|0|110111":2806,"2|0|110110":3283,"2|0|011111":12134,"2|0|011110":12086,"1|0|100111":37778,"1|0|100110":39301,"1|1|001001":7272,"1|0|001001":7224,"1|0|001000":4859,"1|1|001000":4823,"1|1|110001":21390,"1|1|110000":22917,"1|1|010000":23251,"2|0|011101":12122,"2|1|111111":548,"2|1|111110":636,"2|0|010010":8949,"2|0|011100":12492,"2|0|010011":9493,"1|1|010001":25394,"1|0|101010":32487,"1|0|101011":30762,"1|0|001010":9741,"1|1|001111":21031,"1|0|001011":12112,"1|1|001110":18507,"2|1|101011":7290,"2|1|101010":7708,"1|1|110111":12205,"1|1|110110":13714,"1|1|010010":27464,"1|1|010011":29394,"1|1|011100":46345,"2|0|010001":8519,"2|1|111001":2195,"2|1|111000":2567,"2|0|010000":7871,"1|1|011101":47772,"1|1|000011":2104,"1|1|001100":14224,"1|1|001101":16267,"2|1|101001":8040,"1|1|000010":1742,"2|1|101000":8505,"1|1|111110":2128,"1|1|111111":1073,"2|1|111010":1891,"1|1|011110":48893,"1|1|011111":50190,"2|0|010111":11287,"2|1|001000":3889,"2|1|001001":4444,"2|1|111011":1572,"2|0|010110":10806,"1|0|101111":24367,"1|1|100101":41146,"1|1|100100":42810,"1|0|101110":26392,"1|1|000000":1596,"1|1|000001":1467,"2|1|101111":5759,"2|1|101110":6073,"1|1|110010":19574,"1|1|111101":3517,"1|1|110011":18245,"1|1|111100":4922,"1|1|011000":39441,"1|1|011001":41647,"2|1|001010":4886,"2|0|010100":9956,"2|1|001011":5372,"2|0|010101":10559,"1|0|101001":34209,"1|0|101000":35942,"1|0|000110":3127,"2|0|101101":6502,"2|0|100011":10622,"2|0|101100":6934,"2|0|100010":11085,"2|1|000001":1383,"2|1|000000":1652,"1|1|111011":6365,"1|0|000111":3388,"1|1|111010":7872,"1|0|011011":44785,"2|1|110100":4080,"1|0|011010":43364,"2|1|001100":5884,"2|1|110101":3718,"2|1|001101":6587,"1|1|100001":48713,"1|1|100000":49957,"1|0|000000":1606,"2|0|101111":5850,"2|0|101110":6351,"2|1|000111":3432,"2|1|000110":3088,"1|1|111000":10628,"1|0|000001":1399,"1|1|111001":9032,"1|0|011000":39922,"2|1|001110":7019,"2|1|110111":2932,"2|1|001111":7550,"2|1|110110":3272,"1|0|011001":41434,"1|1|100111":37456,"1|1|100110":39229,"1|0|000011":2151,"1|0|001100":14390,"1|0|000010":1767,"2|0|101001":8118,"2|0|101000":8556,"1|0|001101":16456,"2|1|110001":4973,"2|1|110000":5505,"2|1|011001":12239,"2|1|011000":11715,"1|1|010100":31306,"1|1|010101":33817,"1|1|101111":24348,"1|1|101110":26088,"2|0|101010":7763,"1|0|001111":20874,"1|1|001010":9752,"1|0|001110":18677,"1|1|001011":12058,"2|0|101011":7377,"2|1|000011":2072,"2|1|000010":1831,"1|1|010110":35711,"2|1|111101":925,"2|1|110010":4698,"2|1|111100":1223,"2|1|110011":4184,"2|1|011010":12447,"2|1|011011":12634,"1|1|010111":37504,"1|1|101101":27260,"1|1|100011":44402,"1|1|101100":29173,"1|1|100010":46515,"1|0|110001":21134,"2|0|001011":5516,"2|0|001010":4989,"1|0|110000":23126,"2|0|111110":613,"2|0|111111":496,"1|1|101010":32751,"2|1|010010":9250,"2|1|011100":12634,"2|1|011101":12264,"1|0|010001":25594,"1|0|010000":23048,"2|1|010011":9452,"1|1|101011":31013,"1|0|111101":3503,"2|0|100101":9871,"2|0|100100":10341,"1|0|110010":19717,"1|0|110011":18244,"1|0|111100":5075,"2|0|110010":4691,"2|0|111101":935,"2|0|110011":4376,"2|0|111100":1226,"2|1|011111":11956,"1|0|010111":37979,"1|0|010110":35824,"2|1|011110":11946,"1|1|101001":34016,"1|1|101000":35787,"1|0|110100":16810,"1|0|110101":15230,"2|0|100111":8871,"2|0|100110":9426,"2|1|000101":2821,"2|0|001111":7639,"2|1|000100":2491,"2|0|001110":7037,"1|0|011110":48990,"2|0|111011":1686,"2|0|111010":1904,"2|1|010111":11458,"1|0|011111":50225,"2|1|010110":10923,"1|0|110111":12231,"2|0|100001":11551,"2|0|100000":11751,"2|0|001001":4513,"2|0|001000":3785,"1|0|000101":2759,"1|0|000100":2487,"1|0|110110":13646,"1|0|010010":27534,"2|0|111000":2597,"2|0|111001":2168,"1|0|011101":47274,"2|1|010001":8690,"1|0|010011":29622,"1|0|011100":46290,"2|1|010000":7927}}
