{"probability":{"Group 13":"0.06832410360595834","Group 12":"0.23019733525208294","Group 11":"0.04165784711970672","Group 10":"0.00006518395359041928","Group  6":"0.0","Group  5":"0.0006447401977494458","Group  4":"0.007576519600186205","Group  3":"0.0","Group  2":"0.0","Group  1":"0.0","Group  9":"0.0007850882035743729","Group  8":"0.0","Group  7":"0.6507491820671517"},"groups":{"Group 13":["Botan 1.5.6 & 1.11.29 & 2.1.0","Feitian JavaCOS A22 & A40","Gemalto GCX4 72K","HSM SafeNet Luna SA-1700","LibTomCrypt 1.17","Libgcrypt 1.6.0 & 1.6.5 & 1.7.6","Libgcrypt 1.6.0 FIPS & 1.6.5 FIPS","Nettle 3.2 & 3.3","Oberthur Cosmo 64","OpenSSL FIPS 2.0.12 & 2.0.14","PGPSDK 4","WolfSSL 2.0rc1 & 3.9.0 & 3.10.2","cryptlib 3.4.3 & 3.4.3.1"],"Group 12":["Bouncy Castle 1.53 (Java)","Cryptix JCE 20050328","FlexiProvider 1.7p7","HSM Utimaco Security Server Se50","Nettle 2.0","PolarSSL 0.10.0","PuTTY 0.67","SunRsaSign OpenJDK 1.8.0","mbedTLS 1.3.19 & 2.2.1 & 2.4.2"],"Group 11":["Bouncy Castle 1.54 (Java)","Crypto++ 5.6.0 & 5.6.3 & 5.6.5","Libgcrypt 1.7.6 FIPS","Microsoft CryptoAPI & CNG & .NET"],"Group 10":["NXP J2D081 & J2E145G","YubiKey NEO"],"Group  6":["Oberthur Cosmo Dual 72K"],"Group  5":["NXP J2A080 & J2A081 & J3A081 & JCOP 41 V2.2.1"],"Group  4":["Gemalto GXP E64"],"Group  3":["GNU Crypto 2.0.1"],"Group  2":["G&D SmartCafe 4.x & 6.0"],"Group  1":["G&D SmartCafe 3.2"],"Group  9":["Infineon JTOP 80K","YubiKey 4 & 4 Nano"],"Group  8":["PGPSDK 4 FIPS"],"Group  7":["OpenSSL 0.9.7 & 1.0.2g & 1.0.2k & 1.1.0e"]},"frequencies":{"1|1|000110":16997,"2|1|100011":14308,"2|1|101101":8418,"1|1|000111":16491,"2|1|101100":8947,"2|1|100010":15312,"2|0|000000":18266,"2|0|000001":17837,"1|0|111010":18585,"1|0|111011":15295,"1|1|011010":102468,"1|1|011011":106499,"2|0|110100":5042,"2|0|110101":4602,"1|0|100001":117330,"1|0|100000":121691,"2|1|100000":16614,"1|1|000100":17303,"2|1|100001":15724,"2|0|000011":17417,"2|0|001101":17172,"2|0|001100":17333,"2|0|000010":17910,"1|1|000101":17235,"2|1|010101":17826,"2|0|011010":17355,"2|1|010100":17590,"2|0|011011":17389,"1|0|100010":111976,"1|0|101100":70642,"1|0|101101":66455,"1|0|100011":107949,"2|1|100110":12442,"1|1|110101":36231,"2|1|100111":12041,"2|0|000101":17201,"2|0|000100":17121,"1|0|111110":4916,"1|1|110100":39908,"1|0|111111":1609,"1|0|100101":99308,"2|0|110001":6428,"2|0|110000":6957,"1|0|010101":82085,"1|0|010100":77650,"2|0|011001":17461,"2|0|011000":17462,"1|0|100100":103483,"2|1|100100":13529,"2|1|100101":13009,"2|0|000110":16899,"2|0|000111":16660,"1|0|111000":25546,"1|0|111001":22353,"2|0|110111":3616,"2|0|110110":4069,"2|0|011111":16789,"2|0|011110":16863,"1|0|100111":90934,"1|0|100110":95384,"1|1|001001":24505,"1|0|001001":24499,"1|0|001000":19226,"1|1|001000":19057,"1|1|110001":51498,"1|1|110000":55399,"1|1|010000":58905,"2|0|011101":17160,"2|1|111111":207,"2|1|111110":609,"2|0|010010":17700,"2|0|011100":17271,"2|0|010011":17785,"1|1|010001":63819,"1|0|101010":78749,"1|0|101011":74400,"1|0|001010":29744,"1|1|001111":54436,"1|0|001011":34928,"1|1|001110":49844,"2|1|101011":9639,"2|1|101010":10192,"1|1|110111":28986,"1|1|110110":32609,"1|1|010010":68069,"1|1|010011":73172,"1|1|011100":110358,"2|0|010001":17588,"2|1|111001":2843,"2|1|111000":3128,"2|0|010000":17666,"1|1|011101":113862,"1|1|000011":17552,"1|1|001100":39448,"1|1|001101":44524,"2|1|101001":10545,"1|1|000010":17874,"2|1|101000":11316,"1|1|111110":4992,"1|1|111111":1608,"2|1|111010":2299,"1|1|011110":117761,"1|1|011111":121885,"2|0|010111":17679,"2|1|001000":16468,"2|1|001001":16821,"2|1|111011":1864,"2|0|010110":17828,"1|0|101111":59079,"1|1|100101":100052,"1|1|100100":104196,"1|0|101110":63074,"1|1|000000":18337,"1|1|000001":18224,"2|1|101111":7520,"2|1|101110":7786,"1|1|110010":47262,"1|1|111101":8462,"1|1|110011":43389,"1|1|111100":11627,"1|1|011000":94680,"1|1|011001":98476,"2|1|001010":17137,"2|0|010100":17866,"2|1|001011":17000,"2|0|010101":17799,"1|0|101001":82702,"1|0|101000":87022,"1|0|000110":16891,"2|0|101101":8684,"2|0|100011":14521,"2|0|101100":9265,"2|0|100010":14944,"2|1|000001":17858,"2|1|000000":18487,"1|1|111011":15392,"1|0|000111":16629,"1|1|111010":18627,"1|0|011011":106820,"2|1|110100":5011,"1|0|011010":102207,"2|1|001100":17066,"2|1|110101":4497,"2|1|001101":17272,"1|1|100001":117203,"1|1|100000":122070,"1|0|000000":18137,"2|0|101111":7569,"2|0|101110":7731,"2|1|000111":16264,"2|1|000110":16888,"1|1|111000":25535,"1|0|000001":18055,"1|1|111001":22064,"1|0|011000":94338,"2|1|001110":17545,"2|1|110111":3569,"2|1|001111":17675,"2|1|110110":4036,"1|0|011001":98049,"1|1|100111":90713,"1|1|100110":95434,"1|0|000011":17619,"1|0|001100":39821,"1|0|000010":17609,"2|0|101001":10620,"2|0|101000":11369,"1|0|001101":44674,"2|1|110001":6411,"2|1|110000":7015,"2|1|011001":17394,"2|1|011000":17668,"1|1|010100":77168,"1|1|010101":81297,"1|1|101111":59266,"1|1|101110":62231,"2|0|101010":10071,"1|0|001111":54330,"1|1|001010":29553,"1|0|001110":49227,"1|1|001011":34314,"2|0|101011":9597,"2|1|000011":17679,"2|1|000010":17871,"1|1|010110":86003,"2|1|111101":1044,"2|1|110010":5801,"2|1|111100":1456,"2|1|110011":5528,"2|1|011010":17227,"2|1|011011":17156,"1|1|010111":90078,"1|1|101101":66733,"1|1|100011":108325,"1|1|101100":70958,"1|1|100010":112849,"1|0|110001":51259,"2|0|001011":16901,"2|0|001010":16976,"1|0|110000":54710,"2|0|111110":621,"2|0|111111":203,"1|1|101010":78276,"2|1|010010":17691,"2|1|011100":17335,"2|1|011101":16853,"1|0|010001":63686,"1|0|010000":59212,"2|1|010011":17642,"1|1|101011":74687,"1|0|111101":8195,"2|0|100101":13231,"2|0|100100":13731,"1|0|110010":47475,"1|0|110011":43762,"1|0|111100":11661,"2|0|110010":5881,"2|0|111101":1042,"2|0|110011":5396,"2|0|111100":1449,"2|1|011111":16929,"1|0|010111":90125,"1|0|010110":85329,"2|1|011110":17066,"1|1|101001":83071,"1|1|101000":86999,"1|0|110100":40068,"1|0|110101":36058,"2|0|100111":11756,"2|0|100110":12347,"2|1|000101":17139,"2|0|001111":17424,"2|1|000100":17348,"2|0|001110":17355,"1|0|011110":118842,"2|0|111011":1964,"2|0|111010":2282,"2|1|010111":17641,"1|0|011111":121873,"2|1|010110":17538,"1|0|110111":28794,"2|0|100001":15814,"2|0|100000":16483,"2|0|001001":16735,"2|0|001000":16516,"1|0|000101":17098,"1|0|000100":17469,"1|0|110110":32793,"1|0|010010":68810,"2|0|111000":3144,"2|0|111001":2697,"1|0|011101":114472,"2|1|010001":17556,"1|0|010011":72607,"1|0|011100":110440,"2|1|010000":17534}}
