{"probability":{"Group 13":"0.03653208222504283","Group 12":"0.033694894286963824","Group 11":"0.22345358789396286","Group 10":"0.00008586243398867354","Group  6":"0.0","Group  5":"0.00020407857715475805","Group  4":"0.002048504153073489","Group  3":"0.00007668794498108675","Group  2":"0.0","Group  1":"0.0","Group  9":"0.00010391993698303396","Group  8":"0.007356609870351547","Group  7":"0.696443772677498"},"groups":{"Group 13":["Botan 1.5.6 & 1.11.29 & 2.1.0","Feitian JavaCOS A22 & A40","Gemalto GCX4 72K","HSM SafeNet Luna SA-1700","LibTomCrypt 1.17","Libgcrypt 1.6.0 & 1.6.5 & 1.7.6","Libgcrypt 1.6.0 FIPS & 1.6.5 FIPS","Nettle 3.2 & 3.3","Oberthur Cosmo 64","OpenSSL FIPS 2.0.12 & 2.0.14","PGPSDK 4","WolfSSL 2.0rc1 & 3.9.0 & 3.10.2","cryptlib 3.4.3 & 3.4.3.1"],"Group 12":["Bouncy Castle 1.53 (Java)","Cryptix JCE 20050328","FlexiProvider 1.7p7","HSM Utimaco Security Server Se50","Nettle 2.0","PolarSSL 0.10.0","PuTTY 0.67","SunRsaSign OpenJDK 1.8.0","mbedTLS 1.3.19 & 2.2.1 & 2.4.2"],"Group 11":["Bouncy Castle 1.54 (Java)","Crypto++ 5.6.0 & 5.6.3 & 5.6.5","Libgcrypt 1.7.6 FIPS","Microsoft CryptoAPI & CNG & .NET"],"Group 10":["NXP J2D081 & J2E145G","YubiKey NEO"],"Group  6":["Oberthur Cosmo Dual 72K"],"Group  5":["NXP J2A080 & J2A081 & J3A081 & JCOP 41 V2.2.1"],"Group  4":["Gemalto GXP E64"],"Group  3":["GNU Crypto 2.0.1"],"Group  2":["G&D SmartCafe 4.x & 6.0"],"Group  1":["G&D SmartCafe 3.2"],"Group  9":["Infineon JTOP 80K","YubiKey 4 & 4 Nano"],"Group  8":["PGPSDK 4 FIPS"],"Group  7":["OpenSSL 0.9.7 & 1.0.2g & 1.0.2k & 1.1.0e"]},"frequencies":{"1|1|000110":8076,"2|1|100011":18314,"2|1|101101":11557,"1|1|000111":8864,"2|1|101100":12270,"2|1|100010":19455,"2|0|000000":4030,"2|0|000001":4433,"1|0|111010":23596,"1|0|111011":19232,"1|1|011010":130193,"1|1|011011":135172,"0|1|100111":1,"2|0|110100":6866,"2|0|110101":6288,"1|0|100001":147131,"1|0|100000":152123,"2|1|100000":21101,"1|1|000100":6529,"2|1|100001":20083,"2|0|000011":5853,"2|0|001101":13951,"2|0|001100":13405,"2|0|000010":5270,"1|1|000101":7251,"2|1|010101":20316,"2|0|011010":23914,"2|1|010100":19639,"2|0|011011":23656,"1|0|100010":140570,"1|0|101100":88955,"1|0|101101":84249,"1|0|100011":135918,"2|1|100110":16312,"1|1|110101":46375,"2|1|100111":15688,"2|0|000101":7385,"2|0|000100":6742,"1|0|111110":6545,"1|1|110100":50746,"1|0|111111":2414,"1|0|100101":124218,"2|0|110001":8856,"2|0|110000":9475,"1|0|010101":100247,"1|0|010100":94236,"2|0|011001":23072,"2|0|011000":22420,"1|0|100100":130478,"2|1|100100":17746,"2|1|100101":16931,"2|0|000110":8109,"2|0|000111":8883,"1|0|111000":32515,"1|0|111001":28221,"2|0|110111":5191,"2|0|110110":5722,"2|0|011111":21486,"2|0|011110":22016,"1|0|100111":114140,"1|0|100110":119702,"1|1|001001":20260,"1|0|001001":20162,"1|0|001000":12621,"1|1|001000":13014,"1|1|110001":64421,"1|1|110000":69845,"1|1|010000":68204,"2|0|011101":22212,"2|1|111111":712,"2|1|111110":1012,"2|0|010010":17863,"2|0|011100":22832,"2|0|010011":18971,"1|1|010001":75184,"1|0|101010":98558,"1|0|101011":94068,"1|0|001010":27238,"1|1|001111":61569,"1|0|001011":34685,"1|1|001110":55036,"2|1|101011":12812,"2|1|101010":13484,"1|1|110111":36921,"1|1|110110":41566,"1|1|010010":81541,"1|1|010011":87964,"1|1|011100":138663,"2|0|010001":17247,"2|1|111001":3782,"2|1|111000":4518,"2|0|010000":16481,"1|1|011101":143955,"1|1|000011":5842,"1|1|001100":41092,"1|1|001101":48179,"2|1|101001":14092,"0|0|011011":1,"1|1|000010":5201,"2|1|101000":15146,"1|1|111110":6458,"1|1|111111":2570,"2|1|111010":3260,"1|1|011110":148305,"1|1|011111":152667,"2|0|010111":21699,"2|1|001000":9452,"2|1|001001":10660,"2|1|111011":2817,"2|0|010110":21236,"1|0|101111":74372,"1|1|100101":125101,"1|1|100100":130713,"1|0|101110":79206,"1|1|000000":4057,"1|1|000001":4652,"2|1|101111":10125,"2|1|101110":11009,"1|1|110010":60122,"1|1|111101":10807,"1|1|110011":55391,"1|1|111100":15045,"1|1|011000":118743,"1|1|011001":124488,"2|1|001010":11442,"2|0|010100":19332,"2|1|001011":12358,"2|0|010101":20243,"1|0|101001":103858,"1|0|101000":109522,"1|0|000110":8017,"0|1|011111":1,"2|0|101101":11554,"2|0|100011":18416,"2|0|101100":12019,"2|0|100010":19254,"2|1|000001":4489,"2|1|000000":4084,"1|1|111011":19277,"1|0|000111":8784,"1|1|111010":23790,"1|0|011011":134631,"2|1|110100":6754,"1|0|011010":130036,"2|1|001100":13165,"2|1|110101":6386,"2|1|001101":13986,"1|1|100001":146340,"1|1|100000":152565,"1|0|000000":3956,"0|1|011100":3,"2|0|101111":10308,"2|0|101110":10681,"2|1|000111":8779,"2|1|000110":8208,"1|1|111000":32504,"1|0|000001":4430,"1|1|111001":28019,"1|0|011000":118599,"2|1|001110":14676,"2|1|110111":5116,"2|1|001111":15746,"2|1|110110":5744,"1|0|011001":124607,"1|1|100111":113671,"1|1|100110":119569,"1|0|000011":6034,"1|0|001100":41454,"1|0|000010":5104,"2|0|101001":14079,"2|0|101000":14891,"1|0|001101":47862,"2|1|110001":8745,"2|1|110000":9586,"2|1|011001":23160,"2|1|011000":22403,"1|1|010100":94169,"1|1|010101":99878,"1|1|101111":74255,"1|1|101110":78717,"2|0|101010":13675,"1|0|001111":61982,"1|1|001010":27344,"1|0|001110":55310,"1|1|001011":34467,"2|0|101011":13025,"2|1|000011":5902,"2|1|000010":5257,"1|1|010110":106495,"2|1|111101":1540,"0|1|101010":1,"2|1|110010":8350,"2|1|111100":2061,"2|1|110011":7510,"2|1|011010":23764,"2|1|011011":23406,"1|1|010111":112616,"1|1|101101":83624,"1|1|100011":136525,"1|1|101100":89390,"1|1|100010":140785,"1|0|110001":64648,"2|0|001011":12367,"2|0|001010":11482,"1|0|110000":69744,"2|0|111110":1046,"2|0|111111":740,"1|1|101010":99059,"2|1|010010":17953,"2|1|011100":22907,"2|1|011101":22511,"1|0|010001":74780,"1|0|010000":68425,"2|1|010011":18688,"1|1|101011":93751,"1|0|111101":10690,"2|0|100101":16841,"2|0|100100":17783,"1|0|110010":59887,"1|0|110011":55358,"1|0|111100":15048,"2|0|110010":8222,"2|0|111101":1574,"2|0|110011":7579,"2|0|111100":2164,"2|1|011111":21152,"1|0|010111":112454,"1|0|010110":106391,"2|1|011110":21727,"1|1|101001":105371,"1|1|101000":109158,"1|0|110100":50688,"1|0|110101":46208,"2|0|100111":15541,"2|0|100110":16520,"2|1|000101":7347,"2|0|001111":15561,"2|1|000100":6763,"2|0|001110":14857,"1|0|011110":148634,"2|0|111011":2682,"2|0|111010":3175,"2|1|010111":21708,"1|0|011111":153357,"2|1|010110":21113,"1|0|110111":36770,"2|0|100001":19976,"2|0|100000":21275,"2|0|001001":10729,"2|0|001000":9774,"1|0|000101":7419,"1|0|000100":6718,"1|0|110110":41215,"1|0|010010":81626,"2|0|111000":4522,"2|0|111001":3834,"1|0|011101":144033,"2|1|010001":17297,"1|0|010011":88244,"1|0|011100":138517,"2|1|010000":16475}}
