{"probability":{"Group 13":"0.07206232418766675","Group 12":"0.48398332811216876","Group 11":"0.07738370050821351","Group 10":"0.0","Group  6":"0.0","Group  5":"0.0","Group  4":"0.018310274737306263","Group  3":"0.0","Group  2":"0.00009908496154736989","Group  1":"0.0","Group  9":"0.0021479825753070872","Group  8":"0.0","Group  7":"0.34601330491779025"},"groups":{"Group 13":["Botan 1.5.6 & 1.11.29 & 2.1.0","Feitian JavaCOS A22 & A40","Gemalto GCX4 72K","HSM SafeNet Luna SA-1700","LibTomCrypt 1.17","Libgcrypt 1.6.0 & 1.6.5 & 1.7.6","Libgcrypt 1.6.0 FIPS & 1.6.5 FIPS","Nettle 3.2 & 3.3","Oberthur Cosmo 64","OpenSSL FIPS 2.0.12 & 2.0.14","PGPSDK 4","WolfSSL 2.0rc1 & 3.9.0 & 3.10.2","cryptlib 3.4.3 & 3.4.3.1"],"Group 12":["Bouncy Castle 1.53 (Java)","Cryptix JCE 20050328","FlexiProvider 1.7p7","HSM Utimaco Security Server Se50","Nettle 2.0","PolarSSL 0.10.0","PuTTY 0.67","SunRsaSign OpenJDK 1.8.0","mbedTLS 1.3.19 & 2.2.1 & 2.4.2"],"Group 11":["Bouncy Castle 1.54 (Java)","Crypto++ 5.6.0 & 5.6.3 & 5.6.5","Libgcrypt 1.7.6 FIPS","Microsoft CryptoAPI & CNG & .NET"],"Group 10":["NXP J2D081 & J2E145G","YubiKey NEO"],"Group  6":["Oberthur Cosmo Dual 72K"],"Group  5":["NXP J2A080 & J2A081 & J3A081 & JCOP 41 V2.2.1"],"Group  4":["Gemalto GXP E64"],"Group  3":["GNU Crypto 2.0.1"],"Group  2":["G&D SmartCafe 4.x & 6.0"],"Group  1":["G&D SmartCafe 3.2"],"Group  9":["Infineon JTOP 80K","YubiKey 4 & 4 Nano"],"Group  8":["PGPSDK 4 FIPS"],"Group  7":["OpenSSL 0.9.7 & 1.0.2g & 1.0.2k & 1.1.0e"]},"frequencies":{"1|1|000110":9461,"2|1|100011":6690,"2|1|101101":3971,"1|1|000111":9250,"2|1|101100":4132,"2|1|100010":7082,"2|0|000000":10183,"2|0|000001":10124,"1|0|111010":3351,"1|0|111011":2740,"1|1|011010":20638,"1|1|011011":21024,"2|0|110100":2293,"2|0|110101":2047,"1|0|100001":21717,"1|0|100000":22915,"2|1|100000":7652,"1|1|000100":9790,"2|1|100001":7350,"2|0|000011":9874,"2|0|001101":9204,"2|0|001100":9418,"2|0|000010":10171,"1|1|000101":9647,"2|1|010101":9081,"2|0|011010":8397,"2|1|010100":9116,"2|0|011011":8233,"1|0|100010":20954,"1|0|101100":13027,"1|0|101101":12004,"1|0|100011":19968,"2|1|100110":5859,"1|1|110101":6684,"2|1|100111":5540,"2|0|000101":9684,"2|0|000100":9557,"1|0|111110":908,"1|1|110100":7177,"1|0|111111":291,"1|0|100101":18235,"2|0|110001":2935,"2|0|110000":3134,"1|0|010101":17965,"1|0|010100":17584,"2|0|011001":8451,"2|0|011000":8500,"1|0|100100":19306,"2|1|100100":6309,"2|1|100101":5895,"2|0|000110":9550,"2|0|000111":9398,"1|0|111000":4658,"1|0|111001":4001,"2|0|110111":1646,"2|0|110110":1798,"2|0|011111":7870,"2|0|011110":7903,"1|0|100111":16788,"1|0|100110":17661,"1|1|001001":10329,"1|0|001001":10627,"1|0|001000":9693,"1|1|001000":9458,"1|1|110001":9314,"1|1|110000":10053,"1|1|010000":15208,"2|0|011101":8165,"2|1|111111":91,"2|1|111110":284,"2|0|010010":9211,"2|0|011100":8202,"2|0|010011":8970,"1|1|010001":15838,"1|0|101010":14315,"1|0|101011":13487,"1|0|001010":11313,"1|1|001111":14471,"1|0|001011":11795,"1|1|001110":13941,"2|1|101011":4249,"2|1|101010":4593,"1|1|110111":5330,"1|1|110110":5981,"1|1|010010":16613,"1|1|010011":17002,"1|1|011100":21577,"2|0|010001":9212,"2|1|111001":1208,"2|1|111000":1428,"2|0|010000":9097,"1|1|011101":21964,"1|1|000011":9945,"1|1|001100":12479,"1|1|001101":13328,"2|1|101001":4837,"1|1|000010":10100,"2|1|101000":5042,"1|1|111110":889,"1|1|111111":289,"2|1|111010":1053,"1|1|011110":22537,"1|1|011111":22995,"2|0|010111":8733,"2|1|001000":9268,"2|1|001001":9275,"2|1|111011":857,"2|0|010110":8849,"1|0|101111":10661,"1|1|100101":18509,"1|1|100100":19325,"1|0|101110":11346,"1|1|000000":10448,"1|1|000001":10224,"2|1|101111":3346,"2|1|101110":3571,"1|1|110010":8644,"1|1|111101":1502,"1|1|110011":7793,"1|1|111100":2063,"1|1|011000":19703,"1|1|011001":20105,"2|1|001010":9379,"2|0|010100":9093,"2|1|001011":9294,"2|0|010101":8963,"1|0|101001":15241,"1|0|101000":15849,"1|0|000110":9430,"2|0|101101":3936,"2|0|100011":6771,"2|0|101100":4039,"2|0|100010":6924,"2|1|000001":10012,"2|1|000000":10427,"1|1|111011":2709,"1|0|000111":9269,"1|1|111010":3262,"1|0|011011":20760,"2|1|110100":2231,"1|0|011010":20536,"2|1|001100":9282,"2|1|110101":2024,"2|1|001101":9342,"1|1|100001":21896,"1|1|100000":22656,"1|0|000000":10353,"2|0|101111":3390,"2|0|101110":3562,"2|1|000111":9099,"2|1|000110":9450,"1|1|111000":4700,"1|0|000001":10173,"1|1|111001":4032,"1|0|011000":19602,"2|1|001110":9267,"2|1|110111":1663,"2|1|001111":9357,"2|1|110110":1860,"1|0|011001":20006,"1|1|100111":16933,"1|1|100110":17625,"1|0|000011":9917,"1|0|001100":12591,"1|0|000010":9898,"2|0|101001":4891,"2|0|101000":5192,"1|0|001101":13289,"2|1|110001":2919,"2|1|110000":3167,"2|1|011001":8344,"2|1|011000":8728,"1|1|010100":17641,"1|1|010101":17813,"1|1|101111":10926,"1|1|101110":11567,"2|0|101010":4594,"1|0|001111":14464,"1|1|001010":11070,"1|0|001110":13742,"1|1|001011":11824,"2|0|101011":4370,"2|1|000011":9949,"2|1|000010":10083,"1|1|010110":18888,"2|1|111101":517,"2|1|110010":2673,"2|1|111100":661,"2|1|110011":2418,"2|1|011010":8443,"2|1|011011":8404,"1|1|010111":19291,"1|1|101101":12232,"1|1|100011":19823,"1|1|101100":13120,"1|1|100010":20736,"1|0|110001":9259,"2|0|001011":9168,"2|0|001010":9400,"1|0|110000":9910,"2|0|111110":265,"2|0|111111":81,"1|1|101010":14578,"2|1|010010":9139,"2|1|011100":8229,"2|1|011101":8212,"1|0|010001":15693,"1|0|010000":15176,"2|1|010011":9125,"1|1|101011":13492,"1|0|111101":1510,"2|0|100101":6041,"2|0|100100":6473,"1|0|110010":8711,"1|0|110011":7960,"1|0|111100":2167,"2|0|110010":2674,"2|0|111101":440,"2|0|110011":2444,"2|0|111100":643,"2|1|011111":7780,"1|0|010111":19058,"1|0|010110":18760,"2|1|011110":8023,"1|1|101001":15128,"1|1|101000":16054,"1|0|110100":7192,"1|0|110101":6630,"2|0|100111":5248,"2|0|100110":5586,"2|1|000101":9683,"2|0|001111":9206,"2|1|000100":9764,"2|0|001110":9145,"1|0|011110":22464,"2|0|111011":862,"2|0|111010":1008,"2|1|010111":8891,"1|0|011111":22933,"2|1|010110":8854,"1|0|110111":5272,"2|0|100001":7318,"2|0|100000":7594,"2|0|001001":9508,"2|0|001000":9213,"1|0|000101":9642,"1|0|000100":9854,"1|0|110110":6044,"1|0|010010":16681,"2|0|111000":1400,"2|0|111001":1210,"1|0|011101":21882,"2|1|010001":9098,"1|0|010011":16932,"1|0|011100":21536,"2|1|010000":9146}}
