{"probability":{"Group 13":"0.18976199094542107","Group 12":"0.1704912168715481","Group 11":"0.026699284279189304","Group 10":"0.0","Group  6":"0.0001574258179297953","Group  5":"0.0004114099847926938","Group  4":"0.003366800562433158","Group  3":"0.0","Group  2":"0.00011590452291588657","Group  1":"0.0","Group  9":"0.00024491928490125696","Group  8":"0.0","Group  7":"0.6087510477308686"},"groups":{"Group 13":["Botan 1.5.6 & 1.11.29 & 2.1.0","Feitian JavaCOS A22 & A40","Gemalto GCX4 72K","HSM SafeNet Luna SA-1700","LibTomCrypt 1.17","Libgcrypt 1.6.0 & 1.6.5 & 1.7.6","Libgcrypt 1.6.0 FIPS & 1.6.5 FIPS","Nettle 3.2 & 3.3","Oberthur Cosmo 64","OpenSSL FIPS 2.0.12 & 2.0.14","PGPSDK 4","WolfSSL 2.0rc1 & 3.9.0 & 3.10.2","cryptlib 3.4.3 & 3.4.3.1"],"Group 12":["Bouncy Castle 1.53 (Java)","Cryptix JCE 20050328","FlexiProvider 1.7p7","HSM Utimaco Security Server Se50","Nettle 2.0","PolarSSL 0.10.0","PuTTY 0.67","SunRsaSign OpenJDK 1.8.0","mbedTLS 1.3.19 & 2.2.1 & 2.4.2"],"Group 11":["Bouncy Castle 1.54 (Java)","Crypto++ 5.6.0 & 5.6.3 & 5.6.5","Libgcrypt 1.7.6 FIPS","Microsoft CryptoAPI & CNG & .NET"],"Group 10":["NXP J2D081 & J2E145G","YubiKey NEO"],"Group  6":["Oberthur Cosmo Dual 72K"],"Group  5":["NXP J2A080 & J2A081 & J3A081 & JCOP 41 V2.2.1"],"Group  4":["Gemalto GXP E64"],"Group  3":["GNU Crypto 2.0.1"],"Group  2":["G&D SmartCafe 4.x & 6.0"],"Group  1":["G&D SmartCafe 3.2"],"Group  9":["Infineon JTOP 80K","YubiKey 4 & 4 Nano"],"Group  8":["PGPSDK 4 FIPS"],"Group  7":["OpenSSL 0.9.7 & 1.0.2g & 1.0.2k & 1.1.0e"]},"frequencies":{"1|1|000110":1465,"2|1|100011":2325,"2|1|101101":1462,"1|1|000111":1381,"2|1|101100":1513,"2|1|100010":2490,"2|0|000000":1524,"2|0|000001":1640,"1|0|111010":2193,"1|0|111011":1793,"1|1|011010":11813,"1|1|011011":12376,"2|0|110100":921,"2|0|110101":838,"1|0|100001":13823,"1|0|100000":14050,"2|1|100000":2765,"1|1|000100":1611,"2|1|100001":2636,"2|0|000011":1486,"2|0|001101":1806,"2|0|001100":1759,"2|0|000010":1601,"1|1|000101":1514,"2|1|010101":2258,"2|0|011010":2547,"2|1|010100":2251,"2|0|011011":2447,"1|0|100010":13180,"1|0|101100":8403,"1|0|101101":7745,"1|0|100011":12818,"2|1|100110":2044,"1|1|110101":4202,"2|1|100111":2013,"2|0|000101":1456,"2|0|000100":1413,"1|0|111110":560,"1|1|110100":4711,"1|0|111111":171,"1|0|100101":11605,"2|0|110001":1089,"2|0|110000":1180,"1|0|010101":9267,"1|0|010100":8715,"2|0|011001":2497,"2|0|011000":2439,"1|0|100100":12173,"2|1|100100":2263,"2|1|100101":2111,"2|0|000110":1448,"2|0|000111":1439,"1|0|111000":3012,"1|0|111001":2549,"2|0|110111":585,"2|0|110110":702,"2|0|011111":2769,"2|0|011110":2683,"1|0|100111":10662,"1|0|100110":11336,"1|1|001001":2470,"1|0|001001":2410,"1|0|001000":1804,"1|1|001000":1780,"1|1|110001":6016,"1|1|110000":6474,"1|1|010000":6604,"2|0|011101":2647,"2|1|111111":37,"2|1|111110":97,"2|0|010010":2136,"2|0|011100":2604,"2|0|010011":2137,"1|1|010001":7296,"1|0|101010":9455,"1|0|101011":8716,"1|0|001010":3018,"1|1|001111":6054,"1|0|001011":3612,"1|1|001110":5357,"2|1|101011":1684,"2|1|101010":1662,"1|1|110111":3363,"1|1|110110":3886,"1|1|010010":7704,"1|1|010011":8123,"1|1|011100":12732,"2|0|010001":2078,"2|1|111001":498,"2|1|111000":542,"2|0|010000":2012,"1|1|011101":13285,"1|1|000011":1477,"1|1|001100":4227,"1|1|001101":4772,"2|1|101001":1789,"1|1|000010":1618,"2|1|101000":1890,"1|1|111110":583,"1|1|111111":202,"2|1|111010":391,"1|1|011110":13946,"1|1|011111":14209,"2|0|010111":2433,"2|1|001000":1452,"2|1|001001":1513,"2|1|111011":340,"2|0|010110":2386,"1|0|101111":6897,"1|1|100101":11670,"1|1|100100":12295,"1|0|101110":7477,"1|1|000000":1563,"1|1|000001":1556,"2|1|101111":1318,"2|1|101110":1344,"1|1|110010":5432,"1|1|111101":1001,"1|1|110011":5057,"1|1|111100":1381,"1|1|011000":10724,"1|1|011001":11263,"2|1|001010":1590,"2|0|010100":2228,"2|1|001011":1677,"2|0|010101":2388,"1|0|101001":9700,"1|0|101000":10270,"1|0|000110":1415,"2|0|101101":1424,"2|0|100011":2345,"2|0|101100":1529,"2|0|100010":2455,"2|1|000001":1572,"2|1|000000":1549,"1|1|111011":1771,"1|0|000111":1390,"1|1|111010":2173,"1|0|011011":12283,"2|1|110100":817,"1|0|011010":11850,"2|1|001100":1773,"2|1|110101":811,"2|1|001101":1811,"1|1|100001":13808,"1|1|100000":14217,"1|0|000000":1574,"2|0|101111":1296,"2|0|101110":1369,"2|1|000111":1434,"2|1|000110":1424,"1|1|111000":3043,"1|0|000001":1480,"1|1|111001":2547,"1|0|011000":11006,"2|1|001110":1798,"2|1|110111":620,"2|1|001111":1995,"2|1|110110":711,"1|0|011001":11362,"1|1|100111":10688,"1|1|100110":11162,"1|0|000011":1520,"1|0|001100":4173,"1|0|000010":1502,"2|0|101001":1771,"2|0|101000":1879,"1|0|001101":4855,"2|1|110001":1131,"2|1|110000":1240,"2|1|011001":2452,"2|1|011000":2418,"1|1|010100":8878,"1|1|010101":9194,"1|1|101111":6839,"1|1|101110":7175,"2|0|101010":1644,"1|0|001111":6018,"1|1|001010":2956,"1|0|001110":5403,"1|1|001011":3458,"2|0|101011":1732,"2|1|000011":1465,"2|1|000010":1590,"1|1|010110":9914,"2|1|111101":177,"2|1|110010":977,"2|1|111100":254,"2|1|110011":901,"2|1|011010":2495,"2|1|011011":2557,"1|1|010111":10473,"1|1|101101":7856,"1|1|100011":12655,"1|1|101100":8413,"1|1|100010":13121,"1|0|110001":6080,"2|0|001011":1664,"2|0|001010":1587,"1|0|110000":6451,"2|0|111110":117,"2|0|111111":40,"1|1|101010":9338,"2|1|010010":2153,"2|1|011100":2668,"2|1|011101":2586,"1|0|010001":7092,"1|0|010000":6571,"2|1|010011":2260,"1|1|101011":8678,"1|0|111101":985,"2|0|100101":2194,"2|0|100100":2261,"1|0|110010":5562,"1|0|110011":5166,"1|0|111100":1322,"2|0|110010":994,"2|0|111101":198,"2|0|110011":885,"2|0|111100":249,"2|1|011111":2749,"1|0|010111":10180,"1|0|010110":9752,"2|1|011110":2719,"1|1|101001":9705,"1|1|101000":10146,"1|0|110100":4707,"1|0|110101":4231,"2|0|100111":1996,"2|0|100110":2037,"2|1|000101":1513,"2|0|001111":1882,"2|1|000100":1448,"2|0|001110":1827,"1|0|011110":13724,"2|0|111011":344,"2|0|111010":386,"2|1|010111":2403,"1|0|011111":14470,"2|1|010110":2325,"1|0|110111":3393,"2|0|100001":2631,"2|0|100000":2768,"2|0|001001":1558,"2|0|001000":1464,"1|0|000101":1547,"1|0|000100":1535,"1|0|110110":3756,"1|0|010010":7591,"2|0|111000":545,"2|0|111001":456,"1|0|011101":13311,"2|1|010001":2050,"1|0|010011":8219,"1|0|011100":12712,"2|1|010000":2098}}
