{"probability":{"Group 13":"0.139980482492254","Group 12":"0.011848275212425407","Group 11":"0.1405909315913933","Group 10":"0.0","Group  6":"0.0","Group  5":"0.0","Group  4":"0.003934308469706368","Group  3":"0.0007864442867537656","Group  2":"0.0","Group  1":"0.0","Group  9":"0.00043394194704795045","Group  8":"0.016570204095951273","Group  7":"0.6858554119044679"},"groups":{"Group 13":["Botan 1.5.6 & 1.11.29 & 2.1.0","Feitian JavaCOS A22 & A40","Gemalto GCX4 72K","HSM SafeNet Luna SA-1700","LibTomCrypt 1.17","Libgcrypt 1.6.0 & 1.6.5 & 1.7.6","Libgcrypt 1.6.0 FIPS & 1.6.5 FIPS","Nettle 3.2 & 3.3","Oberthur Cosmo 64","OpenSSL FIPS 2.0.12 & 2.0.14","PGPSDK 4","WolfSSL 2.0rc1 & 3.9.0 & 3.10.2","cryptlib 3.4.3 & 3.4.3.1"],"Group 12":["Bouncy Castle 1.53 (Java)","Cryptix JCE 20050328","FlexiProvider 1.7p7","HSM Utimaco Security Server Se50","Nettle 2.0","PolarSSL 0.10.0","PuTTY 0.67","SunRsaSign OpenJDK 1.8.0","mbedTLS 1.3.19 & 2.2.1 & 2.4.2"],"Group 11":["Bouncy Castle 1.54 (Java)","Crypto++ 5.6.0 & 5.6.3 & 5.6.5","Libgcrypt 1.7.6 FIPS","Microsoft CryptoAPI & CNG & .NET"],"Group 10":["NXP J2D081 & J2E145G","YubiKey NEO"],"Group  6":["Oberthur Cosmo Dual 72K"],"Group  5":["NXP J2A080 & J2A081 & J3A081 & JCOP 41 V2.2.1"],"Group  4":["Gemalto GXP E64"],"Group  3":["GNU Crypto 2.0.1"],"Group  2":["G&D SmartCafe 4.x & 6.0"],"Group  1":["G&D SmartCafe 3.2"],"Group  9":["Infineon JTOP 80K","YubiKey 4 & 4 Nano"],"Group  8":["PGPSDK 4 FIPS"],"Group  7":["OpenSSL 0.9.7 & 1.0.2g & 1.0.2k & 1.1.0e"]},"frequencies":{"1|1|000110":1528,"2|1|100011":6923,"2|1|101101":4090,"1|1|000111":1659,"2|1|101100":4569,"2|1|100010":7085,"2|0|000000":1363,"2|0|000001":649,"1|0|111010":7373,"1|0|111011":6001,"1|1|011010":40589,"1|1|011011":42010,"2|0|110100":2620,"2|0|110101":2383,"1|0|100001":46639,"1|0|100000":47981,"2|1|100000":7839,"1|1|000100":1204,"2|1|100001":7404,"2|0|000011":998,"2|0|001101":3711,"2|0|001100":3450,"2|0|000010":855,"1|1|000101":1268,"2|1|010101":6266,"2|0|011010":7656,"2|1|010100":5887,"2|0|011011":7751,"1|0|100010":44449,"1|0|101100":28120,"1|0|101101":26160,"1|0|100011":42935,"2|1|100110":6154,"1|1|110101":14832,"2|1|100111":5772,"2|0|000101":1339,"2|0|000100":1217,"1|0|111110":2083,"1|1|110100":16167,"1|0|111111":818,"1|0|100101":39316,"2|0|110001":3243,"2|0|110000":3455,"1|0|010101":30879,"1|0|010100":29027,"2|0|011001":7401,"2|0|011000":7061,"1|0|100100":41149,"2|1|100100":6559,"2|1|100101":6345,"2|0|000110":1552,"2|0|000111":1648,"1|0|111000":10303,"1|0|111001":8913,"2|0|110111":1834,"2|0|110110":2166,"2|0|011111":7808,"2|0|011110":7897,"1|0|100111":36317,"1|0|100110":37952,"1|1|001001":5310,"1|0|001001":5232,"1|0|001000":2906,"1|1|001000":3010,"1|1|110001":20519,"1|1|110000":22095,"1|1|010000":20832,"2|0|011101":7703,"2|1|111111":276,"2|1|111110":486,"2|0|010010":5298,"2|0|011100":7698,"2|0|010011":5541,"1|1|010001":22933,"1|0|101010":31324,"1|0|101011":29814,"1|0|001010":7565,"1|1|001111":18521,"1|0|001011":9744,"1|1|001110":16216,"2|1|101011":4677,"2|1|101010":4976,"1|1|110111":11810,"1|1|110110":13236,"1|1|010010":24734,"1|1|010011":26952,"1|1|011100":43699,"2|0|010001":4976,"2|1|111001":1411,"2|1|111000":1685,"2|0|010000":4573,"1|1|011101":45144,"1|1|000011":995,"1|1|001100":12181,"1|1|001101":14335,"2|1|101001":5205,"1|1|000010":822,"2|1|101000":5520,"1|1|111110":2095,"1|1|111111":846,"2|1|111010":1196,"1|1|011110":46887,"1|1|011111":48244,"2|0|010111":6950,"2|1|001000":1858,"2|1|001001":2398,"2|1|111011":1009,"2|0|010110":6390,"1|0|101111":23652,"1|1|100101":39536,"1|1|100100":41314,"1|0|101110":25377,"1|1|000000":1374,"1|1|000001":657,"2|1|101111":3752,"2|1|101110":3925,"1|1|110010":19055,"1|1|111101":3387,"1|1|110011":17388,"1|1|111100":4711,"1|1|011000":36793,"1|1|011001":38304,"2|1|001010":2693,"2|0|010100":5932,"2|1|001011":3111,"2|0|010101":6190,"1|0|101001":32958,"1|0|101000":34564,"1|0|000110":1472,"2|0|101101":4326,"2|0|100011":6943,"2|0|101100":4516,"2|0|100010":7006,"2|1|000001":642,"2|1|000000":1325,"1|1|111011":6112,"1|0|000111":1650,"1|1|111010":7666,"1|0|011011":41880,"2|1|110100":2638,"1|0|011010":40507,"2|1|001100":3449,"2|1|110101":2407,"2|1|001101":3638,"1|1|100001":46323,"1|1|100000":48346,"1|0|000000":1367,"2|0|101111":3973,"2|0|101110":4012,"2|1|000111":1667,"2|1|000110":1462,"1|1|111000":10179,"1|0|000001":659,"1|1|111001":8835,"1|0|011000":36872,"2|1|001110":4036,"2|1|110111":1933,"2|1|001111":4400,"2|1|110110":2127,"1|0|011001":38641,"1|1|100111":36241,"1|1|100110":37724,"1|0|000011":1036,"1|0|001100":12305,"1|0|000010":819,"2|0|101001":5237,"2|0|101000":5490,"1|0|001101":14129,"2|1|110001":3289,"2|1|110000":3593,"2|1|011001":7590,"2|1|011000":7028,"1|1|010100":29247,"1|1|010101":30946,"1|1|101111":23416,"1|1|101110":25318,"2|0|101010":5145,"1|0|001111":18574,"1|1|001010":7453,"1|0|001110":16672,"1|1|001011":9936,"2|0|101011":4650,"2|1|000011":1006,"2|1|000010":858,"1|1|010110":33125,"2|1|111101":627,"2|1|110010":3022,"2|1|111100":814,"2|1|110011":2912,"2|1|011010":7649,"2|1|011011":7661,"1|1|010111":34699,"1|1|101101":26664,"1|1|100011":43055,"1|1|101100":28347,"1|1|100010":44643,"1|0|110001":20718,"2|0|001011":3009,"2|0|001010":2680,"1|0|110000":22341,"2|0|111110":423,"2|0|111111":278,"1|1|101010":31392,"2|1|010010":5532,"2|1|011100":7842,"2|1|011101":7694,"1|0|010001":23220,"1|0|010000":20730,"2|1|010011":5741,"1|1|101011":29659,"1|0|111101":3446,"2|0|100101":6333,"2|0|100100":6641,"1|0|110010":19191,"1|0|110011":17474,"1|0|111100":4775,"2|0|110010":3114,"2|0|111101":617,"2|0|110011":2815,"2|0|111100":791,"2|1|011111":7755,"1|0|010111":34916,"1|0|010110":32961,"2|1|011110":7486,"1|1|101001":33064,"1|1|101000":34388,"1|0|110100":16012,"1|0|110101":14768,"2|0|100111":5735,"2|0|100110":5921,"2|1|000101":1307,"2|0|001111":4383,"2|1|000100":1170,"2|0|001110":4111,"1|0|011110":46893,"2|0|111011":1126,"2|0|111010":1213,"2|1|010111":6914,"1|0|011111":48132,"2|1|010110":6497,"1|0|110111":11832,"2|0|100001":7506,"2|0|100000":7730,"2|0|001001":2361,"2|0|001000":1991,"1|0|000101":1363,"1|0|000100":1191,"1|0|110110":13238,"1|0|010010":24832,"2|0|111000":1667,"2|0|111001":1394,"1|0|011101":44951,"2|1|010001":5138,"1|0|010011":26852,"1|0|011100":43686,"2|1|010000":4738}}
