{"probability":{"Group 13":"0.026904312138181903","Group 12":"0.026787092777635052","Group 11":"0.379262920937982","Group 10":"0.0","Group  6":"0.0","Group  5":"0.0","Group  4":"0.0023255585271341056","Group  3":"0.0","Group  2":"0.0","Group  1":"0.0","Group  9":"0.0002608450381471458","Group  8":"0.009773364943357196","Group  7":"0.5546859056375626"},"groups":{"Group 13":["Botan 1.5.6 & 1.11.29 & 2.1.0","Feitian JavaCOS A22 & A40","Gemalto GCX4 72K","HSM SafeNet Luna SA-1700","LibTomCrypt 1.17","Libgcrypt 1.6.0 & 1.6.5 & 1.7.6","Libgcrypt 1.6.0 FIPS & 1.6.5 FIPS","Nettle 3.2 & 3.3","Oberthur Cosmo 64","OpenSSL FIPS 2.0.12 & 2.0.14","PGPSDK 4","WolfSSL 2.0rc1 & 3.9.0 & 3.10.2","cryptlib 3.4.3 & 3.4.3.1"],"Group 12":["Bouncy Castle 1.53 (Java)","Cryptix JCE 20050328","FlexiProvider 1.7p7","HSM Utimaco Security Server Se50","Nettle 2.0","PolarSSL 0.10.0","PuTTY 0.67","SunRsaSign OpenJDK 1.8.0","mbedTLS 1.3.19 & 2.2.1 & 2.4.2"],"Group 11":["Bouncy Castle 1.54 (Java)","Crypto++ 5.6.0 & 5.6.3 & 5.6.5","Libgcrypt 1.7.6 FIPS","Microsoft CryptoAPI & CNG & .NET"],"Group 10":["NXP J2D081 & J2E145G","YubiKey NEO"],"Group  6":["Oberthur Cosmo Dual 72K"],"Group  5":["NXP J2A080 & J2A081 & J3A081 & JCOP 41 V2.2.1"],"Group  4":["Gemalto GXP E64"],"Group  3":["GNU Crypto 2.0.1"],"Group  2":["G&D SmartCafe 4.x & 6.0"],"Group  1":["G&D SmartCafe 3.2"],"Group  9":["Infineon JTOP 80K","YubiKey 4 & 4 Nano"],"Group  8":["PGPSDK 4 FIPS"],"Group  7":["OpenSSL 0.9.7 & 1.0.2g & 1.0.2k & 1.1.0e"]},"frequencies":{"1|1|000110":4594,"2|1|100011":11150,"2|1|101101":6959,"1|1|000111":5263,"2|1|101100":7374,"2|1|100010":11797,"2|0|000000":1352,"2|0|000001":1892,"1|0|111010":8548,"1|0|111011":7096,"1|1|011010":49699,"1|1|011011":50979,"2|0|110100":4180,"2|0|110101":3846,"1|0|100001":53757,"1|0|100000":55458,"2|1|100000":12785,"1|1|000100":3607,"2|1|100001":12237,"2|0|000011":3024,"2|0|001101":8575,"2|0|001100":7979,"2|0|000010":2542,"1|1|000101":4170,"2|1|010101":12611,"2|0|011010":14682,"2|1|010100":12144,"2|0|011011":14617,"1|0|100010":51770,"1|0|101100":32693,"1|0|101101":30570,"1|0|100011":49422,"2|1|100110":9869,"1|1|110101":17038,"2|1|100111":9533,"2|0|000101":4081,"2|0|000100":3572,"1|0|111110":2433,"1|1|110100":18389,"1|0|111111":1218,"1|0|100101":45475,"2|0|110001":5316,"2|0|110000":5760,"1|0|010101":38631,"1|0|010100":36434,"2|0|011001":14496,"2|0|011000":14027,"1|0|100100":47729,"2|1|100100":10812,"2|1|100101":10281,"2|0|000110":4593,"2|0|000111":5121,"1|0|111000":11744,"1|0|111001":10254,"2|0|110111":2981,"2|0|110110":3460,"2|0|011111":12983,"2|0|011110":13505,"1|0|100111":41656,"1|0|100110":43744,"1|1|001001":9432,"1|0|001001":9399,"1|0|001000":6779,"1|1|001000":6813,"1|1|110001":23755,"1|1|110000":25325,"1|1|010000":27019,"2|0|011101":13669,"2|1|111111":559,"2|1|111110":627,"2|0|010010":11115,"2|0|011100":14111,"2|0|010011":11488,"1|1|010001":29182,"1|0|101010":35955,"1|0|101011":34470,"1|0|001010":11966,"1|1|001111":24840,"1|0|001011":14753,"1|1|001110":22276,"2|1|101011":7781,"2|1|101010":8060,"1|1|110111":13606,"1|1|110110":15137,"1|1|010010":31831,"1|1|010011":34130,"1|1|011100":52183,"2|0|010001":10542,"2|1|111001":2254,"2|1|111000":2683,"2|0|010000":10029,"1|1|011101":53319,"1|1|000011":3113,"1|1|001100":17096,"1|1|001101":19614,"2|1|101001":8533,"1|1|000010":2477,"2|1|101000":8956,"1|1|111110":2465,"1|1|111111":1215,"2|1|111010":1957,"1|1|011110":55129,"1|1|011111":55952,"2|0|010111":13552,"2|1|001000":5575,"2|1|001001":6226,"2|1|111011":1612,"2|0|010110":13095,"1|0|101111":27398,"1|1|100101":45807,"1|1|100100":47761,"1|0|101110":28826,"1|1|000000":1404,"1|1|000001":1979,"2|1|101111":6204,"2|1|101110":6436,"1|1|110010":21818,"1|1|111101":4043,"1|1|110011":20056,"1|1|111100":5442,"1|1|011000":45217,"1|1|011001":47730,"2|1|001010":6923,"2|0|010100":12074,"2|1|001011":7466,"2|0|010101":12619,"1|0|101001":37953,"1|0|101000":40096,"1|0|000110":4533,"2|0|101101":7049,"2|0|100011":11237,"2|0|101100":7385,"2|0|100010":11664,"2|1|000001":1932,"2|1|000000":1428,"1|1|111011":6883,"1|0|000111":5087,"1|1|111010":8625,"1|0|011011":50730,"2|1|110100":4185,"1|0|011010":49629,"2|1|001100":7916,"2|1|110101":3833,"2|1|001101":8564,"1|1|100001":53591,"1|1|100000":55862,"1|0|000000":1343,"2|0|101111":6208,"2|0|101110":6476,"2|1|000111":5121,"2|1|000110":4566,"1|1|111000":12004,"1|0|000001":1900,"1|1|111001":10168,"1|0|011000":45528,"2|1|001110":9121,"2|1|110111":3031,"2|1|001111":9493,"2|1|110110":3470,"1|0|011001":47469,"1|1|100111":41963,"1|1|100110":43707,"1|0|000011":2969,"1|0|001100":17073,"1|0|000010":2499,"2|0|101001":8614,"2|0|101000":9096,"1|0|001101":19475,"2|1|110001":5284,"2|1|110000":5747,"2|1|011001":14546,"2|1|011000":13853,"1|1|010100":36561,"1|1|010101":38979,"1|1|101111":27136,"1|1|101110":29048,"2|0|101010":8139,"1|0|001111":24551,"1|1|001010":11984,"1|0|001110":22300,"1|1|001011":14761,"2|0|101011":7882,"2|1|000011":2986,"2|1|000010":2535,"1|1|010110":40884,"2|1|111101":916,"2|1|110010":4950,"2|1|111100":1298,"2|1|110011":4568,"2|1|011010":14946,"2|1|011011":14478,"1|1|010111":43057,"1|1|101101":30379,"1|1|100011":49639,"1|1|101100":32788,"1|1|100010":51740,"1|0|110001":23582,"2|0|001011":7482,"2|0|001010":6880,"1|0|110000":25722,"2|0|111110":595,"2|0|111111":567,"1|1|101010":36351,"2|1|010010":10902,"2|1|011100":14106,"2|1|011101":13742,"1|0|010001":29591,"1|0|010000":27261,"2|1|010011":11374,"1|1|101011":34764,"1|0|111101":3942,"2|0|100101":10215,"2|0|100100":10720,"1|0|110010":21792,"1|0|110011":20167,"1|0|111100":5463,"2|0|110010":4928,"2|0|111101":914,"2|0|110011":4544,"2|0|111100":1274,"2|1|011111":13045,"1|0|010111":42926,"1|0|010110":41093,"2|1|011110":13184,"1|1|101001":38215,"1|1|101000":40098,"1|0|110100":18645,"1|0|110101":16643,"2|0|100111":9231,"2|0|100110":9862,"2|1|000101":4122,"2|0|001111":9454,"2|1|000100":3513,"2|0|001110":8983,"1|0|011110":54979,"2|0|111011":1626,"2|0|111010":1916,"2|1|010111":13612,"1|0|011111":55848,"2|1|010110":12980,"1|0|110111":13428,"2|0|100001":12092,"2|0|100000":12438,"2|0|001001":6251,"2|0|001000":5656,"1|0|000101":4117,"1|0|000100":3531,"1|0|110110":15161,"1|0|010010":31858,"2|0|111000":2840,"2|0|111001":2407,"1|0|011101":53803,"2|1|010001":10482,"1|0|010011":34087,"1|0|011100":51983,"2|1|010000":9998}}
