{"probability":{"Group 13":"0.08255857474703969","Group 12":"0.02189898664239938","Group 11":"0.27976406878839805","Group 10":"0.0","Group  6":"0.0","Group  5":"0.0","Group  4":"0.002455062653954684","Group  3":"0.00028677226772559194","Group  2":"0.0","Group  1":"0.0","Group  9":"0.00018552911700754515","Group  8":"0.011857133612457084","Group  7":"0.600993872171018"},"groups":{"Group 13":["Botan 1.5.6 & 1.11.29 & 2.1.0","Feitian JavaCOS A22 & A40","Gemalto GCX4 72K","HSM SafeNet Luna SA-1700","LibTomCrypt 1.17","Libgcrypt 1.6.0 & 1.6.5 & 1.7.6","Libgcrypt 1.6.0 FIPS & 1.6.5 FIPS","Nettle 3.2 & 3.3","Oberthur Cosmo 64","OpenSSL FIPS 2.0.12 & 2.0.14","PGPSDK 4","WolfSSL 2.0rc1 & 3.9.0 & 3.10.2","cryptlib 3.4.3 & 3.4.3.1"],"Group 12":["Bouncy Castle 1.53 (Java)","Cryptix JCE 20050328","FlexiProvider 1.7p7","HSM Utimaco Security Server Se50","Nettle 2.0","PolarSSL 0.10.0","PuTTY 0.67","SunRsaSign OpenJDK 1.8.0","mbedTLS 1.3.19 & 2.2.1 & 2.4.2"],"Group 11":["Bouncy Castle 1.54 (Java)","Crypto++ 5.6.0 & 5.6.3 & 5.6.5","Libgcrypt 1.7.6 FIPS","Microsoft CryptoAPI & CNG & .NET"],"Group 10":["NXP J2D081 & J2E145G","YubiKey NEO"],"Group  6":["Oberthur Cosmo Dual 72K"],"Group  5":["NXP J2A080 & J2A081 & J3A081 & JCOP 41 V2.2.1"],"Group  4":["Gemalto GXP E64"],"Group  3":["GNU Crypto 2.0.1"],"Group  2":["G&D SmartCafe 4.x & 6.0"],"Group  1":["G&D SmartCafe 3.2"],"Group  9":["Infineon JTOP 80K","YubiKey 4 & 4 Nano"],"Group  8":["PGPSDK 4 FIPS"],"Group  7":["OpenSSL 0.9.7 & 1.0.2g & 1.0.2k & 1.1.0e"]},"frequencies":{"1|1|000110":5941,"2|1|100011":17815,"2|1|101101":10824,"1|1|000111":6731,"2|1|101100":11729,"2|1|100010":18561,"2|0|000000":2764,"2|0|000001":2475,"1|0|111010":15235,"1|0|111011":12281,"1|1|011010":85697,"1|1|011011":88586,"2|0|110100":6718,"2|0|110101":6085,"1|0|100001":94933,"1|0|100000":98153,"2|1|100000":20054,"1|1|000100":4578,"2|1|100001":19455,"2|0|000011":3844,"2|0|001101":11940,"2|0|001100":11006,"2|0|000010":3278,"1|1|000101":5311,"2|1|010101":18464,"2|0|011010":21862,"2|1|010100":17664,"2|0|011011":22015,"1|0|100010":91302,"1|0|101100":57976,"1|0|101101":54052,"1|0|100011":87872,"2|1|100110":15711,"1|1|110101":30381,"2|1|100111":15088,"2|0|000101":5364,"2|0|000100":4693,"1|0|111110":4316,"1|1|110100":32820,"1|0|111111":1915,"1|0|100101":80848,"2|0|110001":8407,"2|0|110000":9173,"1|0|010101":66176,"1|0|010100":62161,"2|0|011001":21365,"2|0|011000":20764,"1|0|100100":84412,"2|1|100100":17138,"2|1|100101":16518,"2|0|000110":6070,"2|0|000111":6503,"1|0|111000":21069,"1|0|111001":18104,"2|0|110111":4809,"2|0|110110":5559,"2|0|011111":20574,"2|0|011110":21043,"1|0|100111":74128,"1|0|100110":77617,"1|1|001001":14020,"1|0|001001":14083,"1|0|001000":9362,"1|1|001000":9404,"1|1|110001":41946,"1|1|110000":45321,"1|1|010000":45683,"2|0|011101":21128,"2|1|111111":835,"2|1|111110":1060,"2|0|010010":16100,"2|0|011100":21527,"2|0|010011":16780,"1|1|010001":49730,"1|0|101010":64302,"1|0|101011":60965,"1|0|001010":18590,"1|1|001111":41195,"1|0|001011":23412,"1|1|001110":36590,"2|1|101011":12251,"2|1|101010":12863,"1|1|110111":23950,"1|1|110110":27008,"1|1|010010":54045,"1|1|010011":58333,"1|1|011100":90970,"2|0|010001":15278,"2|1|111001":3678,"2|1|111000":4330,"2|0|010000":14243,"1|1|011101":93501,"1|1|000011":3958,"1|1|001100":27942,"1|1|001101":32242,"2|1|101001":13616,"1|1|000010":3213,"2|1|101000":14210,"1|1|111110":4263,"1|1|111111":1962,"2|1|111010":3141,"1|1|011110":96770,"1|1|011111":99126,"2|0|010111":19969,"2|1|001000":7281,"2|1|001001":8439,"2|1|111011":2546,"2|0|010110":19047,"1|0|101111":48284,"1|1|100101":81357,"1|1|100100":84524,"1|0|101110":51581,"1|1|000000":2775,"1|1|000001":2609,"2|1|101111":9788,"2|1|101110":10235,"1|1|110010":38836,"1|1|111101":6889,"1|1|110011":35640,"1|1|111100":9566,"1|1|011000":78122,"1|1|011001":81984,"2|1|001010":9312,"2|0|010100":17715,"2|1|001011":10350,"2|0|010101":18261,"1|0|101001":67242,"1|0|101000":70900,"1|0|000110":5930,"2|0|101101":11219,"2|0|100011":17894,"2|0|101100":11694,"2|0|100010":18623,"2|1|000001":2535,"2|1|000000":2736,"1|1|111011":12419,"1|0|000111":6523,"1|1|111010":15545,"1|0|011011":87950,"2|1|110100":6699,"1|0|011010":85792,"2|1|001100":11115,"2|1|110101":6180,"2|1|001101":11906,"1|1|100001":95017,"1|1|100000":98766,"1|0|000000":2773,"2|0|101111":10034,"2|0|101110":10423,"2|1|000111":6570,"2|1|000110":5830,"1|1|111000":21113,"1|0|000001":2505,"1|1|111001":17907,"1|0|011000":78183,"2|1|001110":12812,"2|1|110111":4830,"2|1|001111":13620,"2|1|110110":5540,"1|0|011001":81573,"1|1|100111":74050,"1|1|100110":77263,"1|0|000011":3930,"1|0|001100":27949,"1|0|000010":3196,"2|0|101001":13607,"2|0|101000":14515,"1|0|001101":32037,"2|1|110001":8369,"2|1|110000":9130,"2|1|011001":21725,"2|1|011000":20393,"1|1|010100":62332,"1|1|010101":66463,"1|1|101111":47912,"1|1|101110":51713,"2|0|101010":12970,"1|0|001111":41033,"1|1|001010":18609,"1|0|001110":37189,"1|1|001011":23632,"2|0|101011":12233,"2|1|000011":3915,"2|1|000010":3358,"1|1|010110":70375,"2|1|111101":1539,"2|1|110010":7809,"2|1|111100":2028,"2|1|110011":7357,"2|1|011010":22231,"2|1|011011":21673,"1|1|010111":74078,"1|1|101101":54213,"1|1|100011":87901,"1|1|101100":57987,"1|1|100010":91287,"1|0|110001":42092,"2|0|001011":10149,"2|0|001010":9348,"1|0|110000":45429,"2|0|111110":1004,"2|0|111111":808,"1|1|101010":64147,"2|1|010010":16246,"2|1|011100":21595,"2|1|011101":20993,"1|0|010001":50009,"1|0|010000":45669,"2|1|010011":16871,"1|1|101011":60956,"1|0|111101":6936,"2|0|100101":16403,"2|0|100100":17239,"1|0|110010":39045,"1|0|110011":35814,"1|0|111100":9700,"2|0|110010":7866,"2|0|111101":1486,"2|0|110011":7210,"2|0|111100":2047,"2|1|011111":20578,"1|0|010111":73955,"1|0|010110":70343,"2|1|011110":20507,"1|1|101001":67541,"1|1|101000":70773,"1|0|110100":32743,"1|0|110101":29809,"2|0|100111":14750,"2|0|100110":15689,"2|1|000101":5249,"2|0|001111":13666,"2|1|000100":4553,"2|0|001110":12851,"1|0|011110":96772,"2|0|111011":2726,"2|0|111010":3117,"2|1|010111":19908,"1|0|011111":98781,"2|1|010110":19024,"1|0|110111":24100,"2|0|100001":19359,"2|0|100000":19782,"2|0|001001":8415,"2|0|001000":7463,"1|0|000101":5249,"1|0|000100":4687,"1|0|110110":27004,"1|0|010010":54116,"2|0|111000":4447,"2|0|111001":3736,"1|0|011101":93489,"2|1|010001":15387,"1|0|010011":58033,"1|0|011100":91179,"2|1|010000":14380}}
