{"probability":{"Group 13":"0.153078316983244","Group 12":"0.31397976860659393","Group 11":"0.03950479760947201","Group 10":"0.0","Group  6":"0.0","Group  5":"0.0","Group  4":"0.012797977121802306","Group  3":"0.0","Group  2":"0.0","Group  1":"0.0","Group  9":"0.00154841021919457","Group  8":"0.0","Group  7":"0.4790907294596933"},"groups":{"Group 13":["Botan 1.5.6 & 1.11.29 & 2.1.0","Feitian JavaCOS A22 & A40","Gemalto GCX4 72K","HSM SafeNet Luna SA-1700","LibTomCrypt 1.17","Libgcrypt 1.6.0 & 1.6.5 & 1.7.6","Libgcrypt 1.6.0 FIPS & 1.6.5 FIPS","Nettle 3.2 & 3.3","Oberthur Cosmo 64","OpenSSL FIPS 2.0.12 & 2.0.14","PGPSDK 4","WolfSSL 2.0rc1 & 3.9.0 & 3.10.2","cryptlib 3.4.3 & 3.4.3.1"],"Group 12":["Bouncy Castle 1.53 (Java)","Cryptix JCE 20050328","FlexiProvider 1.7p7","HSM Utimaco Security Server Se50","Nettle 2.0","PolarSSL 0.10.0","PuTTY 0.67","SunRsaSign OpenJDK 1.8.0","mbedTLS 1.3.19 & 2.2.1 & 2.4.2"],"Group 11":["Bouncy Castle 1.54 (Java)","Crypto++ 5.6.0 & 5.6.3 & 5.6.5","Libgcrypt 1.7.6 FIPS","Microsoft CryptoAPI & CNG & .NET"],"Group 10":["NXP J2D081 & J2E145G","YubiKey NEO"],"Group  6":["Oberthur Cosmo Dual 72K"],"Group  5":["NXP J2A080 & J2A081 & J3A081 & JCOP 41 V2.2.1"],"Group  4":["Gemalto GXP E64"],"Group  3":["GNU Crypto 2.0.1"],"Group  2":["G&D SmartCafe 4.x & 6.0"],"Group  1":["G&D SmartCafe 3.2"],"Group  9":["Infineon JTOP 80K","YubiKey 4 & 4 Nano"],"Group  8":["PGPSDK 4 FIPS"],"Group  7":["OpenSSL 0.9.7 & 1.0.2g & 1.0.2k & 1.1.0e"]},"frequencies":{"1|1|000110":3803,"2|1|100011":3787,"2|1|101101":2277,"1|1|000111":3705,"2|1|101100":2384,"2|1|100010":3977,"2|0|000000":4178,"2|0|000001":3992,"1|0|111010":2624,"1|0|111011":2171,"1|1|011010":14977,"1|1|011011":15554,"2|0|110100":1330,"2|0|110101":1212,"1|0|100001":16734,"1|0|100000":17426,"2|1|100000":4432,"1|1|000100":3948,"2|1|100001":4306,"2|0|000011":4000,"2|0|001101":4020,"2|0|001100":4098,"2|0|000010":4071,"1|1|000101":3892,"2|1|010101":4362,"2|0|011010":4432,"2|1|010100":4425,"2|0|011011":4550,"1|0|100010":16095,"1|0|101100":10056,"1|0|101101":9362,"1|0|100011":15687,"2|1|100110":3460,"1|1|110101":5105,"2|1|100111":3208,"2|0|000101":3825,"2|0|000100":3843,"1|0|111110":737,"1|1|110100":5518,"1|0|111111":234,"1|0|100101":14310,"2|0|110001":1759,"2|0|110000":1834,"1|0|010101":12232,"1|0|010100":11633,"2|0|011001":4425,"2|0|011000":4318,"1|0|100100":14684,"2|1|100100":3719,"2|1|100101":3472,"2|0|000110":3810,"2|0|000111":3711,"1|0|111000":3651,"1|0|111001":3124,"2|0|110111":925,"2|0|110110":1083,"2|0|011111":4532,"2|0|011110":4436,"1|0|100111":12975,"1|0|100110":13601,"1|1|001001":4769,"1|0|001001":4712,"1|0|001000":4087,"1|1|001000":3917,"1|1|110001":7220,"1|1|110000":7821,"1|1|010000":9384,"2|0|011101":4560,"2|1|111111":57,"2|1|111110":166,"2|0|010010":4346,"2|0|011100":4591,"2|0|010011":4342,"1|1|010001":10054,"1|0|101010":11286,"1|0|101011":10261,"1|0|001010":5422,"1|1|001111":8673,"1|0|001011":6126,"1|1|001110":8085,"2|1|101011":2589,"2|1|101010":2862,"1|1|110111":4097,"1|1|110110":4667,"1|1|010010":10754,"1|1|010011":11082,"1|1|011100":16413,"2|0|010001":4266,"2|1|111001":740,"2|1|111000":857,"2|0|010000":4146,"1|1|011101":16322,"1|1|000011":3951,"1|1|001100":6603,"1|1|001101":7592,"2|1|101001":2912,"1|1|000010":4049,"2|1|101000":3020,"1|1|111110":689,"1|1|111111":235,"2|1|111010":641,"1|1|011110":17105,"1|1|011111":17413,"2|0|010111":4459,"2|1|001000":3670,"2|1|001001":3851,"2|1|111011":534,"2|0|010110":4479,"1|0|101111":8342,"1|1|100101":14349,"1|1|100100":14867,"1|0|101110":8824,"1|1|000000":4175,"1|1|000001":4195,"2|1|101111":1997,"2|1|101110":2230,"1|1|110010":6666,"1|1|111101":1198,"1|1|110011":6116,"1|1|111100":1678,"1|1|011000":13939,"1|1|011001":14395,"2|1|001010":3950,"2|0|010100":4386,"2|1|001011":3956,"2|0|010101":4429,"1|0|101001":11923,"1|0|101000":12332,"1|0|000110":3808,"2|0|101101":2380,"2|0|100011":3931,"2|0|101100":2561,"2|0|100010":4029,"2|1|000001":4056,"2|1|000000":4312,"1|1|111011":2163,"1|0|000111":3715,"1|1|111010":2654,"1|0|011011":15441,"2|1|110100":1369,"1|0|011010":15240,"2|1|001100":4004,"2|1|110101":1203,"2|1|001101":4104,"1|1|100001":16934,"1|1|100000":17590,"1|0|000000":4101,"2|0|101111":2040,"2|0|101110":2140,"2|1|000111":3574,"2|1|000110":3757,"1|1|111000":3733,"1|0|000001":4076,"1|1|111001":3189,"1|0|011000":13611,"2|1|001110":4180,"2|1|110111":1044,"2|1|001111":4222,"2|1|110110":1119,"1|0|011001":14378,"1|1|100111":12873,"1|1|100110":13483,"1|0|000011":3956,"1|0|001100":6878,"1|0|000010":4065,"2|0|101001":3056,"2|0|101000":3020,"1|0|001101":7488,"2|1|110001":1702,"2|1|110000":1949,"2|1|011001":4486,"2|1|011000":4391,"1|1|010100":11717,"1|1|010101":12255,"1|1|101111":8325,"1|1|101110":8818,"2|0|101010":2791,"1|0|001111":8755,"1|1|001010":5437,"1|0|001110":7855,"1|1|001011":6151,"2|0|101011":2494,"2|1|000011":4099,"2|1|000010":4066,"1|1|010110":13132,"2|1|111101":300,"2|1|110010":1608,"2|1|111100":378,"2|1|110011":1443,"2|1|011010":4457,"2|1|011011":4396,"1|1|010111":13414,"1|1|101101":9394,"1|1|100011":15434,"1|1|101100":10114,"1|1|100010":16173,"1|0|110001":7357,"2|0|001011":3869,"2|0|001010":4012,"1|0|110000":7871,"2|0|111110":163,"2|0|111111":51,"1|1|101010":11203,"2|1|010010":4274,"2|1|011100":4500,"2|1|011101":4505,"1|0|010001":9840,"1|0|010000":9344,"2|1|010011":4468,"1|1|101011":10610,"1|0|111101":1151,"2|0|100101":3555,"2|0|100100":3673,"1|0|110010":6797,"1|0|110011":6438,"1|0|111100":1680,"2|0|110010":1625,"2|0|111101":278,"2|0|110011":1545,"2|0|111100":383,"2|1|011111":4470,"1|0|010111":13280,"1|0|010110":12915,"2|1|011110":4472,"1|1|101001":11701,"1|1|101000":12357,"1|0|110100":5645,"1|0|110101":5143,"2|0|100111":3203,"2|0|100110":3346,"2|1|000101":3902,"2|0|001111":4241,"2|1|000100":3987,"2|0|001110":3987,"1|0|011110":16908,"2|0|111011":504,"2|0|111010":571,"2|1|010111":4258,"1|0|011111":17425,"2|1|010110":4521,"1|0|110111":4026,"2|0|100001":4319,"2|0|100000":4356,"2|0|001001":3942,"2|0|001000":3747,"1|0|000101":3902,"1|0|000100":3849,"1|0|110110":4654,"1|0|010010":10720,"2|0|111000":888,"2|0|111001":704,"1|0|011101":16408,"2|1|010001":4271,"1|0|010011":11072,"1|0|011100":15859,"2|1|010000":4192}}
