{"probability":{"Group 13":"0.00896859823230759","Group 12":"0.01594130978399048","Group 11":"0.12892434539084108","Group 10":"0.0","Group  6":"0.0","Group  5":"0.0","Group  4":"0.001835567406220985","Group  3":"0.0","Group  2":"0.00009865375503837312","Group  1":"0.0","Group  9":"0.0009354989949837913","Group  8":"0.00022660089917051325","Group  7":"0.843069425537447"},"groups":{"Group 13":["Botan 1.5.6 & 1.11.29 & 2.1.0","Feitian JavaCOS A22 & A40","Gemalto GCX4 72K","HSM SafeNet Luna SA-1700","LibTomCrypt 1.17","Libgcrypt 1.6.0 & 1.6.5 & 1.7.6","Libgcrypt 1.6.0 FIPS & 1.6.5 FIPS","Nettle 3.2 & 3.3","Oberthur Cosmo 64","OpenSSL FIPS 2.0.12 & 2.0.14","PGPSDK 4","WolfSSL 2.0rc1 & 3.9.0 & 3.10.2","cryptlib 3.4.3 & 3.4.3.1"],"Group 12":["Bouncy Castle 1.53 (Java)","Cryptix JCE 20050328","FlexiProvider 1.7p7","HSM Utimaco Security Server Se50","Nettle 2.0","PolarSSL 0.10.0","PuTTY 0.67","SunRsaSign OpenJDK 1.8.0","mbedTLS 1.3.19 & 2.2.1 & 2.4.2"],"Group 11":["Bouncy Castle 1.54 (Java)","Crypto++ 5.6.0 & 5.6.3 & 5.6.5","Libgcrypt 1.7.6 FIPS","Microsoft CryptoAPI & CNG & .NET"],"Group 10":["NXP J2D081 & J2E145G","YubiKey NEO"],"Group  6":["Oberthur Cosmo Dual 72K"],"Group  5":["NXP J2A080 & J2A081 & J3A081 & JCOP 41 V2.2.1"],"Group  4":["Gemalto GXP E64"],"Group  3":["GNU Crypto 2.0.1"],"Group  2":["G&D SmartCafe 4.x & 6.0"],"Group  1":["G&D SmartCafe 3.2"],"Group  9":["Infineon JTOP 80K","YubiKey 4 & 4 Nano"],"Group  8":["PGPSDK 4 FIPS"],"Group  7":["OpenSSL 0.9.7 & 1.0.2g & 1.0.2k & 1.1.0e"]},"frequencies":{"1|1|000110":100,"2|1|100011":242,"2|1|101101":138,"1|1|000111":127,"2|1|101100":174,"2|1|100010":233,"2|0|000000":42,"2|0|000001":54,"1|0|111010":683,"1|0|111011":530,"1|1|011010":3490,"1|1|011011":3740,"2|0|110100":83,"2|0|110101":59,"1|0|100001":4031,"1|0|100000":4277,"2|1|100000":282,"1|1|000100":71,"2|1|100001":264,"2|0|000011":69,"2|0|001101":178,"2|0|001100":182,"2|0|000010":54,"1|1|000101":109,"2|1|010101":244,"2|0|011010":294,"2|1|010100":266,"2|0|011011":323,"1|0|100010":3924,"1|0|101100":2488,"1|0|101101":2468,"1|0|100011":3820,"2|1|100110":220,"1|1|110101":1295,"2|1|100111":202,"2|0|000101":97,"2|0|000100":81,"1|0|111110":198,"1|1|110100":1373,"1|0|111111":61,"1|0|100101":3492,"2|0|110001":106,"2|0|110000":112,"1|0|010101":2700,"1|0|010100":2492,"2|0|011001":312,"2|0|011000":280,"1|0|100100":3591,"2|1|100100":222,"2|1|100101":218,"2|0|000110":93,"2|0|000111":127,"1|0|111000":963,"1|0|111001":791,"2|0|110111":61,"2|0|110110":71,"2|0|011111":306,"2|0|011110":304,"1|0|100111":3243,"1|0|100110":3310,"1|1|001001":452,"1|0|001001":448,"1|0|001000":230,"1|1|001000":204,"1|1|110001":1866,"1|1|110000":1975,"1|1|010000":1791,"2|0|011101":289,"2|1|111111":4,"2|1|111110":8,"2|0|010010":235,"2|0|011100":298,"2|0|010011":248,"1|1|010001":2030,"1|0|101010":2779,"1|0|101011":2583,"1|0|001010":633,"1|1|001111":1561,"1|0|001011":843,"1|1|001110":1444,"2|1|101011":152,"2|1|101010":163,"1|1|110111":997,"1|1|110110":1136,"1|1|010010":2160,"1|1|010011":2378,"1|1|011100":3909,"2|0|010001":259,"2|1|111001":40,"2|1|111000":57,"2|0|010000":199,"1|1|011101":4091,"1|1|000011":65,"1|1|001100":1024,"1|1|001101":1225,"2|1|101001":182,"1|1|000010":66,"2|1|101000":213,"1|1|111110":192,"1|1|111111":61,"2|1|111010":45,"1|1|011110":4105,"1|1|011111":4316,"2|0|010111":280,"2|1|001000":123,"2|1|001001":156,"2|1|111011":35,"2|0|010110":269,"1|0|101111":2012,"1|1|100101":3487,"1|1|100100":3670,"1|0|101110":2226,"1|1|000000":43,"1|1|000001":60,"2|1|101111":144,"2|1|101110":169,"1|1|110010":1669,"1|1|111101":307,"1|1|110011":1626,"1|1|111100":393,"1|1|011000":3185,"1|1|011001":3403,"2|1|001010":177,"2|0|010100":250,"2|1|001011":203,"2|0|010101":265,"1|0|101001":2891,"1|0|101000":3070,"1|0|000110":111,"2|0|101101":166,"2|0|100011":230,"2|0|101100":163,"2|0|100010":238,"2|1|000001":44,"2|1|000000":44,"1|1|111011":509,"1|0|000111":103,"1|1|111010":689,"1|0|011011":3654,"2|1|110100":77,"1|0|011010":3608,"2|1|001100":189,"2|1|110101":84,"2|1|001101":201,"1|1|100001":3960,"1|1|100000":4261,"1|0|000000":51,"2|0|101111":137,"2|0|101110":127,"2|1|000111":113,"2|1|000110":89,"1|1|111000":921,"1|0|000001":50,"1|1|111001":787,"1|0|011000":3232,"2|1|001110":197,"2|1|110111":64,"2|1|001111":196,"2|1|110110":80,"1|0|011001":3340,"1|1|100111":3208,"1|1|100110":3405,"1|0|000011":92,"1|0|001100":1046,"1|0|000010":68,"2|0|101001":189,"2|0|101000":183,"1|0|001101":1246,"2|1|110001":110,"2|1|110000":107,"2|1|011001":283,"2|1|011000":312,"1|1|010100":2573,"1|1|010101":2726,"1|1|101111":2098,"1|1|101110":2141,"2|0|101010":156,"1|0|001111":1617,"1|1|001010":655,"1|0|001110":1435,"1|1|001011":840,"2|0|101011":144,"2|1|000011":85,"2|1|000010":77,"1|1|010110":2899,"2|1|111101":22,"2|1|110010":120,"2|1|111100":25,"2|1|110011":88,"2|1|011010":307,"2|1|011011":284,"1|1|010111":3015,"1|1|101101":2445,"1|1|100011":3817,"1|1|101100":2539,"1|1|100010":3947,"1|0|110001":1763,"2|0|001011":156,"2|0|001010":148,"1|0|110000":1963,"2|0|111110":14,"2|0|111111":3,"1|1|101010":2768,"2|1|010010":233,"2|1|011100":307,"2|1|011101":263,"1|0|010001":1906,"1|0|010000":1766,"2|1|010011":245,"1|1|101011":2557,"1|0|111101":284,"2|0|100101":237,"2|0|100100":248,"1|0|110010":1708,"1|0|110011":1506,"1|0|111100":415,"2|0|110010":75,"2|0|111101":13,"2|0|110011":107,"2|0|111100":27,"2|1|011111":228,"1|0|010111":3085,"1|0|010110":2800,"2|1|011110":286,"1|1|101001":2909,"1|1|101000":3027,"1|0|110100":1456,"1|0|110101":1272,"2|0|100111":212,"2|0|100110":193,"2|1|000101":96,"2|0|001111":199,"2|1|000100":77,"2|0|001110":193,"1|0|011110":4081,"2|0|111011":37,"2|0|111010":32,"2|1|010111":308,"1|0|011111":4297,"2|1|010110":292,"1|0|110111":978,"2|0|100001":262,"2|0|100000":281,"2|0|001001":143,"2|0|001000":140,"1|0|000101":104,"1|0|000100":70,"1|0|110110":1113,"1|0|010010":2166,"2|0|111000":51,"2|0|111001":44,"1|0|011101":3935,"2|1|010001":236,"1|0|010011":2324,"1|0|011100":3915,"2|1|010000":239}}
