{"probability":{"Group 13":"0.040975957670979155","Group 12":"0.04613825493142097","Group 11":"0.1955626295911326","Group 10":"0.00005297194372492362","Group  6":"0.00038194818519762623","Group  5":"0.0","Group  4":"0.0033508376470923495","Group  3":"0.00006684255242150586","Group  2":"0.0","Group  1":"0.0","Group  9":"0.0003359825109833606","Group  8":"0.011534666051920597","Group  7":"0.7015999089151268"},"groups":{"Group 13":["Botan 1.5.6 & 1.11.29 & 2.1.0","Feitian JavaCOS A22 & A40","Gemalto GCX4 72K","HSM SafeNet Luna SA-1700","LibTomCrypt 1.17","Libgcrypt 1.6.0 & 1.6.5 & 1.7.6","Libgcrypt 1.6.0 FIPS & 1.6.5 FIPS","Nettle 3.2 & 3.3","Oberthur Cosmo 64","OpenSSL FIPS 2.0.12 & 2.0.14","PGPSDK 4","WolfSSL 2.0rc1 & 3.9.0 & 3.10.2","cryptlib 3.4.3 & 3.4.3.1"],"Group 12":["Bouncy Castle 1.53 (Java)","Cryptix JCE 20050328","FlexiProvider 1.7p7","HSM Utimaco Security Server Se50","Nettle 2.0","PolarSSL 0.10.0","PuTTY 0.67","SunRsaSign OpenJDK 1.8.0","mbedTLS 1.3.19 & 2.2.1 & 2.4.2"],"Group 11":["Bouncy Castle 1.54 (Java)","Crypto++ 5.6.0 & 5.6.3 & 5.6.5","Libgcrypt 1.7.6 FIPS","Microsoft CryptoAPI & CNG & .NET"],"Group 10":["NXP J2D081 & J2E145G","YubiKey NEO"],"Group  6":["Oberthur Cosmo Dual 72K"],"Group  5":["NXP J2A080 & J2A081 & J3A081 & JCOP 41 V2.2.1"],"Group  4":["Gemalto GXP E64"],"Group  3":["GNU Crypto 2.0.1"],"Group  2":["G&D SmartCafe 4.x & 6.0"],"Group  1":["G&D SmartCafe 3.2"],"Group  9":["Infineon JTOP 80K","YubiKey 4 & 4 Nano"],"Group  8":["PGPSDK 4 FIPS"],"Group  7":["OpenSSL 0.9.7 & 1.0.2g & 1.0.2k & 1.1.0e"]},"frequencies":{"1|1|000110":9637,"2|1|100011":19255,"2|1|101101":12028,"1|1|000111":10364,"2|1|101100":12858,"2|1|100010":20306,"2|0|000000":5785,"2|0|000001":6212,"1|0|111010":25726,"1|0|111011":21163,"1|1|011010":141199,"1|1|011011":147174,"2|0|110100":7283,"2|0|110101":6694,"1|0|100001":160635,"1|0|100000":166812,"2|1|100000":21724,"1|1|000100":8102,"2|1|100001":21008,"2|0|000011":7607,"2|0|001101":15144,"2|0|001100":14634,"2|0|000010":6880,"1|1|000101":8762,"2|1|010101":21427,"2|0|011010":25023,"2|1|010100":20679,"2|0|011011":24796,"1|0|100010":154192,"1|0|101100":97262,"1|0|101101":91408,"1|0|100011":148244,"2|1|100110":17078,"1|1|110101":50588,"2|1|100111":16338,"2|0|000101":8798,"2|0|000100":8075,"1|0|111110":7101,"1|1|110100":55334,"1|0|111111":2700,"1|0|100101":135996,"2|0|110001":9403,"2|0|110000":9863,"1|0|010101":108874,"1|0|010100":102786,"2|0|011001":24131,"2|0|011000":23836,"1|0|100100":142357,"2|1|100100":18689,"2|1|100101":18088,"2|0|000110":9495,"2|0|000111":10207,"1|0|111000":35428,"1|0|111001":30621,"2|0|110111":5565,"2|0|110110":6092,"2|0|011111":22458,"2|0|011110":22953,"1|0|100111":124499,"1|0|100110":131106,"1|1|001001":22426,"1|0|001001":22387,"1|0|001000":14479,"1|1|001000":14466,"1|1|110001":70368,"1|1|110000":76137,"1|1|010000":74818,"2|0|011101":23351,"2|1|111111":785,"2|1|111110":1144,"2|0|010010":18946,"2|0|011100":23916,"2|0|010011":19914,"1|1|010001":82093,"1|0|101010":107643,"1|0|101011":102752,"1|0|001010":30525,"1|1|001111":67759,"1|0|001011":37817,"1|1|001110":60510,"2|1|101011":13651,"2|1|101010":14238,"1|1|110111":40369,"1|1|110110":45221,"1|1|010010":88429,"1|1|010011":95660,"1|1|011100":151705,"2|0|010001":18478,"2|1|111001":4032,"2|1|111000":4827,"2|0|010000":17777,"1|1|011101":157362,"1|1|000011":7474,"1|1|001100":45586,"1|1|001101":52951,"2|1|101001":15042,"1|1|000010":6819,"2|1|101000":15648,"1|1|111110":7199,"1|1|111111":2761,"2|1|111010":3613,"1|1|011110":162026,"1|1|011111":166709,"2|0|010111":22947,"2|1|001000":10898,"2|1|001001":11971,"2|1|111011":3041,"2|0|010110":22363,"1|0|101111":80954,"1|1|100101":136246,"1|1|100100":142550,"1|0|101110":86739,"1|1|000000":5738,"1|1|000001":6116,"2|1|101111":10597,"2|1|101110":11453,"1|1|110010":65642,"1|1|111101":11862,"1|1|110011":60644,"1|1|111100":16508,"1|1|011000":129593,"1|1|011001":135776,"2|1|001010":12740,"2|0|010100":20702,"2|1|001011":13728,"2|0|010101":21403,"1|0|101001":113661,"1|0|101000":119578,"1|0|000110":9459,"2|0|101101":12155,"2|0|100011":19485,"2|0|101100":12983,"2|0|100010":20226,"2|1|000001":6332,"2|1|000000":5801,"1|1|111011":21146,"1|0|000111":10195,"1|1|111010":26044,"1|0|011011":146177,"2|1|110100":7305,"1|0|011010":141833,"2|1|001100":14541,"2|1|110101":6750,"2|1|001101":15111,"1|1|100001":160383,"1|1|100000":166666,"1|0|000000":5702,"2|0|101111":10814,"2|0|101110":11315,"2|1|000111":10103,"2|1|000110":9625,"1|1|111000":35756,"1|0|000001":6121,"1|1|111001":30948,"1|0|011000":129592,"2|1|001110":16172,"2|1|110111":5436,"2|1|001111":16975,"2|1|110110":6129,"1|0|011001":135437,"1|1|100111":124188,"1|1|100110":130318,"1|0|000011":7689,"1|0|001100":45550,"1|0|000010":6771,"2|0|101001":15010,"2|0|101000":15662,"1|0|001101":52686,"2|1|110001":9343,"2|1|110000":9931,"2|1|011001":24138,"2|1|011000":23675,"1|1|010100":102447,"1|1|010101":109022,"1|1|101111":81280,"1|1|101110":86110,"2|0|101010":14117,"1|0|001111":67596,"1|1|001010":30127,"1|0|001110":60300,"1|1|001011":37750,"2|0|101011":13587,"2|1|000011":7397,"2|1|000010":6823,"1|1|010110":115475,"2|1|111101":1716,"0|1|101010":1,"2|1|110010":8721,"2|1|111100":2273,"2|1|110011":7835,"2|1|011010":24800,"2|1|011011":24432,"1|1|010111":122786,"1|1|101101":90797,"1|1|100011":148768,"1|1|101100":96970,"1|1|100010":153783,"1|0|110001":70732,"2|0|001011":13718,"2|0|001010":12835,"1|0|110000":75954,"2|0|111110":1186,"2|0|111111":816,"1|1|101010":108626,"2|1|010010":19160,"2|1|011100":23946,"2|1|011101":23459,"1|0|010001":81667,"1|0|010000":74545,"2|1|010011":19831,"1|1|101011":102474,"1|0|111101":12019,"2|0|100101":17737,"2|0|100100":18520,"1|0|110010":65351,"1|0|110011":60483,"1|0|111100":16479,"2|0|110010":8707,"2|0|111101":1773,"2|0|110011":8191,"2|0|111100":2317,"2|1|011111":22469,"1|0|010111":121867,"1|0|010110":116076,"2|1|011110":22844,"1|1|101001":113471,"1|1|101000":119641,"1|0|110100":55190,"1|0|110101":50295,"2|0|100111":16622,"2|0|100110":17298,"2|1|000101":8847,"2|0|001111":16951,"2|1|000100":8264,"2|0|001110":16040,"1|0|011110":162732,"2|0|111011":2880,"2|0|111010":3533,"2|1|010111":22900,"1|0|011111":167184,"2|1|010110":22342,"1|0|110111":40484,"2|0|100001":21133,"2|0|100000":22210,"2|0|001001":11829,"2|0|001000":11134,"1|0|000101":8936,"1|0|000100":8258,"1|0|110110":45276,"1|0|010010":88673,"2|0|111000":4871,"2|0|111001":4155,"1|0|011101":156969,"2|1|010001":18578,"1|0|010011":95616,"1|0|011100":151247,"2|1|010000":17818}}
