{"probability":{"Group 13":"0.17458280506986656","Group 12":"0.18863723442427843","Group 11":"0.03778878653581406","Group 10":"0.0001255168519988488","Group  6":"0.0012836478807802393","Group  5":"0.0007883114205246921","Group  4":"0.0037171838401400662","Group  3":"0.0","Group  2":"0.00014535896836613514","Group  1":"0.0","Group  9":"0.0","Group  8":"0.0","Group  7":"0.5929311550082309"},"groups":{"Group 13":["Botan 1.5.6 & 1.11.29 & 2.1.0","Feitian JavaCOS A22 & A40","Gemalto GCX4 72K","HSM SafeNet Luna SA-1700","LibTomCrypt 1.17","Libgcrypt 1.6.0 & 1.6.5 & 1.7.6","Libgcrypt 1.6.0 FIPS & 1.6.5 FIPS","Nettle 3.2 & 3.3","Oberthur Cosmo 64","OpenSSL FIPS 2.0.12 & 2.0.14","PGPSDK 4","WolfSSL 2.0rc1 & 3.9.0 & 3.10.2","cryptlib 3.4.3 & 3.4.3.1"],"Group 12":["Bouncy Castle 1.53 (Java)","Cryptix JCE 20050328","FlexiProvider 1.7p7","HSM Utimaco Security Server Se50","Nettle 2.0","PolarSSL 0.10.0","PuTTY 0.67","SunRsaSign OpenJDK 1.8.0","mbedTLS 1.3.19 & 2.2.1 & 2.4.2"],"Group 11":["Bouncy Castle 1.54 (Java)","Crypto++ 5.6.0 & 5.6.3 & 5.6.5","Libgcrypt 1.7.6 FIPS","Microsoft CryptoAPI & CNG & .NET"],"Group 10":["NXP J2D081 & J2E145G","YubiKey NEO"],"Group  6":["Oberthur Cosmo Dual 72K"],"Group  5":["NXP J2A080 & J2A081 & J3A081 & JCOP 41 V2.2.1"],"Group  4":["Gemalto GXP E64"],"Group  3":["GNU Crypto 2.0.1"],"Group  2":["G&D SmartCafe 4.x & 6.0"],"Group  1":["G&D SmartCafe 3.2"],"Group  9":["Infineon JTOP 80K","YubiKey 4 & 4 Nano"],"Group  8":["PGPSDK 4 FIPS"],"Group  7":["OpenSSL 0.9.7 & 1.0.2g & 1.0.2k & 1.1.0e"]},"frequencies":{"1|1|000110":2227,"2|1|100011":3196,"2|1|101101":1931,"1|1|000111":2158,"2|1|101100":2042,"2|1|100010":3238,"2|0|000000":2394,"2|0|000001":2322,"1|0|111010":2938,"1|0|111011":2442,"1|1|011010":15702,"1|1|011011":16448,"2|0|110100":1199,"2|0|110101":958,"1|0|100001":18257,"1|0|100000":18693,"2|1|100000":3597,"1|1|000100":2328,"2|1|100001":3596,"2|0|000011":2266,"2|0|001101":2582,"2|0|001100":2571,"2|0|000010":2324,"1|1|000101":2261,"2|1|010101":3249,"2|0|011010":3512,"2|1|010100":3168,"2|0|011011":3543,"1|0|100010":17428,"1|0|101100":11028,"1|0|101101":10268,"1|0|100011":16846,"2|1|100110":2938,"1|1|110101":5638,"2|1|100111":2720,"2|0|000101":2257,"2|0|000100":2192,"1|0|111110":763,"1|1|110100":6366,"1|0|111111":277,"1|0|100101":15626,"2|0|110001":1521,"2|0|110000":1610,"1|0|010101":12293,"1|0|010100":12015,"2|0|011001":3462,"2|0|011000":3377,"1|0|100100":15879,"2|1|100100":3030,"2|1|100101":3059,"2|0|000110":2176,"2|0|000111":2192,"1|0|111000":3979,"1|0|111001":3483,"2|0|110111":844,"2|0|110110":948,"2|0|011111":3669,"2|0|011110":3700,"1|0|100111":14106,"1|0|100110":14932,"1|1|001001":3407,"1|0|001001":3525,"1|0|001000":2570,"1|1|001000":2489,"1|1|110001":7905,"1|1|110000":8410,"1|1|010000":8882,"2|0|011101":3669,"2|1|111111":49,"2|1|111110":153,"2|0|010010":2956,"2|0|011100":3532,"2|0|010011":3130,"1|1|010001":9412,"1|0|101010":12210,"1|0|101011":11614,"1|0|001010":4094,"1|1|001111":8083,"1|0|001011":4977,"1|1|001110":7257,"2|1|101011":2122,"2|1|101010":2313,"1|1|110111":4485,"1|1|110110":5048,"1|1|010010":10282,"1|1|010011":11028,"1|1|011100":16917,"2|0|010001":2975,"2|1|111001":634,"2|1|111000":724,"2|0|010000":2893,"1|1|011101":17686,"1|1|000011":2301,"1|1|001100":5668,"1|1|001101":6569,"2|1|101001":2493,"1|1|000010":2373,"2|1|101000":2540,"1|1|111110":775,"1|1|111111":301,"2|1|111010":540,"1|1|011110":18500,"1|1|011111":18875,"2|0|010111":3303,"2|1|001000":2166,"2|1|001001":2301,"2|1|111011":455,"2|0|010110":3328,"1|0|101111":9286,"1|1|100101":15530,"1|1|100100":16066,"1|0|101110":9632,"1|1|000000":2340,"1|1|000001":2463,"2|1|101111":1711,"2|1|101110":1894,"1|1|110010":7345,"1|1|111101":1248,"1|1|110011":6847,"1|1|111100":1833,"1|1|011000":14589,"1|1|011001":14909,"2|1|001010":2439,"2|0|010100":3155,"2|1|001011":2335,"2|0|010101":3279,"1|0|101001":12777,"1|0|101000":13452,"1|0|000110":2175,"2|0|101101":2056,"2|0|100011":3319,"2|0|101100":2070,"2|0|100010":3316,"2|1|000001":2280,"2|1|000000":2304,"1|1|111011":2378,"1|0|000111":2268,"1|1|111010":2879,"1|0|011011":16311,"2|1|110100":1237,"1|0|011010":15956,"2|1|001100":2629,"2|1|110101":1069,"2|1|001101":2604,"1|1|100001":17948,"1|1|100000":18670,"1|0|000000":2336,"2|0|101111":1756,"2|0|101110":1790,"2|1|000111":2161,"2|1|000110":2218,"1|1|111000":4011,"1|0|000001":2304,"1|1|111001":3415,"1|0|011000":14349,"2|1|001110":2674,"2|1|110111":886,"2|1|001111":2884,"2|1|110110":920,"1|0|011001":14776,"1|1|100111":14048,"1|1|100110":14572,"1|0|000011":2284,"1|0|001100":5854,"1|0|000010":2222,"2|0|101001":2434,"2|0|101000":2620,"1|0|001101":6594,"2|1|110001":1517,"2|1|110000":1598,"2|1|011001":3486,"2|1|011000":3422,"1|1|010100":11686,"1|1|010101":12348,"1|1|101111":9113,"1|1|101110":9625,"2|0|101010":2325,"1|0|001111":8027,"1|1|001010":4181,"1|0|001110":7523,"1|1|001011":4888,"2|0|101011":2329,"2|1|000011":2314,"2|1|000010":2351,"1|1|010110":13054,"2|1|111101":245,"2|1|110010":1367,"2|1|111100":344,"2|1|110011":1269,"2|1|011010":3474,"2|1|011011":3543,"1|1|010111":13908,"1|1|101101":10320,"1|1|100011":16590,"1|1|101100":10800,"1|1|100010":17350,"1|0|110001":8086,"2|0|001011":2444,"2|0|001010":2313,"1|0|110000":8565,"2|0|111110":131,"2|0|111111":36,"1|1|101010":12035,"2|1|010010":3008,"2|1|011100":3550,"2|1|011101":3487,"1|0|010001":9591,"1|0|010000":8925,"2|1|010011":3136,"1|1|101011":11387,"1|0|111101":1279,"2|0|100101":3013,"2|0|100100":3089,"1|0|110010":7516,"1|0|110011":6839,"1|0|111100":1845,"2|0|110010":1364,"2|0|111101":227,"2|0|110011":1253,"2|0|111100":332,"2|1|011111":3725,"1|0|010111":13537,"1|0|010110":13185,"2|1|011110":3714,"1|1|101001":12846,"1|1|101000":13559,"1|0|110100":6027,"1|0|110101":5585,"2|0|100111":2704,"2|0|100110":2762,"2|1|000101":2208,"2|0|001111":2762,"2|1|000100":2255,"2|0|001110":2749,"1|0|011110":18294,"2|0|111011":426,"2|0|111010":541,"2|1|010111":3392,"1|0|011111":18872,"2|1|010110":3217,"1|0|110111":4574,"2|0|100001":3533,"2|0|100000":3667,"2|0|001001":2253,"2|0|001000":2129,"1|0|000101":2261,"1|0|000100":2292,"1|0|110110":5109,"1|0|010010":10183,"2|0|111000":756,"2|0|111001":614,"1|0|011101":17689,"2|1|010001":2991,"1|0|010011":11178,"1|0|011100":17203,"2|1|010000":2749}}
