{"probability":{"Group 13":"0.02451413850762517","Group 12":"0.02766753634433075","Group 11":"0.07596671015214619","Group 10":"0.0","Group  6":"0.0008388377087134889","Group  5":"0.0","Group  4":"0.008711725435274457","Group  3":"0.0","Group  2":"0.0000691345096683491","Group  1":"0.0004381977829147073","Group  9":"0.0013740123000546027","Group  8":"0.0032614549039076744","Group  7":"0.8571582523553646"},"groups":{"Group 13":["Botan 1.5.6 & 1.11.29 & 2.1.0","Feitian JavaCOS A22 & A40","Gemalto GCX4 72K","HSM SafeNet Luna SA-1700","LibTomCrypt 1.17","Libgcrypt 1.6.0 & 1.6.5 & 1.7.6","Libgcrypt 1.6.0 FIPS & 1.6.5 FIPS","Nettle 3.2 & 3.3","Oberthur Cosmo 64","OpenSSL FIPS 2.0.12 & 2.0.14","PGPSDK 4","WolfSSL 2.0rc1 & 3.9.0 & 3.10.2","cryptlib 3.4.3 & 3.4.3.1"],"Group 12":["Bouncy Castle 1.53 (Java)","Cryptix JCE 20050328","FlexiProvider 1.7p7","HSM Utimaco Security Server Se50","Nettle 2.0","PolarSSL 0.10.0","PuTTY 0.67","SunRsaSign OpenJDK 1.8.0","mbedTLS 1.3.19 & 2.2.1 & 2.4.2"],"Group 11":["Bouncy Castle 1.54 (Java)","Crypto++ 5.6.0 & 5.6.3 & 5.6.5","Libgcrypt 1.7.6 FIPS","Microsoft CryptoAPI & CNG & .NET"],"Group 10":["NXP J2D081 & J2E145G","YubiKey NEO"],"Group  6":["Oberthur Cosmo Dual 72K"],"Group  5":["NXP J2A080 & J2A081 & J3A081 & JCOP 41 V2.2.1"],"Group  4":["Gemalto GXP E64"],"Group  3":["GNU Crypto 2.0.1"],"Group  2":["G&D SmartCafe 4.x & 6.0"],"Group  1":["G&D SmartCafe 3.2"],"Group  9":["Infineon JTOP 80K","YubiKey 4 & 4 Nano"],"Group  8":["PGPSDK 4 FIPS"],"Group  7":["OpenSSL 0.9.7 & 1.0.2g & 1.0.2k & 1.1.0e"]},"frequencies":{"1|1|000110":154,"2|1|100011":294,"2|1|101101":163,"1|1|000111":146,"2|1|101100":171,"2|1|100010":285,"2|0|000000":81,"2|0|000001":93,"1|0|111010":888,"1|0|111011":727,"1|1|011010":4605,"1|1|011011":4985,"2|0|110100":92,"2|0|110101":100,"1|0|100001":5523,"1|0|100000":5772,"2|1|100000":326,"1|1|000100":135,"2|1|100001":297,"2|0|000011":102,"2|0|001101":210,"2|0|001100":223,"2|0|000010":95,"1|1|000101":151,"2|1|010101":334,"2|0|011010":384,"2|1|010100":270,"2|0|011011":370,"1|0|100010":5210,"1|0|101100":3284,"1|0|101101":3076,"1|0|100011":5074,"2|1|100110":262,"1|1|110101":1719,"2|1|100111":222,"2|0|000101":138,"2|0|000100":117,"1|0|111110":245,"1|1|110100":1874,"1|0|111111":62,"1|0|100101":4661,"2|0|110001":128,"2|0|110000":142,"1|0|010101":3548,"1|0|010100":3319,"2|0|011001":346,"2|0|011000":374,"1|0|100100":4785,"2|1|100100":256,"2|1|100101":245,"2|0|000110":158,"2|0|000111":157,"1|0|111000":1208,"1|0|111001":959,"2|0|110111":79,"2|0|110110":77,"2|0|011111":345,"2|0|011110":362,"1|0|100111":4251,"1|0|100110":4400,"1|1|001001":553,"1|0|001001":579,"1|0|001000":311,"1|1|001000":293,"1|1|110001":2405,"1|1|110000":2524,"1|1|010000":2396,"2|0|011101":315,"2|1|111111":7,"2|1|111110":9,"2|0|010010":286,"2|0|011100":344,"2|0|010011":306,"1|1|010001":2668,"1|0|101010":3777,"1|0|101011":3574,"1|0|001010":851,"1|1|001111":2063,"1|0|001011":1054,"1|1|001110":1861,"2|1|101011":186,"2|1|101010":197,"1|1|110111":1317,"1|1|110110":1536,"1|1|010010":2789,"1|1|010011":3026,"1|1|011100":5124,"2|0|010001":262,"2|1|111001":51,"2|1|111000":71,"2|0|010000":243,"1|1|011101":5380,"1|1|000011":103,"1|1|001100":1326,"1|1|001101":1614,"2|1|101001":191,"1|1|000010":109,"2|1|101000":238,"1|1|111110":258,"1|1|111111":63,"2|1|111010":29,"1|1|011110":5489,"1|1|011111":5655,"2|0|010111":341,"2|1|001000":172,"2|1|001001":212,"2|1|111011":39,"2|0|010110":324,"1|0|101111":2625,"1|1|100101":4551,"1|1|100100":4794,"1|0|101110":2961,"1|1|000000":79,"1|1|000001":99,"2|1|101111":180,"2|1|101110":158,"1|1|110010":2264,"1|1|111101":405,"1|1|110011":2098,"1|1|111100":587,"1|1|011000":4241,"1|1|011001":4578,"2|1|001010":181,"2|0|010100":300,"2|1|001011":222,"2|0|010101":317,"1|0|101001":3796,"1|0|101000":4115,"1|0|000110":145,"2|0|101101":168,"2|0|100011":274,"2|0|101100":190,"2|0|100010":274,"2|1|000001":98,"2|1|000000":85,"1|1|111011":706,"1|0|000111":150,"1|1|111010":926,"1|0|011011":4829,"2|1|110100":108,"1|0|011010":4683,"2|1|001100":244,"2|1|110101":86,"2|1|001101":242,"1|1|100001":5463,"1|1|100000":5612,"1|0|000000":76,"2|0|101111":152,"2|0|101110":132,"2|1|000111":179,"2|1|000110":138,"1|1|111000":1183,"1|0|000001":106,"1|1|111001":1091,"1|0|011000":4186,"2|1|001110":261,"2|1|110111":74,"2|1|001111":240,"2|1|110110":69,"1|0|011001":4380,"1|1|100111":4208,"1|1|100110":4442,"1|0|000011":122,"1|0|001100":1376,"1|0|000010":93,"2|0|101001":203,"2|0|101000":215,"1|0|001101":1662,"2|1|110001":121,"2|1|110000":132,"2|1|011001":367,"2|1|011000":390,"1|1|010100":3223,"1|1|010101":3577,"1|1|101111":2797,"1|1|101110":2898,"2|0|101010":191,"1|0|001111":2067,"1|1|001010":855,"1|0|001110":1969,"1|1|001011":1103,"2|0|101011":179,"2|1|000011":124,"2|1|000010":108,"1|1|010110":3714,"2|1|111101":27,"2|1|110010":112,"2|1|111100":29,"2|1|110011":107,"2|1|011010":388,"2|1|011011":353,"1|1|010111":4027,"1|1|101101":3141,"1|1|100011":4957,"1|1|101100":3285,"1|1|100010":5210,"1|0|110001":2358,"2|0|001011":200,"2|0|001010":193,"1|0|110000":2518,"2|0|111110":10,"1|1|101010":3683,"2|1|010010":299,"2|1|011100":324,"2|1|011101":318,"1|0|010001":2547,"1|0|010000":2386,"2|1|010011":302,"1|1|101011":3348,"1|0|111101":391,"2|0|100101":260,"2|0|100100":253,"1|0|110010":2270,"1|0|110011":1988,"1|0|111100":542,"2|0|110010":119,"2|0|111101":21,"2|0|110011":97,"2|0|111100":21,"2|1|011111":316,"1|0|010111":4011,"1|0|010110":3651,"2|1|011110":332,"1|1|101001":3827,"1|1|101000":4127,"1|0|110100":1909,"1|0|110101":1760,"2|0|100111":238,"2|0|100110":223,"2|1|000101":150,"2|0|001111":252,"2|1|000100":124,"2|0|001110":262,"1|0|011110":5549,"2|0|111011":33,"2|0|111010":45,"2|1|010111":335,"1|0|011111":5755,"2|1|010110":338,"1|0|110111":1389,"2|0|100001":310,"2|0|100000":320,"2|0|001001":192,"2|0|001000":188,"1|0|000101":127,"1|0|000100":123,"1|0|110110":1535,"1|0|010010":2819,"2|0|111000":65,"2|0|111001":60,"1|0|011101":5263,"2|1|010001":288,"1|0|010011":3071,"1|0|011100":5048,"2|1|010000":245}}
