{"probability":{"Group 13":"0.022565786430783538","Group 12":"0.026434607722536793","Group 11":"0.3684972298071844","Group 10":"0.000006721370659097235","Group  6":"0.0","Group  5":"0.0","Group  4":"0.0018872702260963102","Group  3":"0.0","Group  2":"0.0","Group  1":"0.0","Group  9":"0.0001199211432049908","Group  8":"0.00818486660167127","Group  7":"0.5723035966978638"},"groups":{"Group 13":["Botan 1.5.6 & 1.11.29 & 2.1.0","Feitian JavaCOS A22 & A40","Gemalto GCX4 72K","HSM SafeNet Luna SA-1700","LibTomCrypt 1.17","Libgcrypt 1.6.0 & 1.6.5 & 1.7.6","Libgcrypt 1.6.0 FIPS & 1.6.5 FIPS","Nettle 3.2 & 3.3","Oberthur Cosmo 64","OpenSSL FIPS 2.0.12 & 2.0.14","PGPSDK 4","WolfSSL 2.0rc1 & 3.9.0 & 3.10.2","cryptlib 3.4.3 & 3.4.3.1"],"Group 12":["Bouncy Castle 1.53 (Java)","Cryptix JCE 20050328","FlexiProvider 1.7p7","HSM Utimaco Security Server Se50","Nettle 2.0","PolarSSL 0.10.0","PuTTY 0.67","SunRsaSign OpenJDK 1.8.0","mbedTLS 1.3.19 & 2.2.1 & 2.4.2"],"Group 11":["Bouncy Castle 1.54 (Java)","Crypto++ 5.6.0 & 5.6.3 & 5.6.5","Libgcrypt 1.7.6 FIPS","Microsoft CryptoAPI & CNG & .NET"],"Group 10":["NXP J2D081 & J2E145G","YubiKey NEO"],"Group  6":["Oberthur Cosmo Dual 72K"],"Group  5":["NXP J2A080 & J2A081 & J3A081 & JCOP 41 V2.2.1"],"Group  4":["Gemalto GXP E64"],"Group  3":["GNU Crypto 2.0.1"],"Group  2":["G&D SmartCafe 4.x & 6.0"],"Group  1":["G&D SmartCafe 3.2"],"Group  9":["Infineon JTOP 80K","YubiKey 4 & 4 Nano"],"Group  8":["PGPSDK 4 FIPS"],"Group  7":["OpenSSL 0.9.7 & 1.0.2g & 1.0.2k & 1.1.0e"]},"frequencies":{"1|1|000110":4737,"2|1|100011":11429,"2|1|101101":7124,"1|1|000111":5369,"2|1|101100":7459,"2|1|100010":11958,"2|0|000000":1386,"2|0|000001":1975,"1|0|111010":9167,"1|0|111011":7692,"1|1|011010":53232,"1|1|011011":54701,"2|0|110100":4275,"2|0|110101":3908,"1|0|100001":57892,"1|0|100000":59849,"2|1|100000":12980,"1|1|000100":3702,"2|1|100001":12516,"2|0|000011":3088,"2|0|001101":8581,"2|0|001100":8074,"2|0|000010":2577,"1|1|000101":4266,"2|1|010101":12851,"2|0|011010":14927,"2|1|010100":12446,"2|0|011011":14947,"1|0|100010":55499,"1|0|101100":35318,"1|0|101101":32770,"1|0|100011":53156,"2|1|100110":9971,"1|1|110101":18320,"2|1|100111":9747,"2|0|000101":4147,"2|0|000100":3700,"1|0|111110":2586,"1|1|110100":19757,"1|0|111111":1291,"1|0|100101":49265,"2|0|110001":5407,"2|0|110000":5863,"1|0|010101":41280,"1|0|010100":39079,"2|0|011001":14744,"2|0|011000":14348,"1|0|100100":51312,"2|1|100100":10967,"2|1|100101":10367,"2|0|000110":4722,"2|0|000111":5257,"1|0|111000":12611,"1|0|111001":10926,"2|0|110111":3036,"2|0|110110":3479,"2|0|011111":13266,"2|0|011110":13741,"1|0|100111":44884,"1|0|100110":47306,"1|1|001001":9950,"1|0|001001":9821,"1|0|001000":6988,"1|1|001000":7092,"1|1|110001":25692,"1|1|110000":27299,"1|1|010000":28838,"2|0|011101":13958,"2|1|111111":569,"2|1|111110":624,"2|0|010010":11325,"2|0|011100":14404,"2|0|010011":11782,"1|1|010001":31217,"1|0|101010":38953,"1|0|101011":36950,"1|0|001010":12561,"1|1|001111":26478,"1|0|001011":15548,"1|1|001110":23754,"2|1|101011":8008,"2|1|101010":8198,"1|1|110111":14554,"1|1|110110":16352,"1|1|010010":34032,"1|1|010011":36531,"1|1|011100":56053,"2|0|010001":10737,"2|1|111001":2269,"2|1|111000":2750,"2|0|010000":10250,"1|1|011101":57196,"1|1|000011":3181,"1|1|001100":18156,"1|1|001101":20739,"2|1|101001":8635,"1|1|000010":2529,"2|1|101000":9110,"1|1|111110":2692,"1|1|111111":1263,"2|1|111010":2020,"1|1|011110":59105,"1|1|011111":60338,"2|0|010111":13808,"2|1|001000":5710,"2|1|001001":6445,"2|1|111011":1612,"2|0|010110":13383,"1|0|101111":29474,"1|1|100101":49330,"1|1|100100":51249,"1|0|101110":30955,"1|1|000000":1416,"1|1|000001":2020,"2|1|101111":6259,"2|1|101110":6589,"1|1|110010":23461,"1|1|111101":4309,"1|1|110011":21789,"1|1|111100":5852,"1|1|011000":48489,"1|1|011001":51240,"2|1|001010":7068,"2|0|010100":12190,"2|1|001011":7678,"2|0|010101":12849,"1|0|101001":40952,"1|0|101000":43043,"1|0|000110":4637,"2|0|101101":7132,"2|0|100011":11524,"2|0|101100":7558,"2|0|100010":11838,"2|1|000001":1972,"2|1|000000":1471,"1|1|111011":7528,"1|0|000111":5215,"1|1|111010":9286,"1|0|011011":54471,"2|1|110100":4192,"1|0|011010":53062,"2|1|001100":8039,"2|1|110101":3887,"2|1|001101":8697,"1|1|100001":57790,"1|1|100000":60164,"1|0|000000":1386,"2|0|101111":6265,"2|0|101110":6627,"2|1|000111":5286,"2|1|000110":4653,"1|1|111000":13009,"1|0|000001":1951,"1|1|111001":10961,"1|0|011000":48945,"2|1|001110":9361,"2|1|110111":3083,"2|1|001111":9728,"2|1|110110":3509,"1|0|011001":50808,"1|1|100111":45252,"1|1|100110":46860,"1|0|000011":3037,"1|0|001100":18317,"1|0|000010":2550,"2|0|101001":8732,"2|0|101000":9260,"1|0|001101":20706,"2|1|110001":5354,"2|1|110000":5829,"2|1|011001":14904,"2|1|011000":14180,"1|1|010100":39156,"1|1|010101":41773,"1|1|101111":29273,"1|1|101110":31277,"2|0|101010":8252,"1|0|001111":26228,"1|1|001010":12710,"1|0|001110":23825,"1|1|001011":15566,"2|0|101011":7951,"2|1|000011":3072,"2|1|000010":2640,"1|1|010110":43776,"2|1|111101":902,"2|1|110010":5025,"2|1|111100":1323,"2|1|110011":4613,"2|1|011010":15160,"2|1|011011":14713,"1|1|010111":46108,"1|1|101101":32747,"1|1|100011":53436,"1|1|101100":35129,"1|1|100010":55632,"1|0|110001":25474,"2|0|001011":7644,"2|0|001010":7087,"1|0|110000":27586,"2|0|111110":585,"2|0|111111":554,"1|1|101010":39216,"2|1|010010":11172,"2|1|011100":14339,"2|1|011101":13996,"1|0|010001":31734,"1|0|010000":29074,"2|1|010011":11609,"1|1|101011":37414,"1|0|111101":4217,"2|0|100101":10403,"2|0|100100":10880,"1|0|110010":23373,"1|0|110011":21842,"1|0|111100":5871,"2|0|110010":5023,"2|0|111101":933,"2|0|110011":4620,"2|0|111100":1269,"2|1|011111":13101,"1|0|010111":46092,"1|0|010110":43992,"2|1|011110":13482,"1|1|101001":41458,"1|1|101000":43099,"1|0|110100":20207,"1|0|110101":17765,"2|0|100111":9374,"2|0|100110":10029,"2|1|000101":4187,"2|0|001111":9593,"2|1|000100":3630,"2|0|001110":9164,"1|0|011110":58918,"2|0|111011":1640,"2|0|111010":1959,"2|1|010111":13813,"1|0|011111":60400,"2|1|010110":13269,"1|0|110111":14396,"2|0|100001":12391,"2|0|100000":12626,"2|0|001001":6363,"2|0|001000":5732,"1|0|000101":4252,"1|0|000100":3649,"1|0|110110":16294,"1|0|010010":34097,"2|0|111000":2878,"2|0|111001":2429,"1|0|011101":57802,"2|1|010001":10770,"1|0|010011":36448,"1|0|011100":56005,"2|1|010000":10241}}
