{"probability":{"Group 13":"0.07225207047638361","Group 12":"0.040412293685295274","Group 11":"0.12786044290238824","Group 10":"0.00015573905485281888","Group  6":"0.0005453115606928736","Group  5":"0.0","Group  4":"0.002478698708947715","Group  3":"0.00004665004463149109","Group  2":"0.0","Group  1":"0.0","Group  9":"0.00016295406892776363","Group  8":"0.017194362264915365","Group  7":"0.7388914772329649"},"groups":{"Group 13":["Botan 1.5.6 & 1.11.29 & 2.1.0","Feitian JavaCOS A22 & A40","Gemalto GCX4 72K","HSM SafeNet Luna SA-1700","LibTomCrypt 1.17","Libgcrypt 1.6.0 & 1.6.5 & 1.7.6","Libgcrypt 1.6.0 FIPS & 1.6.5 FIPS","Nettle 3.2 & 3.3","Oberthur Cosmo 64","OpenSSL FIPS 2.0.12 & 2.0.14","PGPSDK 4","WolfSSL 2.0rc1 & 3.9.0 & 3.10.2","cryptlib 3.4.3 & 3.4.3.1"],"Group 12":["Bouncy Castle 1.53 (Java)","Cryptix JCE 20050328","FlexiProvider 1.7p7","HSM Utimaco Security Server Se50","Nettle 2.0","PolarSSL 0.10.0","PuTTY 0.67","SunRsaSign OpenJDK 1.8.0","mbedTLS 1.3.19 & 2.2.1 & 2.4.2"],"Group 11":["Bouncy Castle 1.54 (Java)","Crypto++ 5.6.0 & 5.6.3 & 5.6.5","Libgcrypt 1.7.6 FIPS","Microsoft CryptoAPI & CNG & .NET"],"Group 10":["NXP J2D081 & J2E145G","YubiKey NEO"],"Group  6":["Oberthur Cosmo Dual 72K"],"Group  5":["NXP J2A080 & J2A081 & J3A081 & JCOP 41 V2.2.1"],"Group  4":["Gemalto GXP E64"],"Group  3":["GNU Crypto 2.0.1"],"Group  2":["G&D SmartCafe 4.x & 6.0"],"Group  1":["G&D SmartCafe 3.2"],"Group  9":["Infineon JTOP 80K","YubiKey 4 & 4 Nano"],"Group  8":["PGPSDK 4 FIPS"],"Group  7":["OpenSSL 0.9.7 & 1.0.2g & 1.0.2k & 1.1.0e"]},"frequencies":{"1|1|000110":3016,"2|1|100011":7082,"2|1|101101":4446,"1|1|000111":3184,"2|1|101100":4638,"2|1|100010":7458,"2|0|000000":2340,"2|0|000001":2205,"1|0|111010":10709,"1|0|111011":8714,"1|1|011010":57830,"1|1|011011":59891,"2|0|110100":2622,"2|0|110101":2551,"1|0|100001":66415,"1|0|100000":68787,"2|1|100000":8035,"1|1|000100":2677,"2|1|100001":7594,"2|0|000011":2466,"2|0|001101":5053,"2|0|001100":4813,"2|0|000010":2408,"1|1|000101":2738,"2|1|010101":7079,"2|0|011010":8490,"2|1|010100":6993,"2|0|011011":8509,"1|0|100010":63372,"1|0|101100":40027,"1|0|101101":38250,"1|0|100011":60756,"2|1|100110":6303,"1|1|110101":20828,"2|1|100111":5872,"2|0|000101":2788,"2|0|000100":2737,"1|0|111110":2997,"1|1|110100":22964,"1|0|111111":1086,"1|0|100101":55673,"2|0|110001":3415,"2|0|110000":3626,"1|0|010101":44037,"1|0|010100":41470,"2|0|011001":8156,"2|0|011000":8017,"1|0|100100":58667,"2|1|100100":6806,"2|1|100101":6445,"2|0|000110":3077,"2|0|000111":3182,"1|0|111000":14788,"1|0|111001":12816,"2|0|110111":2047,"2|0|110110":2261,"2|0|011111":8130,"2|0|011110":8188,"1|0|100111":51435,"1|0|100110":54182,"1|1|001001":8169,"1|0|001001":8116,"1|0|001000":4872,"1|1|001000":4894,"1|1|110001":28893,"1|1|110000":31503,"1|1|010000":29789,"2|0|011101":8105,"2|1|111111":279,"2|1|111110":471,"2|0|010010":6328,"2|0|011100":8209,"2|0|010011":6720,"1|1|010001":33149,"1|0|101010":44478,"1|0|101011":42524,"1|0|001010":11532,"1|1|001111":26760,"1|0|001011":14735,"1|1|001110":23707,"2|1|101011":4887,"2|1|101010":5154,"1|1|110111":16613,"1|1|110110":18598,"1|1|010010":35550,"1|1|010011":38702,"1|1|011100":61924,"2|0|010001":6205,"2|1|111001":1458,"2|1|111000":1816,"2|0|010000":5829,"1|1|011101":64252,"1|1|000011":2475,"1|1|001100":17684,"1|1|001101":20693,"2|1|101001":5422,"1|1|000010":2415,"2|1|101000":5789,"1|1|111110":2987,"1|1|111111":1113,"2|1|111010":1306,"1|1|011110":66199,"1|1|011111":68596,"2|0|010111":7632,"2|1|001000":3402,"2|1|001001":3808,"2|1|111011":1139,"2|0|010110":7443,"1|0|101111":33602,"1|1|100101":56260,"1|1|100100":58436,"1|0|101110":35670,"1|1|000000":2331,"1|1|000001":2233,"2|1|101111":3876,"2|1|101110":4171,"1|1|110010":27198,"1|1|111101":4949,"1|1|110011":24904,"1|1|111100":6860,"1|1|011000":52195,"1|1|011001":54517,"2|1|001010":4148,"2|0|010100":6856,"2|1|001011":4250,"2|0|010101":7187,"1|0|101001":46590,"1|0|101000":49469,"1|0|000110":3020,"2|0|101101":4374,"2|0|100011":7008,"2|0|101100":4571,"2|0|100010":7409,"2|1|000001":2302,"2|1|000000":2353,"1|1|111011":8764,"1|0|000111":3158,"1|1|111010":11090,"1|0|011011":59764,"2|1|110100":2750,"1|0|011010":57784,"2|1|001100":4750,"2|1|110101":2451,"2|1|001101":4977,"1|1|100001":65667,"1|1|100000":68450,"1|0|000000":2270,"2|0|101111":3999,"2|0|101110":4030,"2|1|000111":3192,"2|1|000110":3068,"1|1|111000":14663,"1|0|000001":2303,"1|1|111001":12835,"1|0|011000":52044,"2|1|001110":5195,"2|1|110111":2075,"2|1|001111":5702,"2|1|110110":2302,"1|0|011001":54939,"1|1|100111":51249,"1|1|100110":53789,"1|0|000011":2483,"1|0|001100":17920,"1|0|000010":2377,"2|0|101001":5395,"2|0|101000":5734,"1|0|001101":20557,"2|1|110001":3413,"2|1|110000":3602,"2|1|011001":8225,"2|1|011000":7888,"1|1|010100":41336,"1|1|010101":43935,"1|1|101111":33257,"1|1|101110":35502,"2|0|101010":5187,"1|0|001111":26803,"1|1|001010":11428,"1|0|001110":23945,"1|1|001011":14711,"2|0|101011":5024,"2|1|000011":2541,"2|1|000010":2386,"1|1|010110":46929,"2|1|111101":680,"2|1|110010":3221,"2|1|111100":895,"2|1|110011":2918,"2|1|011010":8471,"2|1|011011":8383,"1|1|010111":49946,"1|1|101101":37922,"1|1|100011":61535,"1|1|101100":40109,"1|1|100010":63068,"1|0|110001":29351,"2|0|001011":4332,"2|0|001010":4098,"1|0|110000":31521,"2|0|111110":455,"2|0|111111":287,"1|1|101010":44640,"2|1|010010":6439,"2|1|011100":8350,"2|1|011101":8409,"1|0|010001":32610,"1|0|010000":29843,"2|1|010011":6710,"1|1|101011":42018,"1|0|111101":4968,"2|0|100101":6511,"2|0|100100":6896,"1|0|110010":27049,"1|0|110011":24772,"1|0|111100":6914,"2|0|110010":3168,"2|0|111101":675,"2|0|110011":3022,"2|0|111100":909,"2|1|011111":8042,"1|0|010111":49500,"1|0|010110":46562,"2|1|011110":8095,"1|1|101001":47472,"1|1|101000":48767,"1|0|110100":22823,"1|0|110101":20890,"2|0|100111":6012,"2|0|100110":6322,"2|1|000101":2842,"2|0|001111":5492,"2|1|000100":2772,"2|0|001110":5190,"1|0|011110":66614,"2|0|111011":1092,"2|0|111010":1338,"2|1|010111":7694,"1|0|011111":68946,"2|1|010110":7535,"1|0|110111":16784,"2|0|100001":7747,"2|0|100000":8129,"2|0|001001":3798,"2|0|001000":3371,"1|0|000101":2804,"1|0|000100":2676,"1|0|110110":18659,"1|0|010010":35583,"2|0|111000":1755,"2|0|111001":1504,"1|0|011101":63978,"2|1|010001":6151,"1|0|010011":38761,"1|0|011100":61575,"2|1|010000":5834}}
