{"probability":{"Group 13":"0.0049645492175727605","Group 12":"0.028240387685523487","Group 11":"0.31176686196700815","Group 10":"0.0","Group  6":"0.0","Group  5":"0.0","Group  4":"0.001266351136161033","Group  3":"0.000008320971139085904","Group  2":"0.0","Group  1":"0.0","Group  9":"0.0","Group  8":"0.0034152164257891353","Group  7":"0.6503383125968063"},"groups":{"Group 13":["Botan 1.5.6 & 1.11.29 & 2.1.0","Feitian JavaCOS A22 & A40","Gemalto GCX4 72K","HSM SafeNet Luna SA-1700","LibTomCrypt 1.17","Libgcrypt 1.6.0 & 1.6.5 & 1.7.6","Libgcrypt 1.6.0 FIPS & 1.6.5 FIPS","Nettle 3.2 & 3.3","Oberthur Cosmo 64","OpenSSL FIPS 2.0.12 & 2.0.14","PGPSDK 4","WolfSSL 2.0rc1 & 3.9.0 & 3.10.2","cryptlib 3.4.3 & 3.4.3.1"],"Group 12":["Bouncy Castle 1.53 (Java)","Cryptix JCE 20050328","FlexiProvider 1.7p7","HSM Utimaco Security Server Se50","Nettle 2.0","PolarSSL 0.10.0","PuTTY 0.67","SunRsaSign OpenJDK 1.8.0","mbedTLS 1.3.19 & 2.2.1 & 2.4.2"],"Group 11":["Bouncy Castle 1.54 (Java)","Crypto++ 5.6.0 & 5.6.3 & 5.6.5","Libgcrypt 1.7.6 FIPS","Microsoft CryptoAPI & CNG & .NET"],"Group 10":["NXP J2D081 & J2E145G","YubiKey NEO"],"Group  6":["Oberthur Cosmo Dual 72K"],"Group  5":["NXP J2A080 & J2A081 & J3A081 & JCOP 41 V2.2.1"],"Group  4":["Gemalto GXP E64"],"Group  3":["GNU Crypto 2.0.1"],"Group  2":["G&D SmartCafe 4.x & 6.0"],"Group  1":["G&D SmartCafe 3.2"],"Group  9":["Infineon JTOP 80K","YubiKey 4 & 4 Nano"],"Group  8":["PGPSDK 4 FIPS"],"Group  7":["OpenSSL 0.9.7 & 1.0.2g & 1.0.2k & 1.1.0e"]},"frequencies":{"1|1|000110":4939,"2|1|100011":10883,"2|1|101101":6757,"1|1|000111":5458,"2|1|101100":7328,"2|1|100010":11471,"2|0|000000":1618,"2|0|000001":2237,"1|0|111010":11769,"1|0|111011":9680,"1|1|011010":66549,"1|1|011011":69035,"2|0|110100":4037,"2|0|110101":3691,"1|0|100001":73857,"1|0|100000":76850,"2|1|100000":12499,"1|1|000100":3793,"2|1|100001":11958,"2|0|000011":3370,"2|0|001101":8486,"2|0|001100":8191,"2|0|000010":2783,"1|1|000101":4403,"2|1|010101":12788,"2|0|011010":14869,"2|1|010100":12103,"2|0|011011":14572,"1|0|100010":70676,"1|0|101100":45061,"1|0|101101":42050,"1|0|100011":68708,"2|1|100110":9674,"1|1|110101":23485,"2|1|100111":9441,"2|0|000101":4380,"2|0|000100":3944,"1|0|111110":3316,"1|1|110100":25533,"1|0|111111":1302,"1|0|100101":63190,"2|0|110001":5230,"2|0|110000":5648,"1|0|010101":51724,"1|0|010100":48588,"2|0|011001":14397,"2|0|011000":13898,"1|0|100100":66028,"2|1|100100":10619,"2|1|100101":10226,"0|0|011100":1,"2|0|000110":4994,"2|0|000111":5499,"1|0|111000":16214,"1|0|111001":14107,"2|0|110111":2977,"2|0|110110":3417,"2|0|011111":12835,"2|0|011110":13131,"1|0|100111":57619,"1|0|100110":60195,"1|1|001001":11323,"1|0|001001":11342,"1|0|001000":7454,"1|1|001000":7792,"1|1|110001":32619,"1|1|110000":35339,"1|1|010000":35656,"2|0|011101":13598,"2|1|111111":478,"2|1|111110":565,"2|0|010010":11126,"2|0|011100":14168,"2|0|010011":11769,"1|1|010001":38800,"1|0|101010":50045,"1|0|101011":47147,"1|0|001010":14703,"1|1|001111":32412,"1|0|001011":18513,"1|1|001110":29217,"2|1|101011":7586,"2|1|101010":7903,"1|1|110111":18609,"1|1|110110":20980,"1|1|010010":42619,"1|1|010011":45451,"1|1|011100":71149,"2|0|010001":10768,"2|1|111001":2275,"2|1|111000":2707,"2|0|010000":10190,"1|1|011101":73258,"1|1|000011":3267,"1|1|001100":21796,"1|1|001101":25653,"2|1|101001":8397,"1|1|000010":2718,"2|1|101000":8955,"1|1|111110":3255,"1|1|111111":1409,"2|1|111010":1888,"1|1|011110":75137,"1|1|011111":77140,"2|0|010111":13532,"2|1|001000":5983,"2|1|001001":6776,"2|1|111011":1679,"2|0|010110":13303,"1|0|101111":37317,"1|1|100101":62965,"1|1|100100":65651,"1|0|101110":39760,"1|1|000000":1612,"1|1|000001":2377,"2|1|101111":6108,"2|1|101110":6507,"1|1|110010":30395,"1|1|111101":5419,"1|1|110011":27975,"1|1|111100":7483,"1|1|011000":61134,"1|1|011001":64519,"2|1|001010":7256,"2|0|010100":12092,"2|1|001011":7861,"2|0|010101":12556,"1|0|101001":52299,"1|0|101000":55200,"1|0|000110":4929,"2|0|101101":6847,"2|0|100011":11041,"2|0|101100":7237,"2|0|100010":11411,"2|1|000001":2227,"2|1|000000":1695,"1|1|111011":9709,"1|0|000111":5491,"1|1|111010":11771,"1|0|011011":69002,"2|1|110100":3966,"1|0|011010":66778,"2|1|001100":8233,"2|1|110101":3735,"2|1|001101":8720,"1|1|100001":74079,"1|1|100000":77203,"1|0|000000":1698,"2|0|101111":6002,"2|0|101110":6498,"2|1|000111":5397,"2|1|000110":4958,"1|1|111000":16358,"1|0|000001":2154,"1|1|111001":13923,"1|0|011000":61199,"2|1|001110":9129,"2|1|110111":2885,"2|1|001111":9785,"2|1|110110":3364,"1|0|011001":64301,"1|1|100111":57447,"1|1|100110":60497,"1|0|000011":3423,"1|0|001100":21924,"1|0|000010":2791,"2|0|101001":8459,"2|0|101000":8872,"1|0|001101":25420,"2|1|110001":5089,"2|1|110000":5685,"2|1|011001":14448,"2|1|011000":14161,"1|1|010100":49159,"1|1|010101":51702,"1|1|101111":37797,"1|1|101110":39896,"2|0|101010":8179,"1|0|001111":32692,"1|1|001010":14811,"1|0|001110":29045,"1|1|001011":18515,"2|0|101011":7738,"2|1|000011":3279,"2|1|000010":2830,"1|1|010110":55055,"2|1|111101":868,"2|1|110010":4906,"2|1|111100":1171,"2|1|110011":4410,"2|1|011010":14821,"2|1|011011":14554,"1|1|010111":57640,"1|1|101101":42266,"1|1|100011":68462,"1|1|101100":45134,"1|1|100010":71144,"1|0|110001":32159,"2|0|001011":7755,"2|0|001010":7157,"1|0|110000":35117,"2|0|111110":580,"2|0|111111":491,"1|1|101010":50114,"2|1|010010":11178,"2|1|011100":13949,"2|1|011101":13463,"1|0|010001":38964,"1|0|010000":35634,"2|1|010011":11707,"1|1|101011":47322,"1|0|111101":5346,"2|0|100101":9984,"2|0|100100":10442,"1|0|110010":30116,"1|0|110011":28055,"1|0|111100":7510,"2|0|110010":4906,"2|0|111101":916,"2|0|110011":4380,"2|0|111100":1245,"2|1|011111":12611,"1|0|010111":58037,"1|0|010110":55071,"2|1|011110":12949,"1|1|101001":52967,"1|1|101000":55183,"1|0|110100":25764,"1|0|110101":23269,"2|0|100111":9189,"2|0|100110":9675,"2|1|000101":4422,"2|0|001111":9755,"2|1|000100":3922,"2|0|001110":9330,"1|0|011110":74982,"2|0|111011":1577,"2|0|111010":1796,"2|1|010111":13638,"1|0|011111":77402,"2|1|010110":13079,"1|0|110111":18478,"2|0|100001":11785,"2|0|100000":12472,"2|0|001001":6693,"2|0|001000":6236,"1|0|000101":4470,"1|0|000100":3881,"1|0|110110":20889,"1|0|010010":42199,"2|0|111000":2594,"2|0|111001":2289,"1|0|011101":73509,"2|1|010001":10777,"1|0|010011":45373,"1|0|011100":71254,"2|1|010000":10293}}
