{"probability":{"Group 13":"0.35092608853359325","Group 12":"0.11610576046624549","Group 11":"0.02322906945301323","Group 10":"0.0","Group  6":"0.0","Group  5":"0.0007957251166476447","Group  4":"0.0028846593181321026","Group  3":"0.0","Group  2":"0.0","Group  1":"0.0","Group  9":"0.0005207011633866665","Group  8":"0.0009850768665281009","Group  7":"0.5045529190824536"},"groups":{"Group 13":["Botan 1.5.6 & 1.11.29 & 2.1.0","Feitian JavaCOS A22 & A40","Gemalto GCX4 72K","HSM SafeNet Luna SA-1700","LibTomCrypt 1.17","Libgcrypt 1.6.0 & 1.6.5 & 1.7.6","Libgcrypt 1.6.0 FIPS & 1.6.5 FIPS","Nettle 3.2 & 3.3","Oberthur Cosmo 64","OpenSSL FIPS 2.0.12 & 2.0.14","PGPSDK 4","WolfSSL 2.0rc1 & 3.9.0 & 3.10.2","cryptlib 3.4.3 & 3.4.3.1"],"Group 12":["Bouncy Castle 1.53 (Java)","Cryptix JCE 20050328","FlexiProvider 1.7p7","HSM Utimaco Security Server Se50","Nettle 2.0","PolarSSL 0.10.0","PuTTY 0.67","SunRsaSign OpenJDK 1.8.0","mbedTLS 1.3.19 & 2.2.1 & 2.4.2"],"Group 11":["Bouncy Castle 1.54 (Java)","Crypto++ 5.6.0 & 5.6.3 & 5.6.5","Libgcrypt 1.7.6 FIPS","Microsoft CryptoAPI & CNG & .NET"],"Group 10":["NXP J2D081 & J2E145G","YubiKey NEO"],"Group  6":["Oberthur Cosmo Dual 72K"],"Group  5":["NXP J2A080 & J2A081 & J3A081 & JCOP 41 V2.2.1"],"Group  4":["Gemalto GXP E64"],"Group  3":["GNU Crypto 2.0.1"],"Group  2":["G&D SmartCafe 4.x & 6.0"],"Group  1":["G&D SmartCafe 3.2"],"Group  9":["Infineon JTOP 80K","YubiKey 4 & 4 Nano"],"Group  8":["PGPSDK 4 FIPS"],"Group  7":["OpenSSL 0.9.7 & 1.0.2g & 1.0.2k & 1.1.0e"]},"frequencies":{"1|1|000110":1217,"2|1|100011":4206,"2|1|101101":2634,"1|1|000111":1193,"2|1|101100":2801,"2|1|100010":4411,"2|0|000000":1277,"2|0|000001":1322,"1|0|111010":2483,"1|0|111011":2032,"1|1|011010":13492,"1|1|011011":13916,"2|0|110100":1593,"2|0|110101":1453,"1|0|100001":15682,"1|0|100000":16236,"2|1|100000":4868,"1|1|000100":1345,"2|1|100001":4498,"2|0|000011":1202,"2|0|001101":2222,"2|0|001100":1978,"2|0|000010":1204,"1|1|000101":1240,"2|1|010101":3549,"2|0|011010":4163,"2|1|010100":3321,"2|0|011011":4255,"1|0|100010":14905,"1|0|101100":9347,"1|0|101101":8735,"1|0|100011":14553,"2|1|100110":3770,"1|1|110101":4816,"2|1|100111":3532,"2|0|000101":1213,"2|0|000100":1189,"1|0|111110":661,"1|1|110100":5413,"1|0|111111":219,"1|0|100101":13334,"2|0|110001":1959,"2|0|110000":2184,"1|0|010101":10298,"1|0|010100":9654,"2|0|011001":3976,"2|0|011000":3938,"1|0|100100":13887,"2|1|100100":3983,"2|1|100101":3782,"2|0|000110":1263,"2|0|000111":1221,"1|0|111000":3409,"1|0|111001":2963,"2|0|110111":1198,"2|0|110110":1317,"2|0|011111":4789,"2|0|011110":4705,"1|0|100111":12212,"1|0|100110":12911,"1|1|001001":2265,"1|0|001001":2353,"1|0|001000":1481,"1|1|001000":1560,"1|1|110001":6870,"1|1|110000":7318,"1|1|010000":7231,"2|0|011101":4645,"2|1|111111":69,"2|1|111110":188,"2|0|010010":2929,"2|0|011100":4484,"2|0|010011":3243,"1|1|010001":7790,"1|0|101010":10414,"1|0|101011":10066,"1|0|001010":2970,"1|1|001111":6533,"1|0|001011":3738,"1|1|001110":5817,"2|1|101011":2907,"2|1|101010":3067,"1|1|110111":3812,"1|1|110110":4405,"1|1|010010":8594,"1|1|010011":9264,"1|1|011100":14539,"2|0|010001":2780,"2|1|111001":946,"2|1|111000":1011,"2|0|010000":2726,"1|1|011101":15175,"1|1|000011":1204,"1|1|001100":4444,"1|1|001101":5053,"2|1|101001":3220,"1|1|000010":1306,"2|1|101000":3297,"1|1|111110":691,"1|1|111111":206,"2|1|111010":690,"1|1|011110":15774,"1|1|011111":16138,"2|0|010111":3752,"2|1|001000":1254,"2|1|001001":1504,"2|1|111011":584,"2|0|010110":3595,"1|0|101111":7866,"1|1|100101":13276,"1|1|100100":13853,"1|0|101110":8440,"1|1|000000":1318,"1|1|000001":1328,"2|1|101111":2256,"2|1|101110":2526,"1|1|110010":6364,"1|1|111101":1140,"1|1|110011":6027,"1|1|111100":1533,"1|1|011000":12422,"1|1|011001":12798,"2|1|001010":1681,"2|0|010100":3349,"2|1|001011":1815,"2|0|010101":3484,"1|0|101001":11011,"1|0|101000":11818,"1|0|000110":1236,"2|0|101101":2672,"2|0|100011":4359,"2|0|101100":2671,"2|0|100010":4510,"2|1|000001":1299,"2|1|000000":1314,"1|1|111011":1993,"1|0|000111":1192,"1|1|111010":2518,"1|0|011011":13820,"2|1|110100":1637,"1|0|011010":13478,"2|1|001100":2056,"2|1|110101":1439,"2|1|001101":2111,"1|1|100001":15597,"1|1|100000":16376,"1|0|000000":1274,"2|0|101111":2204,"2|0|101110":2494,"2|1|000111":1185,"2|1|000110":1187,"1|1|111000":3572,"1|0|000001":1301,"1|1|111001":2956,"1|0|011000":12266,"2|1|001110":2419,"2|1|110111":1156,"2|1|001111":2523,"2|1|110110":1287,"1|0|011001":12816,"1|1|100111":12084,"1|1|100110":13013,"1|0|000011":1255,"1|0|001100":4533,"1|0|000010":1176,"2|0|101001":3124,"2|0|101000":3482,"1|0|001101":5264,"2|1|110001":2076,"2|1|110000":2123,"2|1|011001":3908,"2|1|011000":3815,"1|1|010100":9752,"1|1|010101":10458,"1|1|101111":7867,"1|1|101110":8332,"2|0|101010":3039,"1|0|001111":6650,"1|1|001010":2923,"1|0|001110":5837,"1|1|001011":3740,"2|0|101011":2964,"2|1|000011":1238,"2|1|000010":1319,"1|1|010110":10921,"2|1|111101":328,"2|1|110010":1872,"2|1|111100":448,"2|1|110011":1726,"2|1|011010":4139,"2|1|011011":4322,"1|1|010111":11692,"1|1|101101":8856,"1|1|100011":14556,"1|1|101100":9406,"1|1|100010":14944,"1|0|110001":6799,"2|0|001011":1808,"2|0|001010":1651,"1|0|110000":7434,"2|0|111110":202,"2|0|111111":59,"1|1|101010":10637,"2|1|010010":2997,"2|1|011100":4458,"2|1|011101":4552,"1|0|010001":7966,"1|0|010000":7242,"2|1|010011":3165,"1|1|101011":9915,"1|0|111101":1131,"2|0|100101":3878,"2|0|100100":4074,"1|0|110010":6436,"1|0|110011":5773,"1|0|111100":1647,"2|0|110010":1901,"2|0|111101":313,"2|0|110011":1718,"2|0|111100":434,"2|1|011111":4850,"1|0|010111":11633,"1|0|010110":11034,"2|1|011110":4539,"1|1|101001":11131,"1|1|101000":11607,"1|0|110100":5311,"1|0|110101":4771,"2|0|100111":3522,"2|0|100110":3624,"2|1|000101":1217,"2|0|001111":2450,"2|1|000100":1215,"2|0|001110":2277,"1|0|011110":15799,"2|0|111011":605,"2|0|111010":734,"2|1|010111":3759,"1|0|011111":16207,"2|1|010110":3614,"1|0|110111":3893,"2|0|100001":4733,"2|0|100000":4792,"2|0|001001":1466,"2|0|001000":1301,"1|0|000101":1255,"1|0|000100":1199,"1|0|110110":4424,"1|0|010010":8574,"2|0|111000":953,"2|0|111001":811,"1|0|011101":14972,"2|1|010001":2671,"1|0|010011":9225,"1|0|011100":14620,"2|1|010000":2675}}
