{"probability":{"Group 13":"0.171923343729254","Group 12":"0.1580022131501685","Group 11":"0.022502179558440995","Group 10":"0.0","Group  6":"0.0005300053903285508","Group  5":"0.0004319729012020046","Group  4":"0.00536376376646225","Group  3":"0.0","Group  2":"0.0000344718742570332","Group  1":"0.0","Group  9":"0.0007880408653835708","Group  8":"0.0","Group  7":"0.6404240087645031"},"groups":{"Group 13":["Botan 1.5.6 & 1.11.29 & 2.1.0","Feitian JavaCOS A22 & A40","Gemalto GCX4 72K","HSM SafeNet Luna SA-1700","LibTomCrypt 1.17","Libgcrypt 1.6.0 & 1.6.5 & 1.7.6","Libgcrypt 1.6.0 FIPS & 1.6.5 FIPS","Nettle 3.2 & 3.3","Oberthur Cosmo 64","OpenSSL FIPS 2.0.12 & 2.0.14","PGPSDK 4","WolfSSL 2.0rc1 & 3.9.0 & 3.10.2","cryptlib 3.4.3 & 3.4.3.1"],"Group 12":["Bouncy Castle 1.53 (Java)","Cryptix JCE 20050328","FlexiProvider 1.7p7","HSM Utimaco Security Server Se50","Nettle 2.0","PolarSSL 0.10.0","PuTTY 0.67","SunRsaSign OpenJDK 1.8.0","mbedTLS 1.3.19 & 2.2.1 & 2.4.2"],"Group 11":["Bouncy Castle 1.54 (Java)","Crypto++ 5.6.0 & 5.6.3 & 5.6.5","Libgcrypt 1.7.6 FIPS","Microsoft CryptoAPI & CNG & .NET"],"Group 10":["NXP J2D081 & J2E145G","YubiKey NEO"],"Group  6":["Oberthur Cosmo Dual 72K"],"Group  5":["NXP J2A080 & J2A081 & J3A081 & JCOP 41 V2.2.1"],"Group  4":["Gemalto GXP E64"],"Group  3":["GNU Crypto 2.0.1"],"Group  2":["G&D SmartCafe 4.x & 6.0"],"Group  1":["G&D SmartCafe 3.2"],"Group  9":["Infineon JTOP 80K","YubiKey 4 & 4 Nano"],"Group  8":["PGPSDK 4 FIPS"],"Group  7":["OpenSSL 0.9.7 & 1.0.2g & 1.0.2k & 1.1.0e"]},"frequencies":{"1|1|000110":3040,"2|1|100011":4920,"2|1|101101":2993,"1|1|000111":3047,"2|1|101100":3134,"2|1|100010":5147,"2|0|000000":3284,"2|0|000001":3359,"1|0|111010":5023,"1|0|111011":4206,"1|1|011010":27548,"1|1|011011":28756,"2|0|110100":1797,"2|0|110101":1651,"1|0|100001":32233,"1|0|100000":33308,"2|1|100000":5674,"1|1|000100":3222,"2|1|100001":5524,"2|0|000011":3204,"2|0|001101":3833,"2|0|001100":3706,"2|0|000010":3352,"1|1|000101":3166,"2|1|010101":4837,"2|0|011010":5336,"2|1|010100":4715,"2|0|011011":5314,"1|0|100010":30905,"1|0|101100":19503,"1|0|101101":18207,"1|0|100011":29686,"2|1|100110":4332,"1|1|110101":9836,"2|1|100111":4166,"2|0|000101":3105,"2|0|000100":3001,"1|0|111110":1309,"1|1|110100":10937,"1|0|111111":446,"1|0|100101":27122,"2|0|110001":2293,"2|0|110000":2428,"1|0|010101":21591,"1|0|010100":20283,"2|0|011001":5110,"2|0|011000":5116,"1|0|100100":28428,"2|1|100100":4599,"2|1|100101":4426,"2|0|000110":3136,"2|0|000111":3103,"1|0|111000":6990,"1|0|111001":6079,"2|0|110111":1272,"2|0|110110":1459,"2|0|011111":5709,"2|0|011110":5699,"1|0|100111":24909,"1|0|100110":26245,"1|1|001001":5340,"1|0|001001":5296,"1|0|001000":3757,"1|1|001000":3716,"1|1|110001":13895,"1|1|110000":14964,"1|1|010000":15432,"2|0|011101":5496,"2|1|111111":77,"2|1|111110":228,"2|0|010010":4411,"2|0|011100":5495,"2|0|010011":4549,"1|1|010001":16649,"1|0|101010":21768,"1|0|101011":20564,"1|0|001010":6810,"1|1|001111":13904,"1|0|001011":8210,"1|1|001110":12098,"2|1|101011":3466,"2|1|101010":3476,"1|1|110111":7900,"1|1|110110":8970,"1|1|010010":17737,"1|1|010011":18840,"1|1|011100":29974,"2|0|010001":4330,"2|1|111001":1065,"2|1|111000":1109,"2|0|010000":4214,"1|1|011101":31198,"1|1|000011":3237,"1|1|001100":9500,"1|1|001101":11047,"2|1|101001":3810,"1|1|000010":3283,"2|1|101000":3938,"1|1|111110":1313,"1|1|111111":471,"2|1|111010":781,"1|1|011110":32438,"1|1|011111":33320,"2|0|010111":5055,"2|1|001000":3081,"2|1|001001":3236,"2|1|111011":657,"2|0|010110":4930,"1|0|101111":16096,"1|1|100101":27358,"1|1|100100":28424,"1|0|101110":17313,"1|1|000000":3315,"1|1|000001":3373,"2|1|101111":2699,"2|1|101110":2852,"1|1|110010":12955,"1|1|111101":2274,"1|1|110011":11912,"1|1|111100":3105,"1|1|011000":25102,"1|1|011001":26323,"2|1|001010":3403,"2|0|010100":4753,"2|1|001011":3576,"2|0|010101":4881,"1|0|101001":22514,"1|0|101000":23819,"1|0|000110":2962,"2|0|101101":3032,"2|0|100011":4919,"2|0|101100":3197,"2|0|100010":5227,"2|1|000001":3231,"2|1|000000":3294,"1|1|111011":4180,"1|0|000111":2991,"1|1|111010":5064,"1|0|011011":28792,"2|1|110100":1807,"1|0|011010":27439,"2|1|001100":3742,"2|1|110101":1629,"2|1|001101":3883,"1|1|100001":32099,"1|1|100000":33088,"1|0|000000":3283,"2|0|101111":2610,"2|0|101110":2845,"2|1|000111":3046,"2|1|000110":3092,"1|1|111000":7071,"1|0|000001":3100,"1|1|111001":6118,"1|0|011000":25240,"2|1|001110":3927,"2|1|110111":1334,"2|1|001111":4017,"2|1|110110":1436,"1|0|011001":26491,"1|1|100111":24747,"1|1|100110":26276,"1|0|000011":3156,"1|0|001100":9540,"1|0|000010":3158,"2|0|101001":3755,"2|0|101000":3972,"1|0|001101":11141,"2|1|110001":2304,"2|1|110000":2543,"2|1|011001":5123,"2|1|011000":5022,"1|1|010100":20277,"1|1|010101":21427,"1|1|101111":16018,"1|1|101110":17049,"2|0|101010":3569,"1|0|001111":13849,"1|1|001010":6649,"1|0|001110":12361,"1|1|001011":8141,"2|0|101011":3442,"2|1|000011":3252,"2|1|000010":3173,"1|1|010110":23048,"2|1|111101":379,"2|1|110010":2095,"2|1|111100":517,"2|1|110011":1931,"2|1|011010":5304,"2|1|011011":5335,"1|1|010111":24263,"1|1|101101":18193,"1|1|100011":29431,"1|1|101100":19446,"1|1|100010":30764,"1|0|110001":13981,"2|0|001011":3465,"2|0|001010":3345,"1|0|110000":15247,"2|0|111110":234,"2|0|111111":78,"1|1|101010":21659,"2|1|010010":4466,"2|1|011100":5494,"2|1|011101":5475,"1|0|010001":16416,"1|0|010000":14981,"2|1|010011":4515,"1|1|101011":20021,"1|0|111101":2329,"2|0|100101":4511,"2|0|100100":4733,"1|0|110010":13102,"1|0|110011":12122,"1|0|111100":3254,"2|0|110010":2099,"2|0|111101":374,"2|0|110011":1905,"2|0|111100":478,"2|1|011111":5699,"1|0|010111":23837,"1|0|010110":22832,"2|1|011110":5636,"1|1|101001":22821,"1|1|101000":23740,"1|0|110100":11009,"1|0|110101":9975,"2|0|100111":4078,"2|0|100110":4203,"2|1|000101":3174,"2|0|001111":4051,"2|1|000100":3198,"2|0|001110":3976,"1|0|011110":32048,"2|0|111011":707,"2|0|111010":837,"2|1|010111":4949,"1|0|011111":33442,"2|1|010110":4989,"1|0|110111":7961,"2|0|100001":5527,"2|0|100000":5723,"2|0|001001":3189,"2|0|001000":3118,"1|0|000101":3103,"1|0|000100":3277,"1|0|110110":8933,"1|0|010010":17621,"2|0|111000":1096,"2|0|111001":938,"1|0|011101":31046,"2|1|010001":4289,"1|0|010011":19089,"1|0|011100":29974,"2|1|010000":4229}}
