{"probability":{"Group 13":"0.09369006762149906","Group 12":"0.27834266320424994","Group 11":"0.044032076993304574","Group 10":"0.0","Group  6":"0.0","Group  5":"0.000756393853488862","Group  4":"0.009341342203569506","Group  3":"0.0","Group  2":"0.0","Group  1":"0.0","Group  9":"0.0008148611619747951","Group  8":"0.0","Group  7":"0.5730225949619133"},"groups":{"Group 13":["Botan 1.5.6 & 1.11.29 & 2.1.0","Feitian JavaCOS A22 & A40","Gemalto GCX4 72K","HSM SafeNet Luna SA-1700","LibTomCrypt 1.17","Libgcrypt 1.6.0 & 1.6.5 & 1.7.6","Libgcrypt 1.6.0 FIPS & 1.6.5 FIPS","Nettle 3.2 & 3.3","Oberthur Cosmo 64","OpenSSL FIPS 2.0.12 & 2.0.14","PGPSDK 4","WolfSSL 2.0rc1 & 3.9.0 & 3.10.2","cryptlib 3.4.3 & 3.4.3.1"],"Group 12":["Bouncy Castle 1.53 (Java)","Cryptix JCE 20050328","FlexiProvider 1.7p7","HSM Utimaco Security Server Se50","Nettle 2.0","PolarSSL 0.10.0","PuTTY 0.67","SunRsaSign OpenJDK 1.8.0","mbedTLS 1.3.19 & 2.2.1 & 2.4.2"],"Group 11":["Bouncy Castle 1.54 (Java)","Crypto++ 5.6.0 & 5.6.3 & 5.6.5","Libgcrypt 1.7.6 FIPS","Microsoft CryptoAPI & CNG & .NET"],"Group 10":["NXP J2D081 & J2E145G","YubiKey NEO"],"Group  6":["Oberthur Cosmo Dual 72K"],"Group  5":["NXP J2A080 & J2A081 & J3A081 & JCOP 41 V2.2.1"],"Group  4":["Gemalto GXP E64"],"Group  3":["GNU Crypto 2.0.1"],"Group  2":["G&D SmartCafe 4.x & 6.0"],"Group  1":["G&D SmartCafe 3.2"],"Group  9":["Infineon JTOP 80K","YubiKey 4 & 4 Nano"],"Group  8":["PGPSDK 4 FIPS"],"Group  7":["OpenSSL 0.9.7 & 1.0.2g & 1.0.2k & 1.1.0e"]},"frequencies":{"1|1|000110":8242,"2|1|100011":7087,"2|1|101101":4185,"1|1|000111":8029,"2|1|101100":4582,"2|1|100010":7347,"2|0|000000":8907,"2|0|000001":8814,"1|0|111010":7037,"1|0|111011":5834,"1|1|011010":38831,"1|1|011011":40673,"2|0|110100":2523,"2|0|110101":2259,"1|0|100001":44171,"1|0|100000":45807,"2|1|100000":8272,"1|1|000100":8552,"2|1|100001":8050,"2|0|000011":8434,"2|0|001101":8472,"2|0|001100":8449,"2|0|000010":8721,"1|1|000101":8358,"2|1|010101":8710,"2|0|011010":8670,"2|1|010100":8649,"2|0|011011":8725,"1|0|100010":42506,"1|0|101100":26691,"1|0|101101":24908,"1|0|100011":40777,"2|1|100110":6576,"1|1|110101":13793,"2|1|100111":6009,"2|0|000101":8303,"2|0|000100":8210,"1|0|111110":1780,"1|1|110100":15006,"1|0|111111":668,"1|0|100101":37646,"2|0|110001":3151,"2|0|110000":3565,"1|0|010101":31460,"1|0|010100":30177,"2|0|011001":8634,"2|0|011000":8616,"1|0|100100":39040,"2|1|100100":6892,"2|1|100101":6621,"2|0|000110":8223,"2|0|000111":8132,"1|0|111000":9475,"1|0|111001":8456,"2|0|110111":1804,"2|0|110110":2077,"2|0|011111":8611,"2|0|011110":8493,"1|0|100111":34178,"1|0|100110":36006,"1|1|001001":10782,"1|0|001001":10956,"1|0|001000":8999,"1|1|001000":8869,"1|1|110001":19153,"1|1|110000":20647,"1|1|010000":23546,"2|0|011101":8432,"2|1|111111":95,"2|1|111110":342,"2|0|010010":8699,"2|0|011100":8503,"2|0|010011":8659,"1|1|010001":25083,"1|0|101010":29447,"1|0|101011":28031,"1|0|001010":12586,"1|1|001111":21655,"1|0|001011":14601,"1|1|001110":19784,"2|1|101011":4821,"2|1|101010":5167,"1|1|110111":11001,"1|1|110110":12286,"1|1|010010":26846,"1|1|010011":28580,"1|1|011100":41725,"2|0|010001":8641,"2|1|111001":1340,"2|1|111000":1565,"2|0|010000":8647,"1|1|011101":43185,"1|1|000011":8582,"1|1|001100":16379,"1|1|001101":18141,"2|1|101001":5330,"1|1|000010":8775,"2|1|101000":5614,"1|1|111110":1836,"1|1|111111":656,"2|1|111010":1132,"1|1|011110":44699,"1|1|011111":45831,"2|0|010111":8678,"2|1|001000":8038,"2|1|001001":8136,"2|1|111011":961,"2|0|010110":8715,"1|0|101111":22312,"1|1|100101":37623,"1|1|100100":39007,"1|0|101110":23411,"1|1|000000":9021,"1|1|000001":8970,"2|1|101111":3793,"2|1|101110":3985,"1|1|110010":17905,"1|1|111101":3093,"1|1|110011":16395,"1|1|111100":4375,"1|1|011000":36375,"1|1|011001":37599,"2|1|001010":8227,"2|0|010100":8836,"2|1|001011":8178,"2|0|010101":8788,"1|0|101001":30868,"1|0|101000":32497,"1|0|000110":8160,"2|0|101101":4286,"2|0|100011":7324,"2|0|101100":4568,"2|0|100010":7451,"2|1|000001":8714,"2|1|000000":9122,"1|1|111011":5651,"1|0|000111":8077,"1|1|111010":7009,"1|0|011011":40234,"2|1|110100":2620,"1|0|011010":38752,"2|1|001100":8513,"2|1|110101":2248,"2|1|001101":8515,"1|1|100001":43965,"1|1|100000":45778,"1|0|000000":8940,"2|0|101111":3720,"2|0|101110":3932,"2|1|000111":7868,"2|1|000110":8160,"1|1|111000":9677,"1|0|000001":8729,"1|1|111001":8171,"1|0|011000":36065,"2|1|001110":8519,"2|1|110111":1839,"2|1|001111":8673,"2|1|110110":2036,"1|0|011001":37268,"1|1|100111":34196,"1|1|100110":35760,"1|0|000011":8562,"1|0|001100":16479,"1|0|000010":8561,"2|0|101001":5388,"2|0|101000":5849,"1|0|001101":18399,"2|1|110001":3207,"2|1|110000":3481,"2|1|011001":8739,"2|1|011000":8739,"1|1|010100":30087,"1|1|010101":31745,"1|1|101111":22218,"1|1|101110":23418,"2|0|101010":5208,"1|0|001111":21648,"1|1|001010":12680,"1|0|001110":20104,"1|1|001011":14331,"2|0|101011":4859,"2|1|000011":8612,"2|1|000010":8738,"1|1|010110":33091,"2|1|111101":512,"2|1|110010":2925,"2|1|111100":716,"2|1|110011":2696,"2|1|011010":8670,"2|1|011011":8474,"1|1|010111":34754,"1|1|101101":25043,"1|1|100011":40495,"1|1|101100":26511,"1|1|100010":42501,"1|0|110001":19239,"2|0|001011":8312,"2|0|001010":8354,"1|0|110000":20581,"2|0|111110":293,"2|0|111111":105,"1|1|101010":29498,"2|1|010010":8515,"2|1|011100":8599,"2|1|011101":8402,"1|0|010001":25000,"1|0|010000":23451,"2|1|010011":8748,"1|1|101011":27665,"1|0|111101":3120,"2|0|100101":6786,"2|0|100100":6940,"1|0|110010":17831,"1|0|110011":16384,"1|0|111100":4405,"2|0|110010":2972,"2|0|111101":502,"2|0|110011":2742,"2|0|111100":735,"2|1|011111":8424,"1|0|010111":34255,"1|0|010110":33160,"2|1|011110":8806,"1|1|101001":31133,"1|1|101000":33038,"1|0|110100":15057,"1|0|110101":13597,"2|0|100111":5912,"2|0|100110":6229,"2|1|000101":8474,"2|0|001111":8371,"2|1|000100":8509,"2|0|001110":8440,"1|0|011110":44393,"2|0|111011":989,"2|0|111010":1122,"2|1|010111":8774,"1|0|011111":45727,"2|1|010110":8763,"1|0|110111":10988,"2|0|100001":7979,"2|0|100000":8245,"2|0|001001":8274,"2|0|001000":8089,"1|0|000101":8516,"1|0|000100":8446,"1|0|110110":12315,"1|0|010010":26826,"2|0|111000":1586,"2|0|111001":1362,"1|0|011101":43223,"2|1|010001":8591,"1|0|010011":28814,"1|0|011100":41967,"2|1|010000":8490}}
