{"probability":{"Group 13":"0.03986309390028253","Group 12":"0.04882449213833182","Group 11":"0.20142214455324195","Group 10":"0.00012310881782389598","Group  6":"0.00029736152793744365","Group  5":"0.0","Group  4":"0.0031260729756972393","Group  3":"0.0","Group  2":"0.0","Group  1":"0.0","Group  9":"0.0002618952085798273","Group  8":"0.010471534411121494","Group  7":"0.6956102964669838"},"groups":{"Group 13":["Botan 1.5.6 & 1.11.29 & 2.1.0","Feitian JavaCOS A22 & A40","Gemalto GCX4 72K","HSM SafeNet Luna SA-1700","LibTomCrypt 1.17","Libgcrypt 1.6.0 & 1.6.5 & 1.7.6","Libgcrypt 1.6.0 FIPS & 1.6.5 FIPS","Nettle 3.2 & 3.3","Oberthur Cosmo 64","OpenSSL FIPS 2.0.12 & 2.0.14","PGPSDK 4","WolfSSL 2.0rc1 & 3.9.0 & 3.10.2","cryptlib 3.4.3 & 3.4.3.1"],"Group 12":["Bouncy Castle 1.53 (Java)","Cryptix JCE 20050328","FlexiProvider 1.7p7","HSM Utimaco Security Server Se50","Nettle 2.0","PolarSSL 0.10.0","PuTTY 0.67","SunRsaSign OpenJDK 1.8.0","mbedTLS 1.3.19 & 2.2.1 & 2.4.2"],"Group 11":["Bouncy Castle 1.54 (Java)","Crypto++ 5.6.0 & 5.6.3 & 5.6.5","Libgcrypt 1.7.6 FIPS","Microsoft CryptoAPI & CNG & .NET"],"Group 10":["NXP J2D081 & J2E145G","YubiKey NEO"],"Group  6":["Oberthur Cosmo Dual 72K"],"Group  5":["NXP J2A080 & J2A081 & J3A081 & JCOP 41 V2.2.1"],"Group  4":["Gemalto GXP E64"],"Group  3":["GNU Crypto 2.0.1"],"Group  2":["G&D SmartCafe 4.x & 6.0"],"Group  1":["G&D SmartCafe 3.2"],"Group  9":["Infineon JTOP 80K","YubiKey 4 & 4 Nano"],"Group  8":["PGPSDK 4 FIPS"],"Group  7":["OpenSSL 0.9.7 & 1.0.2g & 1.0.2k & 1.1.0e"]},"frequencies":{"1|1|000110":9735,"2|1|100011":19097,"2|1|101101":11868,"1|1|000111":10493,"2|1|101100":12754,"2|1|100010":20223,"2|0|000000":5932,"2|0|000001":6234,"1|0|111010":24883,"1|0|111011":20432,"1|1|011010":137665,"1|1|011011":143329,"2|0|110100":7185,"0|1|100110":1,"2|0|110101":6651,"1|0|100001":155437,"1|0|100000":161635,"2|1|100000":21493,"1|1|000100":8178,"2|1|100001":20897,"2|0|000011":7580,"2|0|001101":15105,"2|0|001100":14583,"2|0|000010":6894,"1|1|000101":8792,"2|1|010101":21296,"2|0|011010":24878,"2|1|010100":20583,"2|0|011011":24711,"1|0|100010":149836,"1|0|101100":94726,"1|0|101101":88969,"1|0|100011":143525,"2|1|100110":17050,"1|1|110101":49118,"2|1|100111":16212,"2|0|000101":8832,"2|0|000100":8191,"1|0|111110":6925,"1|1|110100":53678,"1|0|111111":2622,"1|0|100101":132481,"2|0|110001":9269,"2|0|110000":9791,"1|0|010101":105663,"1|0|010100":99811,"2|0|011001":24020,"2|0|011000":23663,"1|0|100100":138352,"2|1|100100":18446,"2|1|100101":17923,"2|0|000110":9519,"2|0|000111":10171,"1|0|111000":34296,"1|0|111001":29753,"2|0|110111":5460,"2|0|110110":5998,"2|0|011111":22220,"2|0|011110":22843,"1|0|100111":120699,"1|0|100110":127081,"1|1|001001":22153,"1|0|001001":22152,"1|0|001000":14405,"1|1|001000":14397,"1|1|110001":68295,"1|1|110000":73814,"1|1|010000":73192,"2|0|011101":23318,"2|1|111111":761,"2|1|111110":1098,"2|0|010010":18910,"2|0|011100":23720,"2|0|010011":19867,"1|1|010001":80128,"1|0|101010":104529,"1|0|101011":99709,"1|0|001010":29906,"1|1|001111":66037,"1|0|001011":37203,"1|1|001110":59183,"2|1|101011":13478,"2|1|101010":14156,"1|1|110111":38947,"1|1|110110":43794,"1|1|010010":86065,"1|1|010011":92949,"1|1|011100":147631,"2|0|010001":18501,"2|1|111001":4036,"2|1|111000":4887,"2|0|010000":17819,"1|1|011101":152827,"1|1|000011":7520,"1|1|001100":44383,"1|1|001101":51608,"2|1|101001":14915,"1|1|000010":6957,"2|1|101000":15546,"1|1|111110":7012,"1|1|111111":2635,"2|1|111010":3577,"1|1|011110":157207,"1|1|011111":162008,"2|0|010111":22820,"2|1|001000":10994,"2|1|001001":12038,"2|1|111011":3000,"2|0|010110":22315,"1|0|101111":78720,"1|1|100101":132407,"1|1|100100":138658,"1|0|101110":84174,"1|1|000000":5873,"1|1|000001":6247,"2|1|101111":10433,"2|1|101110":11389,"1|1|110010":63902,"1|1|111101":11571,"1|1|110011":58692,"1|1|111100":16022,"1|1|011000":125967,"1|1|011001":131883,"2|1|001010":12746,"2|0|010100":20525,"2|1|001011":13754,"2|0|010101":21272,"1|0|101001":110459,"1|0|101000":116161,"1|0|000110":9606,"2|0|101101":12079,"2|0|100011":19375,"2|0|101100":12748,"2|0|100010":20117,"2|1|000001":6428,"2|1|000000":5941,"1|1|111011":20474,"1|0|000111":10291,"1|1|111010":25285,"1|0|011011":142319,"2|1|110100":7289,"0|1|000101":4,"1|0|011010":137740,"2|1|001100":14536,"2|1|110101":6659,"2|1|001101":15235,"1|1|100001":155700,"1|1|100000":161698,"1|0|000000":5869,"2|0|101111":10666,"2|0|101110":11251,"2|1|000111":10261,"2|1|000110":9799,"1|1|111000":34714,"1|0|000001":6168,"1|1|111001":30040,"1|0|011000":125853,"2|1|001110":16184,"2|1|110111":5428,"2|1|001111":17005,"2|1|110110":6057,"1|0|011001":131619,"1|1|100111":120914,"1|1|100110":126334,"1|0|000011":7759,"1|0|001100":44404,"1|0|000010":6944,"2|0|101001":14869,"2|0|101000":15528,"1|0|001101":51674,"2|1|110001":9287,"2|1|110000":9885,"2|1|011001":24039,"0|0|001011":2,"2|1|011000":23625,"1|1|010100":99586,"1|1|010101":105815,"1|1|101111":78733,"1|1|101110":83432,"2|0|101010":14040,"1|0|001111":65997,"1|1|001010":29609,"1|0|001110":58673,"1|1|001011":37046,"2|0|101011":13539,"2|1|000011":7501,"2|1|000010":6850,"1|1|010110":112554,"2|1|111101":1693,"0|1|101010":1,"2|1|110010":8630,"2|1|111100":2256,"2|1|110011":7740,"2|1|011010":24730,"2|1|011011":24245,"1|1|010111":119558,"1|1|101101":88011,"1|1|100011":144429,"1|1|101100":94036,"1|1|100010":149154,"1|0|110001":68582,"2|0|001011":13708,"2|0|001010":12888,"1|0|110000":73598,"2|0|111110":1134,"0|0|101000":1,"2|0|111111":789,"1|1|101010":105473,"2|1|010010":19171,"2|1|011100":23796,"2|1|011101":23321,"1|0|010001":79315,"1|0|010000":72777,"2|1|010011":19724,"1|1|101011":99763,"1|0|111101":11560,"2|0|100101":17658,"2|0|100100":18448,"1|0|110010":63486,"1|0|110011":58404,"1|0|111100":16121,"2|0|110010":8596,"2|0|111101":1748,"2|0|110011":8077,"2|0|111100":2307,"2|1|011111":22255,"1|0|010111":119196,"1|0|010110":112994,"2|1|011110":22625,"1|1|101001":110485,"1|1|101000":115859,"1|0|110100":53832,"1|0|110101":48802,"2|0|100111":16455,"2|0|100110":17113,"2|1|000101":8919,"2|0|001111":16720,"2|1|000100":8252,"2|0|001110":15931,"1|0|011110":158181,"2|0|111011":2857,"0|1|101101":1,"2|0|111010":3438,"2|1|010111":22771,"1|0|011111":162369,"2|1|010110":22132,"1|0|110111":39376,"2|0|100001":21062,"2|0|100000":21902,"2|0|001001":11883,"2|0|001000":11108,"1|0|000101":9044,"1|0|000100":8330,"1|0|110110":44068,"1|0|010010":86628,"2|0|111000":4864,"2|0|111001":4039,"1|0|011101":152303,"2|1|010001":18530,"0|1|001000":4,"1|0|010011":93313,"1|0|011100":147125,"2|1|010000":17786}}
