{"probability":{"Group 13":"0.03460248230950208","Group 12":"0.5119371014836495","Group 11":"0.08058927696296293","Group 10":"0.0","Group  6":"0.0","Group  5":"0.0011192327133968387","Group  4":"0.018978743385368955","Group  3":"0.0","Group  2":"0.0","Group  1":"0.0","Group  9":"0.0017941890940605565","Group  8":"0.0","Group  7":"0.35097897405105916"},"groups":{"Group 13":["Botan 1.5.6 & 1.11.29 & 2.1.0","Feitian JavaCOS A22 & A40","Gemalto GCX4 72K","HSM SafeNet Luna SA-1700","LibTomCrypt 1.17","Libgcrypt 1.6.0 & 1.6.5 & 1.7.6","Libgcrypt 1.6.0 FIPS & 1.6.5 FIPS","Nettle 3.2 & 3.3","Oberthur Cosmo 64","OpenSSL FIPS 2.0.12 & 2.0.14","PGPSDK 4","WolfSSL 2.0rc1 & 3.9.0 & 3.10.2","cryptlib 3.4.3 & 3.4.3.1"],"Group 12":["Bouncy Castle 1.53 (Java)","Cryptix JCE 20050328","FlexiProvider 1.7p7","HSM Utimaco Security Server Se50","Nettle 2.0","PolarSSL 0.10.0","PuTTY 0.67","SunRsaSign OpenJDK 1.8.0","mbedTLS 1.3.19 & 2.2.1 & 2.4.2"],"Group 11":["Bouncy Castle 1.54 (Java)","Crypto++ 5.6.0 & 5.6.3 & 5.6.5","Libgcrypt 1.7.6 FIPS","Microsoft CryptoAPI & CNG & .NET"],"Group 10":["NXP J2D081 & J2E145G","YubiKey NEO"],"Group  6":["Oberthur Cosmo Dual 72K"],"Group  5":["NXP J2A080 & J2A081 & J3A081 & JCOP 41 V2.2.1"],"Group  4":["Gemalto GXP E64"],"Group  3":["GNU Crypto 2.0.1"],"Group  2":["G&D SmartCafe 4.x & 6.0"],"Group  1":["G&D SmartCafe 3.2"],"Group  9":["Infineon JTOP 80K","YubiKey 4 & 4 Nano"],"Group  8":["PGPSDK 4 FIPS"],"Group  7":["OpenSSL 0.9.7 & 1.0.2g & 1.0.2k & 1.1.0e"]},"frequencies":{"1|1|000110":6645,"2|1|100011":4002,"2|1|101101":2317,"1|1|000111":6350,"2|1|101100":2469,"2|1|100010":4409,"2|0|000000":7100,"2|0|000001":7010,"1|0|111010":2127,"1|0|111011":1814,"1|1|011010":13391,"1|1|011011":13630,"2|0|110100":1457,"2|0|110101":1267,"1|0|100001":14046,"1|0|100000":14825,"2|1|100000":4720,"1|1|000100":6810,"2|1|100001":4419,"2|0|000011":6936,"2|0|001101":6260,"2|0|001100":6367,"2|0|000010":7075,"1|1|000101":6666,"2|1|010101":5886,"2|0|011010":5263,"2|1|010100":5862,"2|0|011011":5239,"1|0|100010":13443,"1|0|101100":8275,"1|0|101101":7975,"1|0|100011":13183,"2|1|100110":3505,"1|1|110101":4246,"2|1|100111":3373,"2|0|000101":6711,"2|0|000100":6578,"1|0|111110":547,"1|1|110100":4653,"1|0|111111":176,"1|0|100101":11931,"2|0|110001":1813,"2|0|110000":1922,"1|0|010101":11858,"1|0|010100":11816,"2|0|011001":5565,"2|0|011000":5538,"1|0|100100":12397,"2|1|100100":3796,"2|1|100101":3743,"2|0|000110":6659,"2|0|000111":6450,"1|0|111000":2930,"1|0|111001":2583,"2|0|110111":999,"2|0|110110":1148,"2|0|011111":4847,"2|0|011110":4891,"1|0|100111":10710,"1|0|100110":11156,"1|1|001001":6990,"1|0|001001":7173,"1|0|001000":6644,"1|1|001000":6565,"1|1|110001":6045,"1|1|110000":6580,"1|1|010000":10128,"2|0|011101":5086,"2|1|111111":57,"2|1|111110":166,"2|0|010010":6042,"2|0|011100":5141,"2|0|010011":5882,"1|1|010001":10429,"1|0|101010":9439,"1|0|101011":8731,"1|0|001010":7694,"1|1|001111":9759,"1|0|001011":8082,"1|1|001110":9324,"2|1|101011":2665,"2|1|101010":2867,"1|1|110111":3361,"1|1|110110":3992,"1|1|010010":10930,"1|1|010011":11194,"1|1|011100":14080,"2|0|010001":6105,"2|1|111001":779,"2|1|111000":896,"2|0|010000":6257,"1|1|011101":14360,"1|1|000011":6882,"1|1|001100":8337,"1|1|001101":8815,"2|1|101001":2943,"1|1|000010":7045,"2|1|101000":3148,"1|1|111110":587,"1|1|111111":192,"2|1|111010":616,"1|1|011110":14581,"1|1|011111":14795,"2|0|010111":5587,"2|1|001000":6433,"2|1|001001":6452,"2|1|111011":506,"2|0|010110":5873,"1|0|101111":6893,"1|1|100101":12106,"1|1|100100":12438,"1|0|101110":7290,"1|1|000000":7217,"1|1|000001":7071,"2|1|101111":2028,"2|1|101110":2186,"1|1|110010":5504,"1|1|111101":988,"1|1|110011":5006,"1|1|111100":1398,"1|1|011000":13006,"1|1|011001":13191,"2|1|001010":6513,"2|0|010100":5953,"2|1|001011":6395,"2|0|010101":5822,"1|0|101001":9769,"1|0|101000":10327,"1|0|000110":6518,"2|0|101101":2405,"2|0|100011":4178,"2|0|101100":2548,"2|0|100010":4192,"2|1|000001":6944,"2|1|000000":7308,"1|1|111011":1762,"1|0|000111":6434,"1|1|111010":2193,"1|0|011011":13585,"2|1|110100":1401,"1|0|011010":13502,"2|1|001100":6164,"2|1|110101":1217,"2|1|001101":6295,"1|1|100001":14006,"1|1|100000":14688,"1|0|000000":7188,"2|0|101111":2135,"2|0|101110":2184,"2|1|000111":6356,"2|1|000110":6602,"1|1|111000":3033,"1|0|000001":6988,"1|1|111001":2564,"1|0|011000":12799,"2|1|001110":6187,"2|1|110111":979,"2|1|001111":6233,"2|1|110110":1127,"1|0|011001":13099,"1|1|100111":10914,"1|1|100110":11352,"1|0|000011":6877,"1|0|001100":8550,"1|0|000010":6750,"2|0|101001":2973,"2|0|101000":3240,"1|0|001101":8882,"2|1|110001":1720,"2|1|110000":1907,"2|1|011001":5264,"2|1|011000":5551,"1|1|010100":11733,"1|1|010101":11797,"1|1|101111":6937,"1|1|101110":7177,"2|0|101010":2803,"1|0|001111":9685,"1|1|001010":7560,"1|0|001110":9220,"1|1|001011":7814,"2|0|101011":2677,"2|1|000011":6954,"2|1|000010":7064,"1|1|010110":12277,"2|1|111101":318,"2|1|110010":1574,"2|1|111100":420,"2|1|110011":1510,"2|1|011010":5310,"2|1|011011":5254,"1|1|010111":12722,"1|1|101101":8068,"1|1|100011":13097,"1|1|101100":8447,"1|1|100010":13599,"1|0|110001":6165,"2|0|001011":6244,"2|0|001010":6457,"1|0|110000":6592,"2|0|111110":178,"2|0|111111":62,"1|1|101010":9403,"2|1|010010":6016,"2|1|011100":5174,"2|1|011101":5123,"1|0|010001":10331,"1|0|010000":10135,"2|1|010011":5888,"1|1|101011":8866,"1|0|111101":1003,"2|0|100101":3683,"2|0|100100":3796,"1|0|110010":5555,"1|0|110011":5060,"1|0|111100":1361,"2|0|110010":1548,"2|0|111101":280,"2|0|110011":1471,"2|0|111100":392,"2|1|011111":4813,"1|0|010111":12529,"1|0|010110":12186,"2|1|011110":4973,"1|1|101001":9918,"1|1|101000":10248,"1|0|110100":4704,"1|0|110101":4245,"2|0|100111":3212,"2|0|100110":3468,"2|1|000101":6650,"2|0|001111":6157,"2|1|000100":6790,"2|0|001110":6254,"1|0|011110":14583,"2|0|111011":538,"2|0|111010":615,"2|1|010111":5692,"1|0|011111":14726,"2|1|010110":5693,"1|0|110111":3307,"2|0|100001":4421,"2|0|100000":4743,"2|0|001001":6515,"2|0|001000":6364,"1|0|000101":6656,"1|0|000100":6868,"1|0|110110":3847,"1|0|010010":11123,"2|0|111000":854,"2|0|111001":714,"1|0|011101":14202,"2|1|010001":6073,"1|0|010011":11038,"1|0|011100":14245,"2|1|010000":6151}}
