{"probability":{"Group 13":"0.10335338876460852","Group 12":"0.1600094253699633","Group 11":"0.026359768783964958","Group 10":"0.00010016102017761042","Group  6":"0.00043095664758121725","Group  5":"0.00105338394814765","Group  4":"0.005809978938097966","Group  3":"0.0","Group  2":"0.0","Group  1":"0.0","Group  9":"0.00038003768277153593","Group  8":"0.0","Group  7":"0.7025028988446874"},"groups":{"Group 13":["Botan 1.5.6 & 1.11.29 & 2.1.0","Feitian JavaCOS A22 & A40","Gemalto GCX4 72K","HSM SafeNet Luna SA-1700","LibTomCrypt 1.17","Libgcrypt 1.6.0 & 1.6.5 & 1.7.6","Libgcrypt 1.6.0 FIPS & 1.6.5 FIPS","Nettle 3.2 & 3.3","Oberthur Cosmo 64","OpenSSL FIPS 2.0.12 & 2.0.14","PGPSDK 4","WolfSSL 2.0rc1 & 3.9.0 & 3.10.2","cryptlib 3.4.3 & 3.4.3.1"],"Group 12":["Bouncy Castle 1.53 (Java)","Cryptix JCE 20050328","FlexiProvider 1.7p7","HSM Utimaco Security Server Se50","Nettle 2.0","PolarSSL 0.10.0","PuTTY 0.67","SunRsaSign OpenJDK 1.8.0","mbedTLS 1.3.19 & 2.2.1 & 2.4.2"],"Group 11":["Bouncy Castle 1.54 (Java)","Crypto++ 5.6.0 & 5.6.3 & 5.6.5","Libgcrypt 1.7.6 FIPS","Microsoft CryptoAPI & CNG & .NET"],"Group 10":["NXP J2D081 & J2E145G","YubiKey NEO"],"Group  6":["Oberthur Cosmo Dual 72K"],"Group  5":["NXP J2A080 & J2A081 & J3A081 & JCOP 41 V2.2.1"],"Group  4":["Gemalto GXP E64"],"Group  3":["GNU Crypto 2.0.1"],"Group  2":["G&D SmartCafe 4.x & 6.0"],"Group  1":["G&D SmartCafe 3.2"],"Group  9":["Infineon JTOP 80K","YubiKey 4 & 4 Nano"],"Group  8":["PGPSDK 4 FIPS"],"Group  7":["OpenSSL 0.9.7 & 1.0.2g & 1.0.2k & 1.1.0e"]},"frequencies":{"1|1|000110":3204,"2|1|100011":3862,"2|1|101101":2282,"1|1|000111":3240,"2|1|101100":2479,"2|1|100010":3999,"2|0|000000":3444,"2|0|000001":3472,"1|0|111010":5435,"1|0|111011":4464,"1|1|011010":29860,"1|1|011011":30833,"2|0|110100":1357,"2|0|110101":1246,"1|0|100001":34497,"1|0|100000":35428,"2|1|100000":4451,"1|1|000100":3295,"2|1|100001":4286,"2|0|000011":3346,"2|0|001101":3551,"2|0|001100":3513,"2|0|000010":3313,"1|1|000101":3312,"2|1|010101":4236,"2|0|011010":4275,"2|1|010100":3897,"2|0|011011":4177,"1|0|100010":33073,"1|0|101100":20741,"1|0|101101":19489,"1|0|100011":31559,"2|1|100110":3335,"1|1|110101":10644,"2|1|100111":3147,"2|0|000101":3360,"2|0|000100":3271,"1|0|111110":1495,"1|1|110100":11820,"1|0|111111":474,"1|0|100101":29065,"2|0|110001":1732,"2|0|110000":1938,"1|0|010101":23025,"1|0|010100":21806,"2|0|011001":4346,"2|0|011000":4141,"1|0|100100":30805,"2|1|100100":3588,"2|1|100101":3556,"2|0|000110":3211,"2|0|000111":3296,"1|0|111000":7504,"1|0|111001":6428,"2|0|110111":1026,"2|0|110110":1100,"2|0|011111":4466,"2|0|011110":4427,"1|0|100111":26810,"1|0|100110":27936,"1|1|001001":5582,"1|0|001001":5463,"1|0|001000":3975,"1|1|001000":3994,"1|1|110001":14961,"1|1|110000":16222,"1|1|010000":16066,"2|0|011101":4423,"2|1|111111":47,"2|1|111110":172,"2|0|010010":3889,"2|0|011100":4237,"2|0|010011":3982,"1|1|010001":17644,"1|0|101010":22991,"1|0|101011":21896,"1|0|001010":7244,"1|1|001111":14673,"1|0|001011":8639,"1|1|001110":12938,"2|1|101011":2646,"2|1|101010":2621,"1|1|110111":8554,"1|1|110110":9504,"1|1|010010":18931,"1|1|010011":20732,"1|1|011100":32062,"2|0|010001":3915,"2|1|111001":738,"2|1|111000":865,"2|0|010000":3960,"1|1|011101":33183,"1|1|000011":3354,"1|1|001100":10207,"1|1|001101":11794,"2|1|101001":2914,"1|1|000010":3442,"2|1|101000":2971,"1|1|111110":1446,"1|1|111111":466,"2|1|111010":672,"1|1|011110":34317,"1|1|011111":35637,"2|0|010111":4293,"2|1|001000":3145,"2|1|001001":3234,"2|1|111011":552,"2|0|010110":4209,"1|0|101111":17320,"1|1|100101":29271,"1|1|100100":30495,"1|0|101110":18360,"1|1|000000":3423,"1|1|000001":3478,"2|1|101111":2032,"2|1|101110":2176,"1|1|110010":13946,"1|1|111101":2475,"1|1|110011":12750,"1|1|111100":3368,"1|1|011000":26985,"1|1|011001":28364,"2|1|001010":3346,"2|0|010100":4193,"2|1|001011":3374,"2|0|010101":4145,"1|0|101001":24192,"1|0|101000":25146,"1|0|000110":3180,"2|0|101101":2315,"2|0|100011":3893,"2|0|101100":2489,"2|0|100010":4009,"2|1|000001":3394,"2|1|000000":3480,"1|1|111011":4454,"1|0|000111":3167,"1|1|111010":5391,"1|0|011011":30592,"2|1|110100":1397,"1|0|011010":29494,"2|1|001100":3546,"2|1|110101":1217,"2|1|001101":3613,"1|1|100001":34279,"1|1|100000":35485,"1|0|000000":3481,"2|0|101111":2053,"2|0|101110":2096,"2|1|000111":3131,"2|1|000110":3260,"1|1|111000":7416,"1|0|000001":3396,"1|1|111001":6518,"1|0|011000":26878,"2|1|001110":3717,"2|1|110111":1025,"2|1|001111":3689,"2|1|110110":1100,"1|0|011001":28310,"1|1|100111":26494,"1|1|100110":27801,"1|0|000011":3304,"1|0|001100":10134,"1|0|000010":3358,"2|0|101001":2794,"2|0|101000":3084,"1|0|001101":11616,"2|1|110001":1733,"2|1|110000":1878,"2|1|011001":4230,"2|1|011000":4301,"1|1|010100":21451,"1|1|010101":23045,"1|1|101111":17329,"1|1|101110":18319,"2|0|101010":2783,"1|0|001111":14787,"1|1|001010":7172,"1|0|001110":13341,"1|1|001011":8608,"2|0|101011":2617,"2|1|000011":3375,"2|1|000010":3385,"1|1|010110":24136,"2|1|111101":293,"2|1|110010":1585,"2|1|111100":370,"2|1|110011":1551,"2|1|011010":4285,"2|1|011011":4255,"1|1|010111":25559,"1|1|101101":19385,"1|1|100011":31501,"1|1|101100":20609,"1|1|100010":32441,"1|0|110001":15069,"2|0|001011":3438,"2|0|001010":3429,"1|0|110000":16260,"2|0|111110":185,"2|0|111111":58,"1|1|101010":22990,"2|1|010010":3943,"2|1|011100":4437,"2|1|011101":4311,"1|0|010001":17764,"1|0|010000":15992,"2|1|010011":3849,"1|1|101011":21745,"1|0|111101":2479,"2|0|100101":3615,"2|0|100100":3704,"1|0|110010":13959,"1|0|110011":13006,"1|0|111100":3424,"2|0|110010":1626,"2|0|111101":271,"2|0|110011":1526,"2|0|111100":402,"2|1|011111":4364,"1|0|010111":25626,"1|0|010110":24392,"2|1|011110":4470,"1|1|101001":24045,"1|1|101000":25034,"1|0|110100":11573,"1|0|110101":10571,"2|0|100111":3125,"2|0|100110":3249,"2|1|000101":3226,"2|0|001111":3587,"2|1|000100":3286,"2|0|001110":3631,"1|0|011110":34477,"2|0|111011":489,"2|0|111010":629,"2|1|010111":4289,"1|0|011111":35962,"2|1|010110":4214,"1|0|110111":8515,"2|0|100001":4197,"2|0|100000":4331,"2|0|001001":3273,"2|0|001000":3083,"1|0|000101":3278,"1|0|000100":3441,"1|0|110110":9633,"1|0|010010":18919,"2|0|111000":844,"2|0|111001":732,"1|0|011101":33170,"2|1|010001":3941,"1|0|010011":20306,"1|0|011100":31877,"2|1|010000":3706}}
