{"probability":{"Group 13":"0.0789976636569746","Group 12":"0.02751947625192184","Group 11":"0.057835592725277996","Group 10":"0.0","Group  6":"0.00014027772647086124","Group  5":"0.000154044327372316","Group  4":"0.0035537433704195876","Group  3":"0.0","Group  2":"0.0","Group  1":"0.0","Group  9":"0.00029300669678419074","Group  8":"0.005496874156747555","Group  7":"0.8260093210880312"},"groups":{"Group 13":["Botan 1.5.6 & 1.11.29 & 2.1.0","Feitian JavaCOS A22 & A40","Gemalto GCX4 72K","HSM SafeNet Luna SA-1700","LibTomCrypt 1.17","Libgcrypt 1.6.0 & 1.6.5 & 1.7.6","Libgcrypt 1.6.0 FIPS & 1.6.5 FIPS","Nettle 3.2 & 3.3","Oberthur Cosmo 64","OpenSSL FIPS 2.0.12 & 2.0.14","PGPSDK 4","WolfSSL 2.0rc1 & 3.9.0 & 3.10.2","cryptlib 3.4.3 & 3.4.3.1"],"Group 12":["Bouncy Castle 1.53 (Java)","Cryptix JCE 20050328","FlexiProvider 1.7p7","HSM Utimaco Security Server Se50","Nettle 2.0","PolarSSL 0.10.0","PuTTY 0.67","SunRsaSign OpenJDK 1.8.0","mbedTLS 1.3.19 & 2.2.1 & 2.4.2"],"Group 11":["Bouncy Castle 1.54 (Java)","Crypto++ 5.6.0 & 5.6.3 & 5.6.5","Libgcrypt 1.7.6 FIPS","Microsoft CryptoAPI & CNG & .NET"],"Group 10":["NXP J2D081 & J2E145G","YubiKey NEO"],"Group  6":["Oberthur Cosmo Dual 72K"],"Group  5":["NXP J2A080 & J2A081 & J3A081 & JCOP 41 V2.2.1"],"Group  4":["Gemalto GXP E64"],"Group  3":["GNU Crypto 2.0.1"],"Group  2":["G&D SmartCafe 4.x & 6.0"],"Group  1":["G&D SmartCafe 3.2"],"Group  9":["Infineon JTOP 80K","YubiKey 4 & 4 Nano"],"Group  8":["PGPSDK 4 FIPS"],"Group  7":["OpenSSL 0.9.7 & 1.0.2g & 1.0.2k & 1.1.0e"]},"frequencies":{"1|1|000110":1521,"2|1|100011":4435,"2|1|101101":2829,"1|1|000111":1526,"2|1|101100":2920,"2|1|100010":4734,"2|0|000000":1278,"2|0|000001":1129,"1|0|111010":10100,"1|0|111011":8342,"1|1|011010":54434,"1|1|011011":56897,"2|0|110100":1651,"2|0|110101":1597,"1|0|100001":63512,"1|0|100000":65708,"2|1|100000":5180,"1|1|000100":1326,"2|1|100001":4842,"2|0|000011":1259,"2|0|001101":2700,"2|0|001100":2588,"2|0|000010":1164,"1|1|000101":1326,"2|1|010101":4223,"2|0|011010":5012,"2|1|010100":4028,"2|0|011011":5158,"1|0|100010":61004,"1|0|101100":38689,"1|0|101101":36557,"1|0|100011":58396,"2|1|100110":4004,"1|1|110101":19963,"2|1|100111":3685,"2|0|000101":1436,"2|0|000100":1342,"1|0|111110":2676,"1|1|110100":22018,"1|0|111111":1004,"1|0|100101":53779,"2|0|110001":2137,"2|0|110000":2299,"1|0|010101":41042,"1|0|010100":38500,"2|0|011001":4839,"2|0|011000":4804,"1|0|100100":56439,"2|1|100100":4318,"2|1|100101":4187,"2|0|000110":1424,"2|0|000111":1585,"1|0|111000":14192,"1|0|111001":12064,"2|0|110111":1230,"2|0|110110":1391,"2|0|011111":5203,"2|0|011110":5259,"1|0|100111":49466,"1|0|100110":51996,"1|1|001001":6384,"1|0|001001":6319,"1|0|001000":3224,"1|1|001000":3157,"1|1|110001":27930,"1|1|110000":29947,"1|1|010000":27373,"2|0|011101":5126,"2|1|111111":136,"2|1|111110":240,"2|0|010010":3704,"2|0|011100":4985,"2|0|010011":3793,"1|1|010001":30258,"1|0|101010":42520,"1|0|101011":40484,"1|0|001010":9432,"1|1|001111":24133,"1|0|001011":12540,"1|1|001110":21632,"2|1|101011":3154,"2|1|101010":3330,"1|1|110111":16114,"1|1|110110":17967,"1|1|010010":32866,"1|1|010011":35819,"1|1|011100":59172,"2|0|010001":3587,"2|1|111001":903,"2|1|111000":1081,"2|0|010000":3240,"1|1|011101":60872,"1|1|000011":1237,"1|1|001100":15533,"1|1|001101":18486,"2|1|101001":3339,"1|1|000010":1176,"2|1|101000":3615,"1|1|111110":2793,"1|1|111111":966,"2|1|111010":754,"1|1|011110":63540,"1|1|011111":66113,"2|0|010111":4496,"2|1|001000":1685,"2|1|001001":1857,"2|1|111011":682,"2|0|010110":4381,"1|0|101111":32029,"1|1|100101":54025,"1|1|100100":56523,"1|0|101110":34501,"1|1|000000":1347,"1|1|000001":1166,"2|1|101111":2463,"2|1|101110":2710,"1|1|110010":25923,"1|1|111101":4628,"1|1|110011":23954,"1|1|111100":6412,"1|1|011000":48943,"1|1|011001":51603,"2|1|001010":2125,"2|0|010100":4121,"2|1|001011":2387,"2|0|010101":4199,"1|0|101001":45084,"1|0|101000":47359,"1|0|000110":1477,"2|0|101101":2709,"2|0|100011":4515,"2|0|101100":2984,"2|0|100010":4709,"2|1|000001":1151,"2|1|000000":1368,"1|1|111011":8426,"1|0|000111":1511,"1|1|111010":10422,"1|0|011011":56269,"2|1|110100":1683,"1|0|011010":54226,"2|1|001100":2529,"2|1|110101":1489,"2|1|001101":2699,"1|1|100001":63180,"1|1|100000":66042,"1|0|000000":1313,"2|0|101111":2544,"2|0|101110":2554,"2|1|000111":1560,"2|1|000110":1513,"1|1|111000":14007,"1|0|000001":1101,"1|1|111001":12047,"1|0|011000":48961,"2|1|001110":2900,"2|1|110111":1236,"2|1|001111":3158,"2|1|110110":1396,"1|0|011001":51644,"1|1|100111":48973,"1|1|100110":51572,"1|0|000011":1283,"1|0|001100":15464,"1|0|000010":1212,"2|0|101001":3488,"2|0|101000":3755,"1|0|001101":18300,"2|1|110001":2188,"2|1|110000":2230,"2|1|011001":5041,"2|1|011000":4734,"1|1|010100":38281,"1|1|010101":41198,"1|1|101111":32024,"1|1|101110":34168,"2|0|101010":3328,"1|0|001111":24437,"1|1|001010":9413,"1|0|001110":21705,"1|1|001011":12805,"2|0|101011":3169,"2|1|000011":1302,"2|1|000010":1225,"1|1|010110":43862,"2|1|111101":371,"2|1|110010":1907,"2|1|111100":474,"2|1|110011":1780,"2|1|011010":5041,"2|1|011011":5093,"1|1|010111":46654,"1|1|101101":36124,"1|1|100011":59085,"1|1|101100":38613,"1|1|100010":61101,"1|0|110001":27914,"2|0|001011":2325,"2|0|001010":2195,"1|0|110000":30214,"2|0|111110":229,"2|0|111111":152,"1|1|101010":42942,"2|1|010010":3637,"2|1|011100":5159,"2|1|011101":5203,"1|0|010001":30150,"1|0|010000":27166,"2|1|010011":3832,"1|1|101011":40217,"1|0|111101":4656,"2|0|100101":4108,"2|0|100100":4407,"1|0|110010":25926,"1|0|110011":23795,"1|0|111100":6474,"2|0|110010":1952,"2|0|111101":385,"2|0|110011":1941,"2|0|111100":515,"2|1|011111":5237,"1|0|010111":46405,"1|0|010110":43917,"2|1|011110":5219,"1|1|101001":45391,"1|1|101000":46558,"1|0|110100":22029,"1|0|110101":20068,"2|0|100111":3877,"2|0|100110":4087,"2|1|000101":1429,"2|0|001111":2980,"2|1|000100":1351,"2|0|001110":2886,"1|0|011110":63603,"2|0|111011":633,"2|0|111010":760,"2|1|010111":4630,"1|0|011111":65950,"2|1|010110":4370,"1|0|110111":16139,"2|0|100001":5065,"2|0|100000":5152,"2|0|001001":1921,"2|0|001000":1618,"1|0|000101":1381,"1|0|000100":1321,"1|0|110110":17838,"1|0|010010":33087,"2|0|111000":1060,"2|0|111001":924,"1|0|011101":61297,"2|1|010001":3523,"1|0|010011":35768,"1|0|011100":58752,"2|1|010000":3196}}
