{"probability":{"Group 13":"0.0418677352335015","Group 12":"0.047360504632502465","Group 11":"0.18741347859759616","Group 10":"0.0001413241520742447","Group  6":"0.00019730157463239962","Group  5":"0.0","Group  4":"0.0033645355496744428","Group  3":"0.00010064697614477317","Group  2":"0.0","Group  1":"0.0","Group  9":"0.0002085330904273332","Group  8":"0.01563393164121898","Group  7":"0.7037120085522276"},"groups":{"Group 13":["Botan 1.5.6 & 1.11.29 & 2.1.0","Feitian JavaCOS A22 & A40","Gemalto GCX4 72K","HSM SafeNet Luna SA-1700","LibTomCrypt 1.17","Libgcrypt 1.6.0 & 1.6.5 & 1.7.6","Libgcrypt 1.6.0 FIPS & 1.6.5 FIPS","Nettle 3.2 & 3.3","Oberthur Cosmo 64","OpenSSL FIPS 2.0.12 & 2.0.14","PGPSDK 4","WolfSSL 2.0rc1 & 3.9.0 & 3.10.2","cryptlib 3.4.3 & 3.4.3.1"],"Group 12":["Bouncy Castle 1.53 (Java)","Cryptix JCE 20050328","FlexiProvider 1.7p7","HSM Utimaco Security Server Se50","Nettle 2.0","PolarSSL 0.10.0","PuTTY 0.67","SunRsaSign OpenJDK 1.8.0","mbedTLS 1.3.19 & 2.2.1 & 2.4.2"],"Group 11":["Bouncy Castle 1.54 (Java)","Crypto++ 5.6.0 & 5.6.3 & 5.6.5","Libgcrypt 1.7.6 FIPS","Microsoft CryptoAPI & CNG & .NET"],"Group 10":["NXP J2D081 & J2E145G","YubiKey NEO"],"Group  6":["Oberthur Cosmo Dual 72K"],"Group  5":["NXP J2A080 & J2A081 & J3A081 & JCOP 41 V2.2.1"],"Group  4":["Gemalto GXP E64"],"Group  3":["GNU Crypto 2.0.1"],"Group  2":["G&D SmartCafe 4.x & 6.0"],"Group  1":["G&D SmartCafe 3.2"],"Group  9":["Infineon JTOP 80K","YubiKey 4 & 4 Nano"],"Group  8":["PGPSDK 4 FIPS"],"Group  7":["OpenSSL 0.9.7 & 1.0.2g & 1.0.2k & 1.1.0e"]},"frequencies":{"1|1|000110":9412,"2|1|100011":18328,"2|1|101101":11681,"1|1|000111":9997,"2|1|101100":12421,"2|1|100010":19686,"2|0|000000":6034,"2|0|000001":6347,"1|0|111010":25133,"1|0|111011":20707,"1|1|011010":137511,"1|1|011011":143554,"2|0|110100":7076,"2|0|110101":6674,"1|0|100001":156047,"1|0|100000":162314,"2|1|100000":21050,"1|1|000100":8101,"2|1|100001":20380,"2|0|000011":7651,"2|0|001101":14864,"2|0|001100":14276,"2|0|000010":7002,"1|1|000101":8878,"2|1|010101":20478,"2|0|011010":23954,"2|1|010100":19779,"2|0|011011":23970,"1|0|100010":149907,"1|0|101100":94795,"1|0|101101":89398,"1|0|100011":144450,"2|1|100110":16521,"1|1|110101":49440,"2|1|100111":15835,"2|0|000101":8651,"2|0|000100":8184,"1|0|111110":7117,"1|1|110100":53790,"1|0|111111":2746,"1|0|100101":132188,"2|0|110001":9084,"2|0|110000":9575,"1|0|010101":105834,"1|0|010100":99761,"2|0|011001":23144,"2|0|011000":22638,"1|0|100100":138553,"0|0|010011":1,"2|1|100100":17843,"2|1|100101":17362,"2|0|000110":9304,"2|0|000111":9974,"1|0|111000":34621,"1|0|111001":29922,"2|0|110111":5338,"2|0|110110":5869,"2|0|011111":21618,"2|0|011110":21869,"1|0|100111":121668,"1|0|100110":127118,"1|1|001001":21958,"1|0|001001":21849,"1|0|001000":14194,"1|1|001000":14115,"1|1|110001":69018,"1|1|110000":74120,"1|1|010000":73094,"2|0|011101":22342,"2|1|111111":851,"2|1|111110":1141,"2|0|010010":18347,"2|0|011100":22626,"2|0|010011":19339,"1|1|010001":79634,"1|0|101010":104673,"1|0|101011":100004,"1|0|001010":29650,"1|1|001111":65761,"1|0|001011":36925,"1|1|001110":58678,"2|1|101011":13106,"2|1|101010":13886,"1|1|110111":39488,"1|1|110110":44378,"1|1|010010":86397,"1|1|010011":93026,"1|1|011100":147391,"2|0|010001":17856,"2|1|111001":3999,"2|1|111000":4640,"2|0|010000":17005,"1|1|011101":153028,"1|1|000011":7471,"1|1|001100":44165,"1|1|001101":51549,"2|1|101001":14404,"1|1|000010":6936,"2|1|101000":15190,"1|1|111110":6987,"1|1|111111":2788,"2|1|111010":3469,"1|1|011110":157559,"1|1|011111":162472,"2|0|010111":21978,"2|1|001000":10626,"2|1|001001":11642,"2|1|111011":2980,"2|0|010110":21506,"1|0|101111":79487,"1|1|100101":132839,"1|1|100100":139062,"1|0|101110":84432,"1|1|000000":5963,"1|1|000001":6359,"2|1|101111":10213,"2|1|101110":11143,"1|1|110010":63896,"1|1|111101":11533,"1|1|110011":59029,"1|1|111100":16366,"1|1|011000":125943,"1|1|011001":132320,"2|1|001010":12428,"2|0|010100":19682,"2|1|001011":13331,"2|0|010101":20646,"1|0|101001":110870,"1|0|101000":116522,"1|0|000110":9394,"2|0|101101":11632,"2|0|100011":18735,"2|0|101100":12399,"2|0|100010":19419,"2|1|000001":6494,"2|1|000000":6124,"1|1|111011":20732,"1|0|000111":10001,"1|1|111010":25515,"1|0|011011":142807,"2|1|110100":7017,"1|0|011010":138412,"2|1|001100":14068,"2|1|110101":6574,"2|1|001101":14716,"1|1|100001":156252,"1|1|100000":162079,"1|0|000000":6018,"2|0|101111":10427,"2|0|101110":10921,"2|1|000111":10049,"2|1|000110":9531,"1|1|111000":35100,"1|0|000001":6325,"1|1|111001":29872,"1|0|011000":125832,"2|1|001110":15339,"2|1|110111":5227,"2|1|001111":16361,"2|1|110110":5980,"1|0|011001":132013,"1|1|100111":121318,"1|1|100110":126757,"1|0|000011":7620,"1|0|001100":44338,"1|0|000010":6941,"2|0|101001":14281,"2|0|101000":14946,"1|0|001101":51166,"2|1|110001":8978,"2|1|110000":9603,"2|1|011001":23178,"2|1|011000":22753,"1|1|010100":99510,"1|1|010101":105940,"1|1|101111":79029,"1|1|101110":83685,"2|0|101010":13669,"1|0|001111":65828,"1|1|001010":29417,"1|0|001110":58939,"1|1|001011":36904,"2|0|101011":13054,"2|1|000011":7603,"2|1|000010":6874,"1|1|010110":112494,"2|1|111101":1724,"0|1|101010":1,"2|1|110010":8441,"2|1|111100":2265,"2|1|110011":7612,"2|1|011010":23895,"2|1|011011":23265,"1|1|010111":119698,"1|1|101101":88849,"1|1|100011":144801,"1|1|101100":94886,"1|1|100010":149703,"1|0|110001":68941,"2|0|001011":13405,"2|0|001010":12291,"1|0|110000":73785,"2|0|111110":1174,"2|0|111111":886,"1|1|101010":105698,"2|1|010010":18563,"2|1|011100":23077,"2|1|011101":22652,"1|0|010001":79296,"1|0|010000":72700,"2|1|010011":19093,"1|1|101011":99778,"1|0|111101":11738,"2|0|100101":16992,"2|0|100100":17840,"1|0|110010":63716,"1|0|110011":58919,"1|0|111100":16197,"2|0|110010":8371,"2|0|111101":1734,"2|0|110011":7810,"2|0|111100":2290,"2|1|011111":21450,"1|0|010111":118859,"1|0|010110":112656,"2|1|011110":21882,"1|1|101001":110958,"1|1|101000":115961,"1|0|110100":53913,"1|0|110101":49434,"2|0|100111":15873,"2|0|100110":16485,"2|1|000101":8697,"2|0|001111":16241,"2|1|000100":8305,"2|0|001110":15481,"1|0|011110":158056,"2|0|111011":2858,"2|0|111010":3390,"2|1|010111":22185,"1|0|011111":163565,"2|1|010110":21450,"1|0|110111":39649,"2|0|100001":20352,"2|0|100000":21151,"2|0|001001":11605,"2|0|001000":10786,"1|0|000101":8850,"1|0|000100":8154,"1|0|110110":44247,"1|0|010010":86827,"2|0|111000":4658,"2|0|111001":4031,"1|0|011101":153250,"2|1|010001":17682,"1|0|010011":93273,"1|0|011100":147157,"2|1|010000":17306}}
