{"probability":{"Group 13":"0.07031974965643707","Group 12":"0.02651783316463322","Group 11":"0.25371205346314535","Group 10":"0.00011925687844355718","Group  6":"0.0","Group  5":"0.0","Group  4":"0.0030711677682164133","Group  3":"0.00011129010134951015","Group  2":"0.0","Group  1":"0.0","Group  9":"0.00017444032691370695","Group  8":"0.010552559837960777","Group  7":"0.6354216488029004"},"groups":{"Group 13":["Botan 1.5.6 & 1.11.29 & 2.1.0","Feitian JavaCOS A22 & A40","Gemalto GCX4 72K","HSM SafeNet Luna SA-1700","LibTomCrypt 1.17","Libgcrypt 1.6.0 & 1.6.5 & 1.7.6","Libgcrypt 1.6.0 FIPS & 1.6.5 FIPS","Nettle 3.2 & 3.3","Oberthur Cosmo 64","OpenSSL FIPS 2.0.12 & 2.0.14","PGPSDK 4","WolfSSL 2.0rc1 & 3.9.0 & 3.10.2","cryptlib 3.4.3 & 3.4.3.1"],"Group 12":["Bouncy Castle 1.53 (Java)","Cryptix JCE 20050328","FlexiProvider 1.7p7","HSM Utimaco Security Server Se50","Nettle 2.0","PolarSSL 0.10.0","PuTTY 0.67","SunRsaSign OpenJDK 1.8.0","mbedTLS 1.3.19 & 2.2.1 & 2.4.2"],"Group 11":["Bouncy Castle 1.54 (Java)","Crypto++ 5.6.0 & 5.6.3 & 5.6.5","Libgcrypt 1.7.6 FIPS","Microsoft CryptoAPI & CNG & .NET"],"Group 10":["NXP J2D081 & J2E145G","YubiKey NEO"],"Group  6":["Oberthur Cosmo Dual 72K"],"Group  5":["NXP J2A080 & J2A081 & J3A081 & JCOP 41 V2.2.1"],"Group  4":["Gemalto GXP E64"],"Group  3":["GNU Crypto 2.0.1"],"Group  2":["G&D SmartCafe 4.x & 6.0"],"Group  1":["G&D SmartCafe 3.2"],"Group  9":["Infineon JTOP 80K","YubiKey 4 & 4 Nano"],"Group  8":["PGPSDK 4 FIPS"],"Group  7":["OpenSSL 0.9.7 & 1.0.2g & 1.0.2k & 1.1.0e"]},"frequencies":{"1|1|000110":6996,"2|1|100011":19200,"2|1|101101":11851,"1|1|000111":7702,"2|1|101100":12560,"2|1|100010":20004,"2|0|000000":3277,"2|0|000001":3322,"1|0|111010":18574,"1|0|111011":15396,"1|1|011010":104545,"1|1|011011":107712,"2|0|110100":7223,"2|0|110101":6550,"1|0|100001":116512,"1|0|100000":120905,"2|1|100000":22009,"1|1|000100":5492,"2|1|100001":21054,"2|0|000011":4702,"2|0|001101":13156,"2|0|001100":12164,"2|0|000010":4103,"1|1|000101":6297,"2|1|010101":20140,"2|0|011010":23707,"2|1|010100":19340,"2|0|011011":24023,"1|0|100010":111694,"1|0|101100":71015,"1|0|101101":66308,"1|0|100011":107517,"2|1|100110":16873,"1|1|110101":36919,"2|1|100111":16255,"2|0|000101":6145,"2|0|000100":5540,"1|0|111110":5224,"1|1|110100":39938,"1|0|111111":2208,"1|0|100101":99051,"2|0|110001":9214,"2|0|110000":9809,"1|0|010101":80977,"1|0|010100":75532,"2|0|011001":23286,"2|0|011000":22578,"1|0|100100":103303,"2|1|100100":18490,"2|1|100101":17594,"2|0|000110":6937,"2|0|000111":7542,"1|0|111000":25623,"1|0|111001":22345,"2|0|110111":5191,"2|0|110110":5942,"2|0|011111":22200,"2|0|011110":22624,"1|0|100111":90738,"1|0|100110":95452,"1|1|001001":16725,"1|0|001001":16810,"1|0|001000":10774,"1|1|001000":11017,"1|1|110001":51513,"1|1|110000":55415,"1|1|010000":55095,"2|0|011101":23044,"2|1|111111":852,"2|1|111110":1119,"2|0|010010":17552,"2|0|011100":23236,"2|0|010011":18080,"1|1|010001":60162,"1|0|101010":78388,"1|0|101011":74729,"1|0|001010":22504,"1|1|001111":50085,"1|0|001011":28136,"1|1|001110":44698,"2|1|101011":13336,"2|1|101010":13928,"1|1|110111":29366,"1|1|110110":32995,"1|1|010010":65362,"1|1|010011":70592,"1|1|011100":111257,"2|0|010001":16605,"2|1|111001":3900,"2|1|111000":4623,"2|0|010000":15770,"1|1|011101":114424,"1|1|000011":4886,"1|1|001100":33658,"1|1|001101":38971,"2|1|101001":14562,"1|1|000010":4015,"2|1|101000":15455,"1|1|111110":5354,"1|1|111111":2261,"2|1|111010":3373,"1|1|011110":118004,"1|1|011111":121319,"2|0|010111":21720,"2|1|001000":8270,"2|1|001001":9444,"2|1|111011":2766,"2|0|010110":20844,"1|0|101111":59324,"1|1|100101":99648,"1|1|100100":103177,"1|0|101110":62954,"1|1|000000":3326,"1|1|000001":3276,"2|1|101111":10533,"2|1|101110":11225,"1|1|110010":47750,"1|1|111101":8551,"1|1|110011":43822,"1|1|111100":11808,"1|1|011000":94892,"1|1|011001":99666,"2|1|001010":10484,"2|0|010100":19269,"2|1|001011":11597,"2|0|010101":20014,"1|0|101001":82608,"1|0|101000":87074,"1|0|000110":6794,"2|0|101101":11945,"2|0|100011":19325,"2|0|101100":12643,"2|0|100010":19969,"2|1|000001":3264,"2|1|000000":3349,"1|1|111011":15345,"1|0|000111":7561,"1|1|111010":18963,"1|0|011011":107480,"2|1|110100":7240,"1|0|011010":104181,"2|1|001100":12216,"2|1|110101":6602,"2|1|001101":13134,"1|1|100001":116200,"1|1|100000":120751,"1|0|000000":3313,"2|0|101111":10727,"2|0|101110":11191,"2|1|000111":7549,"2|1|000110":6818,"1|1|111000":25977,"1|0|000001":3275,"1|1|111001":22181,"1|0|011000":95440,"2|1|001110":14262,"2|1|110111":5272,"2|1|001111":14962,"2|1|110110":5893,"1|0|011001":99456,"1|1|100111":91146,"1|1|100110":94784,"1|0|000011":4798,"1|0|001100":33556,"1|0|000010":4102,"2|0|101001":14760,"2|0|101000":15565,"1|0|001101":38699,"2|1|110001":9083,"2|1|110000":9956,"2|1|011001":23438,"2|1|011000":22332,"1|1|010100":75946,"1|1|010101":80782,"1|1|101111":58932,"1|1|101110":63145,"2|0|101010":14180,"1|0|001111":49787,"1|1|001010":22301,"1|0|001110":44766,"1|1|001011":28131,"2|0|101011":13412,"2|1|000011":4746,"2|1|000010":4029,"1|1|010110":85748,"2|1|111101":1628,"2|1|110010":8336,"2|1|111100":2190,"2|1|110011":7876,"2|1|011010":23938,"2|1|011011":23723,"1|1|010111":90166,"1|1|101101":66405,"1|1|100011":108043,"1|1|101100":70910,"1|1|100010":112087,"1|0|110001":51550,"2|0|001011":11418,"2|0|001010":10479,"1|0|110000":55516,"2|0|111110":1052,"2|0|111111":862,"1|1|101010":78720,"2|1|010010":17598,"2|1|011100":23335,"2|1|011101":22906,"1|0|010001":60768,"1|0|010000":55253,"2|1|010011":18225,"1|1|101011":74649,"1|0|111101":8570,"2|0|100101":17505,"2|0|100100":18420,"1|0|110010":47644,"1|0|110011":43948,"1|0|111100":11916,"2|0|110010":8473,"2|0|111101":1629,"2|0|110011":7766,"2|0|111100":2186,"2|1|011111":22145,"1|0|010111":89907,"1|0|010110":85669,"2|1|011110":22204,"1|1|101001":83173,"1|1|101000":86354,"1|0|110100":40191,"1|0|110101":36142,"2|0|100111":15972,"2|0|100110":16783,"2|1|000101":6266,"2|0|001111":14796,"2|1|000100":5462,"2|0|001110":14065,"1|0|011110":117936,"2|0|111011":2765,"2|0|111010":3281,"2|1|010111":21943,"1|0|011111":121586,"2|1|010110":20817,"1|0|110111":29202,"2|0|100001":20800,"2|0|100000":21427,"2|0|001001":9439,"2|0|001000":8363,"1|0|000101":6143,"1|0|000100":5499,"1|0|110110":33089,"1|0|010010":65421,"2|0|111000":4774,"2|0|111001":4109,"1|0|011101":114776,"2|1|010001":16786,"1|0|010011":70442,"1|0|011100":111549,"2|1|010000":15854}}
