{"probability":{"Group 13":"0.03773712707859256","Group 12":"0.029890937290249633","Group 11":"0.23168353259135338","Group 10":"0.000035023881788831785","Group  6":"0.000162033121910633","Group  5":"0.0","Group  4":"0.0023383987060094655","Group  3":"0.0001385632890762954","Group  2":"0.0","Group  1":"0.0","Group  9":"0.00013121581603298292","Group  8":"0.005034083513456974","Group  7":"0.6928490847115292"},"groups":{"Group 13":["Botan 1.5.6 & 1.11.29 & 2.1.0","Feitian JavaCOS A22 & A40","Gemalto GCX4 72K","HSM SafeNet Luna SA-1700","LibTomCrypt 1.17","Libgcrypt 1.6.0 & 1.6.5 & 1.7.6","Libgcrypt 1.6.0 FIPS & 1.6.5 FIPS","Nettle 3.2 & 3.3","Oberthur Cosmo 64","OpenSSL FIPS 2.0.12 & 2.0.14","PGPSDK 4","WolfSSL 2.0rc1 & 3.9.0 & 3.10.2","cryptlib 3.4.3 & 3.4.3.1"],"Group 12":["Bouncy Castle 1.53 (Java)","Cryptix JCE 20050328","FlexiProvider 1.7p7","HSM Utimaco Security Server Se50","Nettle 2.0","PolarSSL 0.10.0","PuTTY 0.67","SunRsaSign OpenJDK 1.8.0","mbedTLS 1.3.19 & 2.2.1 & 2.4.2"],"Group 11":["Bouncy Castle 1.54 (Java)","Crypto++ 5.6.0 & 5.6.3 & 5.6.5","Libgcrypt 1.7.6 FIPS","Microsoft CryptoAPI & CNG & .NET"],"Group 10":["NXP J2D081 & J2E145G","YubiKey NEO"],"Group  6":["Oberthur Cosmo Dual 72K"],"Group  5":["NXP J2A080 & J2A081 & J3A081 & JCOP 41 V2.2.1"],"Group  4":["Gemalto GXP E64"],"Group  3":["GNU Crypto 2.0.1"],"Group  2":["G&D SmartCafe 4.x & 6.0"],"Group  1":["G&D SmartCafe 3.2"],"Group  9":["Infineon JTOP 80K","YubiKey 4 & 4 Nano"],"Group  8":["PGPSDK 4 FIPS"],"Group  7":["OpenSSL 0.9.7 & 1.0.2g & 1.0.2k & 1.1.0e"]},"frequencies":{"1|1|000110":7853,"2|1|100011":18356,"2|1|101101":11376,"1|1|000111":8407,"2|1|101100":12154,"2|1|100010":19345,"2|0|000000":3416,"2|0|000001":3871,"1|0|111010":22759,"1|0|111011":18537,"1|1|011010":127075,"1|1|011011":131618,"2|0|110100":6800,"2|0|110101":6359,"1|0|100001":142774,"1|0|100000":148410,"2|1|100000":21074,"1|1|000100":6091,"2|1|100001":20007,"2|0|000011":5550,"2|0|001101":13541,"2|0|001100":12981,"2|0|000010":4682,"1|1|000101":6838,"2|1|010101":20259,"2|0|011010":23750,"2|1|010100":19252,"2|0|011011":23463,"1|0|100010":136918,"1|0|101100":86953,"1|0|101101":81793,"1|0|100011":132030,"2|1|100110":16381,"1|1|110101":45043,"2|1|100111":15554,"2|0|000101":6926,"2|0|000100":6285,"1|0|111110":6274,"1|1|110100":49576,"1|0|111111":2440,"1|0|100101":121555,"2|0|110001":8862,"2|0|110000":9453,"1|0|010101":97486,"1|0|010100":91768,"2|0|011001":23040,"2|0|011000":22253,"1|0|100100":127559,"2|1|100100":17715,"2|1|100101":17090,"2|0|000110":7664,"2|0|000111":8450,"1|0|111000":31581,"1|0|111001":27251,"2|0|110111":5073,"2|0|110110":5702,"2|0|011111":21327,"2|0|011110":21711,"1|0|100111":111133,"1|0|100110":116358,"1|1|001001":19506,"1|0|001001":19521,"1|0|001000":12107,"1|1|001000":12505,"1|1|110001":62842,"1|1|110000":67697,"1|1|010000":66525,"2|0|011101":22281,"2|1|111111":717,"2|1|111110":953,"2|0|010010":17754,"2|0|011100":22848,"2|0|010011":18728,"1|1|010001":72706,"1|0|101010":95948,"1|0|101011":91239,"1|0|001010":26207,"1|1|001111":59892,"1|0|001011":33419,"1|1|001110":53594,"2|1|101011":12763,"2|1|101010":13412,"1|1|110111":35906,"1|1|110110":40564,"1|1|010010":79526,"1|1|010011":85428,"1|1|011100":135828,"2|0|010001":16978,"2|1|111001":3851,"2|1|111000":4480,"2|0|010000":16118,"1|1|011101":139981,"1|1|000011":5466,"1|1|001100":40034,"1|1|001101":46805,"2|1|101001":14072,"1|1|000010":4586,"2|1|101000":14951,"1|1|111110":6285,"1|1|111111":2496,"2|1|111010":3255,"1|1|011110":144006,"1|1|011111":148924,"2|0|010111":21480,"2|1|001000":9212,"2|1|001001":10324,"2|1|111011":2756,"2|0|010110":21200,"1|0|101111":72050,"1|1|100101":121982,"1|1|100100":126864,"1|0|101110":76868,"1|1|000000":3421,"1|1|000001":4049,"2|1|101111":10225,"2|1|101110":10872,"1|1|110010":58428,"1|1|111101":10457,"1|1|110011":53884,"1|1|111100":14472,"1|1|011000":115282,"1|1|011001":121599,"2|1|001010":11194,"2|0|010100":19291,"2|1|001011":12078,"2|0|010101":19990,"1|0|101001":101374,"1|0|101000":106775,"1|0|000110":7672,"2|0|101101":11391,"2|0|100011":18462,"2|0|101100":12071,"2|0|100010":19313,"2|1|000001":3979,"2|1|000000":3469,"1|1|111011":18771,"1|0|000111":8310,"1|1|111010":23124,"1|0|011011":131297,"2|1|110100":6729,"1|0|011010":126726,"2|1|001100":12893,"2|1|110101":6212,"2|1|001101":13687,"1|1|100001":142356,"1|1|100000":148859,"1|0|000000":3456,"2|0|101111":10161,"2|0|101110":10667,"2|1|000111":8287,"2|1|000110":7638,"1|1|111000":31553,"1|0|000001":3898,"1|1|111001":27095,"1|0|011000":115550,"2|1|001110":14446,"2|1|110111":4994,"2|1|001111":15558,"2|1|110110":5670,"1|0|011001":121511,"1|1|100111":110873,"1|1|100110":116314,"1|0|000011":5572,"1|0|001100":40256,"1|0|000010":4745,"2|0|101001":14095,"2|0|101000":14963,"1|0|001101":46409,"2|1|110001":8694,"2|1|110000":9494,"2|1|011001":23013,"2|1|011000":22278,"1|1|010100":91805,"1|1|010101":97404,"1|1|101111":72481,"1|1|101110":76959,"2|0|101010":13595,"1|0|001111":60417,"1|1|001010":26359,"1|0|001110":53685,"1|1|001011":33582,"2|0|101011":12953,"2|1|000011":5353,"2|1|000010":4743,"1|1|010110":103776,"2|1|111101":1476,"2|1|110010":8206,"2|1|111100":2042,"2|1|110011":7403,"2|1|011010":23728,"2|1|011011":23481,"1|1|010111":109738,"1|1|101101":81445,"1|1|100011":132459,"1|1|101100":86776,"1|1|100010":137360,"1|0|110001":62404,"2|0|001011":11994,"2|0|001010":11145,"1|0|110000":67761,"2|0|111110":994,"2|0|111111":756,"1|1|101010":96836,"2|1|010010":17720,"2|1|011100":22842,"2|1|011101":22284,"1|0|010001":72659,"1|0|010000":66659,"2|1|010011":18574,"1|1|101011":90830,"1|0|111101":10409,"2|0|100101":16757,"2|0|100100":17671,"1|0|110010":58248,"1|0|110011":53834,"1|0|111100":14554,"2|0|110010":8165,"2|0|111101":1587,"2|0|110011":7559,"2|0|111100":2094,"2|1|011111":21041,"1|0|010111":109774,"1|0|010110":103566,"2|1|011110":21594,"1|1|101001":102514,"1|1|101000":105970,"1|0|110100":49479,"1|0|110101":45119,"2|0|100111":15585,"2|0|100110":16414,"2|1|000101":6887,"2|0|001111":15154,"2|1|000100":6299,"2|0|001110":14539,"1|0|011110":144512,"2|0|111011":2620,"2|0|111010":3183,"2|1|010111":21673,"1|0|011111":149266,"2|1|010110":20866,"1|0|110111":35989,"2|0|100001":20059,"2|0|100000":20997,"2|0|001001":10386,"2|0|001000":9470,"1|0|000101":6971,"1|0|000100":6178,"1|0|110110":40181,"1|0|010010":79347,"2|0|111000":4387,"2|0|111001":3840,"1|0|011101":140457,"2|1|010001":17030,"1|0|010011":85542,"1|0|011100":135655,"2|1|010000":16133}}
