{"probability":{"Group 13":"0.036182150492209235","Group 12":"0.029361557648389738","Group 11":"0.22824305935266379","Group 10":"0.00010306789411763827","Group  6":"0.0","Group  5":"0.0","Group  4":"0.0011812149278155966","Group  3":"0.00003433835678717474","Group  2":"0.0","Group  1":"0.0","Group  9":"0.0000666070154897999","Group  8":"0.005282577783957153","Group  7":"0.69954542652857"},"groups":{"Group 13":["Botan 1.5.6 & 1.11.29 & 2.1.0","Feitian JavaCOS A22 & A40","Gemalto GCX4 72K","HSM SafeNet Luna SA-1700","LibTomCrypt 1.17","Libgcrypt 1.6.0 & 1.6.5 & 1.7.6","Libgcrypt 1.6.0 FIPS & 1.6.5 FIPS","Nettle 3.2 & 3.3","Oberthur Cosmo 64","OpenSSL FIPS 2.0.12 & 2.0.14","PGPSDK 4","WolfSSL 2.0rc1 & 3.9.0 & 3.10.2","cryptlib 3.4.3 & 3.4.3.1"],"Group 12":["Bouncy Castle 1.53 (Java)","Cryptix JCE 20050328","FlexiProvider 1.7p7","HSM Utimaco Security Server Se50","Nettle 2.0","PolarSSL 0.10.0","PuTTY 0.67","SunRsaSign OpenJDK 1.8.0","mbedTLS 1.3.19 & 2.2.1 & 2.4.2"],"Group 11":["Bouncy Castle 1.54 (Java)","Crypto++ 5.6.0 & 5.6.3 & 5.6.5","Libgcrypt 1.7.6 FIPS","Microsoft CryptoAPI & CNG & .NET"],"Group 10":["NXP J2D081 & J2E145G","YubiKey NEO"],"Group  6":["Oberthur Cosmo Dual 72K"],"Group  5":["NXP J2A080 & J2A081 & J3A081 & JCOP 41 V2.2.1"],"Group  4":["Gemalto GXP E64"],"Group  3":["GNU Crypto 2.0.1"],"Group  2":["G&D SmartCafe 4.x & 6.0"],"Group  1":["G&D SmartCafe 3.2"],"Group  9":["Infineon JTOP 80K","YubiKey 4 & 4 Nano"],"Group  8":["PGPSDK 4 FIPS"],"Group  7":["OpenSSL 0.9.7 & 1.0.2g & 1.0.2k & 1.1.0e"]},"frequencies":{"1|1|000110":7832,"2|1|100011":18320,"2|1|101101":11505,"1|1|000111":8547,"2|1|101100":12193,"2|1|100010":19394,"2|0|000000":3404,"2|0|000001":3985,"1|0|111010":23625,"1|0|111011":19347,"1|1|011010":130844,"1|1|011011":135852,"2|0|110100":6844,"2|0|110101":6242,"1|0|100001":147562,"1|0|100000":153169,"2|1|100000":20973,"1|1|000100":6108,"2|1|100001":20175,"2|0|000011":5508,"2|0|001101":13561,"2|0|001100":12940,"2|0|000010":4808,"1|1|000101":6904,"2|1|010101":20234,"2|0|011010":23903,"2|1|010100":19345,"2|0|011011":23533,"1|0|100010":141134,"1|0|101100":89511,"1|0|101101":84668,"1|0|100011":136410,"2|1|100110":16313,"1|1|110101":46669,"2|1|100111":15622,"2|0|000101":6975,"2|0|000100":6413,"1|0|111110":6554,"1|1|110100":50811,"1|0|111111":2418,"1|0|100101":124900,"2|0|110001":8915,"2|0|110000":9400,"1|0|010101":100827,"1|0|010100":94237,"2|0|011001":22949,"2|0|011000":22329,"1|0|100100":131164,"2|1|100100":17700,"2|1|100101":17149,"0|0|011100":1,"2|0|000110":7742,"2|0|000111":8526,"1|0|111000":32441,"1|0|111001":28383,"2|0|110111":5068,"2|0|110110":5784,"2|0|011111":21548,"2|0|011110":21975,"1|0|100111":114989,"1|0|100110":119775,"1|1|001001":20144,"1|0|001001":19912,"1|0|001000":12286,"1|1|001000":12725,"1|1|110001":64985,"1|1|110000":70199,"1|1|010000":68560,"2|0|011101":22389,"2|1|111111":705,"2|1|111110":952,"2|0|010010":17779,"2|0|011100":22792,"2|0|010011":18601,"1|1|010001":75054,"1|0|101010":99133,"1|0|101011":94581,"1|0|001010":27090,"1|1|001111":61671,"1|0|001011":34326,"1|1|001110":55381,"2|1|101011":12767,"2|1|101010":13440,"1|1|110111":37056,"1|1|110110":41710,"1|1|010010":81862,"1|1|010011":88067,"1|1|011100":139700,"2|0|010001":17080,"2|1|111001":3786,"2|1|111000":4505,"2|0|010000":16127,"1|1|011101":144578,"1|1|000011":5509,"1|1|001100":41145,"1|1|001101":48043,"2|1|101001":14202,"1|1|000010":4753,"2|1|101000":15038,"1|1|111110":6505,"1|1|111111":2564,"2|1|111010":3248,"1|1|011110":148702,"1|1|011111":153545,"2|0|010111":21520,"2|1|001000":9253,"2|1|001001":10352,"2|1|111011":2777,"2|0|010110":21140,"1|0|101111":74309,"1|1|100101":125738,"1|1|100100":130961,"1|0|101110":79598,"1|1|000000":3355,"1|1|000001":4150,"2|1|101111":10206,"2|1|101110":10944,"1|1|110010":60361,"1|1|111101":10838,"1|1|110011":55836,"1|1|111100":15062,"1|1|011000":119027,"1|1|011001":124880,"2|1|001010":11166,"2|0|010100":19229,"2|1|001011":12144,"2|0|010101":20077,"1|0|101001":104286,"1|0|101000":110107,"1|0|000110":7709,"2|0|101101":11469,"2|0|100011":18470,"2|0|101100":12019,"2|0|100010":19306,"2|1|000001":4131,"2|1|000000":3466,"1|1|111011":19398,"1|0|000111":8375,"1|1|111010":23974,"1|0|011011":135032,"2|1|110100":6767,"1|0|011010":130832,"2|1|001100":13003,"2|1|110101":6328,"2|1|001101":13747,"1|1|100001":146779,"1|1|100000":153312,"1|0|000000":3395,"2|0|101111":10223,"2|0|101110":10722,"2|1|000111":8359,"2|1|000110":7729,"1|1|111000":32632,"1|0|000001":3974,"1|1|111001":27886,"1|0|011000":118839,"2|1|001110":14430,"2|1|110111":5025,"2|1|001111":15561,"2|1|110110":5717,"1|0|011001":125111,"1|1|100111":114280,"1|1|100110":120082,"1|0|000011":5640,"1|0|001100":41253,"1|0|000010":4778,"2|0|101001":14065,"2|0|101000":15014,"1|0|001101":47889,"2|1|110001":8748,"2|1|110000":9530,"2|1|011001":23166,"2|1|011000":22405,"1|1|010100":94489,"1|1|010101":100418,"1|1|101111":74731,"1|1|101110":79332,"2|0|101010":13724,"1|0|001111":62054,"1|1|001010":26805,"1|0|001110":55360,"1|1|001011":34372,"2|0|101011":12989,"2|1|000011":5525,"2|1|000010":4891,"1|1|010110":107026,"2|1|111101":1514,"0|1|101010":1,"2|1|110010":8253,"2|1|111100":2033,"2|1|110011":7438,"2|1|011010":23709,"2|1|011011":23457,"1|1|010111":112554,"1|1|101101":84184,"1|1|100011":136845,"1|1|101100":90001,"1|1|100010":141659,"1|0|110001":64637,"2|0|001011":12170,"2|0|001010":11102,"1|0|110000":69989,"2|0|111110":1003,"2|0|111111":734,"1|1|101010":99987,"2|1|010010":17662,"2|1|011100":22809,"2|1|011101":22352,"1|0|010001":74818,"1|0|010000":68551,"2|1|010011":18510,"1|1|101011":94135,"1|0|111101":10835,"2|0|100101":16854,"2|0|100100":17720,"1|0|110010":60133,"1|0|110011":55784,"1|0|111100":15027,"2|0|110010":8116,"2|0|111101":1554,"2|0|110011":7597,"2|0|111100":2087,"2|1|011111":21291,"1|0|010111":112883,"1|0|010110":106433,"2|1|011110":21588,"1|1|101001":105401,"1|1|101000":109624,"1|0|110100":50815,"1|0|110101":46593,"2|0|100111":15550,"2|0|100110":16498,"2|1|000101":7015,"2|0|001111":15319,"2|1|000100":6343,"2|0|001110":14717,"1|0|011110":148999,"2|0|111011":2675,"2|0|111010":3161,"2|1|010111":21750,"1|0|011111":153789,"2|1|010110":21022,"1|0|110111":36823,"2|0|100001":20007,"2|0|100000":21136,"2|0|001001":10450,"2|0|001000":9483,"1|0|000101":7001,"1|0|000100":6312,"1|0|110110":41435,"1|0|010010":81931,"2|0|111000":4404,"2|0|111001":3869,"1|0|011101":144784,"2|1|010001":17089,"1|0|010011":88193,"1|0|011100":139493,"2|1|010000":16241}}
