{"probability":{"Group 13":"0.041839774614718855","Group 12":"0.048718907067864185","Group 11":"0.19899876246203896","Group 10":"0.00009923541424956108","Group  6":"0.00041435770517771187","Group  5":"0.0","Group  4":"0.0029540044484722217","Group  3":"0.00005106160582000059","Group  2":"0.0","Group  1":"0.0","Group  9":"0.00010525414183408303","Group  8":"0.015840976620744043","Group  7":"0.6909776659190803"},"groups":{"Group 13":["Botan 1.5.6 & 1.11.29 & 2.1.0","Feitian JavaCOS A22 & A40","Gemalto GCX4 72K","HSM SafeNet Luna SA-1700","LibTomCrypt 1.17","Libgcrypt 1.6.0 & 1.6.5 & 1.7.6","Libgcrypt 1.6.0 FIPS & 1.6.5 FIPS","Nettle 3.2 & 3.3","Oberthur Cosmo 64","OpenSSL FIPS 2.0.12 & 2.0.14","PGPSDK 4","WolfSSL 2.0rc1 & 3.9.0 & 3.10.2","cryptlib 3.4.3 & 3.4.3.1"],"Group 12":["Bouncy Castle 1.53 (Java)","Cryptix JCE 20050328","FlexiProvider 1.7p7","HSM Utimaco Security Server Se50","Nettle 2.0","PolarSSL 0.10.0","PuTTY 0.67","SunRsaSign OpenJDK 1.8.0","mbedTLS 1.3.19 & 2.2.1 & 2.4.2"],"Group 11":["Bouncy Castle 1.54 (Java)","Crypto++ 5.6.0 & 5.6.3 & 5.6.5","Libgcrypt 1.7.6 FIPS","Microsoft CryptoAPI & CNG & .NET"],"Group 10":["NXP J2D081 & J2E145G","YubiKey NEO"],"Group  6":["Oberthur Cosmo Dual 72K"],"Group  5":["NXP J2A080 & J2A081 & J3A081 & JCOP 41 V2.2.1"],"Group  4":["Gemalto GXP E64"],"Group  3":["GNU Crypto 2.0.1"],"Group  2":["G&D SmartCafe 4.x & 6.0"],"Group  1":["G&D SmartCafe 3.2"],"Group  9":["Infineon JTOP 80K","YubiKey 4 & 4 Nano"],"Group  8":["PGPSDK 4 FIPS"],"Group  7":["OpenSSL 0.9.7 & 1.0.2g & 1.0.2k & 1.1.0e"]},"frequencies":{"1|1|000110":9367,"2|1|100011":18347,"2|1|101101":11611,"1|1|000111":9942,"2|1|101100":12281,"2|1|100010":19612,"2|0|000000":5958,"2|0|000001":6092,"1|0|111010":23840,"1|0|111011":19482,"1|1|011010":130109,"1|1|011011":135666,"2|0|110100":7000,"2|0|110101":6596,"1|0|100001":147602,"1|0|100000":152740,"2|1|100000":21042,"1|1|000100":7986,"2|1|100001":20251,"2|0|000011":7451,"2|0|001101":14646,"2|0|001100":14193,"2|0|000010":6993,"1|1|000101":8696,"2|1|010101":20356,"2|0|011010":23932,"2|1|010100":19743,"2|0|011011":23822,"1|0|100010":141030,"1|0|101100":89428,"1|0|101101":84283,"1|0|100011":136390,"2|1|100110":16297,"1|1|110101":46732,"2|1|100111":15799,"2|0|000101":8593,"2|0|000100":8182,"1|0|111110":6691,"1|1|110100":50928,"1|0|111111":2685,"1|0|100101":125119,"2|0|110001":8917,"2|0|110000":9496,"1|0|010101":100630,"1|0|010100":94670,"2|0|011001":23009,"2|0|011000":22635,"1|0|100100":131396,"2|1|100100":17768,"2|1|100101":17205,"2|0|000110":9262,"2|0|000111":9967,"1|0|111000":32695,"1|0|111001":28374,"2|0|110111":5231,"2|0|110110":5758,"2|0|011111":21536,"2|0|011110":21891,"1|0|100111":115158,"1|0|100110":119963,"1|1|001001":21224,"1|0|001001":21111,"1|0|001000":13649,"1|1|001000":14059,"1|1|110001":64770,"1|1|110000":69819,"1|1|010000":69406,"2|0|011101":22272,"2|1|111111":860,"2|1|111110":1147,"2|0|010010":18364,"2|0|011100":22627,"2|0|010011":19228,"1|1|010001":75794,"1|0|101010":99310,"1|0|101011":94690,"1|0|001010":28351,"1|1|001111":62741,"1|0|001011":35440,"1|1|001110":55822,"2|1|101011":12999,"2|1|101010":13661,"1|1|110111":37206,"1|1|110110":41889,"1|1|010010":82106,"1|1|010011":88327,"1|1|011100":139533,"2|0|010001":17659,"2|1|111001":3982,"2|1|111000":4708,"2|0|010000":16876,"1|1|011101":144720,"1|1|000011":7309,"1|1|001100":42186,"1|1|001101":48826,"2|1|101001":14338,"1|1|000010":6741,"2|1|101000":15101,"1|1|111110":6668,"1|1|111111":2691,"2|1|111010":3448,"1|1|011110":148597,"1|1|011111":153009,"2|0|010111":21873,"2|1|001000":10506,"2|1|001001":11654,"2|1|111011":2993,"2|0|010110":21280,"1|0|101111":74876,"1|1|100101":125604,"1|1|100100":130677,"1|0|101110":79584,"1|1|000000":5932,"1|1|000001":6246,"2|1|101111":10191,"2|1|101110":11128,"1|1|110010":60388,"1|1|111101":11005,"1|1|110011":55691,"1|1|111100":15447,"1|1|011000":119425,"1|1|011001":125162,"2|1|001010":12317,"2|0|010100":19574,"2|1|001011":13162,"2|0|010101":20557,"1|0|101001":104486,"1|0|101000":109991,"1|0|000110":9282,"2|0|101101":11653,"2|0|100011":18532,"2|0|101100":12263,"2|0|100010":19349,"2|1|000001":6438,"2|1|000000":6124,"1|1|111011":19418,"1|0|000111":9914,"1|1|111010":23971,"1|0|011011":135164,"2|1|110100":6868,"1|0|011010":130842,"2|1|001100":14078,"2|1|110101":6585,"2|1|001101":14658,"1|1|100001":146960,"1|1|100000":153086,"1|0|000000":5959,"2|0|101111":10396,"2|0|101110":10863,"2|1|000111":9862,"2|1|000110":9406,"1|1|111000":33074,"1|0|000001":6269,"1|1|111001":28182,"1|0|011000":118808,"2|1|001110":15269,"2|1|110111":5245,"2|1|001111":16289,"2|1|110110":5884,"1|0|011001":124907,"1|1|100111":114208,"1|1|100110":119550,"1|0|000011":7428,"1|0|001100":42317,"1|0|000010":6899,"2|0|101001":14152,"2|0|101000":14932,"1|0|001101":48624,"2|1|110001":8978,"2|1|110000":9531,"2|1|011001":23257,"2|1|011000":22673,"1|1|010100":94676,"1|1|010101":100305,"1|1|101111":74443,"1|1|101110":79115,"2|0|101010":13610,"1|0|001111":62896,"1|1|001010":28272,"1|0|001110":56067,"1|1|001011":35404,"2|0|101011":13011,"2|1|000011":7491,"2|1|000010":6817,"1|1|010110":106956,"2|1|111101":1710,"0|1|101010":1,"2|1|110010":8460,"2|1|111100":2275,"2|1|110011":7561,"2|1|011010":23811,"2|1|011011":23408,"1|1|010111":113247,"1|1|101101":84102,"1|1|100011":136788,"1|1|101100":89575,"1|1|100010":141214,"1|0|110001":65129,"2|0|001011":13313,"2|0|001010":12347,"1|0|110000":70039,"2|0|111110":1189,"2|0|111111":931,"1|1|101010":99835,"2|1|010010":18444,"2|1|011100":23038,"2|1|011101":22479,"1|0|010001":75589,"1|0|010000":68845,"2|1|010011":19087,"1|1|101011":93952,"1|0|111101":11040,"2|0|100101":17021,"2|0|100100":17761,"1|0|110010":60340,"1|0|110011":55611,"1|0|111100":15296,"2|0|110010":8293,"2|0|111101":1735,"2|0|110011":7741,"2|0|111100":2237,"2|1|011111":21304,"1|0|010111":112589,"1|0|010110":106358,"2|1|011110":21672,"1|1|101001":105289,"1|1|101000":109572,"1|0|110100":51002,"1|0|110101":46452,"2|0|100111":15691,"2|0|100110":16507,"2|1|000101":8683,"2|0|001111":16013,"2|1|000100":8136,"2|0|001110":15360,"1|0|011110":149224,"2|0|111011":2936,"2|0|111010":3329,"2|1|010111":22002,"1|0|011111":154477,"2|1|010110":21315,"1|0|110111":37424,"2|0|100001":20115,"2|0|100000":21065,"2|0|001001":11562,"2|0|001000":10653,"1|0|000101":8762,"1|0|000100":8075,"1|0|110110":41689,"1|0|010010":82430,"2|0|111000":4593,"2|0|111001":3994,"1|0|011101":144567,"2|1|010001":17693,"1|0|010011":88350,"1|0|011100":139665,"2|1|010000":17005}}
