{"probability":{"Group 13":"0.06046694816673598","Group 12":"0.0025080080605539984","Group 11":"0.0005745932849940109","Group 10":"0.000049006042353911324","Group  6":"0.0","Group  5":"0.0","Group  4":"0.0018482709167538874","Group  3":"2.024606789372486E-7","Group  2":"0.0002748232870444978","Group  1":"0.00015240360941827944","Group  9":"0.00016067276289439183","Group  8":"0.0021279269383844618","Group  7":"0.9318371444701877"},"groups":{"Group 13":["Botan 1.5.6 & 1.11.29 & 2.1.0","Feitian JavaCOS A22 & A40","Gemalto GCX4 72K","HSM SafeNet Luna SA-1700","LibTomCrypt 1.17","Libgcrypt 1.6.0 & 1.6.5 & 1.7.6","Libgcrypt 1.6.0 FIPS & 1.6.5 FIPS","Nettle 3.2 & 3.3","Oberthur Cosmo 64","OpenSSL FIPS 2.0.12 & 2.0.14","PGPSDK 4","WolfSSL 2.0rc1 & 3.9.0 & 3.10.2","cryptlib 3.4.3 & 3.4.3.1"],"Group 12":["Bouncy Castle 1.53 (Java)","Cryptix JCE 20050328","FlexiProvider 1.7p7","HSM Utimaco Security Server Se50","Nettle 2.0","PolarSSL 0.10.0","PuTTY 0.67","SunRsaSign OpenJDK 1.8.0","mbedTLS 1.3.19 & 2.2.1 & 2.4.2"],"Group 11":["Bouncy Castle 1.54 (Java)","Crypto++ 5.6.0 & 5.6.3 & 5.6.5","Libgcrypt 1.7.6 FIPS","Microsoft CryptoAPI & CNG & .NET"],"Group 10":["NXP J2D081 & J2E145G","YubiKey NEO"],"Group  6":["Oberthur Cosmo Dual 72K"],"Group  5":["NXP J2A080 & J2A081 & J3A081 & JCOP 41 V2.2.1"],"Group  4":["Gemalto GXP E64"],"Group  3":["GNU Crypto 2.0.1"],"Group  2":["G&D SmartCafe 4.x & 6.0"],"Group  1":["G&D SmartCafe 3.2"],"Group  9":["Infineon JTOP 80K","YubiKey 4 & 4 Nano"],"Group  8":["PGPSDK 4 FIPS"],"Group  7":["OpenSSL 0.9.7 & 1.0.2g & 1.0.2k & 1.1.0e"]},"frequencies":{"1|1|000110":16,"2|1|100011":233,"2|1|101101":130,"1|1|000111":16,"2|1|101100":135,"2|1|100010":183,"2|0|000000":16,"2|0|000001":13,"1|0|111010":1000,"1|0|111011":824,"1|1|011010":5455,"1|1|011011":5707,"2|0|110100":68,"2|0|110101":70,"1|0|100001":6356,"1|0|100000":6729,"2|1|100000":231,"1|1|000100":12,"2|1|100001":220,"2|0|000011":14,"2|0|001101":69,"2|0|001100":63,"2|0|000010":17,"1|1|000101":17,"2|1|010101":136,"2|0|011010":170,"2|1|010100":135,"2|0|011011":210,"1|0|100010":6194,"1|0|101100":3959,"1|0|101101":3793,"1|0|100011":5992,"2|1|100110":189,"1|1|110101":1979,"2|1|100111":159,"2|0|000101":11,"2|0|000100":9,"1|0|111110":294,"1|1|110100":2200,"1|0|111111":106,"1|0|100101":5610,"2|0|110001":83,"2|0|110000":101,"1|0|010101":4041,"1|0|010100":3795,"2|0|011001":183,"2|0|011000":172,"1|0|100100":5701,"2|1|100100":186,"2|1|100101":176,"2|0|000110":11,"2|0|000111":17,"1|0|111000":1421,"1|0|111001":1252,"2|0|110111":65,"2|0|110110":62,"2|0|011111":243,"2|0|011110":213,"1|0|100111":5036,"1|0|100110":5140,"1|1|001001":482,"1|0|001001":523,"1|0|001000":198,"1|1|001000":163,"1|1|110001":2901,"1|1|110000":2940,"1|1|010000":2719,"2|0|011101":209,"2|1|111110":13,"2|0|010010":117,"2|0|011100":187,"2|0|010011":123,"1|1|010001":2955,"1|0|101010":4219,"1|0|101011":4057,"1|0|001010":822,"1|1|001111":2283,"1|0|001011":1183,"1|1|001110":2061,"2|1|101011":129,"2|1|101010":160,"1|1|110111":1620,"1|1|110110":1878,"1|1|010010":3305,"1|1|010011":3401,"1|1|011100":5873,"2|0|010001":96,"2|1|111001":41,"2|1|111000":41,"2|0|010000":85,"1|1|011101":6284,"1|1|000011":11,"1|1|001100":1439,"1|1|001101":1822,"2|1|101001":165,"1|1|000010":18,"2|1|101000":157,"1|1|111110":276,"1|1|111111":85,"2|1|111010":41,"1|1|011110":6607,"1|1|011111":6691,"2|0|010111":160,"2|1|001000":14,"2|1|001001":29,"2|1|111011":31,"2|0|010110":145,"1|0|101111":3356,"1|1|100101":5573,"1|1|100100":5680,"1|0|101110":3479,"1|1|000000":18,"1|1|000001":19,"2|1|101111":103,"2|1|101110":120,"1|1|110010":2596,"1|1|111101":512,"1|1|110011":2532,"1|1|111100":619,"1|1|011000":4922,"1|1|011001":5117,"2|1|001010":34,"2|0|010100":134,"2|1|001011":58,"2|0|010101":162,"1|0|101001":4532,"1|0|101000":4925,"1|0|000110":19,"2|0|101101":138,"2|0|100011":190,"2|0|101100":132,"2|0|100010":193,"2|1|000001":8,"2|1|000000":13,"1|1|111011":881,"1|0|000111":15,"1|1|111010":1078,"1|0|011011":5613,"2|1|110100":62,"1|0|011010":5491,"2|1|001100":64,"2|1|110101":73,"2|1|001101":66,"1|1|100001":6492,"1|1|100000":6784,"1|0|000000":19,"2|0|101111":124,"2|0|101110":122,"2|1|000111":14,"2|1|000110":9,"1|1|111000":1477,"1|0|000001":20,"1|1|111001":1204,"1|0|011000":4993,"2|1|001110":79,"2|1|110111":51,"2|1|001111":75,"2|1|110110":52,"1|0|011001":5190,"1|1|100111":5048,"1|1|100110":5265,"1|0|000011":21,"1|0|001100":1490,"1|0|000010":13,"2|0|101001":137,"2|0|101000":160,"1|0|001101":1693,"2|1|110001":90,"2|1|110000":99,"2|1|011001":177,"2|1|011000":157,"1|1|010100":3730,"1|1|010101":4147,"1|1|101111":3248,"1|1|101110":3503,"2|0|101010":155,"1|0|001111":2381,"1|1|001010":810,"1|0|001110":2079,"1|1|001011":1114,"2|0|101011":140,"2|1|000011":12,"2|1|000010":21,"1|1|010110":4308,"2|1|111101":17,"2|1|110010":81,"2|1|111100":28,"2|1|110011":88,"2|1|011010":201,"2|1|011011":206,"1|1|010111":4652,"1|1|101101":3724,"1|1|100011":5915,"1|1|101100":3858,"1|1|100010":6274,"1|0|110001":2908,"2|0|001011":48,"2|0|001010":50,"1|0|110000":3021,"2|0|111110":6,"2|0|111111":2,"1|1|101010":4345,"2|1|010010":120,"2|1|011100":198,"2|1|011101":210,"1|0|010001":3011,"1|0|010000":2753,"2|1|010011":122,"1|1|101011":4207,"1|0|111101":471,"2|0|100101":207,"2|0|100100":206,"1|0|110010":2599,"1|0|110011":2397,"1|0|111100":654,"2|0|110010":78,"2|0|111101":16,"2|0|110011":84,"2|0|111100":20,"2|1|011111":223,"1|0|010111":4775,"1|0|010110":4332,"2|1|011110":218,"1|1|101001":4611,"1|1|101000":4812,"1|0|110100":2182,"1|0|110101":2097,"2|0|100111":171,"2|0|100110":214,"2|1|000101":18,"2|0|001111":87,"2|1|000100":13,"2|0|001110":82,"1|0|011110":6440,"2|0|111011":35,"2|0|111010":45,"2|1|010111":194,"1|0|011111":6536,"2|1|010110":155,"1|0|110111":1615,"2|0|100001":205,"2|0|100000":213,"2|0|001001":35,"2|0|001000":21,"1|0|000101":14,"1|0|000100":16,"1|0|110110":1786,"1|0|010010":3084,"2|0|111000":48,"2|0|111001":39,"1|0|011101":6123,"2|1|010001":102,"1|0|010011":3544,"1|0|011100":5941,"2|1|010000":83}}
