{"probability":{"Group 13":"0.042103170752756464","Group 12":"0.050803617971718326","Group 11":"0.20456055595225828","Group 10":"0.00024119008950724676","Group  6":"0.0003670300294584399","Group  5":"0.0","Group  4":"0.003258101278611816","Group  3":"0.0","Group  2":"0.0","Group  1":"0.0","Group  9":"0.00011550465380710759","Group  8":"0.016407906702112562","Group  7":"0.6821429225697698"},"groups":{"Group 13":["Botan 1.5.6 & 1.11.29 & 2.1.0","Feitian JavaCOS A22 & A40","Gemalto GCX4 72K","HSM SafeNet Luna SA-1700","LibTomCrypt 1.17","Libgcrypt 1.6.0 & 1.6.5 & 1.7.6","Libgcrypt 1.6.0 FIPS & 1.6.5 FIPS","Nettle 3.2 & 3.3","Oberthur Cosmo 64","OpenSSL FIPS 2.0.12 & 2.0.14","PGPSDK 4","WolfSSL 2.0rc1 & 3.9.0 & 3.10.2","cryptlib 3.4.3 & 3.4.3.1"],"Group 12":["Bouncy Castle 1.53 (Java)","Cryptix JCE 20050328","FlexiProvider 1.7p7","HSM Utimaco Security Server Se50","Nettle 2.0","PolarSSL 0.10.0","PuTTY 0.67","SunRsaSign OpenJDK 1.8.0","mbedTLS 1.3.19 & 2.2.1 & 2.4.2"],"Group 11":["Bouncy Castle 1.54 (Java)","Crypto++ 5.6.0 & 5.6.3 & 5.6.5","Libgcrypt 1.7.6 FIPS","Microsoft CryptoAPI & CNG & .NET"],"Group 10":["NXP J2D081 & J2E145G","YubiKey NEO"],"Group  6":["Oberthur Cosmo Dual 72K"],"Group  5":["NXP J2A080 & J2A081 & J3A081 & JCOP 41 V2.2.1"],"Group  4":["Gemalto GXP E64"],"Group  3":["GNU Crypto 2.0.1"],"Group  2":["G&D SmartCafe 4.x & 6.0"],"Group  1":["G&D SmartCafe 3.2"],"Group  9":["Infineon JTOP 80K","YubiKey 4 & 4 Nano"],"Group  8":["PGPSDK 4 FIPS"],"Group  7":["OpenSSL 0.9.7 & 1.0.2g & 1.0.2k & 1.1.0e"]},"frequencies":{"1|1|000110":9779,"2|1|100011":18976,"2|1|101101":12035,"1|1|000111":10332,"2|1|101100":12809,"2|1|100010":20232,"2|0|000000":6313,"2|0|000001":6473,"1|0|111010":23858,"1|0|111011":19479,"1|1|011010":130952,"1|1|011011":136635,"2|0|110100":7254,"2|0|110101":6848,"1|0|100001":148072,"1|0|100000":153479,"2|1|100000":21916,"1|1|000100":8360,"2|1|100001":20935,"2|0|000011":7732,"2|0|001101":15214,"2|0|001100":14828,"2|0|000010":7163,"1|1|000101":9044,"2|1|010101":21197,"2|0|011010":24713,"2|1|010100":20570,"2|0|011011":24779,"1|0|100010":141573,"1|0|101100":89861,"1|0|101101":84597,"1|0|100011":136808,"2|1|100110":16978,"1|1|110101":47104,"2|1|100111":16248,"2|0|000101":8955,"2|0|000100":8566,"1|0|111110":6698,"1|1|110100":50887,"1|0|111111":2649,"1|0|100101":125443,"2|0|110001":9229,"2|0|110000":9905,"1|0|010101":100896,"1|0|010100":95593,"2|0|011001":23987,"2|0|011000":23426,"1|0|100100":131923,"2|1|100100":18490,"2|1|100101":17846,"2|0|000110":9699,"2|0|000111":10415,"1|0|111000":32774,"1|0|111001":28406,"2|0|110111":5534,"2|0|110110":6051,"2|0|011111":22256,"2|0|011110":22616,"1|0|100111":115122,"1|0|100110":120482,"1|1|001001":21678,"1|0|001001":21584,"1|0|001000":14083,"1|1|001000":14446,"1|1|110001":65094,"1|1|110000":70137,"1|1|010000":69937,"2|0|011101":23161,"2|1|111111":875,"2|1|111110":1185,"2|0|010010":19043,"2|0|011100":23563,"2|0|010011":20074,"1|1|010001":76264,"1|0|101010":99388,"1|0|101011":94854,"1|0|001010":28887,"1|1|001111":63135,"1|0|001011":36075,"1|1|001110":56457,"2|1|101011":13502,"2|1|101010":14300,"1|1|110111":37262,"1|1|110110":42106,"1|1|010010":82671,"1|1|010011":88862,"1|1|011100":139624,"2|0|010001":18368,"2|1|111001":4084,"2|1|111000":4932,"2|0|010000":17536,"1|1|011101":145268,"1|1|000011":7636,"1|1|001100":42527,"1|1|001101":49647,"2|1|101001":14811,"1|1|000010":7157,"2|1|101000":15733,"1|1|111110":6699,"1|1|111111":2680,"2|1|111010":3594,"1|1|011110":149250,"1|1|011111":153407,"2|0|010111":22780,"2|1|001000":10975,"2|1|001001":12111,"2|1|111011":3117,"2|0|010110":22183,"1|0|101111":75013,"1|1|100101":126017,"1|1|100100":131457,"1|0|101110":79970,"1|1|000000":6367,"1|1|000001":6653,"2|1|101111":10599,"2|1|101110":11429,"1|1|110010":60585,"1|1|111101":11039,"1|1|110011":56012,"1|1|111100":15544,"1|1|011000":120038,"1|1|011001":125921,"2|1|001010":12908,"2|0|010100":20482,"2|1|001011":13783,"2|0|010101":21381,"1|0|101001":105046,"1|0|101000":110394,"1|0|000110":9766,"2|0|101101":12093,"2|0|100011":19237,"2|0|101100":12679,"2|0|100010":19986,"2|1|000001":6689,"2|1|000000":6515,"1|1|111011":19601,"1|0|000111":10487,"1|1|111010":24088,"1|0|011011":135681,"2|1|110100":7160,"1|0|011010":131243,"2|1|001100":14544,"2|1|110101":6834,"2|1|001101":15212,"1|1|100001":147364,"1|1|100000":153858,"1|0|000000":6281,"2|0|101111":10719,"2|0|101110":11191,"2|1|000111":10361,"2|1|000110":9825,"1|1|111000":33196,"1|0|000001":6565,"1|1|111001":28552,"1|0|011000":119489,"2|1|001110":15970,"2|1|110111":5451,"2|1|001111":17021,"2|1|110110":6123,"1|0|011001":125463,"1|1|100111":114352,"1|1|100110":120195,"1|0|000011":7885,"1|0|001100":42939,"1|0|000010":7184,"2|0|101001":14713,"2|0|101000":15437,"1|0|001101":49188,"2|1|110001":9268,"2|1|110000":9866,"2|1|011001":24223,"2|1|011000":23524,"1|1|010100":95524,"1|1|010101":100779,"1|1|101111":74845,"1|1|101110":79239,"2|0|101010":14040,"1|0|001111":63280,"1|1|001010":28767,"1|0|001110":56620,"1|1|001011":35933,"2|0|101011":13462,"2|1|000011":7928,"2|1|000010":7127,"1|1|010110":107534,"2|1|111101":1731,"0|1|101010":1,"2|1|110010":8697,"2|1|111100":2391,"2|1|110011":7813,"2|1|011010":24629,"2|1|011011":24171,"1|1|010111":113883,"1|1|101101":84402,"1|1|100011":136749,"1|1|101100":89914,"1|1|100010":141200,"1|0|110001":65198,"2|0|001011":13762,"2|0|001010":12799,"1|0|110000":70113,"2|0|111110":1240,"2|0|111111":949,"1|1|101010":100042,"2|1|010010":19267,"2|1|011100":23892,"2|1|011101":23244,"1|0|010001":76103,"1|0|010000":69689,"2|1|010011":19838,"1|1|101011":94299,"1|0|111101":11020,"2|0|100101":17582,"2|0|100100":18462,"1|0|110010":60332,"1|0|110011":55583,"1|0|111100":15330,"2|0|110010":8610,"2|0|111101":1757,"2|0|110011":7979,"2|0|111100":2329,"2|1|011111":22079,"1|0|010111":113371,"1|0|010110":107552,"2|1|011110":22617,"1|1|101001":105684,"1|1|101000":109721,"1|0|110100":51096,"1|0|110101":46623,"2|0|100111":16240,"2|0|100110":17147,"2|1|000101":9043,"2|0|001111":16783,"2|1|000100":8444,"2|0|001110":16026,"1|0|011110":150089,"2|0|111011":2972,"2|0|111010":3442,"2|1|010111":22800,"1|0|011111":154813,"2|1|010110":22175,"1|0|110111":37400,"2|0|100001":20892,"2|0|100000":21840,"2|0|001001":12123,"2|0|001000":11084,"1|0|000101":9159,"1|0|000100":8374,"1|0|110110":41611,"1|0|010010":82945,"2|0|111000":4793,"2|0|111001":4180,"1|0|011101":144965,"2|1|010001":18374,"1|0|010011":89509,"1|0|011100":139964,"2|1|010000":17761}}
