{"probability":{"Group 13":"0.23933514648443927","Group 12":"0.16018214873978778","Group 11":"0.022885840826593788","Group 10":"0.00028425760139838595","Group  6":"0.0","Group  5":"0.0005736559355570669","Group  4":"0.0077536329869039924","Group  3":"0.0","Group  2":"0.0","Group  1":"0.0","Group  9":"0.0009650833593048323","Group  8":"0.0034892534269585895","Group  7":"0.5645309806390564"},"groups":{"Group 13":["Botan 1.5.6 & 1.11.29 & 2.1.0","Feitian JavaCOS A22 & A40","Gemalto GCX4 72K","HSM SafeNet Luna SA-1700","LibTomCrypt 1.17","Libgcrypt 1.6.0 & 1.6.5 & 1.7.6","Libgcrypt 1.6.0 FIPS & 1.6.5 FIPS","Nettle 3.2 & 3.3","Oberthur Cosmo 64","OpenSSL FIPS 2.0.12 & 2.0.14","PGPSDK 4","WolfSSL 2.0rc1 & 3.9.0 & 3.10.2","cryptlib 3.4.3 & 3.4.3.1"],"Group 12":["Bouncy Castle 1.53 (Java)","Cryptix JCE 20050328","FlexiProvider 1.7p7","HSM Utimaco Security Server Se50","Nettle 2.0","PolarSSL 0.10.0","PuTTY 0.67","SunRsaSign OpenJDK 1.8.0","mbedTLS 1.3.19 & 2.2.1 & 2.4.2"],"Group 11":["Bouncy Castle 1.54 (Java)","Crypto++ 5.6.0 & 5.6.3 & 5.6.5","Libgcrypt 1.7.6 FIPS","Microsoft CryptoAPI & CNG & .NET"],"Group 10":["NXP J2D081 & J2E145G","YubiKey NEO"],"Group  6":["Oberthur Cosmo Dual 72K"],"Group  5":["NXP J2A080 & J2A081 & J3A081 & JCOP 41 V2.2.1"],"Group  4":["Gemalto GXP E64"],"Group  3":["GNU Crypto 2.0.1"],"Group  2":["G&D SmartCafe 4.x & 6.0"],"Group  1":["G&D SmartCafe 3.2"],"Group  9":["Infineon JTOP 80K","YubiKey 4 & 4 Nano"],"Group  8":["PGPSDK 4 FIPS"],"Group  7":["OpenSSL 0.9.7 & 1.0.2g & 1.0.2k & 1.1.0e"]},"frequencies":{"1|1|000110":3283,"2|1|100011":6407,"2|1|101101":3911,"1|1|000111":3048,"2|1|101100":4112,"2|1|100010":6780,"2|0|000000":3463,"2|0|000001":3383,"1|0|111010":4852,"1|0|111011":3991,"1|1|011010":26660,"1|1|011011":27738,"2|0|110100":2337,"2|0|110101":2204,"1|0|100001":30592,"1|0|100000":31860,"2|1|100000":7421,"1|1|000100":3399,"2|1|100001":6916,"2|0|000011":3227,"2|0|001101":4349,"2|0|001100":4116,"2|0|000010":3257,"1|1|000101":3291,"2|1|010101":5922,"2|0|011010":6645,"2|1|010100":5625,"2|0|011011":6731,"1|0|100010":29301,"1|0|101100":18343,"1|0|101101":17099,"1|0|100011":28431,"2|1|100110":5721,"1|1|110101":9392,"2|1|100111":5354,"2|0|000101":3189,"2|0|000100":3190,"1|0|111110":1297,"1|1|110100":10562,"1|0|111111":433,"1|0|100101":25968,"2|0|110001":2972,"2|0|110000":3256,"1|0|010101":20958,"1|0|010100":19517,"2|0|011001":6454,"2|0|011000":6311,"1|0|100100":27018,"2|1|100100":6104,"2|1|100101":5718,"2|0|000110":3261,"2|0|000111":3198,"1|0|111000":6793,"1|0|111001":5744,"2|0|110111":1754,"2|0|110110":1952,"2|0|011111":7381,"2|0|011110":7191,"1|0|100111":24002,"1|0|100110":25277,"1|1|001001":5156,"1|0|001001":5333,"1|0|001000":3782,"1|1|001000":3844,"1|1|110001":13387,"1|1|110000":14369,"1|1|010000":14665,"2|0|011101":7097,"2|1|111111":100,"2|1|111110":296,"2|0|010010":5229,"2|0|011100":6979,"2|0|010011":5581,"1|1|010001":15802,"1|0|101010":20542,"1|0|101011":19493,"1|0|001010":6549,"1|1|001111":13321,"1|0|001011":8065,"1|1|001110":11761,"2|1|101011":4331,"2|1|101010":4562,"1|1|110111":7645,"1|1|110110":8582,"1|1|010010":17233,"1|1|010011":18423,"1|1|011100":28684,"2|0|010001":5145,"2|1|111001":1395,"2|1|111000":1472,"2|0|010000":5010,"1|1|011101":29611,"1|1|000011":3247,"1|1|001100":9434,"1|1|001101":10783,"2|1|101001":4764,"1|1|000010":3447,"2|1|101000":5058,"1|1|111110":1372,"1|1|111111":425,"2|1|111010":1055,"1|1|011110":30913,"1|1|011111":31853,"2|0|010111":6227,"2|1|001000":3190,"2|1|001001":3421,"2|1|111011":887,"2|0|010110":5961,"1|0|101111":15466,"1|1|100101":25957,"1|1|100100":27181,"1|0|101110":16387,"1|1|000000":3469,"1|1|000001":3487,"2|1|101111":3421,"2|1|101110":3656,"1|1|110010":12449,"1|1|111101":2188,"1|1|110011":11703,"1|1|111100":3018,"1|1|011000":24649,"1|1|011001":25419,"2|1|001010":3706,"2|0|010100":5757,"2|1|001011":3874,"2|0|010101":5944,"1|0|101001":21427,"1|0|101000":22866,"1|0|000110":3270,"2|0|101101":3954,"2|0|100011":6571,"2|0|101100":4048,"2|0|100010":6788,"2|1|000001":3433,"2|1|000000":3537,"1|1|111011":3920,"1|0|000111":3127,"1|1|111010":4973,"1|0|011011":27606,"2|1|110100":2462,"1|0|011010":26721,"2|1|001100":4130,"2|1|110101":2118,"2|1|001101":4396,"1|1|100001":30690,"1|1|100000":31885,"1|0|000000":3584,"2|0|101111":3379,"2|0|101110":3659,"2|1|000111":3097,"2|1|000110":3158,"1|1|111000":6987,"1|0|000001":3425,"1|1|111001":5834,"1|0|011000":24312,"2|1|001110":4678,"2|1|110111":1733,"2|1|001111":4756,"2|1|110110":1950,"1|0|011001":25634,"1|1|100111":23861,"1|1|100110":25378,"1|0|000011":3319,"1|0|001100":9647,"1|0|000010":3219,"2|0|101001":4740,"2|0|101000":5203,"1|0|001101":10896,"2|1|110001":2957,"2|1|110000":3227,"2|1|011001":6457,"2|1|011000":6285,"1|1|010100":19561,"1|1|010101":20755,"1|1|101111":15623,"1|1|101110":16197,"2|0|101010":4573,"1|0|001111":13463,"1|1|001010":6607,"1|0|001110":12106,"1|1|001011":8062,"2|0|101011":4397,"2|1|000011":3339,"2|1|000010":3503,"1|1|010110":21968,"2|1|111101":470,"2|1|110010":2772,"2|1|111100":682,"2|1|110011":2604,"2|1|011010":6564,"2|1|011011":6695,"1|1|010111":23169,"1|1|101101":17332,"1|1|100011":28613,"1|1|101100":18415,"1|1|100010":29477,"1|0|110001":13400,"2|0|001011":3890,"2|0|001010":3709,"1|0|110000":14470,"2|0|111110":305,"2|0|111111":82,"1|1|101010":20667,"2|1|010010":5222,"2|1|011100":6976,"2|1|011101":6979,"1|0|010001":16139,"1|0|010000":14589,"2|1|010011":5542,"1|1|101011":19394,"1|0|111101":2211,"2|0|100101":5816,"2|0|100100":6166,"1|0|110010":12559,"1|0|110011":11475,"1|0|111100":3181,"2|0|110010":2834,"2|0|111101":499,"2|0|110011":2522,"2|0|111100":643,"2|1|011111":7414,"1|0|010111":23087,"1|0|010110":21983,"2|1|011110":7089,"1|1|101001":21688,"1|1|101000":22731,"1|0|110100":10541,"1|0|110101":9464,"2|0|100111":5313,"2|0|100110":5564,"2|1|000101":3182,"2|0|001111":4666,"2|1|000100":3237,"2|0|001110":4508,"1|0|011110":30920,"2|0|111011":910,"2|0|111010":1056,"2|1|010111":6151,"1|0|011111":31788,"2|1|010110":6065,"1|0|110111":7737,"2|0|100001":7183,"2|0|100000":7258,"2|0|001001":3413,"2|0|001000":3238,"1|0|000101":3276,"1|0|000100":3211,"1|0|110110":8650,"1|0|010010":17231,"2|0|111000":1431,"2|0|111001":1208,"1|0|011101":29530,"2|1|010001":5004,"1|0|010011":18465,"1|0|011100":28800,"2|1|010000":4882}}
