{"probability":{"Group 13":"0.11956392827373508","Group 12":"0.35499358071928044","Group 11":"0.0520796861142059","Group 10":"0.00043209531351164624","Group  6":"0.0","Group  5":"0.0010025004765233968","Group  4":"0.013697953400807828","Group  3":"0.0","Group  2":"0.0","Group  1":"0.0","Group  9":"0.001196288967272168","Group  8":"0.0","Group  7":"0.4570339667346636"},"groups":{"Group 13":["Botan 1.5.6 & 1.11.29 & 2.1.0","Feitian JavaCOS A22 & A40","Gemalto GCX4 72K","HSM SafeNet Luna SA-1700","LibTomCrypt 1.17","Libgcrypt 1.6.0 & 1.6.5 & 1.7.6","Libgcrypt 1.6.0 FIPS & 1.6.5 FIPS","Nettle 3.2 & 3.3","Oberthur Cosmo 64","OpenSSL FIPS 2.0.12 & 2.0.14","PGPSDK 4","WolfSSL 2.0rc1 & 3.9.0 & 3.10.2","cryptlib 3.4.3 & 3.4.3.1"],"Group 12":["Bouncy Castle 1.53 (Java)","Cryptix JCE 20050328","FlexiProvider 1.7p7","HSM Utimaco Security Server Se50","Nettle 2.0","PolarSSL 0.10.0","PuTTY 0.67","SunRsaSign OpenJDK 1.8.0","mbedTLS 1.3.19 & 2.2.1 & 2.4.2"],"Group 11":["Bouncy Castle 1.54 (Java)","Crypto++ 5.6.0 & 5.6.3 & 5.6.5","Libgcrypt 1.7.6 FIPS","Microsoft CryptoAPI & CNG & .NET"],"Group 10":["NXP J2D081 & J2E145G","YubiKey NEO"],"Group  6":["Oberthur Cosmo Dual 72K"],"Group  5":["NXP J2A080 & J2A081 & J3A081 & JCOP 41 V2.2.1"],"Group  4":["Gemalto GXP E64"],"Group  3":["GNU Crypto 2.0.1"],"Group  2":["G&D SmartCafe 4.x & 6.0"],"Group  1":["G&D SmartCafe 3.2"],"Group  9":["Infineon JTOP 80K","YubiKey 4 & 4 Nano"],"Group  8":["PGPSDK 4 FIPS"],"Group  7":["OpenSSL 0.9.7 & 1.0.2g & 1.0.2k & 1.1.0e"]},"frequencies":{"1|1|000110":8917,"2|1|100011":7879,"2|1|101101":4658,"1|1|000111":8949,"2|1|101100":4952,"2|1|100010":8441,"2|0|000000":9962,"2|0|000001":9738,"1|0|111010":5294,"1|0|111011":4335,"1|1|011010":30541,"1|1|011011":31308,"2|0|110100":2852,"2|0|110101":2485,"1|0|100001":33945,"1|0|100000":34925,"2|1|100000":9162,"1|1|000100":9385,"2|1|100001":8726,"2|0|000011":9394,"2|0|001101":9297,"2|0|001100":9158,"2|0|000010":9451,"1|1|000101":9215,"2|1|010101":9653,"2|0|011010":9518,"2|1|010100":9426,"2|0|011011":9322,"1|0|100010":32212,"1|0|101100":20418,"1|0|101101":19026,"1|0|100011":31266,"2|1|100110":6786,"1|1|110101":10289,"2|1|100111":6524,"2|0|000101":9127,"2|0|000100":9323,"1|0|111110":1457,"1|1|110100":11525,"1|0|111111":464,"1|0|100101":28362,"2|0|110001":3481,"2|0|110000":3845,"1|0|010101":25113,"1|0|010100":24212,"2|0|011001":9705,"2|0|011000":9554,"1|0|100100":29825,"2|1|100100":7633,"2|1|100101":7336,"2|0|000110":8902,"2|0|000111":8996,"1|0|111000":7120,"1|0|111001":6196,"2|0|110111":1934,"2|0|110110":2281,"2|0|011111":9345,"2|0|011110":9460,"1|0|100111":26071,"1|0|100110":27459,"1|1|001001":10848,"1|0|001001":10914,"1|0|001000":9483,"1|1|001000":9530,"1|1|110001":14553,"1|1|110000":15606,"1|1|010000":19714,"2|0|011101":9362,"2|1|111111":116,"2|1|111110":320,"2|0|010010":9640,"2|0|011100":9212,"2|0|010011":9680,"1|1|010001":21014,"1|0|101010":22534,"1|0|101011":21413,"1|0|001010":12348,"1|1|001111":18869,"1|0|001011":13736,"1|1|001110":16887,"2|1|101011":5279,"2|1|101010":5610,"1|1|110111":8346,"1|1|110110":9270,"1|1|010010":22078,"1|1|010011":23225,"1|1|011100":32245,"2|0|010001":9478,"2|1|111001":1537,"2|1|111000":1727,"2|0|010000":9537,"1|1|011101":33539,"1|1|000011":9355,"1|1|001100":14776,"1|1|001101":15835,"2|1|101001":5903,"1|1|000010":9685,"2|1|101000":6297,"1|1|111110":1391,"1|1|111111":471,"2|1|111010":1265,"1|1|011110":34275,"1|1|011111":35171,"2|0|010111":9581,"2|1|001000":8818,"2|1|001001":8824,"2|1|111011":1011,"2|0|010110":9847,"1|0|101111":16686,"1|1|100101":28563,"1|1|100100":29749,"1|0|101110":18021,"1|1|000000":9670,"1|1|000001":9893,"2|1|101111":4101,"2|1|101110":4431,"1|1|110010":13426,"1|1|111101":2462,"1|1|110011":12485,"1|1|111100":3419,"1|1|011000":28173,"1|1|011001":29669,"2|1|001010":9109,"2|0|010100":9638,"2|1|001011":8949,"2|0|010101":9642,"1|0|101001":23842,"1|0|101000":24819,"1|0|000110":9088,"2|0|101101":4690,"2|0|100011":7909,"2|0|101100":5016,"2|0|100010":8289,"2|1|000001":9804,"2|1|000000":10091,"1|1|111011":4208,"1|0|000111":8965,"1|1|111010":5281,"1|0|011011":31272,"2|1|110100":2840,"1|0|011010":30425,"2|1|001100":9273,"2|1|110101":2480,"2|1|001101":9208,"1|1|100001":34192,"1|1|100000":35015,"1|0|000000":9870,"2|0|101111":4274,"2|0|101110":4323,"2|1|000111":8827,"2|1|000110":9098,"1|1|111000":7368,"1|0|000001":9839,"1|1|111001":6319,"1|0|011000":28823,"2|1|001110":9365,"2|1|110111":1966,"2|1|001111":9685,"2|1|110110":2306,"1|0|011001":29408,"1|1|100111":25875,"1|1|100110":27285,"1|0|000011":9546,"1|0|001100":14746,"1|0|000010":9566,"2|0|101001":5843,"2|0|101000":6254,"1|0|001101":16172,"2|1|110001":3425,"2|1|110000":3951,"2|1|011001":9511,"2|1|011000":9742,"1|1|010100":24280,"1|1|010101":25543,"1|1|101111":16758,"1|1|101110":17770,"2|0|101010":5531,"1|0|001111":18659,"1|1|001010":12228,"1|0|001110":17243,"1|1|001011":13467,"2|0|101011":5316,"2|1|000011":9298,"2|1|000010":9637,"1|1|010110":26596,"2|1|111101":557,"2|1|110010":3287,"2|1|111100":810,"2|1|110011":3074,"2|1|011010":9485,"2|1|011011":9503,"1|1|010111":27421,"1|1|101101":19164,"1|1|100011":31256,"1|1|101100":20144,"1|1|100010":32297,"1|0|110001":14654,"2|0|001011":9291,"2|0|001010":9143,"1|0|110000":15623,"2|0|111110":324,"2|0|111111":111,"1|1|101010":22380,"2|1|010010":9443,"2|1|011100":9351,"2|1|011101":9365,"1|0|010001":20805,"1|0|010000":19929,"2|1|010011":9649,"1|1|101011":21312,"1|0|111101":2391,"2|0|100101":7318,"2|0|100100":7425,"1|0|110010":13617,"1|0|110011":12414,"1|0|111100":3350,"2|0|110010":3177,"2|0|111101":562,"2|0|110011":3055,"2|0|111100":800,"2|1|011111":9395,"1|0|010111":27656,"1|0|010110":26328,"2|1|011110":9422,"1|1|101001":23501,"1|1|101000":24758,"1|0|110100":11260,"1|0|110101":10310,"2|0|100111":6564,"2|0|100110":6810,"2|1|000101":9245,"2|0|001111":9390,"2|1|000100":9485,"2|0|001110":9340,"1|0|011110":34208,"2|0|111011":1052,"2|0|111010":1217,"2|1|010111":9633,"1|0|011111":35218,"2|1|010110":9544,"1|0|110111":8355,"2|0|100001":8873,"2|0|100000":9275,"2|0|001001":8927,"2|0|001000":8735,"1|0|000101":9277,"1|0|000100":9206,"1|0|110110":9294,"1|0|010010":22544,"2|0|111000":1767,"2|0|111001":1478,"1|0|011101":33481,"2|1|010001":9559,"1|0|010011":23285,"1|0|011100":32359,"2|1|010000":9556}}
