{"probability":{"Group 13":"0.003804392249452","Group 12":"0.02744010521519944","Group 11":"0.12535344502879794","Group 10":"0.0","Group  6":"0.00016886241963224064","Group  5":"0.0","Group  4":"0.0005333613039649837","Group  3":"0.0","Group  2":"0.0","Group  1":"0.0","Group  9":"0.0003295796285085997","Group  8":"0.0","Group  7":"0.8423702541544448"},"groups":{"Group 13":["Botan 1.5.6 & 1.11.29 & 2.1.0","Feitian JavaCOS A22 & A40","Gemalto GCX4 72K","HSM SafeNet Luna SA-1700","LibTomCrypt 1.17","Libgcrypt 1.6.0 & 1.6.5 & 1.7.6","Libgcrypt 1.6.0 FIPS & 1.6.5 FIPS","Nettle 3.2 & 3.3","Oberthur Cosmo 64","OpenSSL FIPS 2.0.12 & 2.0.14","PGPSDK 4","WolfSSL 2.0rc1 & 3.9.0 & 3.10.2","cryptlib 3.4.3 & 3.4.3.1"],"Group 12":["Bouncy Castle 1.53 (Java)","Cryptix JCE 20050328","FlexiProvider 1.7p7","HSM Utimaco Security Server Se50","Nettle 2.0","PolarSSL 0.10.0","PuTTY 0.67","SunRsaSign OpenJDK 1.8.0","mbedTLS 1.3.19 & 2.2.1 & 2.4.2"],"Group 11":["Bouncy Castle 1.54 (Java)","Crypto++ 5.6.0 & 5.6.3 & 5.6.5","Libgcrypt 1.7.6 FIPS","Microsoft CryptoAPI & CNG & .NET"],"Group 10":["NXP J2D081 & J2E145G","YubiKey NEO"],"Group  6":["Oberthur Cosmo Dual 72K"],"Group  5":["NXP J2A080 & J2A081 & J3A081 & JCOP 41 V2.2.1"],"Group  4":["Gemalto GXP E64"],"Group  3":["GNU Crypto 2.0.1"],"Group  2":["G&D SmartCafe 4.x & 6.0"],"Group  1":["G&D SmartCafe 3.2"],"Group  9":["Infineon JTOP 80K","YubiKey 4 & 4 Nano"],"Group  8":["PGPSDK 4 FIPS"],"Group  7":["OpenSSL 0.9.7 & 1.0.2g & 1.0.2k & 1.1.0e"]},"frequencies":{"1|1|000110":169,"2|1|100011":337,"2|1|101101":177,"1|1|000111":192,"2|1|101100":201,"2|1|100010":317,"2|0|000000":114,"2|0|000001":108,"1|0|111010":899,"1|0|111011":730,"1|1|011010":4928,"1|1|011011":5136,"2|0|110100":115,"2|0|110101":111,"1|0|100001":5623,"1|0|100000":5868,"2|1|100000":344,"1|1|000100":160,"2|1|100001":346,"2|0|000011":119,"2|0|001101":263,"2|0|001100":266,"2|0|000010":121,"1|1|000101":169,"2|1|010101":358,"2|0|011010":443,"2|1|010100":326,"2|0|011011":412,"1|0|100010":5284,"1|0|101100":3446,"1|0|101101":3219,"1|0|100011":5161,"2|1|100110":281,"1|1|110101":1743,"2|1|100111":249,"2|0|000101":182,"2|0|000100":138,"1|0|111110":240,"1|1|110100":1941,"1|0|111111":69,"1|0|100101":4857,"2|0|110001":139,"2|0|110000":170,"1|0|010101":3694,"1|0|010100":3366,"2|0|011001":398,"2|0|011000":409,"1|0|100100":4892,"2|1|100100":289,"2|1|100101":289,"2|0|000110":180,"2|0|000111":174,"1|0|111000":1247,"1|0|111001":972,"2|0|110111":98,"2|0|110110":90,"2|0|011111":371,"2|0|011110":404,"1|0|100111":4320,"1|0|100110":4526,"1|1|001001":587,"1|0|001001":619,"1|0|001000":320,"1|1|001000":314,"1|1|110001":2509,"1|1|110000":2679,"1|1|010000":2553,"2|0|011101":370,"2|1|111111":4,"2|1|111110":8,"2|0|010010":304,"2|0|011100":419,"2|0|010011":323,"1|1|010001":2759,"1|0|101010":3820,"1|0|101011":3708,"1|0|001010":887,"1|1|001111":2203,"1|0|001011":1103,"1|1|001110":1963,"2|1|101011":195,"2|1|101010":231,"1|1|110111":1360,"1|1|110110":1566,"1|1|010010":2935,"1|1|010011":3069,"1|1|011100":5324,"2|0|010001":299,"2|1|111001":75,"2|1|111000":81,"2|0|010000":302,"1|1|011101":5490,"1|1|000011":125,"1|1|001100":1422,"1|1|001101":1710,"2|1|101001":224,"1|1|000010":135,"2|1|101000":249,"1|1|111110":267,"1|1|111111":69,"2|1|111010":45,"1|1|011110":5615,"1|1|011111":5814,"2|0|010111":393,"2|1|001000":203,"2|1|001001":210,"2|1|111011":38,"2|0|010110":384,"1|0|101111":2742,"1|1|100101":4665,"1|1|100100":4921,"1|0|101110":3111,"1|1|000000":97,"1|1|000001":118,"2|1|101111":209,"2|1|101110":184,"1|1|110010":2231,"1|1|111101":404,"1|1|110011":2109,"1|1|111100":566,"1|1|011000":4420,"1|1|011001":4640,"2|1|001010":225,"2|0|010100":338,"2|1|001011":257,"2|0|010101":366,"1|0|101001":3946,"1|0|101000":4222,"1|0|000110":174,"2|0|101101":199,"2|0|100011":310,"2|0|101100":230,"2|0|100010":322,"2|1|000001":104,"2|1|000000":91,"1|1|111011":729,"1|0|000111":198,"1|1|111010":909,"1|0|011011":4853,"2|1|110100":139,"1|0|011010":4826,"2|1|001100":302,"2|1|110101":107,"2|1|001101":260,"1|1|100001":5542,"1|1|100000":5786,"1|0|000000":99,"2|0|101111":145,"2|0|101110":155,"2|1|000111":195,"2|1|000110":167,"1|1|111000":1272,"1|0|000001":112,"1|1|111001":1102,"1|0|011000":4327,"2|1|001110":293,"2|1|110111":90,"2|1|001111":271,"2|1|110110":89,"1|0|011001":4575,"1|1|100111":4507,"1|1|100110":4624,"1|0|000011":127,"1|0|001100":1426,"1|0|000010":105,"2|0|101001":220,"2|0|101000":247,"1|0|001101":1692,"2|1|110001":144,"2|1|110000":145,"2|1|011001":387,"2|1|011000":451,"1|1|010100":3448,"1|1|010101":3661,"1|1|101111":2828,"1|1|101110":2930,"2|0|101010":220,"1|0|001111":2172,"1|1|001010":900,"1|0|001110":2054,"1|1|001011":1164,"2|0|101011":206,"2|1|000011":142,"2|1|000010":123,"1|1|010110":3904,"2|1|111101":27,"2|1|110010":124,"2|1|111100":34,"2|1|110011":123,"2|1|011010":413,"2|1|011011":402,"1|1|010111":4123,"1|1|101101":3213,"1|1|100011":5080,"1|1|101100":3439,"1|1|100010":5316,"1|0|110001":2474,"2|0|001011":231,"2|0|001010":201,"1|0|110000":2644,"2|0|111110":18,"2|0|111111":2,"1|1|101010":3751,"2|1|010010":363,"2|1|011100":380,"2|1|011101":337,"1|0|010001":2663,"1|0|010000":2408,"2|1|010011":359,"1|1|101011":3460,"1|0|111101":400,"2|0|100101":299,"2|0|100100":278,"1|0|110010":2290,"1|0|110011":2051,"1|0|111100":567,"2|0|110010":139,"2|0|111101":20,"2|0|110011":128,"2|0|111100":28,"2|1|011111":357,"1|0|010111":4240,"1|0|010110":3951,"2|1|011110":369,"1|1|101001":3976,"1|1|101000":4181,"1|0|110100":2008,"1|0|110101":1800,"2|0|100111":275,"2|0|100110":288,"2|1|000101":164,"2|0|001111":285,"2|1|000100":136,"2|0|001110":293,"1|0|011110":5637,"2|0|111011":54,"2|0|111010":51,"2|1|010111":362,"1|0|011111":5878,"2|1|010110":391,"1|0|110111":1413,"2|0|100001":346,"2|0|100000":377,"2|0|001001":208,"2|0|001000":206,"1|0|000101":149,"1|0|000100":143,"1|0|110110":1547,"1|0|010010":2981,"2|0|111000":73,"2|0|111001":61,"1|0|011101":5346,"2|1|010001":325,"1|0|010011":3224,"1|0|011100":5198,"2|1|010000":312}}
