{"probability":{"Group 13":"0.012468838721626121","Group 12":"0.033830824003934","Group 11":"0.2693363647555514","Group 10":"0.0001988609089838094","Group  6":"0.00011019402965268921","Group  5":"0.0","Group  4":"0.0019365331414037976","Group  3":"0.0","Group  2":"0.0","Group  1":"0.0","Group  9":"0.00013818387269468168","Group  8":"0.001047735003293467","Group  7":"0.6809324655628599"},"groups":{"Group 13":["Botan 1.5.6 & 1.11.29 & 2.1.0","Feitian JavaCOS A22 & A40","Gemalto GCX4 72K","HSM SafeNet Luna SA-1700","LibTomCrypt 1.17","Libgcrypt 1.6.0 & 1.6.5 & 1.7.6","Libgcrypt 1.6.0 FIPS & 1.6.5 FIPS","Nettle 3.2 & 3.3","Oberthur Cosmo 64","OpenSSL FIPS 2.0.12 & 2.0.14","PGPSDK 4","WolfSSL 2.0rc1 & 3.9.0 & 3.10.2","cryptlib 3.4.3 & 3.4.3.1"],"Group 12":["Bouncy Castle 1.53 (Java)","Cryptix JCE 20050328","FlexiProvider 1.7p7","HSM Utimaco Security Server Se50","Nettle 2.0","PolarSSL 0.10.0","PuTTY 0.67","SunRsaSign OpenJDK 1.8.0","mbedTLS 1.3.19 & 2.2.1 & 2.4.2"],"Group 11":["Bouncy Castle 1.54 (Java)","Crypto++ 5.6.0 & 5.6.3 & 5.6.5","Libgcrypt 1.7.6 FIPS","Microsoft CryptoAPI & CNG & .NET"],"Group 10":["NXP J2D081 & J2E145G","YubiKey NEO"],"Group  6":["Oberthur Cosmo Dual 72K"],"Group  5":["NXP J2A080 & J2A081 & J3A081 & JCOP 41 V2.2.1"],"Group  4":["Gemalto GXP E64"],"Group  3":["GNU Crypto 2.0.1"],"Group  2":["G&D SmartCafe 4.x & 6.0"],"Group  1":["G&D SmartCafe 3.2"],"Group  9":["Infineon JTOP 80K","YubiKey 4 & 4 Nano"],"Group  8":["PGPSDK 4 FIPS"],"Group  7":["OpenSSL 0.9.7 & 1.0.2g & 1.0.2k & 1.1.0e"]},"frequencies":{"1|1|000110":5425,"2|1|100011":11603,"2|1|101101":7174,"1|1|000111":6023,"2|1|101100":7638,"2|1|100010":12131,"2|0|000000":2086,"2|0|000001":2668,"1|0|111010":14054,"1|0|111011":11403,"1|1|011010":78505,"1|1|011011":81484,"2|0|110100":4298,"2|0|110101":3935,"1|0|100001":87948,"1|0|100000":91111,"2|1|100000":12993,"1|1|000100":4273,"2|1|100001":12587,"2|0|000011":3834,"2|0|001101":9103,"2|0|001100":8765,"2|0|000010":3193,"1|1|000101":4870,"2|1|010101":13277,"2|0|011010":15518,"2|1|010100":12634,"2|0|011011":15297,"1|0|100010":84862,"1|0|101100":53385,"1|0|101101":50262,"1|0|100011":81821,"2|1|100110":10211,"1|1|110101":27625,"2|1|100111":9822,"2|0|000101":4874,"2|0|000100":4261,"1|0|111110":3743,"1|1|110100":30379,"1|0|111111":1405,"1|0|100101":74913,"2|0|110001":5457,"2|0|110000":5858,"1|0|010101":60659,"1|0|010100":57155,"2|0|011001":15021,"2|0|011000":14798,"1|0|100100":78039,"2|1|100100":11122,"2|1|100101":10788,"2|0|000110":5341,"2|0|000111":5889,"1|0|111000":19173,"1|0|111001":16829,"2|0|110111":3192,"2|0|110110":3516,"2|0|011111":13345,"2|0|011110":13811,"1|0|100111":68386,"1|0|100110":71741,"1|1|001001":12798,"1|0|001001":12738,"1|0|001000":8364,"1|1|001000":8383,"1|1|110001":38545,"1|1|110000":41617,"1|1|010000":42182,"2|0|011101":14231,"2|1|111111":400,"2|1|111110":545,"2|0|010010":11720,"2|0|011100":14703,"2|0|010011":12262,"1|1|010001":45734,"1|0|101010":58831,"1|0|101011":56388,"1|0|001010":16995,"1|1|001111":37894,"1|0|001011":21332,"1|1|001110":33900,"2|1|101011":8019,"2|1|101010":8573,"1|1|110111":21991,"1|1|110110":25053,"1|1|010010":49306,"1|1|010011":53127,"1|1|011100":84009,"2|0|010001":11263,"2|1|111001":2303,"2|1|111000":2855,"2|0|010000":11012,"1|1|011101":87147,"1|1|000011":3747,"1|1|001100":25492,"1|1|001101":29554,"2|1|101001":8968,"1|1|000010":3299,"2|1|101000":9258,"1|1|111110":3854,"1|1|111111":1510,"2|1|111010":2049,"1|1|011110":89168,"1|1|011111":91473,"2|0|010111":14215,"2|1|001000":6334,"2|1|001001":7023,"2|1|111011":1724,"2|0|010110":13739,"1|0|101111":44463,"1|1|100101":74709,"1|1|100100":78213,"1|0|101110":47501,"1|1|000000":2126,"1|1|000001":2648,"2|1|101111":6254,"2|1|101110":6881,"1|1|110010":35874,"1|1|111101":6338,"1|1|110011":33381,"1|1|111100":8960,"1|1|011000":72386,"1|1|011001":75589,"2|1|001010":7696,"2|0|010100":12739,"2|1|001011":8231,"2|0|010101":13268,"1|0|101001":62203,"1|0|101000":65440,"1|0|000110":5419,"2|0|101101":7358,"2|0|100011":11618,"2|0|101100":7643,"2|0|100010":12008,"2|1|000001":2714,"2|1|000000":2114,"1|1|111011":11468,"1|0|000111":5998,"1|1|111010":13937,"1|0|011011":81331,"2|1|110100":4221,"1|0|011010":78760,"2|1|001100":8734,"2|1|110101":3908,"2|1|001101":9138,"1|1|100001":88398,"1|1|100000":91458,"1|0|000000":2087,"2|0|101111":6343,"2|0|101110":6806,"2|1|000111":5963,"2|1|000110":5570,"1|1|111000":19554,"1|0|000001":2623,"1|1|111001":16762,"1|0|011000":72287,"2|1|001110":9899,"2|1|110111":3179,"2|1|001111":10288,"2|1|110110":3557,"1|0|011001":74999,"1|1|100111":68418,"1|1|100110":71688,"1|0|000011":3935,"1|0|001100":25472,"1|0|000010":3205,"2|0|101001":8924,"2|0|101000":9333,"1|0|001101":29589,"2|1|110001":5549,"2|1|110000":5887,"2|1|011001":14944,"2|1|011000":14833,"1|1|010100":56914,"1|1|010101":60660,"1|1|101111":44471,"1|1|101110":47043,"2|0|101010":8442,"1|0|001111":37805,"1|1|001010":17021,"1|0|001110":33918,"1|1|001011":21125,"2|0|101011":8092,"2|1|000011":3777,"2|1|000010":3150,"1|1|010110":64261,"2|1|111101":900,"2|1|110010":5060,"2|1|111100":1245,"2|1|110011":4545,"2|1|011010":15442,"2|1|011011":14921,"1|1|010111":68036,"1|1|101101":49774,"1|1|100011":81618,"1|1|101100":53250,"1|1|100010":84404,"1|0|110001":38566,"2|0|001011":8195,"2|0|001010":7633,"1|0|110000":41663,"2|0|111110":574,"2|0|111111":396,"1|1|101010":59697,"2|1|010010":11785,"2|1|011100":14730,"2|1|011101":14433,"1|0|010001":45439,"1|0|010000":41559,"2|1|010011":12274,"1|1|101011":56168,"1|0|111101":6340,"2|0|100101":10667,"2|0|100100":11264,"1|0|110010":35849,"1|0|110011":33065,"1|0|111100":9024,"2|0|110010":5122,"2|0|111101":945,"2|0|110011":4822,"2|0|111100":1260,"2|1|011111":13547,"1|0|010111":68446,"1|0|010110":64430,"2|1|011110":13759,"1|1|101001":62661,"1|1|101000":65771,"1|0|110100":30448,"1|0|110101":27316,"2|0|100111":9850,"2|0|100110":10433,"2|1|000101":4914,"2|0|001111":10238,"2|1|000100":4385,"2|0|001110":9860,"1|0|011110":89353,"2|0|111011":1620,"2|0|111010":2024,"2|1|010111":14171,"1|0|011111":92031,"2|1|010110":13789,"1|0|110111":22263,"2|0|100001":12606,"2|0|100000":13060,"2|0|001001":7105,"2|0|001000":6437,"1|0|000101":4898,"1|0|000100":4380,"1|0|110110":24897,"1|0|010010":49603,"2|0|111000":2826,"2|0|111001":2341,"1|0|011101":86692,"2|1|010001":11397,"1|0|010011":53503,"1|0|011100":83653,"2|1|010000":10996}}
