{"probability":{"Group 13":"0.05199225522749031","Group 12":"0.03980159949131902","Group 11":"0.11199828777735295","Group 10":"0.00035428052169053447","Group  6":"0.0005536478003940185","Group  5":"0.0","Group  4":"0.00453891860428612","Group  3":"0.000055952460445388064","Group  2":"0.0","Group  1":"0.0","Group  9":"0.0005390867802577638","Group  8":"0.007418694691896067","Group  7":"0.7827472766448678"},"groups":{"Group 13":["Botan 1.5.6 & 1.11.29 & 2.1.0","Feitian JavaCOS A22 & A40","Gemalto GCX4 72K","HSM SafeNet Luna SA-1700","LibTomCrypt 1.17","Libgcrypt 1.6.0 & 1.6.5 & 1.7.6","Libgcrypt 1.6.0 FIPS & 1.6.5 FIPS","Nettle 3.2 & 3.3","Oberthur Cosmo 64","OpenSSL FIPS 2.0.12 & 2.0.14","PGPSDK 4","WolfSSL 2.0rc1 & 3.9.0 & 3.10.2","cryptlib 3.4.3 & 3.4.3.1"],"Group 12":["Bouncy Castle 1.53 (Java)","Cryptix JCE 20050328","FlexiProvider 1.7p7","HSM Utimaco Security Server Se50","Nettle 2.0","PolarSSL 0.10.0","PuTTY 0.67","SunRsaSign OpenJDK 1.8.0","mbedTLS 1.3.19 & 2.2.1 & 2.4.2"],"Group 11":["Bouncy Castle 1.54 (Java)","Crypto++ 5.6.0 & 5.6.3 & 5.6.5","Libgcrypt 1.7.6 FIPS","Microsoft CryptoAPI & CNG & .NET"],"Group 10":["NXP J2D081 & J2E145G","YubiKey NEO"],"Group  6":["Oberthur Cosmo Dual 72K"],"Group  5":["NXP J2A080 & J2A081 & J3A081 & JCOP 41 V2.2.1"],"Group  4":["Gemalto GXP E64"],"Group  3":["GNU Crypto 2.0.1"],"Group  2":["G&D SmartCafe 4.x & 6.0"],"Group  1":["G&D SmartCafe 3.2"],"Group  9":["Infineon JTOP 80K","YubiKey 4 & 4 Nano"],"Group  8":["PGPSDK 4 FIPS"],"Group  7":["OpenSSL 0.9.7 & 1.0.2g & 1.0.2k & 1.1.0e"]},"frequencies":{"1|1|000110":3922,"2|1|100011":8962,"2|1|101101":5500,"1|1|000111":4240,"2|1|101100":5794,"2|1|100010":9132,"2|0|000000":3324,"2|0|000001":2927,"1|0|111010":16711,"1|0|111011":13928,"1|1|011010":90923,"1|1|011011":95108,"2|0|110100":3275,"2|0|110101":3060,"1|0|100001":105911,"1|0|100000":109735,"2|1|100000":10190,"1|1|000100":3675,"2|1|100001":9830,"2|0|000011":3379,"2|0|001101":6546,"2|0|001100":6260,"2|0|000010":3110,"1|1|000101":3910,"2|1|010101":9432,"2|0|011010":10757,"2|1|010100":9012,"2|0|011011":10979,"1|0|100010":101080,"1|0|101100":63949,"1|0|101101":60116,"1|0|100011":97431,"2|1|100110":7886,"1|1|110101":33158,"2|1|100111":7465,"2|0|000101":3822,"2|0|000100":3758,"1|0|111110":4647,"1|1|110100":36134,"1|0|111111":1969,"1|0|100101":89471,"2|0|110001":4204,"2|0|110000":4503,"1|0|010101":70133,"1|0|010100":65422,"2|0|011001":10608,"2|0|011000":10519,"1|0|100100":93344,"2|1|100100":8564,"2|1|100101":8296,"2|0|000110":4144,"2|0|000111":4366,"1|0|111000":23070,"1|0|111001":20175,"2|0|110111":2394,"2|0|110110":2711,"2|0|011111":10568,"2|0|011110":10535,"1|0|100111":82169,"1|0|100110":86489,"1|1|001001":12406,"1|0|001001":12386,"1|0|001000":7030,"1|1|001000":6990,"1|1|110001":46296,"1|1|110000":50033,"1|1|010000":46953,"2|0|011101":10666,"2|1|111111":612,"2|1|111110":534,"2|0|010010":8373,"2|0|011100":10684,"2|0|010011":8509,"1|1|010001":51734,"1|0|101010":71000,"1|0|101011":67563,"1|0|001010":17672,"1|1|001111":42128,"1|0|001011":22633,"1|1|001110":37398,"2|1|101011":6294,"2|1|101010":6540,"1|1|110111":26915,"1|1|110110":29800,"1|1|010010":56597,"1|1|010011":60998,"1|1|011100":98869,"2|0|010001":8189,"2|1|111001":1740,"2|1|111000":2129,"2|0|010000":7683,"1|1|011101":102656,"1|1|000011":3432,"1|1|001100":27720,"1|1|001101":32567,"2|1|101001":6840,"1|1|000010":3151,"2|1|101000":7252,"1|1|111110":4804,"1|1|111111":2003,"2|1|111010":1518,"1|1|011110":106082,"1|1|011111":109523,"2|0|010111":9950,"2|1|001000":4686,"2|1|001001":5076,"2|1|111011":1264,"2|0|010110":9548,"1|0|101111":53669,"1|1|100101":90072,"1|1|100100":93483,"1|0|101110":56931,"1|1|000000":3367,"1|1|000001":2972,"2|1|101111":4803,"2|1|101110":5040,"1|1|110010":43342,"1|1|111101":7752,"1|1|110011":39446,"1|1|111100":10640,"1|1|011000":82629,"1|1|011001":87202,"2|1|001010":5490,"2|0|010100":9215,"2|1|001011":6096,"2|0|010101":9386,"1|0|101001":74745,"1|0|101000":78805,"1|0|000110":4153,"2|0|101101":5564,"2|0|100011":8953,"2|0|101100":5813,"2|0|100010":9325,"2|1|000001":2834,"2|1|000000":3313,"1|1|111011":13797,"1|0|000111":4322,"1|1|111010":16955,"1|0|011011":94928,"2|1|110100":3298,"1|0|011010":91131,"2|1|001100":6368,"2|1|110101":3075,"2|1|001101":6598,"1|1|100001":104683,"1|1|100000":109266,"1|0|000000":3282,"2|0|101111":4831,"2|0|101110":5229,"2|1|000111":4264,"2|1|000110":4008,"1|1|111000":23457,"1|0|000001":2817,"1|1|111001":20147,"1|0|011000":83125,"2|1|001110":7090,"2|1|110111":2399,"2|1|001111":7582,"2|1|110110":2704,"1|0|011001":86889,"1|1|100111":82554,"1|1|100110":85489,"1|0|000011":3528,"1|0|001100":27799,"1|0|000010":3238,"2|0|101001":6826,"2|0|101000":7356,"1|0|001101":32291,"2|1|110001":4099,"2|1|110000":4460,"0|0|101101":1,"2|1|011001":10693,"0|1|000000":1,"2|1|011000":10285,"1|1|010100":65665,"1|1|010101":69711,"1|1|101111":53317,"1|1|101110":56928,"2|0|101010":6603,"1|0|001111":42451,"1|1|001010":17438,"1|0|001110":37524,"1|1|001011":22650,"2|0|101011":6232,"2|1|000011":3393,"2|1|000010":3115,"1|1|010110":74538,"2|1|111101":698,"2|1|110010":3888,"2|1|111100":971,"2|1|110011":3616,"2|1|011010":11009,"2|1|011011":10957,"1|1|010111":78542,"1|1|101101":60112,"1|1|100011":97485,"1|1|101100":64135,"1|1|100010":101368,"1|0|110001":46661,"2|0|001011":5961,"2|0|001010":5614,"1|0|110000":50119,"2|0|111110":487,"2|0|111111":573,"1|1|101010":71308,"2|1|010010":8494,"2|1|011100":10743,"2|1|011101":10526,"1|0|010001":52151,"1|0|010000":46855,"2|1|010011":8671,"1|1|101011":67467,"0|0|010110":1,"1|0|111101":7615,"2|0|100101":8098,"2|0|100100":8614,"1|0|110010":43028,"1|0|110011":39628,"1|0|111100":10826,"2|0|110010":3961,"2|0|111101":730,"2|0|110011":3663,"2|0|111100":993,"2|1|011111":10485,"1|0|010111":78724,"1|0|010110":74331,"2|1|011110":10355,"1|1|101001":74920,"1|1|101000":78018,"1|0|110100":36302,"1|0|110101":32784,"2|0|100111":7501,"2|0|100110":7898,"2|1|000101":3920,"2|0|001111":7374,"2|1|000100":3650,"2|0|001110":6890,"1|0|011110":106194,"2|0|111011":1254,"2|0|111010":1529,"2|1|010111":10256,"1|0|011111":110139,"2|1|010110":9753,"1|0|110111":26212,"2|0|100001":9898,"2|0|100000":10078,"2|0|001001":5074,"2|0|001000":4606,"1|0|000101":3850,"1|0|000100":3670,"1|0|110110":29908,"1|0|010010":56293,"2|0|111000":2128,"2|0|111001":1794,"1|0|011101":102595,"2|1|010001":8140,"1|0|010011":60848,"1|0|011100":98925,"2|1|010000":7761}}
