{"probability":{"Group 13":"0.02877693629632199","Group 12":"0.02733530100415149","Group 11":"0.3845258831811932","Group 10":"0.0","Group  6":"0.0","Group  5":"0.00013398361551955664","Group  4":"0.0019295269508673542","Group  3":"0.0","Group  2":"0.0","Group  1":"0.0","Group  9":"0.00017923660485328905","Group  8":"0.00912894410037671","Group  7":"0.5479901882467165"},"groups":{"Group 13":["Botan 1.5.6 & 1.11.29 & 2.1.0","Feitian JavaCOS A22 & A40","Gemalto GCX4 72K","HSM SafeNet Luna SA-1700","LibTomCrypt 1.17","Libgcrypt 1.6.0 & 1.6.5 & 1.7.6","Libgcrypt 1.6.0 FIPS & 1.6.5 FIPS","Nettle 3.2 & 3.3","Oberthur Cosmo 64","OpenSSL FIPS 2.0.12 & 2.0.14","PGPSDK 4","WolfSSL 2.0rc1 & 3.9.0 & 3.10.2","cryptlib 3.4.3 & 3.4.3.1"],"Group 12":["Bouncy Castle 1.53 (Java)","Cryptix JCE 20050328","FlexiProvider 1.7p7","HSM Utimaco Security Server Se50","Nettle 2.0","PolarSSL 0.10.0","PuTTY 0.67","SunRsaSign OpenJDK 1.8.0","mbedTLS 1.3.19 & 2.2.1 & 2.4.2"],"Group 11":["Bouncy Castle 1.54 (Java)","Crypto++ 5.6.0 & 5.6.3 & 5.6.5","Libgcrypt 1.7.6 FIPS","Microsoft CryptoAPI & CNG & .NET"],"Group 10":["NXP J2D081 & J2E145G","YubiKey NEO"],"Group  6":["Oberthur Cosmo Dual 72K"],"Group  5":["NXP J2A080 & J2A081 & J3A081 & JCOP 41 V2.2.1"],"Group  4":["Gemalto GXP E64"],"Group  3":["GNU Crypto 2.0.1"],"Group  2":["G&D SmartCafe 4.x & 6.0"],"Group  1":["G&D SmartCafe 3.2"],"Group  9":["Infineon JTOP 80K","YubiKey 4 & 4 Nano"],"Group  8":["PGPSDK 4 FIPS"],"Group  7":["OpenSSL 0.9.7 & 1.0.2g & 1.0.2k & 1.1.0e"]},"frequencies":{"1|1|000110":4510,"2|1|100011":11141,"2|1|101101":6959,"1|1|000111":5142,"2|1|101100":7263,"2|1|100010":11751,"2|0|000000":1340,"2|0|000001":1884,"1|0|111010":8391,"1|0|111011":6839,"1|1|011010":48382,"1|1|011011":49742,"2|0|110100":4192,"2|0|110101":3792,"1|0|100001":52228,"1|0|100000":53905,"2|1|100000":12609,"1|1|000100":3509,"2|1|100001":12256,"2|0|000011":2938,"2|0|001101":8469,"2|0|001100":7866,"2|0|000010":2490,"1|1|000101":4077,"2|1|010101":12442,"2|0|011010":14512,"2|1|010100":12035,"2|0|011011":14608,"1|0|100010":50278,"1|0|101100":31726,"1|0|101101":29865,"1|0|100011":48189,"2|1|100110":9843,"1|1|110101":16489,"2|1|100111":9550,"2|0|000101":4079,"2|0|000100":3610,"1|0|111110":2324,"1|1|110100":17821,"1|0|111111":1174,"1|0|100101":44613,"2|0|110001":5234,"2|0|110000":5764,"1|0|010101":37651,"1|0|010100":35601,"2|0|011001":14310,"2|0|011000":13862,"1|0|100100":46503,"2|1|100100":10795,"2|1|100101":10136,"2|0|000110":4519,"2|0|000111":4995,"1|0|111000":11550,"1|0|111001":10015,"2|0|110111":2928,"2|0|110110":3459,"2|0|011111":12975,"2|0|011110":13368,"1|0|100111":40655,"1|0|100110":42588,"1|1|001001":9195,"1|0|001001":9154,"1|0|001000":6626,"1|1|001000":6688,"1|1|110001":23134,"1|1|110000":24758,"1|1|010000":26359,"2|0|011101":13617,"2|1|111111":559,"2|1|111110":609,"2|0|010010":11055,"2|0|011100":14119,"2|0|010011":11347,"1|1|010001":28499,"1|0|101010":35261,"1|0|101011":33476,"1|0|001010":11720,"1|1|001111":24221,"1|0|001011":14452,"1|1|001110":21667,"2|1|101011":7775,"2|1|101010":7967,"1|1|110111":13125,"1|1|110110":14896,"1|1|010010":31064,"1|1|010011":33277,"1|1|011100":50869,"2|0|010001":10521,"2|1|111001":2291,"2|1|111000":2686,"2|0|010000":9938,"1|1|011101":51716,"1|1|000011":3048,"1|1|001100":16586,"1|1|001101":19089,"2|1|101001":8526,"1|1|000010":2432,"2|1|101000":8876,"1|1|111110":2398,"1|1|111111":1151,"2|1|111010":1959,"1|1|011110":53379,"1|1|011111":54587,"2|0|010111":13410,"2|1|001000":5621,"2|1|001001":6140,"2|1|111011":1596,"2|0|010110":12993,"1|0|101111":26674,"1|1|100101":44547,"1|1|100100":46525,"1|0|101110":28077,"1|1|000000":1363,"1|1|000001":2001,"2|1|101111":6151,"2|1|101110":6392,"1|1|110010":21125,"1|1|111101":3802,"1|1|110011":19726,"1|1|111100":5307,"1|1|011000":44219,"1|1|011001":46585,"2|1|001010":6837,"2|0|010100":11957,"2|1|001011":7431,"2|0|010101":12492,"1|0|101001":36978,"1|0|101000":38946,"1|0|000110":4540,"2|0|101101":6994,"2|0|100011":11134,"2|0|101100":7396,"2|0|100010":11518,"2|1|000001":1962,"2|1|000000":1378,"1|1|111011":6640,"1|0|000111":5103,"1|1|111010":8467,"1|0|011011":49509,"2|1|110100":4117,"1|0|011010":48334,"2|1|001100":7909,"2|1|110101":3855,"2|1|001101":8527,"1|1|100001":51994,"1|1|100000":54234,"1|0|000000":1335,"2|0|101111":6192,"2|0|101110":6422,"2|1|000111":5073,"2|1|000110":4495,"1|1|111000":11697,"1|0|000001":1855,"1|1|111001":9858,"1|0|011000":44327,"2|1|001110":9014,"2|1|110111":2960,"2|1|001111":9468,"2|1|110110":3419,"1|0|011001":46147,"1|1|100111":40798,"1|1|100110":42375,"1|0|000011":2990,"1|0|001100":16729,"1|0|000010":2453,"2|0|101001":8566,"2|0|101000":9082,"1|0|001101":19036,"2|1|110001":5246,"2|1|110000":5723,"2|1|011001":14512,"2|1|011000":13798,"1|1|010100":35502,"1|1|010101":37907,"1|1|101111":26263,"1|1|101110":28189,"2|0|101010":8001,"1|0|001111":23955,"1|1|001010":11823,"1|0|001110":21679,"1|1|001011":14373,"2|0|101011":7779,"2|1|000011":2993,"2|1|000010":2530,"1|1|010110":39867,"2|1|111101":914,"2|1|110010":4887,"2|1|111100":1260,"2|1|110011":4538,"2|1|011010":14920,"2|1|011011":14368,"1|1|010111":42112,"1|1|101101":29533,"1|1|100011":48286,"1|1|101100":31646,"1|1|100010":50262,"1|0|110001":22955,"2|0|001011":7423,"2|0|001010":6843,"1|0|110000":24916,"2|0|111110":590,"2|0|111111":563,"1|1|101010":35179,"2|1|010010":10825,"2|1|011100":13960,"2|1|011101":13466,"1|0|010001":28851,"1|0|010000":26602,"2|1|010011":11336,"1|1|101011":33743,"1|0|111101":3854,"2|0|100101":10243,"2|0|100100":10658,"1|0|110010":21254,"1|0|110011":19625,"1|0|111100":5224,"2|0|110010":4933,"2|0|111101":908,"2|0|110011":4458,"2|0|111100":1246,"2|1|011111":12964,"1|0|010111":41823,"1|0|010110":39908,"2|1|011110":13191,"1|1|101001":37090,"1|1|101000":38753,"1|0|110100":18078,"1|0|110101":16225,"2|0|100111":9095,"2|0|100110":9791,"2|1|000101":4081,"2|0|001111":9403,"2|1|000100":3493,"2|0|001110":8913,"1|0|011110":53454,"2|0|111011":1621,"2|0|111010":1916,"2|1|010111":13396,"1|0|011111":54331,"2|1|010110":12795,"1|0|110111":13042,"2|0|100001":12036,"2|0|100000":12341,"2|0|001001":6206,"2|0|001000":5604,"1|0|000101":4059,"1|0|000100":3514,"1|0|110110":14800,"1|0|010010":31020,"2|0|111000":2834,"2|0|111001":2401,"1|0|011101":52085,"2|1|010001":10442,"1|0|010011":33183,"1|0|011100":50506,"2|1|010000":9889}}
