{"probability":{"Group 13":"0.07287743967127842","Group 12":"0.03685493946622404","Group 11":"0.12947142831836714","Group 10":"0.0","Group  6":"0.0005168920843974477","Group  5":"0.0","Group  4":"0.002918642942337503","Group  3":"0.00023287592918811248","Group  2":"0.0","Group  1":"0.0","Group  9":"0.0002225541133993802","Group  8":"0.014355626635532632","Group  7":"0.7425496008392755"},"groups":{"Group 13":["Botan 1.5.6 & 1.11.29 & 2.1.0","Feitian JavaCOS A22 & A40","Gemalto GCX4 72K","HSM SafeNet Luna SA-1700","LibTomCrypt 1.17","Libgcrypt 1.6.0 & 1.6.5 & 1.7.6","Libgcrypt 1.6.0 FIPS & 1.6.5 FIPS","Nettle 3.2 & 3.3","Oberthur Cosmo 64","OpenSSL FIPS 2.0.12 & 2.0.14","PGPSDK 4","WolfSSL 2.0rc1 & 3.9.0 & 3.10.2","cryptlib 3.4.3 & 3.4.3.1"],"Group 12":["Bouncy Castle 1.53 (Java)","Cryptix JCE 20050328","FlexiProvider 1.7p7","HSM Utimaco Security Server Se50","Nettle 2.0","PolarSSL 0.10.0","PuTTY 0.67","SunRsaSign OpenJDK 1.8.0","mbedTLS 1.3.19 & 2.2.1 & 2.4.2"],"Group 11":["Bouncy Castle 1.54 (Java)","Crypto++ 5.6.0 & 5.6.3 & 5.6.5","Libgcrypt 1.7.6 FIPS","Microsoft CryptoAPI & CNG & .NET"],"Group 10":["NXP J2D081 & J2E145G","YubiKey NEO"],"Group  6":["Oberthur Cosmo Dual 72K"],"Group  5":["NXP J2A080 & J2A081 & J3A081 & JCOP 41 V2.2.1"],"Group  4":["Gemalto GXP E64"],"Group  3":["GNU Crypto 2.0.1"],"Group  2":["G&D SmartCafe 4.x & 6.0"],"Group  1":["G&D SmartCafe 3.2"],"Group  9":["Infineon JTOP 80K","YubiKey 4 & 4 Nano"],"Group  8":["PGPSDK 4 FIPS"],"Group  7":["OpenSSL 0.9.7 & 1.0.2g & 1.0.2k & 1.1.0e"]},"frequencies":{"1|1|000110":2842,"2|1|100011":6937,"2|1|101101":4393,"1|1|000111":3024,"2|1|101100":4631,"2|1|100010":7379,"2|0|000000":2198,"2|0|000001":1955,"1|0|111010":10702,"1|0|111011":8721,"1|1|011010":57656,"1|1|011011":59833,"2|0|110100":2647,"2|0|110101":2450,"1|0|100001":66367,"1|0|100000":68534,"2|1|100000":8018,"1|1|000100":2424,"2|1|100001":7560,"2|0|000011":2246,"2|0|001101":4948,"2|0|001100":4674,"2|0|000010":2192,"1|1|000101":2544,"2|1|010101":6988,"2|0|011010":8375,"2|1|010100":6904,"2|0|011011":8381,"1|0|100010":63270,"1|0|101100":39900,"1|0|101101":38115,"1|0|100011":60684,"2|1|100110":6298,"1|1|110101":20836,"2|1|100111":5810,"2|0|000101":2686,"2|0|000100":2520,"1|0|111110":2958,"1|1|110100":22934,"1|0|111111":1052,"1|0|100101":55544,"2|0|110001":3409,"2|0|110000":3562,"1|0|010101":43908,"1|0|010100":41430,"2|0|011001":8179,"2|0|011000":7898,"1|0|100100":58722,"2|1|100100":6722,"2|1|100101":6370,"2|0|000110":2837,"2|0|000111":3017,"1|0|111000":14820,"1|0|111001":12787,"2|0|110111":2031,"2|0|110110":2205,"2|0|011111":8122,"2|0|011110":8177,"1|0|100111":51280,"1|0|100110":54006,"1|1|001001":8035,"1|0|001001":8003,"1|0|001000":4705,"1|1|001000":4750,"1|1|110001":28802,"1|1|110000":31351,"1|1|010000":29485,"2|0|011101":8044,"2|1|111111":262,"2|1|111110":444,"2|0|010010":6163,"2|0|011100":8054,"2|0|010011":6607,"1|1|010001":32865,"1|0|101010":44201,"1|0|101011":42336,"1|0|001010":11384,"1|1|001111":26444,"1|0|001011":14462,"1|1|001110":23647,"2|1|101011":4820,"2|1|101010":5159,"1|1|110111":16481,"1|1|110110":18472,"1|1|010010":35570,"1|1|010011":38715,"1|1|011100":61715,"2|0|010001":6109,"2|1|111001":1434,"2|1|111000":1772,"2|0|010000":5761,"1|1|011101":64013,"1|1|000011":2291,"1|1|001100":17584,"1|1|001101":20543,"2|1|101001":5332,"1|1|000010":2200,"2|1|101000":5717,"1|1|111110":2940,"1|1|111111":1077,"2|1|111010":1282,"1|1|011110":66150,"1|1|011111":68550,"2|0|010111":7533,"2|1|001000":3220,"2|1|001001":3636,"2|1|111011":1065,"2|0|010110":7370,"1|0|101111":33636,"1|1|100101":56221,"1|1|100100":58466,"1|0|101110":35762,"1|1|000000":2174,"1|1|000001":2035,"2|1|101111":3803,"2|1|101110":4173,"1|1|110010":27006,"1|1|111101":4900,"1|1|110011":24922,"1|1|111100":6749,"1|1|011000":52104,"1|1|011001":54603,"2|1|001010":3913,"2|0|010100":6686,"2|1|001011":4086,"2|0|010101":7050,"1|0|101001":46571,"1|0|101000":49195,"1|0|000110":2818,"2|0|101101":4313,"2|0|100011":6942,"2|0|101100":4525,"2|0|100010":7334,"2|1|000001":2065,"2|1|000000":2116,"1|1|111011":8737,"1|0|000111":2927,"1|1|111010":10982,"1|0|011011":59628,"2|1|110100":2658,"1|0|011010":57418,"2|1|001100":4556,"2|1|110101":2427,"2|1|001101":4795,"1|1|100001":65741,"1|1|100000":68118,"1|0|000000":2079,"2|0|101111":3956,"2|0|101110":3966,"2|1|000111":3020,"2|1|000110":2923,"1|1|111000":14602,"1|0|000001":2042,"1|1|111001":12758,"1|0|011000":52097,"2|1|001110":5091,"2|1|110111":2046,"2|1|001111":5568,"2|1|110110":2224,"1|0|011001":54778,"1|1|100111":50954,"1|1|100110":53751,"1|0|000011":2289,"1|0|001100":17738,"1|0|000010":2144,"2|0|101001":5375,"2|0|101000":5685,"1|0|001101":20223,"2|1|110001":3394,"2|1|110000":3640,"2|1|011001":8173,"2|1|011000":7789,"1|1|010100":40907,"1|1|010101":44006,"1|1|101111":33180,"1|1|101110":35352,"2|0|101010":5227,"1|0|001111":26552,"1|1|001010":11299,"1|0|001110":23769,"1|1|001011":14635,"2|0|101011":5020,"2|1|000011":2299,"2|1|000010":2150,"1|1|010110":46803,"2|1|111101":640,"2|1|110010":3173,"2|1|111100":865,"2|1|110011":2892,"2|1|011010":8413,"2|1|011011":8315,"1|1|010111":49838,"1|1|101101":37562,"1|1|100011":61803,"1|1|101100":40155,"1|1|100010":63064,"1|0|110001":29359,"2|0|001011":4235,"2|0|001010":3939,"1|0|110000":31572,"2|0|111110":429,"2|0|111111":276,"1|1|101010":44481,"2|1|010010":6249,"2|1|011100":8222,"2|1|011101":8265,"1|0|010001":32495,"1|0|010000":29813,"2|1|010011":6571,"1|1|101011":41839,"1|0|111101":4884,"2|0|100101":6456,"2|0|100100":6778,"1|0|110010":27031,"1|0|110011":24667,"1|0|111100":6895,"2|0|110010":3106,"2|0|111101":655,"2|0|110011":2988,"2|0|111100":890,"2|1|011111":7884,"1|0|010111":49342,"1|0|010110":46455,"2|1|011110":8118,"1|1|101001":47293,"1|1|101000":48613,"1|0|110100":22719,"1|0|110101":20901,"2|0|100111":6029,"2|0|100110":6305,"2|1|000101":2641,"2|0|001111":5343,"2|1|000100":2507,"2|0|001110":5096,"1|0|011110":66588,"2|0|111011":1064,"2|0|111010":1283,"2|1|010111":7508,"1|0|011111":68725,"2|1|010110":7401,"1|0|110111":16697,"2|0|100001":7652,"2|0|100000":8107,"2|0|001001":3600,"2|0|001000":3284,"1|0|000101":2629,"1|0|000100":2553,"1|0|110110":18619,"1|0|010010":35411,"2|0|111000":1723,"2|0|111001":1448,"1|0|011101":63947,"2|1|010001":6019,"1|0|010011":38649,"1|0|011100":61266,"2|1|010000":5667}}
