{"probability":{"Group 13":"0.08822894982923128","Group 12":"0.025897095433869064","Group 11":"0.10471063656293868","Group 10":"0.0004713506876275437","Group  6":"0.0007315312430533345","Group  5":"0.0","Group  4":"0.0016186263695920752","Group  3":"0.0","Group  2":"0.0","Group  1":"0.0","Group  9":"0.00019846453353220984","Group  8":"0.000027244737934129315","Group  7":"0.7781161006022217"},"groups":{"Group 13":["Botan 1.5.6 & 1.11.29 & 2.1.0","Feitian JavaCOS A22 & A40","Gemalto GCX4 72K","HSM SafeNet Luna SA-1700","LibTomCrypt 1.17","Libgcrypt 1.6.0 & 1.6.5 & 1.7.6","Libgcrypt 1.6.0 FIPS & 1.6.5 FIPS","Nettle 3.2 & 3.3","Oberthur Cosmo 64","OpenSSL FIPS 2.0.12 & 2.0.14","PGPSDK 4","WolfSSL 2.0rc1 & 3.9.0 & 3.10.2","cryptlib 3.4.3 & 3.4.3.1"],"Group 12":["Bouncy Castle 1.53 (Java)","Cryptix JCE 20050328","FlexiProvider 1.7p7","HSM Utimaco Security Server Se50","Nettle 2.0","PolarSSL 0.10.0","PuTTY 0.67","SunRsaSign OpenJDK 1.8.0","mbedTLS 1.3.19 & 2.2.1 & 2.4.2"],"Group 11":["Bouncy Castle 1.54 (Java)","Crypto++ 5.6.0 & 5.6.3 & 5.6.5","Libgcrypt 1.7.6 FIPS","Microsoft CryptoAPI & CNG & .NET"],"Group 10":["NXP J2D081 & J2E145G","YubiKey NEO"],"Group  6":["Oberthur Cosmo Dual 72K"],"Group  5":["NXP J2A080 & J2A081 & J3A081 & JCOP 41 V2.2.1"],"Group  4":["Gemalto GXP E64"],"Group  3":["GNU Crypto 2.0.1"],"Group  2":["G&D SmartCafe 4.x & 6.0"],"Group  1":["G&D SmartCafe 3.2"],"Group  9":["Infineon JTOP 80K","YubiKey 4 & 4 Nano"],"Group  8":["PGPSDK 4 FIPS"],"Group  7":["OpenSSL 0.9.7 & 1.0.2g & 1.0.2k & 1.1.0e"]},"frequencies":{"1|1|000110":331,"2|1|100011":1044,"2|1|101101":652,"1|1|000111":333,"2|1|101100":693,"2|1|100010":1106,"2|0|000000":214,"2|0|000001":210,"1|0|111010":1829,"1|0|111011":1544,"1|1|011010":10086,"1|1|011011":10616,"2|0|110100":385,"2|0|110101":370,"1|0|100001":11970,"1|0|100000":12241,"2|1|100000":1253,"1|1|000100":269,"2|1|100001":1251,"2|0|000011":274,"2|0|001101":689,"2|0|001100":600,"2|0|000010":231,"1|1|000101":280,"2|1|010101":1072,"2|0|011010":1282,"2|1|010100":1029,"2|0|011011":1270,"1|0|100010":11334,"1|0|101100":7025,"1|0|101101":6797,"1|0|100011":10769,"2|1|100110":949,"1|1|110101":3636,"2|1|100111":969,"2|0|000101":294,"2|0|000100":254,"1|0|111110":544,"1|1|110100":4010,"1|0|111111":158,"1|0|100101":10094,"2|0|110001":549,"2|0|110000":600,"1|0|010101":7642,"1|0|010100":7304,"2|0|011001":1205,"2|0|011000":1091,"1|0|100100":10386,"2|1|100100":1023,"2|1|100101":996,"2|0|000110":359,"2|0|000111":344,"1|0|111000":2541,"1|0|111001":2305,"2|0|110111":308,"2|0|110110":328,"2|0|011111":1248,"2|0|011110":1263,"1|0|100111":9211,"1|0|100110":9448,"1|1|001001":1269,"1|0|001001":1263,"1|0|001000":652,"1|1|001000":644,"1|1|110001":5182,"1|1|110000":5494,"1|1|010000":5024,"2|0|011101":1318,"2|1|111111":39,"2|1|111110":48,"2|0|010010":914,"2|0|011100":1257,"2|0|010011":950,"1|1|010001":5719,"1|0|101010":7714,"1|0|101011":7542,"1|0|001010":1798,"1|1|001111":4656,"1|0|001011":2443,"1|1|001110":3928,"2|1|101011":737,"2|1|101010":818,"1|1|110111":2869,"1|1|110110":3375,"1|1|010010":6178,"1|1|010011":6667,"1|1|011100":10824,"2|0|010001":897,"2|1|111001":236,"2|1|111000":271,"2|0|010000":810,"1|1|011101":11293,"1|1|000011":269,"1|1|001100":2946,"1|1|001101":3576,"2|1|101001":838,"1|1|000010":246,"2|1|101000":928,"1|1|111110":518,"1|1|111111":172,"2|1|111010":179,"1|1|011110":11838,"1|1|011111":12027,"2|0|010111":1140,"2|1|001000":399,"2|1|001001":461,"2|1|111011":174,"2|0|010110":1077,"1|0|101111":5874,"1|1|100101":9945,"1|1|100100":10453,"1|0|101110":6348,"1|1|000000":195,"1|1|000001":205,"2|1|101111":617,"2|1|101110":647,"1|1|110010":4878,"1|1|111101":810,"1|1|110011":4518,"1|1|111100":1219,"1|1|011000":9154,"1|1|011001":9689,"2|1|001010":482,"2|0|010100":997,"2|1|001011":545,"2|0|010101":1068,"1|0|101001":8231,"1|0|101000":8730,"1|0|000110":318,"2|0|101101":698,"2|0|100011":1136,"2|0|101100":683,"2|0|100010":1162,"2|1|000001":226,"2|1|000000":197,"1|1|111011":1535,"1|0|000111":368,"1|1|111010":1851,"1|0|011011":10528,"2|1|110100":431,"1|0|011010":10168,"2|1|001100":612,"2|1|110101":385,"2|1|001101":657,"1|1|100001":11622,"1|1|100000":12096,"1|0|000000":187,"2|0|101111":617,"2|0|101110":637,"2|1|000111":391,"2|1|000110":347,"1|1|111000":2613,"1|0|000001":224,"1|1|111001":2372,"1|0|011000":9196,"2|1|001110":733,"2|1|110111":300,"2|1|001111":752,"2|1|110110":361,"1|0|011001":9625,"1|1|100111":9313,"1|1|100110":9603,"1|0|000011":277,"1|0|001100":2923,"1|0|000010":242,"2|0|101001":811,"2|0|101000":857,"1|0|001101":3496,"2|1|110001":550,"2|1|110000":591,"2|1|011001":1201,"2|1|011000":1223,"1|1|010100":7237,"1|1|010101":7593,"1|1|101111":5834,"1|1|101110":6277,"2|0|101010":810,"1|0|001111":4578,"1|1|001010":1758,"1|0|001110":4053,"1|1|001011":2436,"2|0|101011":776,"2|1|000011":254,"2|1|000010":236,"1|1|010110":8063,"2|1|111101":83,"2|1|110010":460,"2|1|111100":108,"2|1|110011":468,"2|1|011010":1282,"2|1|011011":1271,"1|1|010111":8661,"1|1|101101":6632,"1|1|100011":10953,"1|1|101100":7174,"1|1|100010":11345,"1|0|110001":5230,"2|0|001011":589,"2|0|001010":472,"1|0|110000":5590,"2|0|111110":47,"2|0|111111":36,"1|1|101010":7915,"2|1|010010":963,"2|1|011100":1266,"2|1|011101":1324,"1|0|010001":5667,"1|0|010000":5190,"2|1|010011":918,"1|1|101011":7502,"1|0|111101":834,"2|0|100101":1052,"2|0|100100":1101,"1|0|110010":4730,"1|0|110011":4416,"1|0|111100":1183,"2|0|110010":473,"2|0|111101":83,"2|0|110011":455,"2|0|111100":118,"2|1|011111":1257,"1|0|010111":8631,"1|0|010110":8082,"2|1|011110":1287,"1|1|101001":8410,"1|1|101000":8901,"1|0|110100":4040,"1|0|110101":3630,"2|0|100111":905,"2|0|100110":966,"2|1|000101":303,"2|0|001111":798,"2|1|000100":292,"2|0|001110":744,"1|0|011110":11723,"2|0|111011":153,"2|0|111010":168,"2|1|010111":1136,"1|0|011111":12308,"2|1|010110":1127,"1|0|110111":2955,"2|0|100001":1248,"2|0|100000":1281,"2|0|001001":465,"2|0|001000":397,"1|0|000101":295,"1|0|000100":287,"1|0|110110":3316,"1|0|010010":6304,"2|0|111000":265,"2|0|111001":214,"1|0|011101":11554,"2|1|010001":854,"1|0|010011":6642,"1|0|011100":10871,"2|1|010000":907}}
