{"probability":{"Group 13":"0.20531378654203852","Group 12":"0.13045551664601435","Group 11":"0.021076882785926076","Group 10":"0.000048216918519140515","Group  6":"0.0","Group  5":"0.000008786904823414111","Group  4":"0.0018823918429995345","Group  3":"0.0004897283001571454","Group  2":"0.0","Group  1":"0.0","Group  9":"0.0005984304138557342","Group  8":"0.0","Group  7":"0.6401262596456659"},"groups":{"Group 13":["Botan 1.5.6 & 1.11.29 & 2.1.0","Feitian JavaCOS A22 & A40","Gemalto GCX4 72K","HSM SafeNet Luna SA-1700","LibTomCrypt 1.17","Libgcrypt 1.6.0 & 1.6.5 & 1.7.6","Libgcrypt 1.6.0 FIPS & 1.6.5 FIPS","Nettle 3.2 & 3.3","Oberthur Cosmo 64","OpenSSL FIPS 2.0.12 & 2.0.14","PGPSDK 4","WolfSSL 2.0rc1 & 3.9.0 & 3.10.2","cryptlib 3.4.3 & 3.4.3.1"],"Group 12":["Bouncy Castle 1.53 (Java)","Cryptix JCE 20050328","FlexiProvider 1.7p7","HSM Utimaco Security Server Se50","Nettle 2.0","PolarSSL 0.10.0","PuTTY 0.67","SunRsaSign OpenJDK 1.8.0","mbedTLS 1.3.19 & 2.2.1 & 2.4.2"],"Group 11":["Bouncy Castle 1.54 (Java)","Crypto++ 5.6.0 & 5.6.3 & 5.6.5","Libgcrypt 1.7.6 FIPS","Microsoft CryptoAPI & CNG & .NET"],"Group 10":["NXP J2D081 & J2E145G","YubiKey NEO"],"Group  6":["Oberthur Cosmo Dual 72K"],"Group  5":["NXP J2A080 & J2A081 & J3A081 & JCOP 41 V2.2.1"],"Group  4":["Gemalto GXP E64"],"Group  3":["GNU Crypto 2.0.1"],"Group  2":["G&D SmartCafe 4.x & 6.0"],"Group  1":["G&D SmartCafe 3.2"],"Group  9":["Infineon JTOP 80K","YubiKey 4 & 4 Nano"],"Group  8":["PGPSDK 4 FIPS"],"Group  7":["OpenSSL 0.9.7 & 1.0.2g & 1.0.2k & 1.1.0e"]},"frequencies":{"1|1|000110":934,"2|1|100011":1854,"2|1|101101":1234,"1|1|000111":872,"2|1|101100":1239,"2|1|100010":2047,"2|0|000000":1041,"2|0|000001":996,"1|0|111010":1889,"1|0|111011":1582,"1|1|011010":10103,"1|1|011011":10538,"2|0|110100":671,"2|0|110101":669,"1|0|100001":11683,"1|0|100000":12258,"2|1|100000":2255,"1|1|000100":949,"2|1|100001":2175,"2|0|000011":932,"2|0|001101":1321,"2|0|001100":1243,"2|0|000010":987,"1|1|000101":910,"2|1|010101":1735,"2|0|011010":1938,"2|1|010100":1678,"2|0|011011":2084,"1|0|100010":11321,"1|0|101100":7175,"1|0|101101":6744,"1|0|100011":10671,"2|1|100110":1624,"1|1|110101":3681,"2|1|100111":1634,"2|0|000101":914,"2|0|000100":934,"1|0|111110":504,"1|1|110100":4083,"1|0|111111":153,"1|0|100101":10162,"2|0|110001":900,"2|0|110000":996,"1|0|010101":7884,"1|0|010100":7500,"2|0|011001":1853,"2|0|011000":1820,"1|0|100100":10161,"2|1|100100":1814,"2|1|100101":1707,"2|0|000110":948,"2|0|000111":863,"1|0|111000":2605,"1|0|111001":2338,"2|0|110111":540,"2|0|110110":550,"2|0|011111":2244,"2|0|011110":2136,"1|0|100111":9148,"1|0|100110":9585,"1|1|001001":1715,"1|0|001001":1745,"1|0|001000":1200,"1|1|001000":1157,"1|1|110001":5222,"1|1|110000":5537,"1|1|010000":5417,"2|0|011101":2136,"2|1|111111":32,"2|1|111110":97,"2|0|010010":1546,"2|0|011100":2128,"2|0|010011":1593,"1|1|010001":5867,"1|0|101010":7945,"1|0|101011":7536,"1|0|001010":2261,"1|1|001111":4958,"1|0|001011":2816,"1|1|001110":4433,"2|1|101011":1334,"2|1|101010":1419,"1|1|110111":2936,"1|1|110110":3208,"1|1|010010":6316,"1|1|010011":6965,"1|1|011100":11057,"2|0|010001":1532,"2|1|111001":428,"2|1|111000":440,"2|0|010000":1425,"1|1|011101":11382,"1|1|000011":926,"1|1|001100":3312,"1|1|001101":3958,"2|1|101001":1406,"1|1|000010":997,"2|1|101000":1551,"1|1|111110":537,"1|1|111111":172,"2|1|111010":313,"1|1|011110":11880,"1|1|011111":12169,"2|0|010111":1912,"2|1|001000":918,"2|1|001001":1024,"2|1|111011":258,"2|0|010110":1762,"1|0|101111":6105,"1|1|100101":10002,"1|1|100100":10449,"1|0|101110":6374,"1|1|000000":1004,"1|1|000001":982,"2|1|101111":1058,"2|1|101110":1053,"1|1|110010":4792,"1|1|111101":866,"1|1|110011":4379,"1|1|111100":1122,"1|1|011000":9376,"1|1|011001":9560,"2|1|001010":1073,"2|0|010100":1668,"2|1|001011":1157,"2|0|010101":1727,"1|0|101001":8412,"1|0|101000":8699,"1|0|000110":947,"2|0|101101":1193,"2|0|100011":2004,"2|0|101100":1227,"2|0|100010":1965,"2|1|000001":925,"2|1|000000":1052,"1|1|111011":1514,"1|0|000111":895,"1|1|111010":1849,"1|0|011011":10463,"2|1|110100":696,"1|0|011010":9947,"2|1|001100":1186,"2|1|110101":647,"2|1|001101":1233,"1|1|100001":11877,"1|1|100000":12202,"1|0|000000":1070,"2|0|101111":1086,"2|0|101110":1048,"2|1|000111":879,"2|1|000110":931,"1|1|111000":2561,"1|0|000001":988,"1|1|111001":2218,"1|0|011000":9256,"2|1|001110":1354,"2|1|110111":494,"2|1|001111":1388,"2|1|110110":582,"1|0|011001":9717,"1|1|100111":9068,"1|1|100110":9658,"1|0|000011":1036,"1|0|001100":3384,"1|0|000010":971,"2|0|101001":1444,"2|0|101000":1483,"1|0|001101":3849,"2|1|110001":926,"2|1|110000":981,"2|1|011001":1945,"2|1|011000":1862,"1|1|010100":7082,"1|1|010101":7799,"1|1|101111":5835,"1|1|101110":6504,"2|0|101010":1415,"1|0|001111":4949,"1|1|001010":2308,"1|0|001110":4231,"1|1|001011":2901,"2|0|101011":1340,"2|1|000011":967,"2|1|000010":964,"1|1|010110":8276,"2|1|111101":130,"2|1|110010":862,"2|1|111100":202,"2|1|110011":767,"2|1|011010":1950,"2|1|011011":1983,"1|1|010111":8681,"1|1|101101":6776,"1|1|100011":10901,"1|1|101100":7027,"1|1|100010":11412,"1|0|110001":5209,"2|0|001011":1144,"2|0|001010":1088,"1|0|110000":5475,"2|0|111110":95,"2|0|111111":25,"1|1|101010":7737,"2|1|010010":1584,"2|1|011100":1987,"2|1|011101":2076,"1|0|010001":5884,"1|0|010000":5294,"2|1|010011":1626,"1|1|101011":7496,"1|0|111101":802,"2|0|100101":1799,"2|0|100100":1848,"1|0|110010":4761,"1|0|110011":4498,"1|0|111100":1208,"2|0|110010":829,"2|0|111101":151,"2|0|110011":750,"2|0|111100":196,"2|1|011111":2217,"1|0|010111":8635,"1|0|010110":8407,"2|1|011110":2093,"1|1|101001":8386,"1|1|101000":8705,"1|0|110100":4012,"1|0|110101":3649,"2|0|100111":1678,"2|0|100110":1643,"2|1|000101":990,"2|0|001111":1384,"2|1|000100":994,"2|0|001110":1326,"1|0|011110":12041,"2|0|111011":263,"2|0|111010":344,"2|1|010111":1850,"1|0|011111":11922,"2|1|010110":1840,"1|0|110111":2859,"2|0|100001":2099,"2|0|100000":2129,"2|0|001001":1033,"2|0|001000":922,"1|0|000101":954,"1|0|000100":946,"1|0|110110":3362,"1|0|010010":6551,"2|0|111000":422,"2|0|111001":367,"1|0|011101":11178,"2|1|010001":1553,"1|0|010011":6975,"1|0|011100":11000,"2|1|010000":1450}}
