{"probability":{"Group 13":"0.07278382179009771","Group 12":"0.032270102503547275","Group 11":"0.1339486306753261","Group 10":"0.00001572952195901189","Group  6":"0.00004820515158111839","Group  5":"0.0","Group  4":"0.002397018910221487","Group  3":"0.00008239055892151163","Group  2":"0.0","Group  1":"0.0","Group  9":"0.0002200697480161757","Group  8":"0.007747218859240496","Group  7":"0.7504868122810892"},"groups":{"Group 13":["Botan 1.5.6 & 1.11.29 & 2.1.0","Feitian JavaCOS A22 & A40","Gemalto GCX4 72K","HSM SafeNet Luna SA-1700","LibTomCrypt 1.17","Libgcrypt 1.6.0 & 1.6.5 & 1.7.6","Libgcrypt 1.6.0 FIPS & 1.6.5 FIPS","Nettle 3.2 & 3.3","Oberthur Cosmo 64","OpenSSL FIPS 2.0.12 & 2.0.14","PGPSDK 4","WolfSSL 2.0rc1 & 3.9.0 & 3.10.2","cryptlib 3.4.3 & 3.4.3.1"],"Group 12":["Bouncy Castle 1.53 (Java)","Cryptix JCE 20050328","FlexiProvider 1.7p7","HSM Utimaco Security Server Se50","Nettle 2.0","PolarSSL 0.10.0","PuTTY 0.67","SunRsaSign OpenJDK 1.8.0","mbedTLS 1.3.19 & 2.2.1 & 2.4.2"],"Group 11":["Bouncy Castle 1.54 (Java)","Crypto++ 5.6.0 & 5.6.3 & 5.6.5","Libgcrypt 1.7.6 FIPS","Microsoft CryptoAPI & CNG & .NET"],"Group 10":["NXP J2D081 & J2E145G","YubiKey NEO"],"Group  6":["Oberthur Cosmo Dual 72K"],"Group  5":["NXP J2A080 & J2A081 & J3A081 & JCOP 41 V2.2.1"],"Group  4":["Gemalto GXP E64"],"Group  3":["GNU Crypto 2.0.1"],"Group  2":["G&D SmartCafe 4.x & 6.0"],"Group  1":["G&D SmartCafe 3.2"],"Group  9":["Infineon JTOP 80K","YubiKey 4 & 4 Nano"],"Group  8":["PGPSDK 4 FIPS"],"Group  7":["OpenSSL 0.9.7 & 1.0.2g & 1.0.2k & 1.1.0e"]},"frequencies":{"1|1|000110":2724,"2|1|100011":6934,"2|1|101101":4363,"1|1|000111":2787,"2|1|101100":4571,"2|1|100010":7341,"2|0|000000":1793,"2|0|000001":1640,"1|0|111010":10748,"1|0|111011":8874,"1|1|011010":59051,"1|1|011011":61085,"2|0|110100":2557,"2|0|110101":2446,"1|0|100001":67434,"1|0|100000":70022,"2|1|100000":7921,"1|1|000100":2182,"2|1|100001":7587,"2|0|000011":2011,"2|0|001101":4689,"2|0|001100":4428,"2|0|000010":1864,"1|1|000101":2401,"2|1|010101":6926,"2|0|011010":8291,"2|1|010100":6730,"2|0|011011":8334,"1|0|100010":64625,"1|0|101100":40760,"1|0|101101":38922,"1|0|100011":61754,"2|1|100110":6206,"1|1|110101":21216,"2|1|100111":5847,"2|0|000101":2463,"2|0|000100":2224,"1|0|111110":2952,"1|1|110100":23364,"1|0|111111":1072,"1|0|100101":56796,"2|0|110001":3402,"2|0|110000":3510,"1|0|010101":44673,"1|0|010100":41910,"2|0|011001":8035,"2|0|011000":7858,"1|0|100100":59665,"2|1|100100":6674,"2|1|100101":6457,"2|0|000110":2577,"2|0|000111":2834,"1|0|111000":15092,"1|0|111001":12977,"2|0|110111":1947,"2|0|110110":2155,"2|0|011111":8077,"2|0|011110":8097,"1|0|100111":52430,"1|0|100110":54849,"1|1|001001":7919,"1|0|001001":7797,"1|0|001000":4501,"1|1|001000":4620,"1|1|110001":29381,"1|1|110000":31782,"1|1|010000":30189,"2|0|011101":8077,"2|1|111111":211,"2|1|111110":379,"2|0|010010":6234,"2|0|011100":8023,"0|0|001110":1,"2|0|010011":6465,"1|1|010001":33241,"1|0|101010":45046,"1|0|101011":43136,"1|0|001010":11217,"1|1|001111":26707,"1|0|001011":14499,"1|1|001110":23978,"2|1|101011":4925,"2|1|101010":5141,"1|1|110111":16964,"1|1|110110":18836,"1|1|010010":36168,"1|1|010011":39215,"1|1|011100":63272,"2|0|010001":5949,"2|1|111001":1428,"2|1|111000":1688,"2|0|010000":5524,"1|1|011101":65113,"1|1|000011":2062,"1|1|001100":17639,"1|1|001101":20810,"2|1|101001":5354,"1|1|000010":1884,"2|1|101000":5600,"1|1|111110":2995,"1|1|111111":1040,"2|1|111010":1252,"1|1|011110":67167,"1|1|011111":69826,"2|0|010111":7430,"2|1|001000":3017,"2|1|001001":3428,"2|1|111011":1019,"2|0|010110":7246,"1|0|101111":33987,"1|1|100101":57319,"1|1|100100":59692,"1|0|101110":36340,"1|1|000000":1793,"1|1|000001":1647,"2|1|101111":3866,"2|1|101110":4127,"1|1|110010":27484,"1|1|111101":4899,"1|1|110011":25301,"1|1|111100":6792,"1|1|011000":53045,"1|1|011001":55654,"2|1|001010":3669,"2|0|010100":6715,"2|1|001011":3908,"2|0|010101":6982,"1|0|101001":47718,"1|0|101000":50186,"1|0|000110":2575,"2|0|101101":4305,"2|0|100011":7044,"2|0|101100":4569,"2|0|100010":7348,"2|1|000001":1718,"2|1|000000":1838,"1|1|111011":8864,"1|0|000111":2671,"1|1|111010":11051,"1|0|011011":60574,"2|1|110100":2567,"1|0|011010":58413,"2|1|001100":4360,"2|1|110101":2416,"2|1|001101":4707,"1|1|100001":66905,"1|1|100000":69789,"1|0|000000":1762,"2|0|101111":3877,"2|0|101110":3949,"2|1|000111":2736,"2|1|000110":2641,"1|1|111000":14758,"1|0|000001":1709,"1|1|111001":12813,"1|0|011000":52961,"2|1|001110":4971,"2|1|110111":1974,"2|1|001111":5445,"2|1|110110":2170,"1|0|011001":55559,"1|1|100111":52069,"1|1|100110":54874,"1|0|000011":2101,"1|0|001100":17910,"1|0|000010":1871,"2|0|101001":5309,"2|0|101000":5649,"1|0|001101":20533,"2|1|110001":3359,"2|1|110000":3506,"2|1|011001":8137,"2|1|011000":7721,"1|1|010100":41690,"1|1|010101":44510,"1|1|101111":33622,"1|1|101110":36246,"2|0|101010":5181,"1|0|001111":26797,"1|1|001010":11158,"1|0|001110":24192,"1|1|001011":14741,"2|0|101011":4887,"2|1|000011":2055,"2|1|000010":1895,"1|1|010110":47553,"2|1|111101":622,"2|1|110010":3178,"2|1|111100":843,"2|1|110011":2791,"2|1|011010":8345,"2|1|011011":8339,"1|1|010111":50501,"1|1|101101":38377,"1|1|100011":62619,"1|1|101100":40813,"1|1|100010":64735,"1|0|110001":29619,"2|0|001011":4100,"2|0|001010":3752,"1|0|110000":32070,"2|0|111110":406,"2|0|111111":230,"1|1|101010":45687,"2|1|010010":6195,"2|1|011100":8299,"2|1|011101":8173,"1|0|010001":33065,"1|0|010000":30065,"2|1|010011":6467,"1|1|101011":42684,"1|0|111101":4958,"2|0|100101":6376,"2|0|100100":6816,"1|0|110010":27530,"1|0|110011":25190,"1|0|111100":6881,"2|0|110010":3041,"2|0|111101":611,"2|0|110011":2964,"2|0|111100":846,"2|1|011111":7959,"1|0|010111":50128,"1|0|010110":47555,"2|1|011110":8054,"1|1|101001":48230,"1|1|101000":49606,"1|0|110100":23191,"1|0|110101":21345,"2|0|100111":5963,"2|0|100110":6225,"2|1|000101":2371,"2|0|001111":5172,"2|1|000100":2280,"2|0|001110":4893,"1|0|011110":67728,"2|0|111011":1011,"2|0|111010":1259,"2|1|010111":7606,"1|0|011111":69979,"2|1|010110":7257,"1|0|110111":17066,"2|0|100001":7674,"2|0|100000":8060,"2|0|001001":3399,"2|0|001000":2986,"1|0|000101":2398,"1|0|000100":2304,"1|0|110110":18931,"1|0|010010":36011,"2|0|111000":1679,"2|0|111001":1474,"1|0|011101":65237,"2|1|010001":5912,"1|0|010011":39252,"1|0|011100":62684,"2|1|010000":5506}}
