{"probability":{"Group 13":"0.15662416728797396","Group 12":"0.09347954801631007","Group 11":"0.018434848103551192","Group 10":"0.00016833963711421665","Group  6":"0.0","Group  5":"0.00043672440465847425","Group  4":"0.004170668638899902","Group  3":"0.0","Group  2":"0.0","Group  1":"0.0","Group  9":"0.0","Group  8":"0.0","Group  7":"0.7266857039114921"},"groups":{"Group 13":["Botan 1.5.6 & 1.11.29 & 2.1.0","Feitian JavaCOS A22 & A40","Gemalto GCX4 72K","HSM SafeNet Luna SA-1700","LibTomCrypt 1.17","Libgcrypt 1.6.0 & 1.6.5 & 1.7.6","Libgcrypt 1.6.0 FIPS & 1.6.5 FIPS","Nettle 3.2 & 3.3","Oberthur Cosmo 64","OpenSSL FIPS 2.0.12 & 2.0.14","PGPSDK 4","WolfSSL 2.0rc1 & 3.9.0 & 3.10.2","cryptlib 3.4.3 & 3.4.3.1"],"Group 12":["Bouncy Castle 1.53 (Java)","Cryptix JCE 20050328","FlexiProvider 1.7p7","HSM Utimaco Security Server Se50","Nettle 2.0","PolarSSL 0.10.0","PuTTY 0.67","SunRsaSign OpenJDK 1.8.0","mbedTLS 1.3.19 & 2.2.1 & 2.4.2"],"Group 11":["Bouncy Castle 1.54 (Java)","Crypto++ 5.6.0 & 5.6.3 & 5.6.5","Libgcrypt 1.7.6 FIPS","Microsoft CryptoAPI & CNG & .NET"],"Group 10":["NXP J2D081 & J2E145G","YubiKey NEO"],"Group  6":["Oberthur Cosmo Dual 72K"],"Group  5":["NXP J2A080 & J2A081 & J3A081 & JCOP 41 V2.2.1"],"Group  4":["Gemalto GXP E64"],"Group  3":["GNU Crypto 2.0.1"],"Group  2":["G&D SmartCafe 4.x & 6.0"],"Group  1":["G&D SmartCafe 3.2"],"Group  9":["Infineon JTOP 80K","YubiKey 4 & 4 Nano"],"Group  8":["PGPSDK 4 FIPS"],"Group  7":["OpenSSL 0.9.7 & 1.0.2g & 1.0.2k & 1.1.0e"]},"frequencies":{"1|1|000110":1082,"2|1|100011":2335,"2|1|101101":1425,"1|1|000111":1016,"2|1|101100":1564,"2|1|100010":2405,"2|0|000000":1126,"2|0|000001":1104,"1|0|111010":3109,"1|0|111011":2601,"1|1|011010":16834,"1|1|011011":17725,"2|0|110100":855,"2|0|110101":769,"1|0|100001":20245,"1|0|100000":20471,"2|1|100000":2796,"1|1|000100":1061,"2|1|100001":2645,"2|0|000011":1113,"2|0|001101":1420,"2|0|001100":1487,"2|0|000010":1153,"1|1|000101":1104,"2|1|010101":2114,"2|0|011010":2423,"2|1|010100":2005,"2|0|011011":2355,"1|0|100010":19037,"1|0|101100":11879,"1|0|101101":11355,"1|0|100011":18282,"2|1|100110":2015,"1|1|110101":6336,"2|1|100111":1976,"2|0|000101":1095,"2|0|000100":1022,"1|0|111110":908,"1|1|110100":6840,"1|0|111111":285,"1|0|100101":16819,"2|0|110001":1086,"2|0|110000":1217,"1|0|010101":13235,"1|0|010100":12472,"2|0|011001":2322,"2|0|011000":2267,"1|0|100100":17434,"2|1|100100":2224,"2|1|100101":2117,"2|0|000110":1029,"2|0|000111":1074,"1|0|111000":4291,"1|0|111001":3844,"2|0|110111":592,"2|0|110110":714,"2|0|011111":2773,"2|0|011110":2534,"1|0|100111":15333,"1|0|100110":16204,"1|1|001001":2481,"1|0|001001":2446,"1|0|001000":1489,"1|1|001000":1555,"1|1|110001":8719,"1|1|110000":9310,"1|1|010000":8645,"2|0|011101":2584,"2|1|111111":36,"2|1|111110":107,"2|0|010010":1883,"2|0|011100":2570,"2|0|010011":1943,"1|1|010001":9877,"1|0|101010":13433,"1|0|101011":12582,"1|0|001010":3423,"1|1|001111":8075,"1|0|001011":4349,"1|1|001110":7051,"2|1|101011":1604,"2|1|101010":1592,"1|1|110111":5007,"1|1|110110":5503,"1|1|010010":10584,"1|1|010011":11318,"1|1|011100":18467,"2|0|010001":1809,"2|1|111001":465,"2|1|111000":536,"2|0|010000":1767,"1|1|011101":18936,"1|1|000011":1078,"1|1|001100":5152,"1|1|001101":6102,"2|1|101001":1777,"1|1|000010":1155,"2|1|101000":1863,"1|1|111110":855,"1|1|111111":270,"2|1|111010":399,"1|1|011110":19718,"1|1|011111":20711,"2|0|010111":2230,"2|1|001000":1059,"2|1|001001":1176,"2|1|111011":365,"2|0|010110":2210,"1|0|101111":9827,"1|1|100101":16992,"1|1|100100":17723,"1|0|101110":10640,"1|1|000000":1104,"1|1|000001":1114,"2|1|101111":1270,"2|1|101110":1319,"1|1|110010":8051,"1|1|111101":1375,"1|1|110011":7417,"1|1|111100":1950,"1|1|011000":15547,"1|1|011001":16014,"2|1|001010":1250,"2|0|010100":2030,"2|1|001011":1328,"2|0|010101":2112,"1|0|101001":14113,"1|0|101000":14880,"1|0|000110":1037,"2|0|101101":1389,"2|0|100011":2315,"2|0|101100":1478,"2|0|100010":2418,"2|1|000001":1142,"2|1|000000":1143,"1|1|111011":2569,"1|0|000111":1034,"1|1|111010":3235,"1|0|011011":17463,"2|1|110100":838,"1|0|011010":17087,"2|1|001100":1406,"2|1|110101":796,"2|1|001101":1521,"1|1|100001":19970,"1|1|100000":20697,"1|0|000000":1062,"2|0|101111":1337,"2|0|101110":1300,"2|1|000111":1026,"2|1|000110":1038,"1|1|111000":4294,"1|0|000001":1092,"1|1|111001":3716,"1|0|011000":15322,"2|1|001110":1612,"2|1|110111":663,"2|1|001111":1708,"2|1|110110":653,"1|0|011001":16077,"1|1|100111":15421,"1|1|100110":16217,"1|0|000011":1125,"1|0|001100":5282,"1|0|000010":1090,"2|0|101001":1698,"2|0|101000":1905,"1|0|001101":5987,"2|1|110001":1130,"2|1|110000":1188,"2|1|011001":2291,"2|1|011000":2306,"1|1|010100":12219,"1|1|010101":13189,"1|1|101111":10232,"1|1|101110":10727,"2|0|101010":1736,"1|0|001111":8047,"1|1|001010":3410,"1|0|001110":7139,"1|1|001011":4235,"2|0|101011":1595,"2|1|000011":1180,"2|1|000010":1043,"1|1|010110":13972,"2|1|111101":171,"2|1|110010":955,"2|1|111100":243,"2|1|110011":943,"2|1|011010":2414,"2|1|011011":2458,"1|1|010111":14450,"1|1|101101":11281,"1|1|100011":18373,"1|1|101100":11959,"1|1|100010":19086,"1|0|110001":8802,"2|0|001011":1328,"2|0|001010":1226,"1|0|110000":9507,"2|0|111110":104,"2|0|111111":33,"1|1|101010":13417,"2|1|010010":1864,"2|1|011100":2499,"2|1|011101":2570,"1|0|010001":9740,"1|0|010000":8760,"2|1|010011":1857,"1|1|101011":12401,"1|0|111101":1494,"2|0|100101":2102,"2|0|100100":2236,"1|0|110010":7994,"1|0|110011":7504,"1|0|111100":1965,"2|0|110010":984,"2|0|111101":179,"2|0|110011":982,"2|0|111100":263,"2|1|011111":2694,"1|0|010111":14588,"1|0|010110":13875,"2|1|011110":2643,"1|1|101001":14199,"1|1|101000":14890,"1|0|110100":6780,"1|0|110101":6260,"2|0|100111":1932,"2|0|100110":1989,"2|1|000101":1023,"2|0|001111":1618,"2|1|000100":1085,"2|0|001110":1555,"1|0|011110":20017,"2|0|111011":304,"2|0|111010":405,"2|1|010111":2243,"1|0|011111":20675,"2|1|010110":2166,"1|0|110111":4921,"2|0|100001":2574,"2|0|100000":2633,"2|0|001001":1195,"2|0|001000":1073,"1|0|000101":1033,"1|0|000100":1118,"1|0|110110":5593,"1|0|010010":10528,"2|0|111000":560,"2|0|111001":461,"1|0|011101":19192,"2|1|010001":1799,"1|0|010011":11409,"1|0|011100":18506,"2|1|010000":1679}}
