{"probability":{"Group 13":"0.0","Group 12":"0.5376100470674429","Group 11":"0.0","Group 10":"0.0012702845074908818","Group  6":"0.0","Group  5":"0.00005376904492149198","Group  4":"0.024456812496975705","Group  3":"0.0","Group  2":"0.0","Group  1":"0.0005646412583094285","Group  9":"0.004867548892400174","Group  8":"0.0","Group  7":"0.43117689673245946"},"groups":{"Group 13":["Botan 1.5.6 & 1.11.29 & 2.1.0","Feitian JavaCOS A22 & A40","Gemalto GCX4 72K","HSM SafeNet Luna SA-1700","LibTomCrypt 1.17","Libgcrypt 1.6.0 & 1.6.5 & 1.7.6","Libgcrypt 1.6.0 FIPS & 1.6.5 FIPS","Nettle 3.2 & 3.3","Oberthur Cosmo 64","OpenSSL FIPS 2.0.12 & 2.0.14","PGPSDK 4","WolfSSL 2.0rc1 & 3.9.0 & 3.10.2","cryptlib 3.4.3 & 3.4.3.1"],"Group 12":["Bouncy Castle 1.53 (Java)","Cryptix JCE 20050328","FlexiProvider 1.7p7","HSM Utimaco Security Server Se50","Nettle 2.0","PolarSSL 0.10.0","PuTTY 0.67","SunRsaSign OpenJDK 1.8.0","mbedTLS 1.3.19 & 2.2.1 & 2.4.2"],"Group 11":["Bouncy Castle 1.54 (Java)","Crypto++ 5.6.0 & 5.6.3 & 5.6.5","Libgcrypt 1.7.6 FIPS","Microsoft CryptoAPI & CNG & .NET"],"Group 10":["NXP J2D081 & J2E145G","YubiKey NEO"],"Group  6":["Oberthur Cosmo Dual 72K"],"Group  5":["NXP J2A080 & J2A081 & J3A081 & JCOP 41 V2.2.1"],"Group  4":["Gemalto GXP E64"],"Group  3":["GNU Crypto 2.0.1"],"Group  2":["G&D SmartCafe 4.x & 6.0"],"Group  1":["G&D SmartCafe 3.2"],"Group  9":["Infineon JTOP 80K","YubiKey 4 & 4 Nano"],"Group  8":["PGPSDK 4 FIPS"],"Group  7":["OpenSSL 0.9.7 & 1.0.2g & 1.0.2k & 1.1.0e"]},"frequencies":{"1|1|000110":6513,"2|1|100011":2756,"2|1|101101":1500,"1|1|000111":6318,"2|1|101100":1581,"2|1|100010":2929,"2|0|000000":7110,"2|0|000001":6900,"1|0|111010":2192,"1|0|111011":1841,"1|1|011010":13669,"1|1|011011":14047,"2|0|110100":904,"2|0|110101":770,"1|0|100001":14828,"1|0|100000":15096,"2|1|100000":3279,"1|1|000100":6598,"2|1|100001":3032,"2|0|000011":6583,"2|0|001101":5757,"2|0|001100":5880,"2|0|000010":6810,"1|1|000101":6694,"2|1|010101":4846,"2|0|011010":4145,"2|1|010100":5005,"2|0|011011":3959,"1|0|100010":13880,"1|0|101100":8770,"1|0|101101":8103,"1|0|100011":13476,"2|1|100110":2382,"1|1|110101":4370,"2|1|100111":2292,"2|0|000101":6597,"2|0|000100":6535,"1|0|111110":559,"1|1|110100":4802,"1|0|111111":209,"1|0|100101":12352,"2|0|110001":1101,"2|0|110000":1245,"1|0|010101":12189,"1|0|010100":11833,"2|0|011001":4261,"2|0|011000":4412,"1|0|100100":12885,"2|1|100100":2602,"2|1|100101":2562,"2|0|000110":6508,"2|0|000111":6510,"1|0|111000":3085,"1|0|111001":2664,"2|0|110111":622,"2|0|110110":678,"2|0|011111":3403,"2|0|011110":3556,"1|0|100111":11176,"1|0|100110":11638,"1|1|001001":7099,"1|0|001001":7291,"1|0|001000":6637,"1|1|001000":6610,"1|1|110001":6313,"1|1|110000":6813,"1|1|010000":10285,"2|0|011101":3636,"2|1|111111":35,"2|1|111110":85,"2|0|010010":5315,"2|0|011100":3791,"2|0|010011":5198,"1|1|010001":10704,"1|0|101010":9726,"1|0|101011":9209,"1|0|001010":7557,"1|1|001111":9991,"1|0|001011":8120,"1|1|001110":9443,"2|1|101011":1825,"2|1|101010":1912,"1|1|110111":3516,"1|1|110110":3953,"1|1|010010":11022,"1|1|010011":11384,"1|1|011100":14276,"2|0|010001":5375,"2|1|111001":464,"2|1|111000":477,"2|0|010000":5488,"1|1|011101":14541,"1|1|000011":6789,"1|1|001100":8365,"1|1|001101":8970,"2|1|101001":1909,"1|1|000010":6883,"2|1|101000":2056,"1|1|111110":613,"1|1|111111":187,"2|1|111010":365,"1|1|011110":15027,"1|1|011111":15132,"2|0|010111":4674,"2|1|001000":6280,"2|1|001001":6180,"2|1|111011":339,"2|0|010110":4699,"1|0|101111":7360,"1|1|100101":12367,"1|1|100100":12953,"1|0|101110":7834,"1|1|000000":7222,"1|1|000001":6993,"2|1|101111":1381,"2|1|101110":1430,"1|1|110010":5752,"1|1|111101":1066,"1|1|110011":5194,"1|1|111100":1408,"1|1|011000":13201,"1|1|011001":13448,"2|1|001010":6204,"2|0|010100":5059,"2|1|001011":5925,"2|0|010101":4892,"1|0|101001":10060,"1|0|101000":10673,"1|0|000110":6575,"2|0|101101":1579,"2|0|100011":2723,"2|0|101100":1659,"2|0|100010":2934,"2|1|000001":6941,"2|1|000000":7169,"1|1|111011":1866,"1|0|000111":6454,"1|1|111010":2219,"1|0|011011":14205,"2|1|110100":900,"1|0|011010":13758,"2|1|001100":5960,"2|1|110101":768,"2|1|001101":5887,"1|1|100001":14677,"1|1|100000":15168,"1|0|000000":7033,"2|0|101111":1390,"2|0|101110":1314,"2|1|000111":6178,"2|1|000110":6390,"1|1|111000":3097,"1|0|000001":7116,"1|1|111001":2575,"1|0|011000":13147,"2|1|001110":5819,"2|1|110111":647,"2|1|001111":5702,"2|1|110110":648,"1|0|011001":13415,"1|1|100111":11137,"1|1|100110":11904,"1|0|000011":6876,"1|0|001100":8509,"1|0|000010":6814,"2|0|101001":1956,"2|0|101000":2207,"1|0|001101":8903,"2|1|110001":1126,"2|1|110000":1242,"2|1|011001":4264,"2|1|011000":4562,"1|1|010100":11790,"1|1|010101":12166,"1|1|101111":7114,"1|1|101110":7562,"2|0|101010":1774,"1|0|001111":9783,"1|1|001010":7565,"1|0|001110":9097,"1|1|001011":8076,"2|0|101011":1680,"2|1|000011":6763,"2|1|000010":6796,"1|1|010110":12580,"2|1|111101":174,"2|1|110010":1011,"2|1|111100":247,"2|1|110011":1014,"2|1|011010":4082,"2|1|011011":3895,"1|1|010111":12801,"1|1|101101":8251,"1|1|100011":13544,"1|1|101100":8607,"1|1|100010":14132,"1|0|110001":6264,"2|0|001011":6017,"2|0|001010":6182,"1|0|110000":6720,"2|0|111110":90,"2|0|111111":29,"1|1|101010":9704,"2|1|010010":5308,"2|1|011100":3881,"2|1|011101":3633,"1|0|010001":10519,"1|0|010000":10191,"2|1|010011":5104,"1|1|101011":8969,"1|0|111101":1020,"2|0|100101":2477,"2|0|100100":2631,"1|0|110010":5749,"1|0|110011":5457,"1|0|111100":1461,"2|0|110010":1026,"2|0|111101":172,"2|0|110011":928,"2|0|111100":238,"2|1|011111":3327,"1|0|010111":12964,"1|0|010110":12429,"2|1|011110":3522,"1|1|101001":10106,"1|1|101000":10679,"1|0|110100":4952,"1|0|110101":4375,"2|0|100111":2226,"2|0|100110":2299,"2|1|000101":6594,"2|0|001111":5626,"2|1|000100":6718,"2|0|001110":5650,"1|0|011110":15077,"2|0|111011":344,"2|0|111010":375,"2|1|010111":4505,"1|0|011111":15435,"2|1|010110":4722,"1|0|110111":3508,"2|0|100001":3007,"2|0|100000":3242,"2|0|001001":6159,"2|0|001000":6287,"1|0|000101":6509,"1|0|000100":6719,"1|0|110110":3997,"1|0|010010":11141,"2|0|111000":534,"2|0|111001":473,"1|0|011101":14427,"2|1|010001":5400,"1|0|010011":11286,"1|0|011100":14448,"2|1|010000":5444}}
