{"probability":{"Group 13":"0.020482187811093382","Group 12":"0.016093483923492826","Group 11":"0.050520368427515616","Group 10":"0.000011444037220299269","Group  6":"0.0","Group  5":"0.0","Group  4":"0.00231494816267295","Group  3":"0.0","Group  2":"0.0001296581041537394","Group  1":"0.0","Group  9":"0.0005105764632532256","Group  8":"0.007710635108416812","Group  7":"0.9022266979621811"},"groups":{"Group 13":["Botan 1.5.6 & 1.11.29 & 2.1.0","Feitian JavaCOS A22 & A40","Gemalto GCX4 72K","HSM SafeNet Luna SA-1700","LibTomCrypt 1.17","Libgcrypt 1.6.0 & 1.6.5 & 1.7.6","Libgcrypt 1.6.0 FIPS & 1.6.5 FIPS","Nettle 3.2 & 3.3","Oberthur Cosmo 64","OpenSSL FIPS 2.0.12 & 2.0.14","PGPSDK 4","WolfSSL 2.0rc1 & 3.9.0 & 3.10.2","cryptlib 3.4.3 & 3.4.3.1"],"Group 12":["Bouncy Castle 1.53 (Java)","Cryptix JCE 20050328","FlexiProvider 1.7p7","HSM Utimaco Security Server Se50","Nettle 2.0","PolarSSL 0.10.0","PuTTY 0.67","SunRsaSign OpenJDK 1.8.0","mbedTLS 1.3.19 & 2.2.1 & 2.4.2"],"Group 11":["Bouncy Castle 1.54 (Java)","Crypto++ 5.6.0 & 5.6.3 & 5.6.5","Libgcrypt 1.7.6 FIPS","Microsoft CryptoAPI & CNG & .NET"],"Group 10":["NXP J2D081 & J2E145G","YubiKey NEO"],"Group  6":["Oberthur Cosmo Dual 72K"],"Group  5":["NXP J2A080 & J2A081 & J3A081 & JCOP 41 V2.2.1"],"Group  4":["Gemalto GXP E64"],"Group  3":["GNU Crypto 2.0.1"],"Group  2":["G&D SmartCafe 4.x & 6.0"],"Group  1":["G&D SmartCafe 3.2"],"Group  9":["Infineon JTOP 80K","YubiKey 4 & 4 Nano"],"Group  8":["PGPSDK 4 FIPS"],"Group  7":["OpenSSL 0.9.7 & 1.0.2g & 1.0.2k & 1.1.0e"]},"frequencies":{"1|1|000110":930,"2|1|100011":1985,"2|1|101101":1199,"1|1|000111":1075,"2|1|101100":1386,"2|1|100010":2035,"2|0|000000":620,"2|0|000001":674,"1|0|111010":9331,"1|0|111011":7553,"1|1|011010":49311,"1|1|011011":52158,"2|0|110100":681,"2|0|110101":683,"1|0|100001":58023,"1|0|100000":60776,"2|1|100000":2294,"1|1|000100":896,"2|1|100001":2232,"2|0|000011":819,"2|0|001101":1581,"2|0|001100":1490,"2|0|000010":761,"1|1|000101":943,"2|1|010101":2169,"2|0|011010":2517,"2|1|010100":2083,"2|0|011011":2587,"1|0|100010":55854,"1|0|101100":35630,"1|0|101101":33383,"1|0|100011":54264,"2|1|100110":1784,"1|1|110101":18474,"2|1|100111":1687,"2|0|000101":933,"2|0|000100":931,"1|0|111110":2548,"1|1|110100":20079,"1|0|111111":1172,"1|0|100101":50171,"2|0|110001":973,"2|0|110000":985,"1|0|010101":37522,"1|0|010100":35178,"2|0|011001":2385,"2|0|011000":2400,"1|0|100100":51969,"2|1|100100":1899,"2|1|100101":1909,"2|0|000110":953,"2|0|000111":1042,"1|0|111000":12734,"1|0|111001":11162,"2|0|110111":572,"2|0|110110":584,"2|0|011111":2407,"2|0|011110":2294,"1|0|100111":45479,"1|0|100110":47180,"1|1|001001":5570,"1|0|001001":5420,"1|0|001000":2521,"1|1|001000":2627,"1|1|110001":25900,"1|1|110000":27633,"1|1|010000":24783,"2|0|011101":2311,"2|1|111111":419,"2|1|111110":167,"2|0|010010":1904,"2|0|011100":2446,"2|0|010011":2025,"1|1|010001":27235,"1|0|101010":39232,"1|0|101011":37218,"1|0|001010":8550,"1|1|001111":22501,"1|0|001011":11329,"1|1|001110":19692,"2|1|101011":1384,"2|1|101010":1422,"1|1|110111":14716,"1|1|110110":16615,"1|1|010010":30262,"1|1|010011":32414,"1|1|011100":54378,"2|0|010001":1901,"2|1|111001":379,"2|1|111000":486,"2|0|010000":1806,"1|1|011101":56274,"1|1|000011":791,"1|1|001100":14060,"1|1|001101":16691,"2|1|101001":1611,"1|1|000010":730,"2|1|101000":1601,"1|1|111110":2604,"1|1|111111":1223,"2|1|111010":335,"1|1|011110":58351,"1|1|011111":60575,"2|0|010111":2274,"2|1|001000":1143,"2|1|001001":1234,"2|1|111011":268,"2|0|010110":2260,"1|0|101111":29574,"1|1|100101":49952,"1|1|100100":51760,"1|0|101110":31602,"1|1|000000":637,"1|1|000001":751,"2|1|101111":1067,"2|1|101110":1181,"1|1|110010":23856,"1|1|111101":4331,"1|1|110011":22084,"1|1|111100":6074,"1|1|011000":44722,"1|1|011001":47497,"2|1|001010":1351,"2|0|010100":2101,"2|1|001011":1426,"2|0|010101":2206,"1|0|101001":41343,"1|0|101000":43520,"1|0|000110":1036,"2|0|101101":1286,"2|0|100011":1984,"2|0|101100":1358,"2|0|100010":2121,"2|1|000001":755,"2|1|000000":634,"1|1|111011":7571,"1|0|000111":1068,"1|1|111010":9375,"1|0|011011":51654,"2|1|110100":724,"1|0|011010":49450,"2|1|001100":1513,"2|1|110101":642,"2|1|001101":1591,"1|1|100001":58825,"1|1|100000":60476,"1|0|000000":600,"2|0|101111":1043,"2|0|101110":1159,"2|1|000111":1056,"2|1|000110":942,"1|1|111000":13026,"1|0|000001":676,"1|1|111001":11133,"1|0|011000":45233,"2|1|001110":1648,"2|1|110111":548,"2|1|001111":1747,"2|1|110110":645,"1|0|011001":47206,"1|1|100111":45572,"1|1|100110":47809,"1|0|000011":872,"1|0|001100":14075,"1|0|000010":792,"2|0|101001":1562,"2|0|101000":1581,"1|0|001101":16585,"2|1|110001":886,"2|1|110000":1082,"2|1|011001":2503,"2|1|011000":2341,"1|1|010100":35509,"1|1|010101":37387,"1|1|101111":29730,"1|1|101110":31348,"2|0|101010":1504,"1|0|001111":22409,"1|1|001010":8249,"1|0|001110":19569,"1|1|001011":11132,"2|0|101011":1427,"2|1|000011":819,"2|1|000010":769,"1|1|010110":39870,"2|1|111101":171,"2|1|110010":868,"2|1|111100":238,"2|1|110011":794,"2|1|011010":2523,"2|1|011011":2505,"1|1|010111":42413,"1|1|101101":33179,"1|1|100011":54161,"1|1|101100":35795,"1|1|100010":56074,"1|0|110001":25346,"2|0|001011":1400,"2|0|001010":1308,"1|0|110000":27846,"2|0|111110":161,"2|0|111111":391,"1|1|101010":39441,"2|1|010010":1930,"2|1|011100":2476,"2|1|011101":2328,"1|0|010001":27163,"1|0|010000":24740,"2|1|010011":2035,"1|1|101011":37396,"1|0|111101":4268,"2|0|100101":1896,"2|0|100100":1921,"1|0|110010":23809,"1|0|110011":22200,"1|0|111100":5965,"2|0|110010":912,"2|0|111101":182,"2|0|110011":786,"2|0|111100":206,"2|1|011111":2279,"1|0|010111":42665,"1|0|010110":40072,"2|1|011110":2356,"1|1|101001":41549,"1|1|101000":43507,"1|0|110100":20193,"1|0|110101":18280,"2|0|100111":1668,"2|0|100110":1723,"2|1|000101":962,"2|0|001111":1708,"2|1|000100":905,"2|0|001110":1575,"1|0|011110":58758,"2|0|111011":296,"2|0|111010":325,"2|1|010111":2379,"1|0|011111":60782,"2|1|010110":2180,"1|0|110111":14590,"2|0|100001":2157,"2|0|100000":2313,"2|0|001001":1245,"2|0|001000":1163,"1|0|000101":928,"1|0|000100":873,"1|0|110110":16624,"1|0|010010":30015,"2|0|111000":473,"2|0|111001":424,"1|0|011101":56564,"2|1|010001":1807,"1|0|010011":32382,"1|0|011100":54207,"2|1|010000":1790}}
