{"probability":{"Group 13":"0.018862983839434685","Group 12":"0.017511467164888415","Group 11":"0.05784759991822623","Group 10":"0.00008223958393294453","Group  6":"0.0008004818658471465","Group  5":"0.0","Group  4":"0.0020640367032906167","Group  3":"0.0","Group  2":"0.00001537129151448624","Group  1":"0.00006248510470767861","Group  9":"0.00039305091814780625","Group  8":"0.00698539355757064","Group  7":"0.8953748900524392"},"groups":{"Group 13":["Botan 1.5.6 & 1.11.29 & 2.1.0","Feitian JavaCOS A22 & A40","Gemalto GCX4 72K","HSM SafeNet Luna SA-1700","LibTomCrypt 1.17","Libgcrypt 1.6.0 & 1.6.5 & 1.7.6","Libgcrypt 1.6.0 FIPS & 1.6.5 FIPS","Nettle 3.2 & 3.3","Oberthur Cosmo 64","OpenSSL FIPS 2.0.12 & 2.0.14","PGPSDK 4","WolfSSL 2.0rc1 & 3.9.0 & 3.10.2","cryptlib 3.4.3 & 3.4.3.1"],"Group 12":["Bouncy Castle 1.53 (Java)","Cryptix JCE 20050328","FlexiProvider 1.7p7","HSM Utimaco Security Server Se50","Nettle 2.0","PolarSSL 0.10.0","PuTTY 0.67","SunRsaSign OpenJDK 1.8.0","mbedTLS 1.3.19 & 2.2.1 & 2.4.2"],"Group 11":["Bouncy Castle 1.54 (Java)","Crypto++ 5.6.0 & 5.6.3 & 5.6.5","Libgcrypt 1.7.6 FIPS","Microsoft CryptoAPI & CNG & .NET"],"Group 10":["NXP J2D081 & J2E145G","YubiKey NEO"],"Group  6":["Oberthur Cosmo Dual 72K"],"Group  5":["NXP J2A080 & J2A081 & J3A081 & JCOP 41 V2.2.1"],"Group  4":["Gemalto GXP E64"],"Group  3":["GNU Crypto 2.0.1"],"Group  2":["G&D SmartCafe 4.x & 6.0"],"Group  1":["G&D SmartCafe 3.2"],"Group  9":["Infineon JTOP 80K","YubiKey 4 & 4 Nano"],"Group  8":["PGPSDK 4 FIPS"],"Group  7":["OpenSSL 0.9.7 & 1.0.2g & 1.0.2k & 1.1.0e"]},"frequencies":{"1|1|000110":877,"2|1|100011":1843,"2|1|101101":1094,"1|1|000111":993,"2|1|101100":1221,"2|1|100010":1897,"2|0|000000":579,"2|0|000001":640,"1|0|111010":7983,"1|0|111011":6535,"1|1|011010":42469,"1|1|011011":45087,"2|0|110100":639,"2|0|110101":624,"1|0|100001":49993,"1|0|100000":52642,"2|1|100000":2146,"1|1|000100":807,"2|1|100001":2066,"2|0|000011":755,"2|0|001101":1479,"2|0|001100":1357,"2|0|000010":723,"1|1|000101":894,"2|1|010101":2013,"2|0|011010":2304,"2|1|010100":1960,"2|0|011011":2434,"1|0|100010":47984,"1|0|101100":30487,"1|0|101101":28690,"1|0|100011":46855,"2|1|100110":1616,"1|1|110101":15855,"2|1|100111":1569,"2|0|000101":862,"2|0|000100":831,"1|0|111110":2222,"1|1|110100":17177,"1|0|111111":1067,"1|0|100101":43089,"2|0|110001":916,"2|0|110000":939,"1|0|010101":32413,"1|0|010100":30455,"2|0|011001":2202,"2|0|011000":2238,"1|0|100100":44487,"2|1|100100":1788,"2|1|100101":1805,"2|0|000110":907,"2|0|000111":1024,"1|0|111000":10828,"1|0|111001":9582,"2|0|110111":541,"2|0|110110":537,"2|0|011111":2201,"2|0|011110":2139,"1|0|100111":39220,"1|0|100110":40769,"1|1|001001":4927,"1|0|001001":4756,"1|0|001000":2277,"1|1|001000":2372,"1|1|110001":22238,"1|1|110000":23701,"1|1|010000":21528,"2|0|011101":2154,"2|1|111111":419,"2|1|111110":168,"2|0|010010":1774,"2|0|011100":2277,"2|0|010011":1851,"1|1|010001":23340,"1|0|101010":33662,"1|0|101011":32224,"1|0|001010":7282,"1|1|001111":19514,"1|0|001011":9721,"1|1|001110":17028,"2|1|101011":1271,"2|1|101010":1308,"1|1|110111":12656,"1|1|110110":14209,"1|1|010010":26194,"1|1|010011":27915,"1|1|011100":46517,"2|0|010001":1784,"2|1|111001":330,"2|1|111000":450,"2|0|010000":1681,"1|1|011101":48338,"1|1|000011":759,"1|1|001100":12106,"1|1|001101":14391,"2|1|101001":1481,"1|1|000010":697,"2|1|101000":1460,"1|1|111110":2199,"1|1|111111":1126,"2|1|111010":318,"1|1|011110":50179,"1|1|011111":52030,"2|0|010111":2101,"2|1|001000":1068,"2|1|001001":1169,"2|1|111011":247,"2|0|010110":2061,"1|0|101111":25421,"1|1|100101":42955,"1|1|100100":44451,"1|0|101110":27350,"1|1|000000":567,"1|1|000001":670,"2|1|101111":960,"2|1|101110":1051,"1|1|110010":20604,"1|1|111101":3719,"1|1|110011":18813,"1|1|111100":5184,"1|1|011000":38643,"1|1|011001":41227,"2|1|001010":1220,"2|0|010100":1954,"2|1|001011":1331,"2|0|010101":2085,"1|0|101001":35406,"1|0|101000":37464,"1|0|000110":934,"2|0|101101":1161,"2|0|100011":1817,"2|0|101100":1252,"2|0|100010":1943,"2|1|000001":680,"2|1|000000":609,"1|1|111011":6455,"1|0|000111":971,"1|1|111010":7963,"1|0|011011":44411,"2|1|110100":650,"1|0|011010":42732,"2|1|001100":1428,"2|1|110101":593,"2|1|001101":1443,"1|1|100001":50257,"1|1|100000":51899,"1|0|000000":554,"2|0|101111":940,"2|0|101110":1092,"2|1|000111":978,"2|1|000110":897,"1|1|111000":11304,"1|0|000001":609,"1|1|111001":9582,"1|0|011000":38702,"2|1|001110":1535,"2|1|110111":518,"2|1|001111":1619,"2|1|110110":583,"1|0|011001":40728,"1|1|100111":39262,"1|1|100110":40961,"1|0|000011":804,"1|0|001100":12269,"1|0|000010":725,"2|0|101001":1398,"2|0|101000":1475,"1|0|001101":14402,"2|1|110001":838,"2|1|110000":969,"2|1|011001":2276,"2|1|011000":2124,"1|1|010100":30339,"1|1|010101":32253,"1|1|101111":25566,"1|1|101110":27097,"2|0|101010":1400,"1|0|001111":19225,"1|1|001010":7091,"1|0|001110":16882,"1|1|001011":9625,"2|0|101011":1302,"2|1|000011":731,"2|1|000010":745,"1|1|010110":34325,"2|1|111101":154,"2|1|110010":769,"2|1|111100":225,"2|1|110011":734,"2|1|011010":2363,"2|1|011011":2260,"1|1|010111":36431,"1|1|101101":28550,"1|1|100011":46488,"1|1|101100":30546,"1|1|100010":47977,"1|0|110001":21958,"2|0|001011":1341,"2|0|001010":1210,"1|0|110000":24090,"2|0|111110":151,"2|0|111111":396,"1|1|101010":33685,"2|1|010010":1791,"2|1|011100":2296,"2|1|011101":2179,"1|0|010001":23559,"1|0|010000":21238,"2|1|010011":1893,"1|1|101011":32325,"1|0|111101":3685,"2|0|100101":1747,"2|0|100100":1774,"1|0|110010":20413,"1|0|110011":19001,"1|0|111100":5081,"2|0|110010":838,"2|0|111101":165,"2|0|110011":742,"2|0|111100":195,"2|1|011111":2117,"1|0|010111":36646,"1|0|010110":34435,"2|1|011110":2159,"1|1|101001":35773,"1|1|101000":37493,"1|0|110100":17413,"1|0|110101":15678,"2|0|100111":1504,"2|0|100110":1603,"2|1|000101":886,"2|0|001111":1570,"2|1|000100":843,"2|0|001110":1433,"1|0|011110":50509,"2|0|111011":266,"2|0|111010":286,"2|1|010111":2204,"1|0|011111":52523,"2|1|010110":2040,"1|0|110111":12555,"2|0|100001":2040,"2|0|100000":2116,"2|0|001001":1206,"2|0|001000":1086,"1|0|000101":853,"1|0|000100":793,"1|0|110110":14208,"1|0|010010":25848,"2|0|111000":419,"2|0|111001":398,"1|0|011101":48625,"2|1|010001":1688,"1|0|010011":27952,"1|0|011100":46576,"2|1|010000":1623}}
