{"probability":{"Group 13":"0.10064539603872646","Group 12":"0.08391662051538307","Group 11":"0.01789419351123291","Group 10":"0.0","Group  6":"0.0","Group  5":"0.00023888569826280442","Group  4":"0.0018902630553231466","Group  3":"0.0","Group  2":"0.0","Group  1":"0.0","Group  9":"0.00020203374868561083","Group  8":"0.0","Group  7":"0.7952126074323861"},"groups":{"Group 13":["Botan 1.5.6 & 1.11.29 & 2.1.0","Feitian JavaCOS A22 & A40","Gemalto GCX4 72K","HSM SafeNet Luna SA-1700","LibTomCrypt 1.17","Libgcrypt 1.6.0 & 1.6.5 & 1.7.6","Libgcrypt 1.6.0 FIPS & 1.6.5 FIPS","Nettle 3.2 & 3.3","Oberthur Cosmo 64","OpenSSL FIPS 2.0.12 & 2.0.14","PGPSDK 4","WolfSSL 2.0rc1 & 3.9.0 & 3.10.2","cryptlib 3.4.3 & 3.4.3.1"],"Group 12":["Bouncy Castle 1.53 (Java)","Cryptix JCE 20050328","FlexiProvider 1.7p7","HSM Utimaco Security Server Se50","Nettle 2.0","PolarSSL 0.10.0","PuTTY 0.67","SunRsaSign OpenJDK 1.8.0","mbedTLS 1.3.19 & 2.2.1 & 2.4.2"],"Group 11":["Bouncy Castle 1.54 (Java)","Crypto++ 5.6.0 & 5.6.3 & 5.6.5","Libgcrypt 1.7.6 FIPS","Microsoft CryptoAPI & CNG & .NET"],"Group 10":["NXP J2D081 & J2E145G","YubiKey NEO"],"Group  6":["Oberthur Cosmo Dual 72K"],"Group  5":["NXP J2A080 & J2A081 & J3A081 & JCOP 41 V2.2.1"],"Group  4":["Gemalto GXP E64"],"Group  3":["GNU Crypto 2.0.1"],"Group  2":["G&D SmartCafe 4.x & 6.0"],"Group  1":["G&D SmartCafe 3.2"],"Group  9":["Infineon JTOP 80K","YubiKey 4 & 4 Nano"],"Group  8":["PGPSDK 4 FIPS"],"Group  7":["OpenSSL 0.9.7 & 1.0.2g & 1.0.2k & 1.1.0e"]},"frequencies":{"1|1|000110":865,"2|1|100011":1398,"2|1|101101":858,"1|1|000111":839,"2|1|101100":894,"2|1|100010":1494,"2|0|000000":892,"2|0|000001":866,"1|0|111010":2909,"1|0|111011":2376,"1|1|011010":15509,"1|1|011011":16400,"2|0|110100":499,"2|0|110101":464,"1|0|100001":18132,"1|0|100000":18855,"2|1|100000":1711,"1|1|000100":841,"2|1|100001":1494,"2|0|000011":865,"2|0|001101":1057,"2|0|001100":1067,"2|0|000010":909,"1|1|000101":865,"2|1|010101":1415,"2|0|011010":1434,"2|1|010100":1250,"2|0|011011":1586,"1|0|100010":17323,"1|0|101100":11233,"1|0|101101":10310,"1|0|100011":16670,"2|1|100110":1263,"1|1|110101":5797,"2|1|100111":1224,"2|0|000101":819,"2|0|000100":832,"1|0|111110":781,"1|1|110100":6151,"1|0|111111":245,"1|0|100101":15391,"2|0|110001":672,"2|0|110000":688,"1|0|010101":11941,"1|0|010100":11015,"2|0|011001":1486,"2|0|011000":1494,"1|0|100100":16127,"2|1|100100":1358,"2|1|100101":1268,"2|0|000110":852,"2|0|000111":855,"1|0|111000":4007,"1|0|111001":3440,"2|0|110111":410,"2|0|110110":431,"2|0|011111":1648,"2|0|011110":1636,"1|0|100111":14177,"1|0|100110":14978,"1|1|001001":2250,"1|0|001001":2125,"1|0|001000":1277,"1|1|001000":1262,"1|1|110001":8017,"1|1|110000":8518,"1|1|010000":8012,"2|0|011101":1635,"2|1|111111":19,"2|1|111110":66,"2|0|010010":1229,"2|0|011100":1598,"2|0|010011":1317,"1|1|010001":8733,"1|0|101010":12223,"1|0|101011":11571,"1|0|001010":2995,"1|1|001111":7054,"1|0|001011":3833,"1|1|001110":6295,"2|1|101011":1043,"2|1|101010":1011,"1|1|110111":4531,"1|1|110110":4999,"1|1|010010":9475,"1|1|010011":10441,"1|1|011100":16748,"2|0|010001":1251,"2|1|111001":293,"2|1|111000":325,"2|0|010000":1241,"1|1|011101":17374,"1|1|000011":882,"1|1|001100":4692,"1|1|001101":5485,"2|1|101001":1096,"1|1|000010":933,"2|1|101000":1161,"1|1|111110":744,"1|1|111111":233,"2|1|111010":235,"1|1|011110":18187,"1|1|011111":18933,"2|0|010111":1405,"2|1|001000":813,"2|1|001001":935,"2|1|111011":216,"2|0|010110":1412,"1|0|101111":9235,"1|1|100101":15461,"1|1|100100":16237,"1|0|101110":9791,"1|1|000000":903,"1|1|000001":903,"2|1|101111":765,"2|1|101110":827,"1|1|110010":7403,"1|1|111101":1299,"1|1|110011":6743,"1|1|111100":1808,"1|1|011000":14161,"1|1|011001":14840,"2|1|001010":970,"2|0|010100":1338,"2|1|001011":949,"2|0|010101":1405,"1|0|101001":12844,"1|0|101000":13630,"1|0|000110":818,"2|0|101101":894,"2|0|100011":1515,"2|0|101100":955,"2|0|100010":1455,"2|1|000001":878,"2|1|000000":889,"1|1|111011":2420,"1|0|000111":833,"1|1|111010":3000,"1|0|011011":16617,"2|1|110100":566,"1|0|011010":15327,"2|1|001100":1009,"2|1|110101":506,"2|1|001101":1074,"1|1|100001":18389,"1|1|100000":18816,"1|0|000000":847,"2|0|101111":804,"2|0|101110":781,"2|1|000111":783,"2|1|000110":833,"1|1|111000":4066,"1|0|000001":871,"1|1|111001":3425,"1|0|011000":14096,"2|1|001110":1197,"2|1|110111":379,"2|1|001111":1179,"2|1|110110":398,"1|0|011001":14660,"1|1|100111":14064,"1|1|100110":14927,"1|0|000011":796,"1|0|001100":4611,"1|0|000010":869,"2|0|101001":1142,"2|0|101000":1157,"1|0|001101":5598,"2|1|110001":705,"2|1|110000":751,"2|1|011001":1497,"2|1|011000":1467,"1|1|010100":11102,"1|1|010101":11708,"1|1|101111":9390,"1|1|101110":9729,"2|0|101010":1014,"1|0|001111":7165,"1|1|001010":3026,"1|0|001110":6461,"1|1|001011":3914,"2|0|101011":1010,"2|1|000011":915,"2|1|000010":847,"1|1|010110":12526,"2|1|111101":109,"2|1|110010":609,"2|1|111100":165,"2|1|110011":577,"2|1|011010":1523,"2|1|011011":1534,"1|1|010111":13319,"1|1|101101":10412,"1|1|100011":16700,"1|1|101100":11096,"1|1|100010":17514,"1|0|110001":7975,"2|0|001011":944,"2|0|001010":970,"1|0|110000":8600,"2|0|111110":66,"2|0|111111":22,"1|1|101010":12274,"2|1|010010":1272,"2|1|011100":1594,"2|1|011101":1590,"1|0|010001":8771,"1|0|010000":8071,"2|1|010011":1339,"1|1|101011":11641,"1|0|111101":1278,"2|0|100101":1321,"2|0|100100":1418,"1|0|110010":7498,"1|0|110011":6790,"1|0|111100":1837,"2|0|110010":628,"2|0|111101":108,"2|0|110011":570,"2|0|111100":159,"2|1|011111":1691,"1|0|010111":13341,"1|0|010110":12438,"2|1|011110":1716,"1|1|101001":12891,"1|1|101000":13507,"1|0|110100":6283,"1|0|110101":5588,"2|0|100111":1214,"2|0|100110":1275,"2|1|000101":822,"2|0|001111":1141,"2|1|000100":836,"2|0|001110":1098,"1|0|011110":18355,"2|0|111011":209,"2|0|111010":252,"2|1|010111":1436,"1|0|011111":18923,"2|1|010110":1426,"1|0|110111":4574,"2|0|100001":1585,"2|0|100000":1589,"2|0|001001":849,"2|0|001000":848,"1|0|000101":890,"1|0|000100":850,"1|0|110110":5196,"1|0|010010":9522,"2|0|111000":329,"2|0|111001":269,"1|0|011101":17715,"2|1|010001":1173,"1|0|010011":10268,"1|0|011100":16598,"2|1|010000":1185}}
