{"probability":{"Group 13":"0.1408015914891135","Group 12":"0.01278053381010451","Group 11":"0.13424745575278363","Group 10":"0.0","Group  6":"0.00012041502466175416","Group  5":"0.0","Group  4":"0.003960794704253261","Group  3":"0.0008337241289515327","Group  2":"0.0","Group  1":"0.0","Group  9":"0.0005757490441109565","Group  8":"0.015170442761778084","Group  7":"0.6915092932842428"},"groups":{"Group 13":["Botan 1.5.6 & 1.11.29 & 2.1.0","Feitian JavaCOS A22 & A40","Gemalto GCX4 72K","HSM SafeNet Luna SA-1700","LibTomCrypt 1.17","Libgcrypt 1.6.0 & 1.6.5 & 1.7.6","Libgcrypt 1.6.0 FIPS & 1.6.5 FIPS","Nettle 3.2 & 3.3","Oberthur Cosmo 64","OpenSSL FIPS 2.0.12 & 2.0.14","PGPSDK 4","WolfSSL 2.0rc1 & 3.9.0 & 3.10.2","cryptlib 3.4.3 & 3.4.3.1"],"Group 12":["Bouncy Castle 1.53 (Java)","Cryptix JCE 20050328","FlexiProvider 1.7p7","HSM Utimaco Security Server Se50","Nettle 2.0","PolarSSL 0.10.0","PuTTY 0.67","SunRsaSign OpenJDK 1.8.0","mbedTLS 1.3.19 & 2.2.1 & 2.4.2"],"Group 11":["Bouncy Castle 1.54 (Java)","Crypto++ 5.6.0 & 5.6.3 & 5.6.5","Libgcrypt 1.7.6 FIPS","Microsoft CryptoAPI & CNG & .NET"],"Group 10":["NXP J2D081 & J2E145G","YubiKey NEO"],"Group  6":["Oberthur Cosmo Dual 72K"],"Group  5":["NXP J2A080 & J2A081 & J3A081 & JCOP 41 V2.2.1"],"Group  4":["Gemalto GXP E64"],"Group  3":["GNU Crypto 2.0.1"],"Group  2":["G&D SmartCafe 4.x & 6.0"],"Group  1":["G&D SmartCafe 3.2"],"Group  9":["Infineon JTOP 80K","YubiKey 4 & 4 Nano"],"Group  8":["PGPSDK 4 FIPS"],"Group  7":["OpenSSL 0.9.7 & 1.0.2g & 1.0.2k & 1.1.0e"]},"frequencies":{"1|1|000110":1648,"2|1|100011":7457,"2|1|101101":4470,"1|1|000111":1801,"2|1|101100":4906,"2|1|100010":7494,"2|0|000000":1367,"2|0|000001":734,"1|0|111010":8105,"1|0|111011":6648,"1|1|011010":44454,"1|1|011011":46227,"2|0|110100":2723,"2|0|110101":2563,"1|0|100001":51044,"1|0|100000":52759,"2|1|100000":8380,"1|1|000100":1302,"2|1|100001":7917,"2|0|000011":1082,"2|0|001101":4074,"2|0|001100":3610,"2|0|000010":997,"1|1|000101":1378,"2|1|010101":6789,"2|0|011010":8152,"2|1|010100":6286,"2|0|011011":8391,"1|0|100010":48752,"1|0|101100":30859,"1|0|101101":28939,"1|0|100011":47001,"2|1|100110":6592,"1|1|110101":16094,"2|1|100111":6141,"2|0|000101":1491,"2|0|000100":1305,"1|0|111110":2287,"1|1|110100":17686,"1|0|111111":892,"1|0|100101":43083,"2|0|110001":3533,"2|0|110000":3683,"1|0|010101":33883,"1|0|010100":31665,"2|0|011001":7813,"2|0|011000":7617,"1|0|100100":45163,"2|1|100100":7053,"2|1|100101":6780,"2|0|000110":1669,"2|0|000111":1769,"1|0|111000":11385,"1|0|111001":9849,"2|0|110111":1995,"2|0|110110":2390,"2|0|011111":8399,"2|0|011110":8483,"1|0|100111":39930,"1|0|100110":41735,"1|1|001001":5693,"1|0|001001":5808,"1|0|001000":3069,"1|1|001000":3219,"1|1|110001":22651,"1|1|110000":24301,"1|1|010000":22545,"2|0|011101":8333,"2|1|111111":291,"2|1|111110":487,"2|0|010010":5615,"2|0|011100":8325,"2|0|010011":5882,"1|1|010001":24905,"1|0|101010":34370,"1|0|101011":32652,"1|0|001010":8375,"1|1|001111":20208,"1|0|001011":10680,"1|1|001110":17887,"2|1|101011":5086,"2|1|101010":5447,"1|1|110111":12860,"1|1|110110":14377,"1|1|010010":27171,"1|1|010011":29494,"1|1|011100":47911,"2|0|010001":5297,"2|1|111001":1508,"2|1|111000":1769,"2|0|010000":4881,"1|1|011101":49493,"1|1|000011":1115,"1|1|001100":13391,"1|1|001101":15605,"2|1|101001":5570,"1|1|000010":944,"2|1|101000":6003,"1|1|111110":2283,"1|1|111111":906,"2|1|111010":1294,"1|1|011110":51257,"1|1|011111":52963,"2|0|010111":7431,"2|1|001000":2017,"2|1|001001":2466,"2|1|111011":1065,"2|0|010110":6947,"1|0|101111":26004,"1|1|100101":43472,"1|1|100100":45136,"1|0|101110":27821,"1|1|000000":1377,"1|1|000001":730,"2|1|101111":4085,"2|1|101110":4271,"1|1|110010":21007,"1|1|111101":3716,"1|1|110011":19124,"1|1|111100":5121,"1|1|011000":40305,"1|1|011001":41942,"2|1|001010":2911,"2|0|010100":6304,"2|1|001011":3299,"2|0|010101":6565,"1|0|101001":36197,"1|0|101000":38128,"1|0|000110":1613,"2|0|101101":4529,"2|0|100011":7297,"2|0|101100":4853,"2|0|100010":7639,"2|1|000001":720,"2|1|000000":1355,"1|1|111011":6751,"1|0|000111":1769,"1|1|111010":8397,"1|0|011011":45817,"2|1|110100":2739,"1|0|011010":44291,"2|1|001100":3677,"2|1|110101":2544,"2|1|001101":3804,"1|1|100001":50784,"1|1|100000":52841,"1|0|000000":1359,"2|0|101111":4194,"2|0|101110":4234,"2|1|000111":1805,"2|1|000110":1613,"1|1|111000":11251,"1|0|000001":734,"1|1|111001":9653,"1|0|011000":40123,"2|1|001110":4441,"2|1|110111":2080,"2|1|001111":4673,"2|1|110110":2273,"1|0|011001":42460,"1|1|100111":39723,"1|1|100110":41453,"1|0|000011":1130,"1|0|001100":13333,"1|0|000010":938,"2|0|101001":5712,"2|0|101000":5889,"1|0|001101":15470,"2|1|110001":3542,"2|1|110000":3752,"2|1|011001":7927,"2|1|011000":7535,"1|1|010100":31887,"1|1|010101":33702,"1|1|101111":25687,"1|1|101110":27724,"2|0|101010":5521,"1|0|001111":20328,"1|1|001010":8094,"1|0|001110":18101,"1|1|001011":10830,"2|0|101011":5109,"2|1|000011":1088,"2|1|000010":905,"1|1|010110":36282,"2|1|111101":696,"2|1|110010":3277,"2|1|111100":852,"2|1|110011":3081,"2|1|011010":8248,"2|1|011011":8308,"1|1|010111":38146,"1|1|101101":29154,"1|1|100011":47099,"1|1|101100":31081,"1|1|100010":49019,"1|0|110001":22677,"2|0|001011":3315,"2|0|001010":2982,"1|0|110000":24226,"2|0|111110":451,"2|0|111111":287,"1|1|101010":34256,"2|1|010010":5870,"2|1|011100":8306,"2|1|011101":8245,"1|0|010001":25369,"1|0|010000":22607,"2|1|010011":6121,"1|1|101011":32448,"1|0|111101":3790,"2|0|100101":6735,"2|0|100100":7167,"1|0|110010":21183,"1|0|110011":19171,"1|0|111100":5278,"2|0|110010":3361,"2|0|111101":653,"2|0|110011":3017,"2|0|111100":879,"2|1|011111":8447,"1|0|010111":37987,"1|0|010110":36275,"2|1|011110":8057,"1|1|101001":36247,"1|1|101000":37606,"1|0|110100":17436,"1|0|110101":16080,"2|0|100111":6127,"2|0|100110":6372,"2|1|000101":1429,"2|0|001111":4645,"2|1|000100":1290,"2|0|001110":4379,"1|0|011110":51414,"2|0|111011":1157,"2|0|111010":1291,"2|1|010111":7555,"1|0|011111":53181,"2|1|010110":6932,"1|0|110111":12964,"2|0|100001":8174,"2|0|100000":8274,"2|0|001001":2535,"2|0|001000":2106,"1|0|000101":1449,"1|0|000100":1294,"1|0|110110":14521,"1|0|010010":27218,"2|0|111000":1826,"2|0|111001":1524,"1|0|011101":49224,"2|1|010001":5489,"1|0|010011":29289,"1|0|011100":48132,"2|1|010000":5030}}
