{"probability":{"Group 13":"0.059573465994705636","Group 12":"0.0510438359339169","Group 11":"0.012280375730376228","Group 10":"0.0","Group  6":"0.0006394511687526386","Group  5":"0.0005487703780005647","Group  4":"0.0002875740238003287","Group  3":"0.0","Group  2":"0.000028269347468151047","Group  1":"0.0","Group  9":"0.0","Group  8":"0.0021804629875229334","Group  7":"0.8734177944354568"},"groups":{"Group 13":["Botan 1.5.6 & 1.11.29 & 2.1.0","Feitian JavaCOS A22 & A40","Gemalto GCX4 72K","HSM SafeNet Luna SA-1700","LibTomCrypt 1.17","Libgcrypt 1.6.0 & 1.6.5 & 1.7.6","Libgcrypt 1.6.0 FIPS & 1.6.5 FIPS","Nettle 3.2 & 3.3","Oberthur Cosmo 64","OpenSSL FIPS 2.0.12 & 2.0.14","PGPSDK 4","WolfSSL 2.0rc1 & 3.9.0 & 3.10.2","cryptlib 3.4.3 & 3.4.3.1"],"Group 12":["Bouncy Castle 1.53 (Java)","Cryptix JCE 20050328","FlexiProvider 1.7p7","HSM Utimaco Security Server Se50","Nettle 2.0","PolarSSL 0.10.0","PuTTY 0.67","SunRsaSign OpenJDK 1.8.0","mbedTLS 1.3.19 & 2.2.1 & 2.4.2"],"Group 11":["Bouncy Castle 1.54 (Java)","Crypto++ 5.6.0 & 5.6.3 & 5.6.5","Libgcrypt 1.7.6 FIPS","Microsoft CryptoAPI & CNG & .NET"],"Group 10":["NXP J2D081 & J2E145G","YubiKey NEO"],"Group  6":["Oberthur Cosmo Dual 72K"],"Group  5":["NXP J2A080 & J2A081 & J3A081 & JCOP 41 V2.2.1"],"Group  4":["Gemalto GXP E64"],"Group  3":["GNU Crypto 2.0.1"],"Group  2":["G&D SmartCafe 4.x & 6.0"],"Group  1":["G&D SmartCafe 3.2"],"Group  9":["Infineon JTOP 80K","YubiKey 4 & 4 Nano"],"Group  8":["PGPSDK 4 FIPS"],"Group  7":["OpenSSL 0.9.7 & 1.0.2g & 1.0.2k & 1.1.0e"]},"frequencies":{"1|1|000110":359,"2|1|100011":601,"2|1|101101":361,"1|1|000111":318,"2|1|101100":409,"2|1|100010":607,"2|0|000000":366,"2|0|000001":403,"1|0|111010":2207,"1|0|111011":1784,"1|1|011010":11209,"1|1|011011":11742,"2|0|110100":234,"2|0|110101":187,"1|0|100001":13186,"1|0|100000":13802,"2|1|100000":709,"1|1|000100":378,"2|1|100001":670,"2|0|000011":399,"2|0|001101":493,"2|0|001100":446,"2|0|000010":353,"1|1|000101":362,"2|1|010101":605,"2|0|011010":644,"2|1|010100":570,"2|0|011011":592,"1|0|100010":12954,"1|0|101100":8228,"1|0|101101":7633,"1|0|100011":12250,"2|1|100110":542,"1|1|110101":4207,"2|1|100111":503,"2|0|000101":358,"2|0|000100":364,"1|0|111110":576,"1|1|110100":4610,"1|0|111111":199,"1|0|100101":11293,"2|0|110001":293,"2|0|110000":323,"1|0|010101":8641,"1|0|010100":8049,"2|0|011001":605,"2|0|011000":641,"1|0|100100":11712,"2|1|100100":600,"2|1|100101":552,"2|0|000110":365,"2|0|000111":368,"1|0|111000":2969,"1|0|111001":2603,"2|0|110111":166,"2|0|110110":161,"2|0|011111":726,"2|0|011110":684,"1|0|100111":10372,"1|0|100110":10880,"1|1|001001":1373,"1|0|001001":1369,"1|0|001000":675,"1|1|001000":697,"1|1|110001":5951,"1|1|110000":6423,"1|1|010000":5650,"2|0|011101":693,"2|1|111111":8,"2|1|111110":28,"2|0|010010":513,"2|0|011100":661,"2|0|010011":548,"1|1|010001":6264,"1|0|101010":9042,"1|0|101011":8365,"1|0|001010":2078,"1|1|001111":5091,"1|0|001011":2643,"1|1|001110":4508,"2|1|101011":434,"2|1|101010":460,"1|1|110111":3399,"1|1|110110":3743,"1|1|010010":6914,"1|1|010011":7327,"1|1|011100":12264,"2|0|010001":505,"2|1|111001":136,"2|1|111000":143,"2|0|010000":510,"1|1|011101":12736,"1|1|000011":404,"1|1|001100":3233,"1|1|001101":3862,"2|1|101001":432,"1|1|000010":422,"2|1|101000":472,"1|1|111110":609,"1|1|111111":197,"2|1|111010":108,"1|1|011110":13335,"1|1|011111":13758,"2|0|010111":635,"2|1|001000":355,"2|1|001001":371,"2|1|111011":85,"2|0|010110":609,"1|0|101111":6708,"1|1|100101":11320,"1|1|100100":11831,"1|0|101110":7236,"1|1|000000":388,"1|1|000001":388,"2|1|101111":318,"2|1|101110":356,"1|1|110010":5369,"1|1|111101":955,"1|1|110011":5077,"1|1|111100":1291,"1|1|011000":10219,"1|1|011001":10852,"2|1|001010":416,"2|0|010100":581,"2|1|001011":392,"2|0|010101":638,"1|0|101001":9552,"1|0|101000":10026,"1|0|000110":351,"2|0|101101":403,"2|0|100011":665,"2|0|101100":402,"2|0|100010":656,"2|1|000001":415,"2|1|000000":374,"1|1|111011":1745,"1|0|000111":353,"1|1|111010":2082,"1|0|011011":11958,"2|1|110100":231,"1|0|011010":11168,"2|1|001100":398,"2|1|110101":195,"2|1|001101":492,"1|1|100001":13307,"1|1|100000":13896,"1|0|000000":377,"2|0|101111":338,"2|0|101110":349,"2|1|000111":359,"2|1|000110":342,"1|1|111000":2844,"1|0|000001":410,"1|1|111001":2532,"1|0|011000":10221,"2|1|001110":503,"2|1|110111":158,"2|1|001111":510,"2|1|110110":209,"1|0|011001":10744,"1|1|100111":10327,"1|1|100110":10751,"1|0|000011":354,"1|0|001100":3202,"1|0|000010":363,"2|0|101001":448,"2|0|101000":536,"1|0|001101":3800,"2|1|110001":271,"2|1|110000":288,"2|1|011001":644,"2|1|011000":595,"1|1|010100":8104,"1|1|010101":8604,"1|1|101111":6799,"1|1|101110":7190,"2|0|101010":469,"1|0|001111":5179,"1|1|001010":1923,"1|0|001110":4480,"1|1|001011":2622,"2|0|101011":407,"2|1|000011":370,"2|1|000010":397,"1|1|010110":9178,"2|1|111101":53,"2|1|110010":252,"2|1|111100":61,"2|1|110011":248,"2|1|011010":634,"2|1|011011":616,"1|1|010111":9906,"1|1|101101":7620,"1|1|100011":12538,"1|1|101100":8091,"1|1|100010":12708,"1|0|110001":5927,"2|0|001011":412,"2|0|001010":420,"1|0|110000":6344,"2|0|111110":22,"2|0|111111":11,"1|1|101010":8969,"2|1|010010":521,"2|1|011100":684,"2|1|011101":683,"1|0|010001":6349,"1|0|010000":5596,"2|1|010011":576,"1|1|101011":8388,"1|0|111101":952,"2|0|100101":590,"2|0|100100":597,"1|0|110010":5413,"1|0|110011":5223,"1|0|111100":1303,"2|0|110010":268,"2|0|111101":50,"2|0|110011":255,"2|0|111100":53,"2|1|011111":695,"1|0|010111":9752,"1|0|010110":9039,"2|1|011110":677,"1|1|101001":9533,"1|1|101000":9835,"1|0|110100":4535,"1|0|110101":4249,"2|0|100111":556,"2|0|100110":541,"2|1|000101":351,"2|0|001111":507,"2|1|000100":384,"2|0|001110":440,"1|0|011110":13297,"2|0|111011":77,"2|0|111010":114,"2|1|010111":615,"1|0|011111":13938,"2|1|010110":568,"1|0|110111":3315,"2|0|100001":696,"2|0|100000":704,"2|0|001001":371,"2|0|001000":348,"1|0|000101":362,"1|0|000100":375,"1|0|110110":3831,"1|0|010010":6951,"2|0|111000":142,"2|0|111001":106,"1|0|011101":12773,"2|1|010001":517,"1|0|010011":7378,"1|0|011100":12172,"2|1|010000":550}}
