{"probability":{"Group 13":"0.07757058385557611","Group 12":"0.10118509105854472","Group 11":"0.011296591275981331","Group 10":"0.00010302398025382986","Group  6":"0.0","Group  5":"0.0017399660600584627","Group  4":"0.002914877386121066","Group  3":"0.0","Group  2":"0.0","Group  1":"0.0","Group  9":"0.00008588575869425402","Group  8":"0.0","Group  7":"0.8051039806247702"},"groups":{"Group 13":["Botan 1.5.6 & 1.11.29 & 2.1.0","Feitian JavaCOS A22 & A40","Gemalto GCX4 72K","HSM SafeNet Luna SA-1700","LibTomCrypt 1.17","Libgcrypt 1.6.0 & 1.6.5 & 1.7.6","Libgcrypt 1.6.0 FIPS & 1.6.5 FIPS","Nettle 3.2 & 3.3","Oberthur Cosmo 64","OpenSSL FIPS 2.0.12 & 2.0.14","PGPSDK 4","WolfSSL 2.0rc1 & 3.9.0 & 3.10.2","cryptlib 3.4.3 & 3.4.3.1"],"Group 12":["Bouncy Castle 1.53 (Java)","Cryptix JCE 20050328","FlexiProvider 1.7p7","HSM Utimaco Security Server Se50","Nettle 2.0","PolarSSL 0.10.0","PuTTY 0.67","SunRsaSign OpenJDK 1.8.0","mbedTLS 1.3.19 & 2.2.1 & 2.4.2"],"Group 11":["Bouncy Castle 1.54 (Java)","Crypto++ 5.6.0 & 5.6.3 & 5.6.5","Libgcrypt 1.7.6 FIPS","Microsoft CryptoAPI & CNG & .NET"],"Group 10":["NXP J2D081 & J2E145G","YubiKey NEO"],"Group  6":["Oberthur Cosmo Dual 72K"],"Group  5":["NXP J2A080 & J2A081 & J3A081 & JCOP 41 V2.2.1"],"Group  4":["Gemalto GXP E64"],"Group  3":["GNU Crypto 2.0.1"],"Group  2":["G&D SmartCafe 4.x & 6.0"],"Group  1":["G&D SmartCafe 3.2"],"Group  9":["Infineon JTOP 80K","YubiKey 4 & 4 Nano"],"Group  8":["PGPSDK 4 FIPS"],"Group  7":["OpenSSL 0.9.7 & 1.0.2g & 1.0.2k & 1.1.0e"]},"frequencies":{"1|1|000110":490,"2|1|100011":591,"2|1|101101":374,"1|1|000111":497,"2|1|101100":394,"2|1|100010":628,"2|0|000000":511,"2|0|000001":526,"1|0|111010":1457,"1|0|111011":1160,"1|1|011010":7508,"1|1|011011":8074,"2|0|110100":233,"2|0|110101":214,"1|0|100001":9098,"1|0|100000":9605,"2|1|100000":710,"1|1|000100":511,"2|1|100001":671,"2|0|000011":493,"2|0|001101":591,"2|0|001100":554,"2|0|000010":479,"1|1|000101":505,"2|1|010101":658,"2|0|011010":669,"2|1|010100":645,"2|0|011011":694,"1|0|100010":8814,"1|0|101100":5312,"1|0|101101":5342,"1|0|100011":8163,"2|1|100110":552,"1|1|110101":2848,"2|1|100111":475,"2|0|000101":498,"2|0|000100":494,"1|0|111110":388,"1|1|110100":3129,"1|0|111111":132,"1|0|100101":7656,"2|0|110001":315,"2|0|110000":317,"1|0|010101":6014,"1|0|010100":5636,"2|0|011001":670,"2|0|011000":688,"1|0|100100":8121,"2|1|100100":582,"2|1|100101":558,"2|0|000110":466,"2|0|000111":522,"1|0|111000":2003,"1|0|111001":1662,"2|0|110111":160,"2|0|110110":190,"2|0|011111":679,"2|0|011110":687,"1|0|100111":7218,"1|0|100110":7356,"1|1|001001":1138,"1|0|001001":1132,"1|0|001000":663,"1|1|001000":705,"1|1|110001":3904,"1|1|110000":4320,"1|1|010000":4030,"2|0|011101":757,"2|1|111111":6,"2|1|111110":35,"2|0|010010":586,"2|0|011100":729,"2|0|010011":647,"1|1|010001":4401,"1|0|101010":6163,"1|0|101011":5826,"1|0|001010":1603,"1|1|001111":3482,"1|0|001011":1973,"1|1|001110":3226,"2|1|101011":426,"2|1|101010":446,"1|1|110111":2135,"1|1|110110":2513,"1|1|010010":4878,"1|1|010011":5247,"1|1|011100":8407,"2|0|010001":600,"2|1|111001":131,"2|1|111000":122,"2|0|010000":604,"1|1|011101":8722,"1|1|000011":526,"1|1|001100":2463,"1|1|001101":2822,"2|1|101001":449,"1|1|000010":496,"2|1|101000":496,"1|1|111110":373,"1|1|111111":130,"2|1|111010":115,"1|1|011110":9053,"1|1|011111":9356,"2|0|010111":659,"2|1|001000":487,"2|1|001001":503,"2|1|111011":78,"2|0|010110":683,"1|0|101111":4580,"1|1|100101":7720,"1|1|100100":8030,"1|0|101110":4888,"1|1|000000":543,"1|1|000001":545,"2|1|101111":340,"2|1|101110":342,"1|1|110010":3639,"1|1|111101":650,"1|1|110011":3395,"1|1|111100":893,"1|1|011000":7194,"1|1|011001":7217,"2|1|001010":528,"2|0|010100":655,"2|1|001011":513,"2|0|010101":670,"1|0|101001":6418,"1|0|101000":6737,"1|0|000110":550,"2|0|101101":365,"2|0|100011":628,"2|0|101100":396,"2|0|100010":612,"2|1|000001":527,"2|1|000000":480,"1|1|111011":1157,"1|0|000111":462,"1|1|111010":1495,"1|0|011011":7915,"2|1|110100":257,"1|0|011010":7714,"2|1|001100":556,"2|1|110101":203,"2|1|001101":558,"1|1|100001":9162,"1|1|100000":9428,"1|0|000000":522,"2|0|101111":342,"2|0|101110":325,"2|1|000111":471,"2|1|000110":465,"1|1|111000":2033,"1|0|000001":533,"1|1|111001":1692,"1|0|011000":6869,"2|1|001110":590,"2|1|110111":174,"2|1|001111":638,"2|1|110110":164,"1|0|011001":7316,"1|1|100111":6983,"1|1|100110":7329,"1|0|000011":511,"1|0|001100":2354,"1|0|000010":520,"2|0|101001":474,"2|0|101000":489,"1|0|001101":2745,"2|1|110001":304,"2|1|110000":305,"2|1|011001":671,"2|1|011000":675,"1|1|010100":5601,"1|1|010101":5853,"1|1|101111":4451,"1|1|101110":4879,"2|0|101010":479,"1|0|001111":3607,"1|1|001010":1565,"1|0|001110":3207,"1|1|001011":1954,"2|0|101011":436,"2|1|000011":503,"2|1|000010":500,"1|1|010110":6220,"2|1|111101":41,"2|1|110010":262,"2|1|111100":64,"2|1|110011":282,"2|1|011010":724,"2|1|011011":670,"1|1|010111":6591,"1|1|101101":5215,"1|1|100011":8436,"1|1|101100":5586,"1|1|100010":8731,"1|0|110001":4005,"2|0|001011":518,"2|0|001010":492,"1|0|110000":4293,"2|0|111110":34,"2|0|111111":14,"1|1|101010":6084,"2|1|010010":610,"2|1|011100":699,"2|1|011101":712,"1|0|010001":4385,"1|0|010000":4039,"2|1|010011":643,"1|1|101011":5717,"1|0|111101":641,"2|0|100101":586,"2|0|100100":602,"1|0|110010":3720,"1|0|110011":3396,"1|0|111100":901,"2|0|110010":269,"2|0|111101":50,"2|0|110011":243,"2|0|111100":62,"2|1|011111":788,"1|0|010111":6779,"1|0|010110":6284,"2|1|011110":794,"1|1|101001":6261,"1|1|101000":6773,"1|0|110100":3094,"1|0|110101":2830,"2|0|100111":534,"2|0|100110":500,"2|1|000101":513,"2|0|001111":610,"2|1|000100":548,"2|0|001110":589,"1|0|011110":9109,"2|0|111011":74,"2|0|111010":95,"2|1|010111":688,"1|0|011111":9434,"2|1|010110":694,"1|0|110111":2286,"2|0|100001":668,"2|0|100000":662,"2|0|001001":495,"2|0|001000":520,"1|0|000101":499,"1|0|000100":531,"1|0|110110":2575,"1|0|010010":4899,"2|0|111000":143,"2|0|111001":120,"1|0|011101":8616,"2|1|010001":623,"1|0|010011":5190,"1|0|011100":8399,"2|1|010000":555}}
