{"probability":{"Group 13":"0.026998743724770107","Group 12":"0.028712023237832163","Group 11":"0.3969226130485092","Group 10":"0.0","Group  6":"0.0","Group  5":"0.00038036887188375894","Group  4":"0.0013151402475438502","Group  3":"0.0","Group  2":"0.0","Group  1":"0.0","Group  9":"0.0","Group  8":"0.008150717793295556","Group  7":"0.5375203930761655"},"groups":{"Group 13":["Botan 1.5.6 & 1.11.29 & 2.1.0","Feitian JavaCOS A22 & A40","Gemalto GCX4 72K","HSM SafeNet Luna SA-1700","LibTomCrypt 1.17","Libgcrypt 1.6.0 & 1.6.5 & 1.7.6","Libgcrypt 1.6.0 FIPS & 1.6.5 FIPS","Nettle 3.2 & 3.3","Oberthur Cosmo 64","OpenSSL FIPS 2.0.12 & 2.0.14","PGPSDK 4","WolfSSL 2.0rc1 & 3.9.0 & 3.10.2","cryptlib 3.4.3 & 3.4.3.1"],"Group 12":["Bouncy Castle 1.53 (Java)","Cryptix JCE 20050328","FlexiProvider 1.7p7","HSM Utimaco Security Server Se50","Nettle 2.0","PolarSSL 0.10.0","PuTTY 0.67","SunRsaSign OpenJDK 1.8.0","mbedTLS 1.3.19 & 2.2.1 & 2.4.2"],"Group 11":["Bouncy Castle 1.54 (Java)","Crypto++ 5.6.0 & 5.6.3 & 5.6.5","Libgcrypt 1.7.6 FIPS","Microsoft CryptoAPI & CNG & .NET"],"Group 10":["NXP J2D081 & J2E145G","YubiKey NEO"],"Group  6":["Oberthur Cosmo Dual 72K"],"Group  5":["NXP J2A080 & J2A081 & J3A081 & JCOP 41 V2.2.1"],"Group  4":["Gemalto GXP E64"],"Group  3":["GNU Crypto 2.0.1"],"Group  2":["G&D SmartCafe 4.x & 6.0"],"Group  1":["G&D SmartCafe 3.2"],"Group  9":["Infineon JTOP 80K","YubiKey 4 & 4 Nano"],"Group  8":["PGPSDK 4 FIPS"],"Group  7":["OpenSSL 0.9.7 & 1.0.2g & 1.0.2k & 1.1.0e"]},"frequencies":{"1|1|000110":4404,"2|1|100011":10739,"2|1|101101":6626,"1|1|000111":5033,"2|1|101100":6995,"2|1|100010":11303,"2|0|000000":1307,"2|0|000001":1814,"1|0|111010":7858,"1|0|111011":6317,"1|1|011010":45483,"1|1|011011":46727,"2|0|110100":4011,"2|0|110101":3672,"1|0|100001":48636,"1|0|100000":50493,"2|1|100000":12033,"1|1|000100":3409,"2|1|100001":11887,"2|0|000011":2828,"2|0|001101":8263,"2|0|001100":7593,"2|0|000010":2435,"1|1|000101":4011,"2|1|010101":12067,"2|0|011010":14105,"2|1|010100":11619,"2|0|011011":14125,"1|0|100010":47236,"1|0|101100":29919,"1|0|101101":28064,"1|0|100011":45210,"2|1|100110":9436,"1|1|110101":15643,"2|1|100111":9167,"2|0|000101":4001,"2|0|000100":3487,"1|0|111110":2248,"1|1|110100":16714,"1|0|111111":1110,"1|0|100101":41867,"2|0|110001":5075,"2|0|110000":5608,"1|0|010101":35664,"1|0|010100":33536,"2|0|011001":13853,"2|0|011000":13577,"1|0|100100":43627,"2|1|100100":10399,"2|1|100101":9963,"2|0|000110":4502,"2|0|000111":4867,"1|0|111000":10844,"1|0|111001":9283,"2|0|110111":2874,"2|0|110110":3322,"2|0|011111":12525,"2|0|011110":12974,"1|0|100111":38227,"1|0|100110":39932,"1|1|001001":8756,"1|0|001001":8740,"1|0|001000":6483,"1|1|001000":6398,"1|1|110001":21579,"1|1|110000":23442,"1|1|010000":24941,"2|0|011101":13231,"2|1|111111":555,"2|1|111110":570,"2|0|010010":10705,"2|0|011100":13693,"2|0|010011":11146,"1|1|010001":27067,"1|0|101010":33166,"1|0|101011":31382,"1|0|001010":11056,"1|1|001111":22926,"1|0|001011":13765,"1|1|001110":20338,"2|1|101011":7417,"2|1|101010":7723,"1|1|110111":12230,"1|1|110110":13918,"1|1|010010":29411,"1|1|010011":31567,"1|1|011100":47719,"2|0|010001":10203,"2|1|111001":2245,"2|1|111000":2616,"2|0|010000":9601,"1|1|011101":48649,"1|1|000011":2971,"1|1|001100":15875,"1|1|001101":18110,"2|1|101001":8280,"1|1|000010":2398,"2|1|101000":8501,"1|1|111110":2209,"1|1|111111":1117,"2|1|111010":1904,"1|1|011110":50231,"1|1|011111":51261,"2|0|010111":12933,"2|1|001000":5460,"2|1|001001":6016,"2|1|111011":1551,"2|0|010110":12559,"1|0|101111":25007,"1|1|100101":41997,"1|1|100100":43567,"1|0|101110":26407,"1|1|000000":1359,"1|1|000001":1943,"2|1|101111":5995,"2|1|101110":6196,"1|1|110010":19986,"1|1|111101":3537,"1|1|110011":18409,"1|1|111100":4933,"1|1|011000":41588,"1|1|011001":43971,"2|1|001010":6632,"2|0|010100":11695,"2|1|001011":7149,"2|0|010101":12109,"1|0|101001":34660,"1|0|101000":36441,"1|0|000110":4394,"2|0|101101":6762,"2|0|100011":10764,"2|0|101100":7141,"2|0|100010":11355,"2|1|000001":1905,"2|1|000000":1349,"1|1|111011":6320,"1|0|000111":4929,"1|1|111010":7950,"1|0|011011":46404,"2|1|110100":4017,"1|0|011010":45526,"2|1|001100":7626,"2|1|110101":3744,"2|1|001101":8240,"1|1|100001":49000,"1|1|100000":50865,"1|0|000000":1309,"2|0|101111":5961,"2|0|101110":6236,"2|1|000111":4927,"2|1|000110":4371,"1|1|111000":10887,"1|0|000001":1802,"1|1|111001":9178,"1|0|011000":41612,"2|1|001110":8719,"2|1|110111":2851,"2|1|001111":9170,"2|1|110110":3344,"1|0|011001":43237,"1|1|100111":38122,"1|1|100110":39872,"1|0|000011":2908,"1|0|001100":15877,"1|0|000010":2352,"2|0|101001":8285,"2|0|101000":8814,"1|0|001101":18069,"2|1|110001":4995,"2|1|110000":5461,"2|1|011001":14041,"2|1|011000":13354,"1|1|010100":33396,"1|1|010101":35727,"1|1|101111":24723,"1|1|101110":26412,"2|0|101010":7776,"1|0|001111":22639,"1|1|001010":11237,"1|0|001110":20674,"1|1|001011":13700,"2|0|101011":7529,"2|1|000011":2930,"2|1|000010":2490,"1|1|010110":37519,"2|1|111101":892,"2|1|110010":4699,"2|1|111100":1194,"2|1|110011":4384,"2|1|011010":14429,"2|1|011011":13838,"1|1|010111":39561,"1|1|101101":27713,"1|1|100011":45225,"1|1|101100":29855,"1|1|100010":46948,"1|0|110001":21508,"2|0|001011":7113,"2|0|001010":6640,"1|0|110000":23415,"2|0|111110":580,"2|0|111111":521,"1|1|101010":33015,"2|1|010010":10623,"2|1|011100":13583,"2|1|011101":13182,"1|0|010001":27109,"1|0|010000":25168,"2|1|010011":11087,"1|1|101011":31512,"1|0|111101":3525,"2|0|100101":9863,"2|0|100100":10468,"1|0|110010":20045,"1|0|110011":18397,"1|0|111100":4956,"2|0|110010":4718,"2|0|111101":865,"2|0|110011":4342,"2|0|111100":1239,"2|1|011111":12585,"1|0|010111":39268,"1|0|010110":37660,"2|1|011110":12793,"1|1|101001":34729,"1|1|101000":36579,"1|0|110100":16928,"1|0|110101":15198,"2|0|100111":8876,"2|0|100110":9574,"2|1|000101":4004,"2|0|001111":9183,"2|1|000100":3377,"2|0|001110":8663,"1|0|011110":50249,"2|0|111011":1563,"2|0|111010":1838,"2|1|010111":12908,"1|0|011111":51067,"2|1|010110":12431,"1|0|110111":12246,"2|0|100001":11629,"2|0|100000":11837,"2|0|001001":6057,"2|0|001000":5431,"1|0|000101":3923,"1|0|000100":3488,"1|0|110110":13825,"1|0|010010":29516,"2|0|111000":2733,"2|0|111001":2313,"1|0|011101":48885,"2|1|010001":10190,"1|0|010011":31507,"1|0|011100":47765,"2|1|010000":9625}}
