{"probability":{"Group 13":"0.20045361501894357","Group 12":"0.2420065485872185","Group 11":"0.04345915535681538","Group 10":"0.00007007118927490593","Group  6":"0.0","Group  5":"0.0004991564304307624","Group  4":"0.0088718709308404","Group  3":"0.0","Group  2":"0.0","Group  1":"0.0","Group  9":"0.0009546453955128055","Group  8":"0.0","Group  7":"0.5036849370909638"},"groups":{"Group 13":["Botan 1.5.6 & 1.11.29 & 2.1.0","Feitian JavaCOS A22 & A40","Gemalto GCX4 72K","HSM SafeNet Luna SA-1700","LibTomCrypt 1.17","Libgcrypt 1.6.0 & 1.6.5 & 1.7.6","Libgcrypt 1.6.0 FIPS & 1.6.5 FIPS","Nettle 3.2 & 3.3","Oberthur Cosmo 64","OpenSSL FIPS 2.0.12 & 2.0.14","PGPSDK 4","WolfSSL 2.0rc1 & 3.9.0 & 3.10.2","cryptlib 3.4.3 & 3.4.3.1"],"Group 12":["Bouncy Castle 1.53 (Java)","Cryptix JCE 20050328","FlexiProvider 1.7p7","HSM Utimaco Security Server Se50","Nettle 2.0","PolarSSL 0.10.0","PuTTY 0.67","SunRsaSign OpenJDK 1.8.0","mbedTLS 1.3.19 & 2.2.1 & 2.4.2"],"Group 11":["Bouncy Castle 1.54 (Java)","Crypto++ 5.6.0 & 5.6.3 & 5.6.5","Libgcrypt 1.7.6 FIPS","Microsoft CryptoAPI & CNG & .NET"],"Group 10":["NXP J2D081 & J2E145G","YubiKey NEO"],"Group  6":["Oberthur Cosmo Dual 72K"],"Group  5":["NXP J2A080 & J2A081 & J3A081 & JCOP 41 V2.2.1"],"Group  4":["Gemalto GXP E64"],"Group  3":["GNU Crypto 2.0.1"],"Group  2":["G&D SmartCafe 4.x & 6.0"],"Group  1":["G&D SmartCafe 3.2"],"Group  9":["Infineon JTOP 80K","YubiKey 4 & 4 Nano"],"Group  8":["PGPSDK 4 FIPS"],"Group  7":["OpenSSL 0.9.7 & 1.0.2g & 1.0.2k & 1.1.0e"]},"frequencies":{"1|1|000110":23947,"2|1|100011":33087,"2|1|101101":20147,"1|1|000111":23554,"2|1|101100":21087,"2|1|100010":34646,"2|0|000000":26188,"2|0|000001":25553,"1|0|111010":22481,"1|0|111011":18477,"1|1|011010":125276,"1|1|011011":130654,"2|0|110100":12060,"2|0|110101":10796,"1|0|100001":142618,"1|0|100000":148283,"2|1|100000":37651,"1|1|000100":24748,"2|1|100001":36322,"2|0|000011":24795,"2|0|001101":28346,"2|0|001100":27593,"2|0|000010":25328,"1|1|000101":24391,"2|1|010101":33821,"2|0|011010":36124,"2|1|010100":33335,"2|0|011011":36413,"1|0|100010":137552,"1|0|101100":85871,"1|0|101101":80394,"1|0|100011":131501,"2|1|100110":29090,"1|1|110101":44259,"2|1|100111":27852,"2|0|000101":24578,"2|0|000100":24557,"1|0|111110":6000,"1|1|110100":48744,"1|0|111111":1896,"1|0|100101":120917,"2|0|110001":15182,"2|0|110000":16625,"1|0|010101":101438,"1|0|010100":95837,"2|0|011001":36090,"2|0|011000":35368,"1|0|100100":126966,"2|1|100100":31428,"2|1|100101":30153,"2|0|000110":23902,"2|0|000111":23904,"1|0|111000":31204,"1|0|111001":26721,"2|0|110111":8446,"2|0|110110":9577,"2|0|011111":38683,"2|0|011110":37640,"1|0|100111":110918,"1|0|100110":115493,"1|1|001001":32593,"1|0|001001":32974,"1|0|001000":26664,"1|1|001000":26438,"1|1|110001":62041,"1|1|110000":66546,"1|1|010000":74751,"2|0|011101":37711,"2|1|111111":471,"2|1|111110":1523,"2|0|010010":32017,"2|0|011100":36949,"2|0|010011":32876,"1|1|010001":80198,"1|0|101010":95198,"1|0|101011":90376,"1|0|001010":39177,"1|1|001111":68752,"1|0|001011":45093,"1|1|001110":62767,"2|1|101011":22393,"2|1|101010":23516,"1|1|110111":35311,"1|1|110110":39755,"1|1|010010":84873,"1|1|010011":90916,"1|1|011100":135413,"2|0|010001":31367,"2|1|111001":6416,"2|1|111000":7432,"2|0|010000":30840,"1|1|011101":139578,"1|1|000011":24936,"1|1|001100":51532,"1|1|001101":57209,"2|1|101001":25197,"1|1|000010":25515,"2|1|101000":26129,"1|1|111110":6026,"1|1|111111":2016,"2|1|111010":5456,"1|1|011110":143939,"1|1|011111":148825,"2|0|010111":34888,"2|1|001000":23796,"2|1|001001":24733,"2|1|111011":4501,"2|0|010110":34711,"1|0|101111":71694,"1|1|100101":122012,"1|1|100100":125953,"1|0|101110":76564,"1|1|000000":26175,"1|1|000001":26104,"2|1|101111":17517,"2|1|101110":18795,"1|1|110010":57432,"1|1|111101":10212,"1|1|110011":53510,"1|1|111100":14333,"1|1|011000":115657,"1|1|011001":121570,"2|1|001010":25976,"2|0|010100":33485,"2|1|001011":26531,"2|0|010101":33949,"1|0|101001":100666,"1|0|101000":105609,"1|0|000110":24170,"2|0|101101":19887,"2|0|100011":33353,"2|0|101100":21193,"2|0|100010":34809,"2|1|000001":25539,"2|1|000000":26473,"1|1|111011":18560,"1|0|000111":23735,"1|1|111010":22544,"1|0|011011":131075,"2|1|110100":11892,"1|0|011010":126180,"2|1|001100":27304,"2|1|110101":10725,"2|1|001101":28356,"1|1|100001":142861,"1|1|100000":148387,"1|0|000000":26026,"2|0|101111":17684,"2|0|101110":18576,"2|1|000111":23260,"2|1|000110":24093,"1|1|111000":31170,"1|0|000001":25888,"1|1|111001":27023,"1|0|011000":116405,"2|1|001110":29163,"2|1|110111":8795,"2|1|001111":30184,"2|1|110110":9559,"1|0|011001":121401,"1|1|100111":111044,"1|1|100110":115719,"1|0|000011":25235,"1|0|001100":51484,"1|0|000010":25223,"2|0|101001":24940,"2|0|101000":26472,"1|0|001101":56893,"2|1|110001":15044,"2|1|110000":16664,"2|1|011001":35787,"2|1|011000":35519,"1|1|010100":96097,"1|1|010101":100579,"1|1|101111":72042,"1|1|101110":76035,"2|0|101010":23643,"1|0|001111":68878,"1|1|001010":39144,"1|0|001110":62936,"1|1|001011":45172,"2|0|101011":22108,"2|1|000011":25082,"2|1|000010":25477,"1|1|010110":106004,"2|1|111101":2451,"2|1|110010":14039,"2|1|111100":3423,"2|1|110011":12933,"2|1|011010":36397,"2|1|011011":36831,"1|1|010111":111708,"1|1|101101":80954,"1|1|100011":132018,"1|1|101100":85598,"1|1|100010":137404,"1|0|110001":62487,"2|0|001011":26776,"2|0|001010":26099,"1|0|110000":66805,"2|0|111110":1421,"2|0|111111":491,"1|1|101010":95570,"2|1|010010":32091,"2|1|011100":37086,"2|1|011101":37472,"1|0|010001":79308,"1|0|010000":74270,"2|1|010011":32924,"1|1|101011":90678,"1|0|111101":10114,"2|0|100101":30293,"2|0|100100":31770,"1|0|110010":57900,"1|0|110011":53470,"1|0|111100":14513,"2|0|110010":13889,"2|0|111101":2499,"2|0|110011":13025,"2|0|111100":3484,"2|1|011111":38355,"1|0|010111":111064,"1|0|010110":106290,"2|1|011110":38231,"1|1|101001":101200,"1|1|101000":105899,"1|0|110100":48708,"1|0|110101":44478,"2|0|100111":27543,"2|0|100110":28777,"2|1|000101":24451,"2|0|001111":29973,"2|1|000100":24906,"2|0|001110":28992,"1|0|011110":144169,"2|0|111011":4462,"2|0|111010":5350,"2|1|010111":35079,"1|0|011111":148934,"2|1|010110":34587,"1|0|110111":35484,"2|0|100001":36366,"2|0|100000":37693,"2|0|001001":24858,"2|0|001000":24040,"1|0|000101":24488,"1|0|000100":24817,"1|0|110110":39753,"1|0|010010":85643,"2|0|111000":7545,"2|0|111001":6467,"1|0|011101":139591,"2|1|010001":31452,"1|0|010011":90955,"1|0|011100":134649,"2|1|010000":30591}}
