{"probability":{"Group 13":"0.01049031131815406","Group 12":"0.02227053792781878","Group 11":"0.10102856006736673","Group 10":"0.0","Group  6":"0.0018938530554256916","Group  5":"0.0","Group  4":"0.0068498022044840776","Group  3":"0.0","Group  2":"0.0002435383205324307","Group  1":"0.0","Group  9":"0.0017950404561931916","Group  8":"0.005671702876346688","Group  7":"0.8497566537736783"},"groups":{"Group 13":["Botan 1.5.6 & 1.11.29 & 2.1.0","Feitian JavaCOS A22 & A40","Gemalto GCX4 72K","HSM SafeNet Luna SA-1700","LibTomCrypt 1.17","Libgcrypt 1.6.0 & 1.6.5 & 1.7.6","Libgcrypt 1.6.0 FIPS & 1.6.5 FIPS","Nettle 3.2 & 3.3","Oberthur Cosmo 64","OpenSSL FIPS 2.0.12 & 2.0.14","PGPSDK 4","WolfSSL 2.0rc1 & 3.9.0 & 3.10.2","cryptlib 3.4.3 & 3.4.3.1"],"Group 12":["Bouncy Castle 1.53 (Java)","Cryptix JCE 20050328","FlexiProvider 1.7p7","HSM Utimaco Security Server Se50","Nettle 2.0","PolarSSL 0.10.0","PuTTY 0.67","SunRsaSign OpenJDK 1.8.0","mbedTLS 1.3.19 & 2.2.1 & 2.4.2"],"Group 11":["Bouncy Castle 1.54 (Java)","Crypto++ 5.6.0 & 5.6.3 & 5.6.5","Libgcrypt 1.7.6 FIPS","Microsoft CryptoAPI & CNG & .NET"],"Group 10":["NXP J2D081 & J2E145G","YubiKey NEO"],"Group  6":["Oberthur Cosmo Dual 72K"],"Group  5":["NXP J2A080 & J2A081 & J3A081 & JCOP 41 V2.2.1"],"Group  4":["Gemalto GXP E64"],"Group  3":["GNU Crypto 2.0.1"],"Group  2":["G&D SmartCafe 4.x & 6.0"],"Group  1":["G&D SmartCafe 3.2"],"Group  9":["Infineon JTOP 80K","YubiKey 4 & 4 Nano"],"Group  8":["PGPSDK 4 FIPS"],"Group  7":["OpenSSL 0.9.7 & 1.0.2g & 1.0.2k & 1.1.0e"]},"frequencies":{"1|1|000110":118,"2|1|100011":245,"2|1|101101":142,"1|1|000111":133,"2|1|101100":141,"2|1|100010":246,"2|0|000000":83,"2|0|000001":85,"1|0|111010":741,"1|0|111011":598,"1|1|011010":4070,"1|1|011011":4255,"2|0|110100":93,"2|0|110101":86,"1|0|100001":4727,"1|0|100000":4841,"2|1|100000":287,"1|1|000100":113,"2|1|100001":291,"2|0|000011":84,"2|0|001101":214,"2|0|001100":199,"2|0|000010":102,"1|1|000101":148,"2|1|010101":291,"2|0|011010":328,"2|1|010100":281,"2|0|011011":319,"1|0|100010":4509,"1|0|101100":2777,"1|0|101101":2718,"1|0|100011":4439,"2|1|100110":228,"1|1|110101":1412,"2|1|100111":201,"2|0|000101":118,"2|0|000100":95,"1|0|111110":210,"1|1|110100":1632,"1|0|111111":48,"1|0|100101":3907,"2|0|110001":123,"2|0|110000":119,"1|0|010101":3154,"1|0|010100":2806,"2|0|011001":330,"2|0|011000":298,"1|0|100100":4111,"2|1|100100":238,"2|1|100101":217,"2|0|000110":123,"2|0|000111":149,"1|0|111000":1069,"1|0|111001":866,"2|0|110111":65,"2|0|110110":71,"2|0|011111":292,"2|0|011110":342,"1|0|100111":3663,"1|0|100110":3730,"1|1|001001":515,"1|0|001001":486,"1|0|001000":278,"1|1|001000":277,"1|1|110001":2124,"1|1|110000":2222,"1|1|010000":2025,"2|0|011101":316,"2|1|111111":6,"2|1|111110":6,"2|0|010010":253,"2|0|011100":328,"2|0|010011":261,"1|1|010001":2272,"1|0|101010":3127,"1|0|101011":3054,"1|0|001010":738,"1|1|001111":1822,"1|0|001011":980,"1|1|001110":1632,"2|1|101011":166,"2|1|101010":186,"1|1|110111":1165,"1|1|110110":1290,"1|1|010010":2350,"1|1|010011":2718,"1|1|011100":4377,"2|0|010001":249,"2|1|111001":60,"2|1|111000":59,"2|0|010000":225,"1|1|011101":4550,"1|1|000011":84,"1|1|001100":1109,"1|1|001101":1470,"2|1|101001":193,"1|1|000010":93,"2|1|101000":205,"1|1|111110":229,"1|1|111111":68,"2|1|111010":31,"1|1|011110":4663,"1|1|011111":4817,"2|0|010111":310,"2|1|001000":163,"2|1|001001":176,"2|1|111011":36,"2|0|010110":321,"1|0|101111":2349,"1|1|100101":4000,"1|1|100100":4134,"1|0|101110":2599,"1|1|000000":65,"1|1|000001":85,"2|1|101111":154,"2|1|101110":157,"1|1|110010":1861,"1|1|111101":337,"1|1|110011":1802,"1|1|111100":482,"1|1|011000":3706,"1|1|011001":3874,"2|1|001010":190,"2|0|010100":256,"2|1|001011":220,"2|0|010101":294,"1|0|101001":3302,"1|0|101000":3446,"1|0|000110":138,"2|0|101101":168,"2|0|100011":225,"2|0|101100":174,"2|0|100010":283,"2|1|000001":79,"2|1|000000":63,"1|1|111011":590,"1|0|000111":133,"1|1|111010":781,"1|0|011011":4203,"2|1|110100":91,"1|0|011010":4065,"2|1|001100":223,"2|1|110101":83,"2|1|001101":224,"1|1|100001":4659,"1|1|100000":4734,"1|0|000000":58,"2|0|101111":122,"2|0|101110":127,"2|1|000111":146,"2|1|000110":124,"1|1|111000":1060,"1|0|000001":96,"1|1|111001":925,"1|0|011000":3542,"2|1|001110":234,"2|1|110111":64,"2|1|001111":227,"2|1|110110":77,"1|0|011001":3864,"1|1|100111":3644,"1|1|100110":3822,"1|0|000011":105,"1|0|001100":1207,"1|0|000010":78,"2|0|101001":205,"2|0|101000":204,"1|0|001101":1395,"2|1|110001":143,"2|1|110000":135,"2|1|011001":311,"2|1|011000":327,"1|1|010100":2878,"1|1|010101":3085,"1|1|101111":2371,"1|1|101110":2469,"2|0|101010":156,"1|0|001111":1826,"1|1|001010":764,"1|0|001110":1713,"1|1|001011":968,"2|0|101011":164,"2|1|000011":106,"2|1|000010":79,"1|1|010110":3196,"2|1|111101":31,"2|1|110010":102,"2|1|111100":26,"2|1|110011":92,"2|1|011010":322,"2|1|011011":319,"1|1|010111":3494,"1|1|101101":2718,"1|1|100011":4290,"1|1|101100":2767,"1|1|100010":4462,"1|0|110001":2113,"2|0|001011":185,"2|0|001010":164,"1|0|110000":2198,"2|0|111110":14,"2|0|111111":3,"1|1|101010":3190,"2|1|010010":257,"2|1|011100":317,"2|1|011101":302,"1|0|010001":2146,"1|0|010000":1940,"2|1|010011":263,"1|1|101011":2934,"1|0|111101":340,"2|0|100101":249,"2|0|100100":225,"1|0|110010":1919,"1|0|110011":1707,"1|0|111100":475,"2|0|110010":113,"2|0|111101":22,"2|0|110011":100,"2|0|111100":29,"2|1|011111":270,"1|0|010111":3452,"1|0|010110":3158,"2|1|011110":262,"1|1|101001":3326,"1|1|101000":3561,"1|0|110100":1604,"1|0|110101":1450,"2|0|100111":206,"2|0|100110":220,"2|1|000101":130,"2|0|001111":241,"2|1|000100":116,"2|0|001110":242,"1|0|011110":4710,"2|0|111011":42,"2|0|111010":37,"2|1|010111":322,"1|0|011111":4982,"2|1|010110":332,"1|0|110111":1215,"2|0|100001":277,"2|0|100000":287,"2|0|001001":160,"2|0|001000":148,"1|0|000101":128,"1|0|000100":99,"1|0|110110":1326,"1|0|010010":2473,"2|0|111000":49,"2|0|111001":65,"1|0|011101":4604,"2|1|010001":250,"1|0|010011":2665,"1|0|011100":4474,"2|1|010000":234}}
