{"probability":{"Group 13":"0.060706180523477614","Group 12":"0.11226977807608077","Group 11":"0.02966010734813813","Group 10":"0.0","Group  6":"0.0","Group  5":"0.0","Group  4":"0.004979628618875917","Group  3":"0.0","Group  2":"0.0","Group  1":"0.00016474688570289613","Group  9":"0.0","Group  8":"0.0003916888199720773","Group  7":"0.7918278697277525"},"groups":{"Group 13":["Botan 1.5.6 & 1.11.29 & 2.1.0","Feitian JavaCOS A22 & A40","Gemalto GCX4 72K","HSM SafeNet Luna SA-1700","LibTomCrypt 1.17","Libgcrypt 1.6.0 & 1.6.5 & 1.7.6","Libgcrypt 1.6.0 FIPS & 1.6.5 FIPS","Nettle 3.2 & 3.3","Oberthur Cosmo 64","OpenSSL FIPS 2.0.12 & 2.0.14","PGPSDK 4","WolfSSL 2.0rc1 & 3.9.0 & 3.10.2","cryptlib 3.4.3 & 3.4.3.1"],"Group 12":["Bouncy Castle 1.53 (Java)","Cryptix JCE 20050328","FlexiProvider 1.7p7","HSM Utimaco Security Server Se50","Nettle 2.0","PolarSSL 0.10.0","PuTTY 0.67","SunRsaSign OpenJDK 1.8.0","mbedTLS 1.3.19 & 2.2.1 & 2.4.2"],"Group 11":["Bouncy Castle 1.54 (Java)","Crypto++ 5.6.0 & 5.6.3 & 5.6.5","Libgcrypt 1.7.6 FIPS","Microsoft CryptoAPI & CNG & .NET"],"Group 10":["NXP J2D081 & J2E145G","YubiKey NEO"],"Group  6":["Oberthur Cosmo Dual 72K"],"Group  5":["NXP J2A080 & J2A081 & J3A081 & JCOP 41 V2.2.1"],"Group  4":["Gemalto GXP E64"],"Group  3":["GNU Crypto 2.0.1"],"Group  2":["G&D SmartCafe 4.x & 6.0"],"Group  1":["G&D SmartCafe 3.2"],"Group  9":["Infineon JTOP 80K","YubiKey 4 & 4 Nano"],"Group  8":["PGPSDK 4 FIPS"],"Group  7":["OpenSSL 0.9.7 & 1.0.2g & 1.0.2k & 1.1.0e"]},"frequencies":{"1|1|000110":797,"2|1|100011":851,"2|1|101101":516,"1|1|000111":773,"2|1|101100":526,"2|1|100010":912,"2|0|000000":845,"2|0|000001":813,"1|0|111010":1861,"1|0|111011":1607,"1|1|011010":10349,"1|1|011011":10735,"2|0|110100":300,"2|0|110101":326,"1|0|100001":11938,"1|0|100000":12336,"2|1|100000":979,"1|1|000100":755,"2|1|100001":936,"2|0|000011":771,"2|0|001101":821,"2|0|001100":835,"2|0|000010":797,"1|1|000101":825,"2|1|010101":975,"2|0|011010":953,"2|1|010100":831,"2|0|011011":998,"1|0|100010":11441,"1|0|101100":7193,"1|0|101101":6682,"1|0|100011":11001,"2|1|100110":804,"1|1|110101":3755,"2|1|100111":676,"2|0|000101":773,"2|0|000100":718,"1|0|111110":573,"1|1|110100":4114,"1|0|111111":161,"1|0|100101":10389,"2|0|110001":374,"2|0|110000":448,"1|0|010101":7979,"1|0|010100":7630,"2|0|011001":972,"2|0|011000":1000,"1|0|100100":10551,"2|1|100100":843,"2|1|100101":810,"2|0|000110":759,"2|0|000111":757,"1|0|111000":2623,"1|0|111001":2291,"2|0|110111":255,"2|0|110110":235,"2|0|011111":982,"2|0|011110":1017,"1|0|100111":9413,"1|0|100110":9785,"1|1|001001":1612,"1|0|001001":1586,"1|0|001000":1055,"1|1|001000":1018,"1|1|110001":5143,"1|1|110000":5749,"1|1|010000":5467,"2|0|011101":977,"2|1|111111":7,"2|1|111110":34,"2|0|010010":875,"2|0|011100":990,"2|0|010011":946,"1|1|010001":5954,"1|0|101010":7984,"1|0|101011":7817,"1|0|001010":2143,"1|1|001111":4846,"1|0|001011":2687,"1|1|001110":4389,"2|1|101011":640,"2|1|101010":558,"1|1|110111":3007,"1|1|110110":3368,"1|1|010010":6555,"1|1|010011":6878,"1|1|011100":11184,"2|0|010001":923,"2|1|111001":167,"2|1|111000":200,"2|0|010000":879,"1|1|011101":11524,"1|1|000011":798,"1|1|001100":3215,"1|1|001101":3810,"2|1|101001":631,"1|1|000010":834,"2|1|101000":695,"1|1|111110":493,"1|1|111111":165,"2|1|111010":153,"1|1|011110":12072,"1|1|011111":12370,"2|0|010111":1009,"2|1|001000":751,"2|1|001001":766,"2|1|111011":156,"2|0|010110":966,"1|0|101111":5849,"1|1|100101":10089,"1|1|100100":10742,"1|0|101110":6422,"1|1|000000":787,"1|1|000001":761,"2|1|101111":432,"2|1|101110":484,"1|1|110010":4750,"1|1|111101":855,"1|1|110011":4563,"1|1|111100":1209,"1|1|011000":9396,"1|1|011001":10015,"2|1|001010":758,"2|0|010100":901,"2|1|001011":787,"2|0|010101":966,"1|0|101001":8568,"1|0|101000":8935,"1|0|000110":721,"2|0|101101":553,"2|0|100011":876,"2|0|101100":588,"2|0|100010":885,"2|1|000001":856,"2|1|000000":829,"1|1|111011":1573,"1|0|000111":743,"1|1|111010":1964,"1|0|011011":10595,"2|1|110100":278,"1|0|011010":10245,"2|1|001100":804,"2|1|110101":273,"2|1|001101":790,"1|1|100001":11991,"1|1|100000":12669,"1|0|000000":750,"2|0|101111":461,"2|0|101110":506,"2|1|000111":702,"2|1|000110":755,"1|1|111000":2574,"1|0|000001":766,"1|1|111001":2274,"1|0|011000":9426,"2|1|001110":873,"2|1|110111":236,"2|1|001111":889,"2|1|110110":247,"1|0|011001":9764,"1|1|100111":9512,"1|1|100110":9849,"1|0|000011":735,"1|0|001100":3250,"1|0|000010":752,"2|0|101001":612,"2|0|101000":679,"1|0|001101":3872,"2|1|110001":425,"2|1|110000":459,"2|1|011001":937,"2|1|011000":959,"1|1|010100":7465,"1|1|010101":8047,"1|1|101111":5930,"1|1|101110":6431,"2|0|101010":618,"1|0|001111":4889,"1|1|001010":2239,"1|0|001110":4352,"1|1|001011":2644,"2|0|101011":593,"2|1|000011":805,"2|1|000010":789,"1|1|010110":8502,"2|1|111101":55,"2|1|110010":358,"2|1|111100":96,"2|1|110011":359,"2|1|011010":999,"2|1|011011":979,"1|1|010111":8795,"1|1|101101":6946,"1|1|100011":11150,"1|1|101100":7309,"1|1|100010":11551,"1|0|110001":5304,"2|0|001011":852,"2|0|001010":846,"1|0|110000":5700,"2|0|111110":37,"2|0|111111":5,"1|1|101010":8129,"2|1|010010":912,"2|1|011100":1008,"2|1|011101":963,"1|0|010001":6024,"1|0|010000":5286,"2|1|010011":923,"1|1|101011":7552,"1|0|111101":859,"2|0|100101":779,"2|0|100100":810,"1|0|110010":4883,"1|0|110011":4443,"1|0|111100":1230,"2|0|110010":370,"2|0|111101":69,"2|0|110011":364,"2|0|111100":85,"2|1|011111":988,"1|0|010111":8851,"1|0|010110":8391,"2|1|011110":1073,"1|1|101001":8347,"1|1|101000":8978,"1|0|110100":4180,"1|0|110101":3918,"2|0|100111":717,"2|0|100110":733,"2|1|000101":720,"2|0|001111":878,"2|1|000100":750,"2|0|001110":819,"1|0|011110":12115,"2|0|111011":143,"2|0|111010":162,"2|1|010111":982,"1|0|011111":12481,"2|1|010110":924,"1|0|110111":2969,"2|0|100001":941,"2|0|100000":981,"2|0|001001":752,"2|0|001000":792,"1|0|000101":793,"1|0|000100":776,"1|0|110110":3339,"1|0|010010":6434,"2|0|111000":182,"2|0|111001":148,"1|0|011101":11606,"2|1|010001":869,"1|0|010011":7015,"1|0|011100":11204,"2|1|010000":873}}
