{"probability":{"Group 13":"0.07449056653885111","Group 12":"0.021827736845538705","Group 11":"0.27939723241964093","Group 10":"0.0","Group  6":"0.0","Group  5":"0.0","Group  4":"0.00320502913784056","Group  3":"0.00035332724293639736","Group  2":"0.0","Group  1":"0.0","Group  9":"0.0004124119766887559","Group  8":"0.01174728098806032","Group  7":"0.6085664148504432"},"groups":{"Group 13":["Botan 1.5.6 & 1.11.29 & 2.1.0","Feitian JavaCOS A22 & A40","Gemalto GCX4 72K","HSM SafeNet Luna SA-1700","LibTomCrypt 1.17","Libgcrypt 1.6.0 & 1.6.5 & 1.7.6","Libgcrypt 1.6.0 FIPS & 1.6.5 FIPS","Nettle 3.2 & 3.3","Oberthur Cosmo 64","OpenSSL FIPS 2.0.12 & 2.0.14","PGPSDK 4","WolfSSL 2.0rc1 & 3.9.0 & 3.10.2","cryptlib 3.4.3 & 3.4.3.1"],"Group 12":["Bouncy Castle 1.53 (Java)","Cryptix JCE 20050328","FlexiProvider 1.7p7","HSM Utimaco Security Server Se50","Nettle 2.0","PolarSSL 0.10.0","PuTTY 0.67","SunRsaSign OpenJDK 1.8.0","mbedTLS 1.3.19 & 2.2.1 & 2.4.2"],"Group 11":["Bouncy Castle 1.54 (Java)","Crypto++ 5.6.0 & 5.6.3 & 5.6.5","Libgcrypt 1.7.6 FIPS","Microsoft CryptoAPI & CNG & .NET"],"Group 10":["NXP J2D081 & J2E145G","YubiKey NEO"],"Group  6":["Oberthur Cosmo Dual 72K"],"Group  5":["NXP J2A080 & J2A081 & J3A081 & JCOP 41 V2.2.1"],"Group  4":["Gemalto GXP E64"],"Group  3":["GNU Crypto 2.0.1"],"Group  2":["G&D SmartCafe 4.x & 6.0"],"Group  1":["G&D SmartCafe 3.2"],"Group  9":["Infineon JTOP 80K","YubiKey 4 & 4 Nano"],"Group  8":["PGPSDK 4 FIPS"],"Group  7":["OpenSSL 0.9.7 & 1.0.2g & 1.0.2k & 1.1.0e"]},"frequencies":{"1|1|000110":6199,"2|1|100011":17950,"2|1|101101":11037,"1|1|000111":7023,"2|1|101100":11858,"2|1|100010":18711,"2|0|000000":2710,"2|0|000001":2622,"1|0|111010":15698,"1|0|111011":12999,"1|1|011010":89480,"1|1|011011":92218,"2|0|110100":6748,"2|0|110101":6209,"1|0|100001":99200,"1|0|100000":102411,"2|1|100000":20534,"1|1|000100":4856,"2|1|100001":19632,"2|0|000011":4054,"2|0|001101":12393,"2|0|001100":11426,"2|0|000010":3482,"1|1|000101":5506,"2|1|010101":18976,"2|0|011010":22237,"2|1|010100":18090,"2|0|011011":22370,"1|0|100010":95067,"1|0|101100":60061,"1|0|101101":56315,"1|0|100011":90993,"2|1|100110":15915,"1|1|110101":31366,"2|1|100111":15180,"2|0|000101":5533,"2|0|000100":4875,"1|0|111110":4445,"1|1|110100":34082,"1|0|111111":2032,"1|0|100101":83809,"2|0|110001":8527,"2|0|110000":9118,"1|0|010101":68888,"1|0|010100":64694,"2|0|011001":21792,"2|0|011000":21138,"1|0|100100":87841,"2|1|100100":17321,"2|1|100101":16506,"2|0|000110":6215,"2|0|000111":6831,"1|0|111000":21794,"1|0|111001":19090,"2|0|110111":4815,"2|0|110110":5658,"2|0|011111":20693,"2|0|011110":21318,"1|0|100111":77315,"1|0|100110":80916,"1|1|001001":14702,"1|0|001001":14679,"1|0|001000":9657,"1|1|001000":9837,"1|1|110001":43906,"1|1|110000":46936,"1|1|010000":47160,"2|0|011101":21352,"2|1|111111":821,"2|1|111110":1077,"2|0|010010":16336,"2|0|011100":21835,"2|0|010011":16937,"1|1|010001":51407,"1|0|101010":66471,"1|0|101011":63646,"1|0|001010":19621,"1|1|001111":42908,"1|0|001011":24398,"1|1|001110":38340,"2|1|101011":12440,"2|1|101010":13054,"1|1|110111":25036,"1|1|110110":27870,"1|1|010010":56196,"1|1|010011":60292,"1|1|011100":94692,"2|0|010001":15609,"2|1|111001":3656,"2|1|111000":4293,"2|0|010000":14624,"1|1|011101":97495,"1|1|000011":4187,"1|1|001100":29122,"1|1|001101":33537,"2|1|101001":13639,"1|1|000010":3374,"2|1|101000":14449,"1|1|111110":4527,"1|1|111111":2023,"2|1|111010":3148,"1|1|011110":100575,"1|1|011111":103086,"2|0|010111":20409,"2|1|001000":7502,"2|1|001001":8598,"2|1|111011":2612,"2|0|010110":19515,"1|0|101111":50324,"1|1|100101":84443,"1|1|100100":87749,"1|0|101110":53515,"1|1|000000":2757,"1|1|000001":2682,"2|1|101111":9897,"2|1|101110":10345,"1|1|110010":40433,"1|1|111101":7308,"1|1|110011":36971,"1|1|111100":9994,"1|1|011000":81106,"1|1|011001":85043,"2|1|001010":9713,"2|0|010100":17948,"2|1|001011":10571,"2|0|010101":18757,"1|0|101001":70062,"1|0|101000":73800,"1|0|000110":6091,"2|0|101101":11217,"2|0|100011":18005,"2|0|101100":11850,"2|0|100010":18647,"2|1|000001":2620,"2|1|000000":2767,"1|1|111011":12832,"1|0|000111":6798,"1|1|111010":16046,"1|0|011011":91630,"2|1|110100":6705,"1|0|011010":89204,"2|1|001100":11349,"2|1|110101":6163,"2|1|001101":12134,"1|1|100001":98562,"1|1|100000":102957,"1|0|000000":2723,"2|0|101111":10118,"2|0|101110":10404,"2|1|000111":6856,"2|1|000110":6135,"1|1|111000":21951,"1|0|000001":2596,"1|1|111001":18732,"1|0|011000":81331,"2|1|001110":13237,"2|1|110111":4937,"2|1|001111":13866,"2|1|110110":5570,"1|0|011001":85385,"1|1|100111":77264,"1|1|100110":80579,"1|0|000011":4064,"1|0|001100":29164,"1|0|000010":3397,"2|0|101001":13846,"2|0|101000":14545,"1|0|001101":33297,"2|1|110001":8498,"2|1|110000":9252,"2|1|011001":21940,"2|1|011000":20891,"1|1|010100":65123,"1|1|010101":68920,"1|1|101111":49886,"1|1|101110":53697,"2|0|101010":13210,"1|0|001111":42798,"1|1|001010":19346,"1|0|001110":38580,"1|1|001011":24579,"2|0|101011":12482,"2|1|000011":4020,"2|1|000010":3407,"1|1|010110":73230,"2|1|111101":1549,"2|1|110010":7953,"2|1|111100":2083,"2|1|110011":7399,"2|1|011010":22599,"2|1|011011":22236,"1|1|010111":77066,"1|1|101101":56184,"1|1|100011":91496,"1|1|101100":60264,"1|1|100010":95326,"1|0|110001":43837,"2|0|001011":10584,"2|0|001010":9710,"1|0|110000":47448,"2|0|111110":1023,"2|0|111111":824,"1|1|101010":66874,"2|1|010010":16410,"2|1|011100":21823,"2|1|011101":21286,"1|0|010001":52312,"1|0|010000":47548,"2|1|010011":17073,"1|1|101011":63509,"1|0|111101":7295,"2|0|100101":16375,"2|0|100100":17304,"1|0|110010":40604,"1|0|110011":37262,"1|0|111100":10212,"2|0|110010":8007,"2|0|111101":1511,"2|0|110011":7274,"2|0|111100":2051,"2|1|011111":20889,"1|0|010111":76789,"1|0|010110":73525,"2|1|011110":20615,"1|1|101001":70488,"1|1|101000":73644,"1|0|110100":34058,"1|0|110101":30964,"2|0|100111":14918,"2|0|100110":15737,"2|1|000101":5514,"2|0|001111":13867,"2|1|000100":4736,"2|0|001110":13105,"1|0|011110":100665,"2|0|111011":2660,"2|0|111010":3094,"2|1|010111":20585,"1|0|011111":103021,"2|1|010110":19372,"1|0|110111":24936,"2|0|100001":19573,"2|0|100000":19999,"2|0|001001":8691,"2|0|001000":7680,"1|0|000101":5495,"1|0|000100":4791,"1|0|110110":28075,"1|0|010010":56203,"2|0|111000":4451,"2|0|111001":3821,"1|0|011101":97676,"2|1|010001":15645,"1|0|010011":60255,"1|0|011100":94668,"2|1|010000":14723}}
