{"probability":{"Group 13":"0.09690524915536484","Group 12":"0.01945701380966497","Group 11":"0.056549246664667485","Group 10":"0.0002622574893579616","Group  6":"0.0011459006846765065","Group  5":"0.0","Group  4":"0.005392877702967902","Group  3":"0.00021886640915682356","Group  2":"0.0","Group  1":"0.0","Group  9":"0.0004090506599852534","Group  8":"0.006521613728916571","Group  7":"0.8131379236952418"},"groups":{"Group 13":["Botan 1.5.6 & 1.11.29 & 2.1.0","Feitian JavaCOS A22 & A40","Gemalto GCX4 72K","HSM SafeNet Luna SA-1700","LibTomCrypt 1.17","Libgcrypt 1.6.0 & 1.6.5 & 1.7.6","Libgcrypt 1.6.0 FIPS & 1.6.5 FIPS","Nettle 3.2 & 3.3","Oberthur Cosmo 64","OpenSSL FIPS 2.0.12 & 2.0.14","PGPSDK 4","WolfSSL 2.0rc1 & 3.9.0 & 3.10.2","cryptlib 3.4.3 & 3.4.3.1"],"Group 12":["Bouncy Castle 1.53 (Java)","Cryptix JCE 20050328","FlexiProvider 1.7p7","HSM Utimaco Security Server Se50","Nettle 2.0","PolarSSL 0.10.0","PuTTY 0.67","SunRsaSign OpenJDK 1.8.0","mbedTLS 1.3.19 & 2.2.1 & 2.4.2"],"Group 11":["Bouncy Castle 1.54 (Java)","Crypto++ 5.6.0 & 5.6.3 & 5.6.5","Libgcrypt 1.7.6 FIPS","Microsoft CryptoAPI & CNG & .NET"],"Group 10":["NXP J2D081 & J2E145G","YubiKey NEO"],"Group  6":["Oberthur Cosmo Dual 72K"],"Group  5":["NXP J2A080 & J2A081 & J3A081 & JCOP 41 V2.2.1"],"Group  4":["Gemalto GXP E64"],"Group  3":["GNU Crypto 2.0.1"],"Group  2":["G&D SmartCafe 4.x & 6.0"],"Group  1":["G&D SmartCafe 3.2"],"Group  9":["Infineon JTOP 80K","YubiKey 4 & 4 Nano"],"Group  8":["PGPSDK 4 FIPS"],"Group  7":["OpenSSL 0.9.7 & 1.0.2g & 1.0.2k & 1.1.0e"]},"frequencies":{"1|1|000110":933,"2|1|100011":4092,"2|1|101101":2517,"1|1|000111":1037,"2|1|101100":2692,"2|1|100010":4190,"2|0|000000":1157,"2|0|000001":613,"1|0|111010":8139,"1|0|111011":6726,"1|1|011010":43860,"1|1|011011":45923,"2|0|110100":1509,"2|0|110101":1436,"1|0|100001":51767,"1|0|100000":53749,"2|1|100000":4783,"1|1|000100":843,"2|1|100001":4475,"2|0|000011":774,"2|0|001101":2201,"2|0|001100":2061,"2|0|000010":685,"1|1|000101":904,"2|1|010101":3747,"2|0|011010":4467,"2|1|010100":3537,"2|0|011011":4687,"1|0|100010":49412,"1|0|101100":31215,"1|0|101101":29465,"1|0|100011":47616,"2|1|100110":3621,"1|1|110101":16338,"2|1|100111":3427,"2|0|000101":908,"2|0|000100":832,"1|0|111110":2196,"1|1|110100":17651,"1|0|111111":809,"1|0|100101":43649,"2|0|110001":1997,"2|0|110000":2039,"1|0|010101":33701,"1|0|010100":31154,"2|0|011001":4297,"2|0|011000":4278,"1|0|100100":45715,"2|1|100100":3930,"2|1|100101":3833,"2|0|000110":996,"2|0|000111":1038,"1|0|111000":11379,"1|0|111001":9902,"2|0|110111":1105,"2|0|110110":1302,"2|0|011111":4803,"2|0|011110":4777,"1|0|100111":40278,"1|0|100110":42561,"1|1|001001":5060,"1|0|001001":5081,"1|0|001000":2366,"1|1|001000":2406,"1|1|110001":22534,"1|1|110000":24670,"1|1|010000":22019,"2|0|011101":4684,"2|1|111111":149,"2|1|111110":232,"2|0|010010":3210,"2|0|011100":4575,"2|0|010011":3250,"1|1|010001":24630,"1|0|101010":34794,"1|0|101011":33112,"1|0|001010":7774,"1|1|001111":19639,"1|0|001011":9991,"1|1|001110":17319,"2|1|101011":2893,"2|1|101010":3027,"1|1|110111":13238,"1|1|110110":14623,"1|1|010010":26834,"1|1|010011":29054,"1|1|011100":48211,"2|0|010001":3021,"2|1|111001":812,"2|1|111000":990,"2|0|010000":2698,"1|1|011101":49955,"1|1|000011":792,"1|1|001100":12635,"1|1|001101":14979,"2|1|101001":3155,"1|1|000010":703,"2|1|101000":3377,"1|1|111110":2328,"1|1|111111":819,"2|1|111010":658,"1|1|011110":51464,"1|1|011111":53557,"2|0|010111":3987,"2|1|001000":1174,"2|1|001001":1451,"2|1|111011":595,"2|0|010110":3818,"1|0|101111":26236,"1|1|100101":43896,"1|1|100100":45854,"1|0|101110":28117,"1|1|000000":1236,"1|1|000001":639,"2|1|101111":2221,"2|1|101110":2395,"1|1|110010":21172,"1|1|111101":3731,"1|1|110011":19302,"1|1|111100":5159,"1|1|011000":39747,"1|1|011001":41826,"2|1|001010":1636,"2|0|010100":3547,"2|1|001011":1890,"2|0|010101":3676,"1|0|101001":36556,"1|0|101000":38438,"1|0|000110":955,"2|0|101101":2558,"2|0|100011":4135,"2|0|101100":2675,"2|0|100010":4331,"2|1|000001":653,"2|1|000000":1210,"1|1|111011":6792,"1|0|000111":1079,"1|1|111010":8387,"1|0|011011":45838,"2|1|110100":1559,"1|0|011010":44006,"2|1|001100":1977,"2|1|110101":1423,"2|1|001101":2168,"1|1|100001":51130,"1|1|100000":53578,"1|0|000000":1144,"2|0|101111":2312,"2|0|101110":2500,"2|1|000111":969,"2|1|000110":923,"1|1|111000":11444,"1|0|000001":632,"1|1|111001":9891,"1|0|011000":39877,"2|1|001110":2421,"2|1|110111":1122,"2|1|001111":2628,"2|1|110110":1232,"1|0|011001":42008,"1|1|100111":40233,"1|1|100110":41756,"1|0|000011":840,"1|0|001100":12442,"1|0|000010":726,"2|0|101001":3201,"2|0|101000":3453,"1|0|001101":14766,"2|1|110001":1924,"2|1|110000":2121,"2|1|011001":4420,"0|1|000000":1,"2|1|011000":4135,"1|1|010100":31396,"1|1|010101":33153,"1|1|101111":25945,"1|1|101110":27848,"2|0|101010":3087,"1|0|001111":19765,"1|1|001010":7599,"1|0|001110":17341,"1|1|001011":10040,"2|0|101011":2834,"2|1|000011":758,"2|1|000010":653,"1|1|010110":35810,"2|1|111101":324,"2|1|110010":1768,"2|1|111100":412,"2|1|110011":1670,"2|1|011010":4577,"2|1|011011":4713,"1|1|010111":37902,"1|1|101101":29494,"1|1|100011":47566,"1|1|101100":31420,"1|1|100010":49482,"1|0|110001":22839,"2|0|001011":1863,"2|0|001010":1672,"1|0|110000":24573,"2|0|111110":208,"2|0|111111":146,"1|1|101010":34959,"2|1|010010":3265,"2|1|011100":4639,"2|1|011101":4602,"1|0|010001":24579,"1|0|010000":22135,"2|1|010011":3357,"1|1|101011":32757,"1|0|111101":3713,"2|0|100101":3709,"2|0|100100":4029,"1|0|110010":21240,"1|0|110011":19115,"1|0|111100":5284,"2|0|110010":1877,"2|0|111101":340,"2|0|110011":1694,"2|0|111100":474,"2|1|011111":4829,"1|0|010111":37937,"1|0|010110":35827,"2|1|011110":4650,"1|1|101001":36636,"1|1|101000":38006,"1|0|110100":17593,"1|0|110101":16312,"2|0|100111":3467,"2|0|100110":3660,"2|1|000101":930,"2|0|001111":2535,"2|1|000100":817,"2|0|001110":2482,"1|0|011110":52028,"2|0|111011":582,"2|0|111010":720,"2|1|010111":4173,"1|0|011111":53689,"2|1|010110":3910,"1|0|110111":12892,"2|0|100001":4599,"2|0|100000":4698,"2|0|001001":1409,"2|0|001000":1159,"1|0|000101":924,"1|0|000100":871,"1|0|110110":14634,"1|0|010010":26643,"2|0|111000":971,"2|0|111001":849,"1|0|011101":49850,"2|1|010001":3061,"1|0|010011":28995,"1|0|011100":48172,"2|1|010000":2755}}
