{"probability":{"Group 13":"0.005503917087489166","Group 12":"0.028923907041815793","Group 11":"0.3006879918417355","Group 10":"0.0001783674256232836","Group  6":"0.000009583101831638241","Group  5":"0.000012782911654740216","Group  4":"0.0013582696454913516","Group  3":"0.0000813150021589892","Group  2":"0.0","Group  1":"0.0","Group  9":"0.0","Group  8":"0.002784652583767952","Group  7":"0.6604592133584317"},"groups":{"Group 13":["Botan 1.5.6 & 1.11.29 & 2.1.0","Feitian JavaCOS A22 & A40","Gemalto GCX4 72K","HSM SafeNet Luna SA-1700","LibTomCrypt 1.17","Libgcrypt 1.6.0 & 1.6.5 & 1.7.6","Libgcrypt 1.6.0 FIPS & 1.6.5 FIPS","Nettle 3.2 & 3.3","Oberthur Cosmo 64","OpenSSL FIPS 2.0.12 & 2.0.14","PGPSDK 4","WolfSSL 2.0rc1 & 3.9.0 & 3.10.2","cryptlib 3.4.3 & 3.4.3.1"],"Group 12":["Bouncy Castle 1.53 (Java)","Cryptix JCE 20050328","FlexiProvider 1.7p7","HSM Utimaco Security Server Se50","Nettle 2.0","PolarSSL 0.10.0","PuTTY 0.67","SunRsaSign OpenJDK 1.8.0","mbedTLS 1.3.19 & 2.2.1 & 2.4.2"],"Group 11":["Bouncy Castle 1.54 (Java)","Crypto++ 5.6.0 & 5.6.3 & 5.6.5","Libgcrypt 1.7.6 FIPS","Microsoft CryptoAPI & CNG & .NET"],"Group 10":["NXP J2D081 & J2E145G","YubiKey NEO"],"Group  6":["Oberthur Cosmo Dual 72K"],"Group  5":["NXP J2A080 & J2A081 & J3A081 & JCOP 41 V2.2.1"],"Group  4":["Gemalto GXP E64"],"Group  3":["GNU Crypto 2.0.1"],"Group  2":["G&D SmartCafe 4.x & 6.0"],"Group  1":["G&D SmartCafe 3.2"],"Group  9":["Infineon JTOP 80K","YubiKey 4 & 4 Nano"],"Group  8":["PGPSDK 4 FIPS"],"Group  7":["OpenSSL 0.9.7 & 1.0.2g & 1.0.2k & 1.1.0e"]},"frequencies":{"1|1|000110":5180,"2|1|100011":11337,"2|1|101101":7042,"1|1|000111":5808,"2|1|101100":7546,"2|1|100010":11879,"2|0|000000":1768,"2|0|000001":2406,"1|0|111010":12765,"1|0|111011":10397,"1|1|011010":71586,"1|1|011011":74621,"2|0|110100":4174,"2|0|110101":3795,"1|0|100001":79672,"1|0|100000":82899,"2|1|100000":12931,"1|1|000100":3968,"2|1|100001":12410,"2|0|000011":3576,"2|0|001101":8895,"2|0|001100":8599,"2|0|000010":2951,"1|1|000101":4615,"2|1|010101":13227,"2|0|011010":15525,"2|1|010100":12549,"2|0|011011":15094,"1|0|100010":76298,"1|0|101100":48459,"1|0|101101":45490,"1|0|100011":74285,"2|1|100110":9936,"1|1|110101":25279,"2|1|100111":9763,"2|0|000101":4651,"2|0|000100":4152,"1|0|111110":3544,"1|1|110100":27511,"1|0|111111":1346,"1|0|100101":67937,"2|0|110001":5406,"2|0|110000":5902,"1|0|010101":55938,"1|0|010100":52159,"2|0|011001":14877,"2|0|011000":14418,"1|0|100100":71195,"2|1|100100":10991,"2|1|100101":10602,"0|0|011100":1,"2|0|000110":5160,"2|0|000111":5767,"1|0|111000":17360,"1|0|111001":15287,"2|0|110111":3116,"2|0|110110":3535,"2|0|011111":13294,"2|0|011110":13775,"1|0|100111":62183,"1|0|100110":64838,"1|1|001001":12075,"1|0|001001":12170,"1|0|001000":7811,"1|1|001000":8182,"1|1|110001":35326,"1|1|110000":38209,"1|1|010000":38288,"2|0|011101":14111,"2|1|111111":462,"2|1|111110":585,"2|0|010010":11576,"2|0|011100":14688,"2|0|010011":12258,"1|1|010001":41771,"1|0|101010":53821,"1|0|101011":51051,"1|0|001010":15720,"1|1|001111":34747,"1|0|001011":19844,"1|1|001110":31154,"2|1|101011":7886,"2|1|101010":8225,"1|1|110111":20110,"1|1|110110":22762,"1|1|010010":45615,"1|1|010011":48629,"1|1|011100":76364,"2|0|010001":11107,"2|1|111001":2341,"2|1|111000":2723,"2|0|010000":10610,"1|1|011101":79128,"1|1|000011":3487,"1|1|001100":23350,"1|1|001101":27311,"2|1|101001":8743,"1|1|000010":2904,"2|1|101000":9311,"1|1|111110":3526,"1|1|111111":1488,"2|1|111010":1963,"1|1|011110":81172,"1|1|011111":83131,"2|0|010111":14071,"2|1|001000":6200,"2|1|001001":7024,"2|1|111011":1729,"2|0|010110":13781,"1|0|101111":40260,"1|1|100101":68062,"1|1|100100":71170,"1|0|101110":43027,"1|1|000000":1733,"1|1|000001":2543,"2|1|101111":6321,"2|1|101110":6705,"1|1|110010":32756,"1|1|111101":5809,"1|1|110011":30213,"1|1|111100":8157,"1|1|011000":65843,"1|1|011001":69258,"2|1|001010":7461,"2|0|010100":12631,"2|1|001011":8185,"2|0|010101":13097,"1|0|101001":56499,"1|0|101000":59661,"1|0|000110":5164,"2|0|101101":7145,"2|0|100011":11443,"2|0|101100":7469,"2|0|100010":11796,"2|1|000001":2347,"2|1|000000":1852,"1|1|111011":10519,"1|0|000111":5752,"1|1|111010":12692,"1|0|011011":74250,"2|1|110100":4090,"1|0|011010":72040,"2|1|001100":8523,"2|1|110101":3895,"2|1|001101":9105,"1|1|100001":79802,"1|1|100000":83479,"1|0|000000":1766,"2|0|101111":6297,"2|0|101110":6678,"2|1|000111":5639,"2|1|000110":5242,"1|1|111000":17707,"1|0|000001":2295,"1|1|111001":15063,"1|0|011000":65666,"2|1|001110":9504,"2|1|110111":3008,"2|1|001111":10132,"2|1|110110":3492,"1|0|011001":69219,"1|1|100111":61857,"1|1|100110":65050,"1|0|000011":3684,"1|0|001100":23411,"1|0|000010":2917,"2|0|101001":8698,"2|0|101000":9132,"1|0|001101":27278,"2|1|110001":5302,"2|1|110000":5871,"2|1|011001":14959,"2|1|011000":14544,"1|1|010100":52838,"1|1|010101":55468,"1|1|101111":40835,"1|1|101110":42990,"2|0|101010":8508,"1|0|001111":35051,"1|1|001010":15882,"1|0|001110":31214,"1|1|001011":19673,"2|0|101011":7985,"2|1|000011":3534,"2|1|000010":3003,"1|1|010110":59102,"2|1|111101":898,"0|1|101010":1,"2|1|110010":5163,"2|1|111100":1197,"2|1|110011":4566,"2|1|011010":15311,"2|1|011011":15066,"1|1|010111":62013,"1|1|101101":45597,"1|1|100011":73772,"1|1|101100":48688,"1|1|100010":76576,"1|0|110001":34767,"2|0|001011":8135,"2|0|001010":7436,"1|0|110000":37764,"2|0|111110":585,"2|0|111111":478,"1|1|101010":54249,"2|1|010010":11491,"2|1|011100":14531,"2|1|011101":14094,"1|0|010001":41803,"1|0|010000":38265,"2|1|010011":12094,"1|1|101011":51118,"1|0|111101":5750,"2|0|100101":10411,"2|0|100100":10929,"1|0|110010":32474,"1|0|110011":30474,"1|0|111100":8105,"2|0|110010":5045,"2|0|111101":921,"2|0|110011":4575,"2|0|111100":1265,"2|1|011111":13139,"1|0|010111":62491,"1|0|010110":59271,"2|1|011110":13458,"1|1|101001":57232,"1|1|101000":59726,"1|0|110100":27580,"1|0|110101":25103,"2|0|100111":9416,"2|0|100110":10182,"2|1|000101":4668,"2|0|001111":10156,"2|1|000100":4100,"2|0|001110":9695,"1|0|011110":81195,"2|0|111011":1634,"2|0|111010":1871,"2|1|010111":14176,"1|0|011111":83609,"2|1|010110":13597,"1|0|110111":19901,"2|0|100001":12216,"2|0|100000":13023,"2|0|001001":7015,"2|0|001000":6422,"1|0|000101":4695,"1|0|000100":4114,"1|0|110110":22546,"1|0|010010":45794,"2|0|111000":2752,"2|0|111001":2361,"1|0|011101":79074,"2|1|010001":11210,"1|0|010011":48920,"1|0|011100":76685,"2|1|010000":10705}}
