{"probability":{"Group 13":"0.04053435102191034","Group 12":"0.04679849620879956","Group 11":"0.18650606436905684","Group 10":"0.0","Group  6":"0.00039707147789134583","Group  5":"0.0","Group  4":"0.003408698643009303","Group  3":"0.000025701168629853845","Group  2":"0.0000474309868114526","Group  1":"0.0","Group  9":"0.00014619982751069445","Group  8":"0.012812409687127263","Group  7":"0.7093235766092533"},"groups":{"Group 13":["Botan 1.5.6 & 1.11.29 & 2.1.0","Feitian JavaCOS A22 & A40","Gemalto GCX4 72K","HSM SafeNet Luna SA-1700","LibTomCrypt 1.17","Libgcrypt 1.6.0 & 1.6.5 & 1.7.6","Libgcrypt 1.6.0 FIPS & 1.6.5 FIPS","Nettle 3.2 & 3.3","Oberthur Cosmo 64","OpenSSL FIPS 2.0.12 & 2.0.14","PGPSDK 4","WolfSSL 2.0rc1 & 3.9.0 & 3.10.2","cryptlib 3.4.3 & 3.4.3.1"],"Group 12":["Bouncy Castle 1.53 (Java)","Cryptix JCE 20050328","FlexiProvider 1.7p7","HSM Utimaco Security Server Se50","Nettle 2.0","PolarSSL 0.10.0","PuTTY 0.67","SunRsaSign OpenJDK 1.8.0","mbedTLS 1.3.19 & 2.2.1 & 2.4.2"],"Group 11":["Bouncy Castle 1.54 (Java)","Crypto++ 5.6.0 & 5.6.3 & 5.6.5","Libgcrypt 1.7.6 FIPS","Microsoft CryptoAPI & CNG & .NET"],"Group 10":["NXP J2D081 & J2E145G","YubiKey NEO"],"Group  6":["Oberthur Cosmo Dual 72K"],"Group  5":["NXP J2A080 & J2A081 & J3A081 & JCOP 41 V2.2.1"],"Group  4":["Gemalto GXP E64"],"Group  3":["GNU Crypto 2.0.1"],"Group  2":["G&D SmartCafe 4.x & 6.0"],"Group  1":["G&D SmartCafe 3.2"],"Group  9":["Infineon JTOP 80K","YubiKey 4 & 4 Nano"],"Group  8":["PGPSDK 4 FIPS"],"Group  7":["OpenSSL 0.9.7 & 1.0.2g & 1.0.2k & 1.1.0e"]},"frequencies":{"1|1|000110":9491,"2|1|100011":18386,"2|1|101101":11587,"1|1|000111":10142,"2|1|101100":12327,"2|1|100010":19553,"2|0|000000":5873,"2|0|000001":6285,"1|0|111010":25651,"1|0|111011":21130,"1|1|011010":140258,"1|1|011011":146326,"2|0|110100":7013,"2|0|110101":6535,"1|0|100001":160229,"1|0|100000":165879,"2|1|100000":20823,"1|1|000100":8045,"2|1|100001":20287,"2|0|000011":7500,"2|0|001101":14549,"2|0|001100":14111,"2|0|000010":6778,"1|1|000101":8632,"2|1|010101":20560,"2|0|011010":23877,"2|1|010100":19912,"2|0|011011":23785,"1|0|100010":153259,"1|0|101100":96942,"1|0|101101":90974,"1|0|100011":147486,"2|1|100110":16446,"1|1|110101":50544,"2|1|100111":15808,"2|0|000101":8679,"2|0|000100":8004,"1|0|111110":7114,"1|1|110100":55067,"1|0|111111":2718,"1|0|100101":135232,"2|0|110001":9090,"2|0|110000":9521,"1|0|010101":108065,"1|0|010100":101659,"2|0|011001":23184,"2|0|011000":22821,"1|0|100100":141483,"2|1|100100":17985,"2|1|100101":17459,"2|0|000110":9192,"2|0|000111":9941,"1|0|111000":35131,"1|0|111001":30712,"2|0|110111":5314,"2|0|110110":5917,"2|0|011111":21609,"2|0|011110":21936,"1|0|100111":123838,"1|0|100110":130057,"1|1|001001":22154,"1|0|001001":22146,"1|0|001000":14186,"1|1|001000":14295,"1|1|110001":70063,"1|1|110000":75662,"1|1|010000":74494,"2|0|011101":22372,"2|1|111111":810,"2|1|111110":1107,"2|0|010010":18316,"2|0|011100":22925,"2|0|010011":19214,"1|1|010001":81320,"1|0|101010":107195,"1|0|101011":102193,"1|0|001010":30193,"1|1|001111":67168,"1|0|001011":37457,"1|1|001110":59946,"2|1|101011":13230,"2|1|101010":13666,"1|1|110111":40220,"1|1|110110":45045,"1|1|010010":87834,"1|1|010011":94831,"1|1|011100":150882,"2|0|010001":17798,"2|1|111001":3898,"2|1|111000":4653,"2|0|010000":17110,"1|1|011101":156501,"1|1|000011":7327,"1|1|001100":45074,"1|1|001101":52110,"2|1|101001":14369,"1|1|000010":6781,"2|1|101000":15074,"1|1|111110":7206,"1|1|111111":2811,"2|1|111010":3555,"1|1|011110":161378,"1|1|011111":165789,"2|0|010111":22078,"2|1|001000":10626,"2|1|001001":11642,"2|1|111011":2897,"2|0|010110":21519,"1|0|101111":80625,"1|1|100101":135722,"1|1|100100":141921,"1|0|101110":86334,"1|1|000000":5780,"1|1|000001":6170,"2|1|101111":10156,"2|1|101110":11040,"1|1|110010":65098,"1|1|111101":11820,"1|1|110011":60347,"1|1|111100":16563,"1|1|011000":128653,"1|1|011001":134766,"2|1|001010":12346,"2|0|010100":19849,"2|1|001011":13221,"2|0|010101":20663,"1|0|101001":113308,"1|0|101000":119187,"1|0|000110":9292,"2|0|101101":11718,"2|0|100011":18665,"2|0|101100":12459,"2|0|100010":19432,"2|1|000001":6337,"2|1|000000":5940,"1|1|111011":21037,"1|0|000111":10003,"1|1|111010":25838,"1|0|011011":145584,"2|1|110100":7069,"1|0|011010":141054,"2|1|001100":13979,"2|1|110101":6582,"2|1|001101":14587,"1|1|100001":159241,"1|1|100000":165714,"1|0|000000":5824,"2|0|101111":10376,"2|0|101110":10832,"2|1|000111":9912,"2|1|000110":9445,"1|1|111000":35658,"1|0|000001":6175,"1|1|111001":30635,"1|0|011000":128751,"2|1|001110":15503,"2|1|110111":5239,"2|1|001111":16360,"2|1|110110":5927,"1|0|011001":134511,"1|1|100111":123505,"1|1|100110":129535,"1|0|000011":7470,"1|0|001100":45048,"1|0|000010":6746,"2|0|101001":14336,"2|0|101000":15073,"1|0|001101":52052,"2|1|110001":8980,"2|1|110000":9611,"2|1|011001":23191,"2|1|011000":22789,"1|1|010100":101583,"1|1|010101":107936,"1|1|101111":80910,"1|1|101110":85773,"2|0|101010":13577,"1|0|001111":66821,"1|1|001010":29756,"1|0|001110":59592,"1|1|001011":37238,"2|0|101011":13018,"2|1|000011":7445,"2|1|000010":6702,"1|1|010110":114907,"2|1|111101":1658,"0|1|101010":1,"2|1|110010":8338,"2|1|111100":2197,"2|1|110011":7607,"2|1|011010":23781,"2|1|011011":23481,"1|1|010111":121817,"1|1|101101":90378,"1|1|100011":148043,"1|1|101100":96573,"1|1|100010":153306,"1|0|110001":70635,"2|0|001011":13239,"2|0|001010":12364,"1|0|110000":75463,"2|0|111110":1135,"2|0|111111":824,"1|1|101010":108146,"2|1|010010":18442,"2|1|011100":22960,"2|1|011101":22554,"1|0|010001":80958,"1|0|010000":73794,"2|1|010011":19075,"1|1|101011":101820,"1|0|111101":11852,"2|0|100101":17020,"2|0|100100":17791,"1|0|110010":65163,"1|0|110011":60164,"1|0|111100":16495,"2|0|110010":8342,"2|0|111101":1675,"2|0|110011":7770,"2|0|111100":2249,"2|1|011111":21602,"1|0|010111":121383,"1|0|010110":114802,"2|1|011110":22008,"1|1|101001":112972,"1|1|101000":118855,"1|0|110100":55083,"1|0|110101":50259,"2|0|100111":15924,"2|0|100110":16528,"2|1|000101":8717,"2|0|001111":16238,"2|1|000100":8076,"2|0|001110":15398,"1|0|011110":161629,"2|0|111011":2780,"2|0|111010":3375,"2|1|010111":22075,"1|0|011111":166406,"2|1|010110":21398,"1|0|110111":40211,"2|0|100001":20525,"2|0|100000":21241,"2|0|001001":11477,"2|0|001000":10846,"1|0|000101":8704,"1|0|000100":8070,"1|0|110110":45294,"1|0|010010":88166,"2|0|111000":4675,"2|0|111001":4004,"1|0|011101":156307,"2|1|010001":17800,"1|0|010011":95023,"1|0|011100":150270,"2|1|010000":17269}}
