{"probability":{"Group 13":"0.0386228165841832","Group 12":"0.037450340531087395","Group 11":"0.21267261239177626","Group 10":"0.00031852144452759984","Group  6":"0.00037430714260069584","Group  5":"0.0","Group  4":"0.0025191431937303544","Group  3":"0.0","Group  2":"0.0","Group  1":"0.0","Group  9":"0.0001512665202692986","Group  8":"0.011414663395144166","Group  7":"0.6964763287966811"},"groups":{"Group 13":["Botan 1.5.6 & 1.11.29 & 2.1.0","Feitian JavaCOS A22 & A40","Gemalto GCX4 72K","HSM SafeNet Luna SA-1700","LibTomCrypt 1.17","Libgcrypt 1.6.0 & 1.6.5 & 1.7.6","Libgcrypt 1.6.0 FIPS & 1.6.5 FIPS","Nettle 3.2 & 3.3","Oberthur Cosmo 64","OpenSSL FIPS 2.0.12 & 2.0.14","PGPSDK 4","WolfSSL 2.0rc1 & 3.9.0 & 3.10.2","cryptlib 3.4.3 & 3.4.3.1"],"Group 12":["Bouncy Castle 1.53 (Java)","Cryptix JCE 20050328","FlexiProvider 1.7p7","HSM Utimaco Security Server Se50","Nettle 2.0","PolarSSL 0.10.0","PuTTY 0.67","SunRsaSign OpenJDK 1.8.0","mbedTLS 1.3.19 & 2.2.1 & 2.4.2"],"Group 11":["Bouncy Castle 1.54 (Java)","Crypto++ 5.6.0 & 5.6.3 & 5.6.5","Libgcrypt 1.7.6 FIPS","Microsoft CryptoAPI & CNG & .NET"],"Group 10":["NXP J2D081 & J2E145G","YubiKey NEO"],"Group  6":["Oberthur Cosmo Dual 72K"],"Group  5":["NXP J2A080 & J2A081 & J3A081 & JCOP 41 V2.2.1"],"Group  4":["Gemalto GXP E64"],"Group  3":["GNU Crypto 2.0.1"],"Group  2":["G&D SmartCafe 4.x & 6.0"],"Group  1":["G&D SmartCafe 3.2"],"Group  9":["Infineon JTOP 80K","YubiKey 4 & 4 Nano"],"Group  8":["PGPSDK 4 FIPS"],"Group  7":["OpenSSL 0.9.7 & 1.0.2g & 1.0.2k & 1.1.0e"]},"frequencies":{"1|1|000110":8343,"2|1|100011":18069,"2|1|101101":11357,"1|1|000111":9067,"2|1|101100":12024,"2|1|100010":19259,"2|0|000000":4411,"2|0|000001":4929,"1|0|111010":23426,"1|0|111011":19232,"1|1|011010":128731,"1|1|011011":133982,"0|1|100111":1,"2|0|110100":6790,"2|0|110101":6294,"1|0|100001":146034,"1|0|100000":151412,"2|1|100000":20713,"1|1|000100":6881,"2|1|100001":19891,"2|0|000011":6221,"2|0|001101":13910,"2|0|001100":13349,"2|0|000010":5673,"1|1|000101":7607,"2|1|010101":19962,"2|0|011010":23523,"2|1|010100":19371,"2|0|011011":23338,"1|0|100010":139513,"1|0|101100":88148,"1|0|101101":83580,"1|0|100011":134975,"2|1|100110":16055,"1|1|110101":46160,"2|1|100111":15549,"2|0|000101":7645,"2|0|000100":6995,"1|0|111110":6577,"1|1|110100":50577,"1|0|111111":2491,"1|0|100101":123604,"2|0|110001":8706,"2|0|110000":9310,"1|0|010101":99283,"1|0|010100":93398,"2|0|011001":22668,"2|0|011000":22054,"1|0|100100":129543,"2|1|100100":17503,"2|1|100101":16769,"2|0|000110":8392,"2|0|000111":9107,"1|0|111000":32121,"1|0|111001":27941,"2|0|110111":5152,"2|0|110110":5626,"2|0|011111":21091,"2|0|011110":21551,"1|0|100111":113613,"1|0|100110":118553,"1|1|001001":20334,"1|0|001001":20120,"1|0|001000":12740,"1|1|001000":13144,"1|1|110001":63932,"1|1|110000":69305,"1|1|010000":68036,"2|0|011101":21900,"2|1|111111":732,"2|1|111110":1042,"2|0|010010":17686,"2|0|011100":22356,"2|0|010011":18648,"1|1|010001":74737,"1|0|101010":97896,"1|0|101011":93348,"1|0|001010":27243,"1|1|001111":61396,"1|0|001011":34613,"1|1|001110":54844,"2|1|101011":12698,"2|1|101010":13261,"1|1|110111":36538,"1|1|110110":41417,"1|1|010010":80949,"1|1|010011":87064,"1|1|011100":137631,"2|0|010001":16918,"2|1|111001":3799,"2|1|111000":4501,"2|0|010000":16232,"1|1|011101":142837,"1|1|000011":6219,"1|1|001100":41009,"1|1|001101":47692,"2|1|101001":14022,"1|1|000010":5598,"2|1|101000":14890,"1|1|111110":6492,"1|1|111111":2594,"2|1|111010":3255,"1|1|011110":146898,"1|1|011111":151635,"2|0|010111":21370,"2|1|001000":9638,"2|1|001001":10854,"2|1|111011":2869,"2|0|010110":20878,"1|0|101111":73722,"1|1|100101":123932,"1|1|100100":129560,"1|0|101110":78699,"1|1|000000":4389,"1|1|000001":5088,"2|1|101111":9992,"2|1|101110":10943,"1|1|110010":59772,"1|1|111101":10833,"1|1|110011":55167,"1|1|111100":15091,"1|1|011000":117699,"1|1|011001":123567,"2|1|001010":11604,"2|0|010100":19046,"2|1|001011":12497,"2|0|010101":19872,"1|0|101001":103070,"1|0|101000":108750,"1|0|000110":8228,"2|0|101101":11431,"2|0|100011":18312,"2|0|101100":11940,"2|0|100010":18905,"2|1|000001":5027,"2|1|000000":4655,"1|1|111011":19171,"1|0|000111":9009,"1|1|111010":23679,"1|0|011011":133698,"2|1|110100":6718,"1|0|011010":129509,"2|1|001100":13295,"2|1|110101":6323,"2|1|001101":14034,"1|1|100001":145279,"1|1|100000":151556,"1|0|000000":4420,"2|0|101111":10181,"2|0|101110":10594,"2|1|000111":9005,"2|1|000110":8442,"1|1|111000":32578,"1|0|000001":5000,"1|1|111001":27729,"1|0|011000":117423,"2|1|001110":14572,"2|1|110111":5113,"2|1|001111":15622,"2|1|110110":5738,"1|0|011001":123511,"1|1|100111":112668,"1|1|100110":118043,"1|0|000011":6396,"1|0|001100":41444,"1|0|000010":5608,"2|0|101001":13759,"2|0|101000":14609,"1|0|001101":47639,"2|1|110001":8718,"2|1|110000":9436,"2|1|011001":22718,"0|1|000000":1,"2|1|011000":22217,"1|1|010100":93573,"1|1|010101":99013,"1|1|101111":73775,"1|1|101110":78312,"2|0|101010":13400,"1|0|001111":61807,"1|1|001010":27181,"1|0|001110":54853,"1|1|001011":34339,"2|0|101011":12761,"2|1|000011":6294,"2|1|000010":5654,"1|1|010110":105522,"2|1|111101":1586,"0|1|101010":1,"2|1|110010":8260,"2|1|111100":2093,"2|1|110011":7423,"2|1|011010":23360,"2|1|011011":22945,"1|1|010111":111595,"1|1|101101":83379,"1|1|100011":135051,"1|1|101100":88771,"1|1|100010":139741,"1|0|110001":64183,"2|0|001011":12447,"2|0|001010":11442,"1|0|110000":69269,"2|0|111110":1062,"2|0|111111":803,"1|1|101010":98459,"2|1|010010":17816,"2|1|011100":22591,"2|1|011101":22205,"1|0|010001":74463,"1|0|010000":67921,"2|1|010011":18515,"1|1|101011":93116,"1|0|111101":10913,"2|0|100101":16695,"2|0|100100":17339,"1|0|110010":59511,"1|0|110011":54704,"1|0|111100":15023,"2|0|110010":8116,"2|0|111101":1603,"2|0|110011":7474,"2|0|111100":2143,"2|1|011111":20964,"1|0|010111":111383,"1|0|010110":105496,"2|1|011110":21296,"1|1|101001":103903,"1|1|101000":108479,"1|0|110100":50343,"1|0|110101":46148,"2|0|100111":15418,"2|0|100110":16141,"2|1|000101":7628,"2|0|001111":15329,"2|1|000100":7170,"2|0|001110":14752,"1|0|011110":147782,"2|0|111011":2745,"2|0|111010":3207,"2|1|010111":21423,"1|0|011111":152645,"2|1|010110":20863,"1|0|110111":36797,"2|0|100001":19876,"2|0|100000":20883,"2|0|001001":10749,"2|0|001000":9828,"1|0|000101":7731,"1|0|000100":7031,"1|0|110110":41176,"1|0|010010":81386,"2|0|111000":4530,"2|0|111001":3876,"1|0|011101":142767,"2|1|010001":17152,"1|0|010011":87438,"1|0|011100":138096,"2|1|010000":16287}}
