{"probability":{"Group 13":"0.048078933920338594","Group 12":"0.02640658215529063","Group 11":"0.0827453608828938","Group 10":"0.0","Group  6":"0.000508116612928601","Group  5":"0.0","Group  4":"0.0014958507193666593","Group  3":"0.0","Group  2":"0.0","Group  1":"0.0","Group  9":"0.0010679657924804293","Group  8":"0.0","Group  7":"0.8396971899167014"},"groups":{"Group 13":["Botan 1.5.6 & 1.11.29 & 2.1.0","Feitian JavaCOS A22 & A40","Gemalto GCX4 72K","HSM SafeNet Luna SA-1700","LibTomCrypt 1.17","Libgcrypt 1.6.0 & 1.6.5 & 1.7.6","Libgcrypt 1.6.0 FIPS & 1.6.5 FIPS","Nettle 3.2 & 3.3","Oberthur Cosmo 64","OpenSSL FIPS 2.0.12 & 2.0.14","PGPSDK 4","WolfSSL 2.0rc1 & 3.9.0 & 3.10.2","cryptlib 3.4.3 & 3.4.3.1"],"Group 12":["Bouncy Castle 1.53 (Java)","Cryptix JCE 20050328","FlexiProvider 1.7p7","HSM Utimaco Security Server Se50","Nettle 2.0","PolarSSL 0.10.0","PuTTY 0.67","SunRsaSign OpenJDK 1.8.0","mbedTLS 1.3.19 & 2.2.1 & 2.4.2"],"Group 11":["Bouncy Castle 1.54 (Java)","Crypto++ 5.6.0 & 5.6.3 & 5.6.5","Libgcrypt 1.7.6 FIPS","Microsoft CryptoAPI & CNG & .NET"],"Group 10":["NXP J2D081 & J2E145G","YubiKey NEO"],"Group  6":["Oberthur Cosmo Dual 72K"],"Group  5":["NXP J2A080 & J2A081 & J3A081 & JCOP 41 V2.2.1"],"Group  4":["Gemalto GXP E64"],"Group  3":["GNU Crypto 2.0.1"],"Group  2":["G&D SmartCafe 4.x & 6.0"],"Group  1":["G&D SmartCafe 3.2"],"Group  9":["Infineon JTOP 80K","YubiKey 4 & 4 Nano"],"Group  8":["PGPSDK 4 FIPS"],"Group  7":["OpenSSL 0.9.7 & 1.0.2g & 1.0.2k & 1.1.0e"]},"frequencies":{"1|1|000110":206,"2|1|100011":455,"2|1|101101":303,"1|1|000111":179,"2|1|101100":290,"2|1|100010":491,"2|0|000000":141,"2|0|000001":133,"1|0|111010":1213,"1|0|111011":1053,"1|1|011010":6612,"1|1|011011":6867,"2|0|110100":163,"2|0|110101":153,"1|0|100001":7568,"1|0|100000":7984,"2|1|100000":528,"1|1|000100":146,"2|1|100001":512,"2|0|000011":153,"2|0|001101":335,"2|0|001100":342,"2|0|000010":178,"1|1|000101":154,"2|1|010101":487,"2|0|011010":561,"2|1|010100":457,"2|0|011011":641,"1|0|100010":7654,"1|0|101100":4644,"1|0|101101":4467,"1|0|100011":7171,"2|1|100110":454,"1|1|110101":2431,"2|1|100111":391,"2|0|000101":168,"2|0|000100":182,"1|0|111110":357,"1|1|110100":2684,"1|0|111111":103,"1|0|100101":6698,"2|0|110001":223,"2|0|110000":220,"1|0|010101":4984,"1|0|010100":4739,"2|0|011001":582,"2|0|011000":536,"1|0|100100":6773,"2|1|100100":420,"2|1|100101":468,"2|0|000110":197,"2|0|000111":201,"1|0|111000":1717,"1|0|111001":1398,"2|0|110111":125,"2|0|110110":144,"2|0|011111":564,"2|0|011110":534,"1|0|100111":5900,"1|0|100110":6357,"1|1|001001":787,"1|0|001001":722,"1|0|001000":395,"1|1|001000":406,"1|1|110001":3457,"1|1|110000":3702,"1|1|010000":3349,"2|0|011101":563,"2|1|111111":10,"2|1|111110":19,"2|0|010010":421,"2|0|011100":609,"2|0|010011":455,"1|1|010001":3729,"1|0|101010":5313,"1|0|101011":4981,"1|0|001010":1163,"1|1|001111":2967,"1|0|001011":1567,"1|1|001110":2596,"2|1|101011":329,"2|1|101010":351,"1|1|110111":2019,"1|1|110110":2120,"1|1|010010":4079,"1|1|010011":4358,"1|1|011100":7050,"2|0|010001":423,"2|1|111001":103,"2|1|111000":101,"2|0|010000":401,"1|1|011101":7441,"1|1|000011":140,"1|1|001100":1908,"1|1|001101":2275,"2|1|101001":347,"1|1|000010":147,"2|1|101000":392,"1|1|111110":345,"1|1|111111":121,"2|1|111010":61,"1|1|011110":7882,"1|1|011111":7927,"2|0|010111":511,"2|1|001000":211,"2|1|001001":248,"2|1|111011":70,"2|0|010110":514,"1|0|101111":3878,"1|1|100101":6654,"1|1|100100":6967,"1|0|101110":4160,"1|1|000000":111,"1|1|000001":143,"2|1|101111":245,"2|1|101110":310,"1|1|110010":3242,"1|1|111101":584,"1|1|110011":3001,"1|1|111100":761,"1|1|011000":6096,"1|1|011001":6324,"2|1|001010":265,"2|0|010100":499,"2|1|001011":312,"2|0|010101":474,"1|0|101001":5477,"1|0|101000":5726,"1|0|000110":177,"2|0|101101":299,"2|0|100011":503,"2|0|101100":301,"2|0|100010":527,"2|1|000001":124,"2|1|000000":128,"1|1|111011":973,"1|0|000111":190,"1|1|111010":1272,"1|0|011011":7057,"2|1|110100":164,"1|0|011010":6570,"2|1|001100":313,"2|1|110101":153,"2|1|001101":373,"1|1|100001":7794,"1|1|100000":8016,"1|0|000000":125,"2|0|101111":282,"2|0|101110":260,"2|1|000111":206,"2|1|000110":208,"1|1|111000":1645,"1|0|000001":109,"1|1|111001":1498,"1|0|011000":6063,"2|1|001110":365,"2|1|110111":124,"2|1|001111":393,"2|1|110110":147,"1|0|011001":6222,"1|1|100111":5939,"1|1|100110":6265,"1|0|000011":152,"1|0|001100":1961,"1|0|000010":120,"2|0|101001":358,"2|0|101000":379,"1|0|001101":2256,"2|1|110001":204,"2|1|110000":249,"2|1|011001":567,"2|1|011000":536,"1|1|010100":4738,"1|1|010101":4873,"1|1|101111":3834,"1|1|101110":4154,"2|0|101010":363,"1|0|001111":2997,"1|1|001010":1211,"1|0|001110":2759,"1|1|001011":1557,"2|0|101011":351,"2|1|000011":156,"2|1|000010":159,"1|1|010110":5287,"2|1|111101":41,"2|1|110010":200,"2|1|111100":41,"2|1|110011":218,"2|1|011010":570,"2|1|011011":528,"1|1|010111":5796,"1|1|101101":4449,"1|1|100011":7230,"1|1|101100":4765,"1|1|100010":7372,"1|0|110001":3455,"2|0|001011":327,"2|0|001010":249,"1|0|110000":3760,"2|0|111110":24,"2|0|111111":14,"1|1|101010":5183,"2|1|010010":436,"2|1|011100":575,"2|1|011101":569,"1|0|010001":3619,"1|0|010000":3228,"2|1|010011":469,"1|1|101011":5018,"1|0|111101":567,"2|0|100101":447,"2|0|100100":431,"1|0|110010":3148,"1|0|110011":2858,"1|0|111100":791,"2|0|110010":201,"2|0|111101":39,"2|0|110011":177,"2|0|111100":56,"2|1|011111":547,"1|0|010111":5601,"1|0|010110":5477,"2|1|011110":525,"1|1|101001":5307,"1|1|101000":5793,"1|0|110100":2618,"1|0|110101":2355,"2|0|100111":391,"2|0|100110":417,"2|1|000101":188,"2|0|001111":392,"2|1|000100":190,"2|0|001110":399,"1|0|011110":7774,"2|0|111011":61,"2|0|111010":74,"2|1|010111":528,"1|0|011111":8059,"2|1|010110":500,"1|0|110111":1936,"2|0|100001":502,"2|0|100000":542,"2|0|001001":238,"2|0|001000":221,"1|0|000101":190,"1|0|000100":167,"1|0|110110":2176,"1|0|010010":3940,"2|0|111000":115,"2|0|111001":104,"1|0|011101":7486,"2|1|010001":434,"1|0|010011":4378,"1|0|011100":7048,"2|1|010000":437}}
