{"probability":{"Group 13":"0.0404305041945567","Group 12":"0.05053181235408739","Group 11":"0.19618382516655122","Group 10":"0.0001819650056618646","Group  6":"0.00019855433062268172","Group  5":"0.0","Group  4":"0.0032715929916850065","Group  3":"0.0001014511235642494","Group  2":"0.0","Group  1":"0.0","Group  9":"0.00011430992115710569","Group  8":"0.015808118150930642","Group  7":"0.6931778667611833"},"groups":{"Group 13":["Botan 1.5.6 & 1.11.29 & 2.1.0","Feitian JavaCOS A22 & A40","Gemalto GCX4 72K","HSM SafeNet Luna SA-1700","LibTomCrypt 1.17","Libgcrypt 1.6.0 & 1.6.5 & 1.7.6","Libgcrypt 1.6.0 FIPS & 1.6.5 FIPS","Nettle 3.2 & 3.3","Oberthur Cosmo 64","OpenSSL FIPS 2.0.12 & 2.0.14","PGPSDK 4","WolfSSL 2.0rc1 & 3.9.0 & 3.10.2","cryptlib 3.4.3 & 3.4.3.1"],"Group 12":["Bouncy Castle 1.53 (Java)","Cryptix JCE 20050328","FlexiProvider 1.7p7","HSM Utimaco Security Server Se50","Nettle 2.0","PolarSSL 0.10.0","PuTTY 0.67","SunRsaSign OpenJDK 1.8.0","mbedTLS 1.3.19 & 2.2.1 & 2.4.2"],"Group 11":["Bouncy Castle 1.54 (Java)","Crypto++ 5.6.0 & 5.6.3 & 5.6.5","Libgcrypt 1.7.6 FIPS","Microsoft CryptoAPI & CNG & .NET"],"Group 10":["NXP J2D081 & J2E145G","YubiKey NEO"],"Group  6":["Oberthur Cosmo Dual 72K"],"Group  5":["NXP J2A080 & J2A081 & J3A081 & JCOP 41 V2.2.1"],"Group  4":["Gemalto GXP E64"],"Group  3":["GNU Crypto 2.0.1"],"Group  2":["G&D SmartCafe 4.x & 6.0"],"Group  1":["G&D SmartCafe 3.2"],"Group  9":["Infineon JTOP 80K","YubiKey 4 & 4 Nano"],"Group  8":["PGPSDK 4 FIPS"],"Group  7":["OpenSSL 0.9.7 & 1.0.2g & 1.0.2k & 1.1.0e"]},"frequencies":{"1|1|000110":9993,"2|1|100011":19049,"2|1|101101":12139,"1|1|000111":10533,"2|1|101100":12887,"2|1|100010":20289,"2|0|000000":6440,"2|0|000001":6679,"1|0|111010":25005,"1|0|111011":20496,"1|1|011010":137639,"1|1|011011":143516,"2|0|110100":7331,"2|0|110101":6912,"1|0|100001":155555,"1|0|100000":162031,"2|1|100000":21936,"1|1|000100":8589,"2|1|100001":21044,"2|0|000011":8014,"2|0|001101":15387,"2|0|001100":14888,"2|0|000010":7422,"1|1|000101":9259,"2|1|010101":21276,"2|0|011010":24901,"2|1|010100":20679,"2|0|011011":24794,"1|0|100010":149385,"1|0|101100":94416,"1|0|101101":89277,"1|0|100011":143893,"2|1|100110":17018,"1|1|110101":49243,"2|1|100111":16344,"2|0|000101":9207,"2|0|000100":8724,"1|0|111110":7081,"1|1|110100":53703,"1|0|111111":2757,"1|0|100101":131969,"2|0|110001":9341,"2|0|110000":9975,"1|0|010101":105968,"1|0|010100":99981,"2|0|011001":24119,"2|0|011000":23580,"1|0|100100":138665,"2|1|100100":18516,"2|1|100101":17969,"2|0|000110":9899,"2|0|000111":10546,"1|0|111000":34319,"1|0|111001":29802,"2|0|110111":5596,"2|0|110110":6090,"2|0|011111":22332,"2|0|011110":22745,"1|0|100111":121088,"1|0|100110":126766,"1|1|001001":22311,"1|0|001001":22368,"1|0|001000":14631,"1|1|001000":14743,"1|1|110001":68782,"1|1|110000":73700,"1|1|010000":73394,"2|0|011101":23319,"2|1|111111":869,"2|1|111110":1203,"2|0|010010":19234,"2|0|011100":23674,"2|0|010011":20175,"1|1|010001":79836,"1|0|101010":104443,"1|0|101011":99775,"1|0|001010":29884,"1|1|001111":65975,"1|0|001011":37773,"1|1|001110":59219,"2|1|101011":13472,"2|1|101010":14307,"1|1|110111":39310,"1|1|110110":44257,"1|1|010010":86657,"1|1|010011":93206,"1|1|011100":147210,"2|0|010001":18617,"2|1|111001":4117,"2|1|111000":4895,"2|0|010000":17874,"1|1|011101":152544,"1|1|000011":7879,"1|1|001100":44337,"1|1|001101":51900,"2|1|101001":14845,"1|1|000010":7352,"2|1|101000":15773,"1|1|111110":7007,"1|1|111111":2750,"2|1|111010":3618,"1|1|011110":157215,"1|1|011111":161906,"2|0|010111":22968,"2|1|001000":11197,"2|1|001001":12323,"2|1|111011":3057,"2|0|010110":22411,"1|0|101111":79134,"1|1|100101":132777,"1|1|100100":138814,"1|0|101110":84517,"1|1|000000":6424,"1|1|000001":6802,"2|1|101111":10639,"2|1|101110":11545,"1|1|110010":63807,"1|1|111101":11585,"1|1|110011":58949,"1|1|111100":16289,"1|1|011000":125871,"1|1|011001":132184,"2|1|001010":13060,"2|0|010100":20541,"2|1|001011":13972,"2|0|010101":21547,"1|0|101001":110368,"1|0|101000":116045,"1|0|000110":9920,"2|0|101101":12110,"2|0|100011":19331,"2|0|101100":12793,"2|0|100010":20152,"2|1|000001":6968,"2|1|000000":6649,"1|1|111011":20599,"1|0|000111":10615,"1|1|111010":25446,"1|0|011011":142540,"2|1|110100":7277,"1|0|011010":137997,"2|1|001100":14715,"2|1|110101":6898,"2|1|001101":15467,"1|1|100001":155236,"1|1|100000":161490,"1|0|000000":6523,"2|0|101111":10746,"2|0|101110":11289,"2|1|000111":10491,"2|1|000110":10095,"1|1|111000":34839,"1|0|000001":6715,"1|1|111001":30031,"1|0|011000":125428,"2|1|001110":16008,"2|1|110111":5443,"2|1|001111":17266,"2|1|110110":6181,"1|0|011001":131831,"1|1|100111":120732,"1|1|100110":126680,"1|0|000011":8149,"1|0|001100":44752,"1|0|000010":7342,"2|0|101001":14804,"2|0|101000":15467,"1|0|001101":51500,"2|1|110001":9264,"2|1|110000":9951,"2|1|011001":24253,"2|1|011000":23735,"1|1|010100":99829,"1|1|010101":106158,"1|1|101111":78814,"1|1|101110":83677,"2|0|101010":14152,"1|0|001111":66024,"1|1|001010":29956,"1|0|001110":59348,"1|1|001011":37355,"2|0|101011":13568,"2|1|000011":8126,"2|1|000010":7262,"1|1|010110":113063,"2|1|111101":1774,"0|1|101010":1,"2|1|110010":8788,"2|1|111100":2377,"2|1|110011":7909,"2|1|011010":24868,"2|1|011011":24254,"1|1|010111":119735,"1|1|101101":88722,"1|1|100011":144223,"1|1|101100":94438,"1|1|100010":149146,"1|0|110001":68708,"2|0|001011":14052,"2|0|001010":12918,"1|0|110000":73818,"2|0|111110":1201,"2|0|111111":920,"1|1|101010":105334,"2|1|010010":19429,"2|1|011100":24028,"2|1|011101":23452,"1|0|010001":79655,"1|0|010000":73227,"2|1|010011":19924,"1|1|101011":99241,"1|0|111101":11611,"2|0|100101":17695,"2|0|100100":18497,"1|0|110010":63517,"1|0|110011":58643,"1|0|111100":16234,"2|0|110010":8649,"2|0|111101":1787,"2|0|110011":8064,"2|0|111100":2363,"2|1|011111":22240,"1|0|010111":119036,"1|0|010110":112925,"2|1|011110":22773,"1|1|101001":110978,"1|1|101000":115926,"1|0|110100":53749,"1|0|110101":49102,"2|0|100111":16335,"2|0|100110":17094,"2|1|000101":9225,"2|0|001111":17031,"2|1|000100":8661,"2|0|001110":16232,"0|1|101100":1,"1|0|011110":158213,"2|0|111011":2990,"2|0|111010":3469,"2|1|010111":23088,"1|0|011111":162813,"2|1|010110":22346,"1|0|110111":39678,"2|0|100001":21081,"2|0|100000":21991,"2|0|001001":12239,"2|0|001000":11291,"1|0|000101":9328,"1|0|000100":8662,"1|0|110110":44140,"1|0|010010":87053,"2|0|111000":4898,"2|0|111001":4171,"1|0|011101":152660,"2|1|010001":18488,"1|0|010011":93781,"1|0|011100":147220,"2|1|010000":17984}}
