{"probability":{"Group 13":"0.03713418304887054","Group 12":"0.02982803007293629","Group 11":"0.22137396516255506","Group 10":"0.00018180246344203126","Group  6":"0.00013028876124248978","Group  5":"0.0","Group  4":"0.002294120838424072","Group  3":"0.0","Group  2":"0.0","Group  1":"0.0","Group  9":"0.00024708703689898663","Group  8":"0.005666402510352253","Group  7":"0.7031441201052783"},"groups":{"Group 13":["Botan 1.5.6 & 1.11.29 & 2.1.0","Feitian JavaCOS A22 & A40","Gemalto GCX4 72K","HSM SafeNet Luna SA-1700","LibTomCrypt 1.17","Libgcrypt 1.6.0 & 1.6.5 & 1.7.6","Libgcrypt 1.6.0 FIPS & 1.6.5 FIPS","Nettle 3.2 & 3.3","Oberthur Cosmo 64","OpenSSL FIPS 2.0.12 & 2.0.14","PGPSDK 4","WolfSSL 2.0rc1 & 3.9.0 & 3.10.2","cryptlib 3.4.3 & 3.4.3.1"],"Group 12":["Bouncy Castle 1.53 (Java)","Cryptix JCE 20050328","FlexiProvider 1.7p7","HSM Utimaco Security Server Se50","Nettle 2.0","PolarSSL 0.10.0","PuTTY 0.67","SunRsaSign OpenJDK 1.8.0","mbedTLS 1.3.19 & 2.2.1 & 2.4.2"],"Group 11":["Bouncy Castle 1.54 (Java)","Crypto++ 5.6.0 & 5.6.3 & 5.6.5","Libgcrypt 1.7.6 FIPS","Microsoft CryptoAPI & CNG & .NET"],"Group 10":["NXP J2D081 & J2E145G","YubiKey NEO"],"Group  6":["Oberthur Cosmo Dual 72K"],"Group  5":["NXP J2A080 & J2A081 & J3A081 & JCOP 41 V2.2.1"],"Group  4":["Gemalto GXP E64"],"Group  3":["GNU Crypto 2.0.1"],"Group  2":["G&D SmartCafe 4.x & 6.0"],"Group  1":["G&D SmartCafe 3.2"],"Group  9":["Infineon JTOP 80K","YubiKey 4 & 4 Nano"],"Group  8":["PGPSDK 4 FIPS"],"Group  7":["OpenSSL 0.9.7 & 1.0.2g & 1.0.2k & 1.1.0e"]},"frequencies":{"1|1|000110":7766,"2|1|100011":18211,"2|1|101101":11411,"1|1|000111":8626,"2|1|101100":12227,"2|1|100010":19315,"2|0|000000":3485,"2|0|000001":3975,"1|0|111010":23915,"1|0|111011":19596,"1|1|011010":132273,"1|1|011011":137539,"2|0|110100":6829,"2|0|110101":6236,"1|0|100001":149632,"1|0|100000":155283,"2|1|100000":20996,"1|1|000100":6122,"2|1|100001":20058,"2|0|000011":5544,"2|0|001101":13591,"2|0|001100":13002,"2|0|000010":4839,"1|1|000101":6938,"2|1|010101":20187,"2|0|011010":23823,"2|1|010100":19364,"2|0|011011":23499,"1|0|100010":142821,"1|0|101100":90404,"1|0|101101":85624,"1|0|100011":138419,"2|1|100110":16251,"1|1|110101":47299,"2|1|100111":15608,"2|0|000101":7005,"2|0|000100":6402,"1|0|111110":6650,"1|1|110100":51365,"1|0|111111":2417,"1|0|100101":126595,"2|0|110001":8854,"2|0|110000":9479,"1|0|010101":101753,"1|0|010100":95159,"2|0|011001":22975,"2|0|011000":22237,"1|0|100100":132877,"2|1|100100":17661,"2|1|100101":17045,"0|0|011100":1,"2|0|000110":7761,"2|0|000111":8494,"1|0|111000":32882,"1|0|111001":28775,"2|0|110111":5067,"2|0|110110":5753,"2|0|011111":21395,"2|0|011110":21931,"1|0|100111":116167,"1|0|100110":121257,"1|1|001001":20175,"1|0|001001":20159,"1|0|001000":12314,"1|1|001000":12833,"1|1|110001":65630,"1|1|110000":71168,"1|1|010000":69240,"2|0|011101":22306,"2|1|111111":686,"2|1|111110":977,"2|0|010010":17782,"2|0|011100":22712,"2|0|010011":18611,"1|1|010001":75929,"1|0|101010":100172,"1|0|101011":95621,"1|0|001010":27286,"1|1|001111":62411,"1|0|001011":34826,"1|1|001110":55690,"2|1|101011":12760,"2|1|101010":13387,"1|1|110111":37467,"1|1|110110":42304,"1|1|010010":82531,"1|1|010011":88944,"1|1|011100":141334,"2|0|010001":16957,"2|1|111001":3757,"2|1|111000":4453,"2|0|010000":16188,"1|1|011101":146442,"1|1|000011":5547,"1|1|001100":41447,"1|1|001101":48493,"2|1|101001":14246,"1|1|000010":4834,"2|1|101000":15037,"1|1|111110":6576,"1|1|111111":2575,"2|1|111010":3237,"1|1|011110":150851,"1|1|011111":155337,"2|0|010111":21440,"2|1|001000":9246,"2|1|001001":10366,"2|1|111011":2797,"2|0|010110":20984,"1|0|101111":75357,"1|1|100101":127254,"1|1|100100":132530,"1|0|101110":80700,"1|1|000000":3415,"1|1|000001":4248,"2|1|101111":10176,"2|1|101110":10915,"1|1|110010":61162,"1|1|111101":10947,"1|1|110011":56475,"1|1|111100":15203,"1|1|011000":120563,"1|1|011001":126578,"2|1|001010":11148,"2|0|010100":19151,"2|1|001011":12125,"2|0|010101":20009,"1|0|101001":105567,"1|0|101000":111519,"1|0|000110":7688,"2|0|101101":11488,"2|0|100011":18430,"2|0|101100":11976,"2|0|100010":19242,"2|1|000001":4109,"2|1|000000":3469,"1|1|111011":19601,"1|0|000111":8363,"1|1|111010":24229,"1|0|011011":136790,"2|1|110100":6757,"1|0|011010":132365,"2|1|001100":12940,"2|1|110101":6316,"2|1|001101":13763,"1|1|100001":149082,"1|1|100000":155324,"1|0|000000":3417,"2|0|101111":10222,"2|0|101110":10680,"2|1|000111":8346,"2|1|000110":7779,"1|1|111000":33067,"1|0|000001":4046,"1|1|111001":28245,"1|0|011000":120150,"2|1|001110":14422,"2|1|110111":5009,"2|1|001111":15587,"2|1|110110":5669,"1|0|011001":126701,"1|1|100111":115464,"1|1|100110":121547,"1|0|000011":5679,"1|0|001100":41825,"1|0|000010":4849,"2|0|101001":14043,"2|0|101000":14892,"1|0|001101":48254,"2|1|110001":8733,"2|1|110000":9462,"2|1|011001":23047,"2|1|011000":22233,"1|1|010100":95643,"1|1|010101":101281,"1|1|101111":75629,"1|1|101110":79986,"2|0|101010":13704,"1|0|001111":62853,"1|1|001010":27198,"1|0|001110":56050,"1|1|001011":34754,"2|0|101011":12899,"2|1|000011":5571,"2|1|000010":4969,"1|1|010110":108115,"2|1|111101":1536,"0|1|101010":1,"2|1|110010":8327,"2|1|111100":2018,"2|1|110011":7429,"2|1|011010":23626,"2|1|011011":23271,"1|1|010111":114129,"1|1|101101":85238,"1|1|100011":138603,"1|1|101100":91037,"1|1|100010":143270,"1|0|110001":65562,"2|0|001011":12216,"2|0|001010":11105,"1|0|110000":70805,"2|0|111110":988,"0|0|101001":1,"2|0|111111":722,"1|1|101010":101118,"2|1|010010":17451,"2|1|011100":22818,"2|1|011101":22398,"1|0|010001":75701,"1|0|010000":69163,"2|1|010011":18410,"1|1|101011":95079,"1|0|111101":10891,"2|0|100101":16826,"2|0|100100":17695,"1|0|110010":60885,"1|0|110011":56375,"1|0|111100":15163,"2|0|110010":8101,"2|0|111101":1548,"2|0|110011":7497,"2|0|111100":2101,"2|1|011111":21168,"1|0|010111":113960,"1|0|010110":107896,"2|1|011110":21550,"1|1|101001":106484,"1|1|101000":110905,"1|0|110100":51491,"1|0|110101":47106,"2|0|100111":15396,"2|0|100110":16454,"2|1|000101":7055,"2|0|001111":15230,"2|1|000100":6378,"2|0|001110":14648,"1|0|011110":150951,"2|0|111011":2687,"2|0|111010":3168,"2|1|010111":21726,"1|0|011111":155958,"2|1|010110":20888,"1|0|110111":37441,"2|0|100001":19961,"2|0|100000":21164,"2|0|001001":10466,"2|0|001000":9456,"1|0|000101":7043,"1|0|000100":6344,"1|0|110110":42020,"1|0|010010":82899,"2|0|111000":4439,"2|0|111001":3854,"1|0|011101":146441,"2|1|010001":17137,"1|0|010011":89235,"1|0|011100":141182,"2|1|010000":16163}}
