{"probability":{"Group 13":"0.012221912214182184","Group 12":"0.03570170431965147","Group 11":"0.2837965914618759","Group 10":"0.00038263410594387197","Group  6":"0.00021870231055240945","Group  5":"0.0","Group  4":"0.0023921183851450395","Group  3":"0.0","Group  2":"0.0","Group  1":"0.0","Group  9":"0.0","Group  8":"0.0020808452139730945","Group  7":"0.6632054919886758"},"groups":{"Group 13":["Botan 1.5.6 & 1.11.29 & 2.1.0","Feitian JavaCOS A22 & A40","Gemalto GCX4 72K","HSM SafeNet Luna SA-1700","LibTomCrypt 1.17","Libgcrypt 1.6.0 & 1.6.5 & 1.7.6","Libgcrypt 1.6.0 FIPS & 1.6.5 FIPS","Nettle 3.2 & 3.3","Oberthur Cosmo 64","OpenSSL FIPS 2.0.12 & 2.0.14","PGPSDK 4","WolfSSL 2.0rc1 & 3.9.0 & 3.10.2","cryptlib 3.4.3 & 3.4.3.1"],"Group 12":["Bouncy Castle 1.53 (Java)","Cryptix JCE 20050328","FlexiProvider 1.7p7","HSM Utimaco Security Server Se50","Nettle 2.0","PolarSSL 0.10.0","PuTTY 0.67","SunRsaSign OpenJDK 1.8.0","mbedTLS 1.3.19 & 2.2.1 & 2.4.2"],"Group 11":["Bouncy Castle 1.54 (Java)","Crypto++ 5.6.0 & 5.6.3 & 5.6.5","Libgcrypt 1.7.6 FIPS","Microsoft CryptoAPI & CNG & .NET"],"Group 10":["NXP J2D081 & J2E145G","YubiKey NEO"],"Group  6":["Oberthur Cosmo Dual 72K"],"Group  5":["NXP J2A080 & J2A081 & J3A081 & JCOP 41 V2.2.1"],"Group  4":["Gemalto GXP E64"],"Group  3":["GNU Crypto 2.0.1"],"Group  2":["G&D SmartCafe 4.x & 6.0"],"Group  1":["G&D SmartCafe 3.2"],"Group  9":["Infineon JTOP 80K","YubiKey 4 & 4 Nano"],"Group  8":["PGPSDK 4 FIPS"],"Group  7":["OpenSSL 0.9.7 & 1.0.2g & 1.0.2k & 1.1.0e"]},"frequencies":{"1|1|000110":5554,"2|1|100011":11569,"2|1|101101":7218,"1|1|000111":5992,"2|1|101100":7803,"2|1|100010":12279,"2|0|000000":2145,"2|0|000001":2796,"1|0|111010":13172,"1|0|111011":10682,"1|1|011010":74286,"1|1|011011":77341,"2|0|110100":4332,"2|0|110101":4023,"1|0|100001":82723,"1|0|100000":86249,"2|1|100000":13090,"1|1|000100":4347,"2|1|100001":12712,"2|0|000011":3888,"2|0|001101":9196,"2|0|001100":8834,"2|0|000010":3272,"1|1|000101":5018,"2|1|010101":13385,"2|0|011010":15546,"2|1|010100":12725,"2|0|011011":15544,"1|0|100010":79609,"1|0|101100":50320,"1|0|101101":47222,"1|0|100011":76612,"2|1|100110":10172,"1|1|110101":26143,"2|1|100111":9899,"2|0|000101":4894,"2|0|000100":4353,"1|0|111110":3592,"1|1|110100":28675,"1|0|111111":1315,"1|0|100101":70549,"2|0|110001":5564,"2|0|110000":5939,"1|0|010101":57756,"1|0|010100":54216,"2|0|011001":15158,"2|0|011000":14847,"1|0|100100":73471,"2|1|100100":11232,"2|1|100101":10890,"0|0|011100":1,"2|0|000110":5422,"2|0|000111":6001,"1|0|111000":18133,"1|0|111001":15936,"2|0|110111":3159,"2|0|110110":3611,"2|0|011111":13639,"2|0|011110":13910,"1|0|100111":64384,"1|0|100110":67394,"1|1|001001":12530,"1|0|001001":12419,"1|0|001000":8414,"1|1|001000":8431,"1|1|110001":36227,"1|1|110000":39380,"1|1|010000":39860,"2|0|011101":14383,"2|1|111111":411,"2|1|111110":551,"2|0|010010":11905,"2|0|011100":14821,"2|0|010011":12324,"1|1|010001":43455,"1|0|101010":55710,"1|0|101011":52863,"1|0|001010":16308,"1|1|001111":35897,"1|0|001011":20606,"1|1|001110":32210,"2|1|101011":8114,"2|1|101010":8567,"1|1|110111":20868,"1|1|110110":23512,"1|1|010010":46807,"1|1|010011":50332,"1|1|011100":79257,"2|0|010001":11290,"2|1|111001":2322,"2|1|111000":2858,"2|0|010000":11046,"1|1|011101":82079,"1|1|000011":3747,"1|1|001100":24393,"1|1|001101":28138,"2|1|101001":8930,"1|1|000010":3364,"2|1|101000":9527,"1|1|111110":3625,"1|1|111111":1465,"2|1|111010":2066,"1|1|011110":84140,"1|1|011111":86362,"2|0|010111":14289,"2|1|001000":6418,"2|1|001001":7172,"2|1|111011":1711,"2|0|010110":13867,"1|0|101111":41759,"1|1|100101":70460,"1|1|100100":73989,"1|0|101110":44831,"1|1|000000":2103,"1|1|000001":2718,"2|1|101111":6297,"2|1|101110":6983,"1|1|110010":33685,"1|1|111101":6031,"1|1|110011":31524,"1|1|111100":8579,"1|1|011000":68248,"1|1|011001":71589,"2|1|001010":7790,"2|0|010100":12732,"2|1|001011":8324,"2|0|010101":13399,"1|0|101001":59011,"1|0|101000":61735,"1|0|000110":5538,"2|0|101101":7430,"2|0|100011":11790,"2|0|101100":7735,"2|0|100010":12150,"2|1|000001":2745,"2|1|000000":2252,"1|1|111011":10754,"1|0|000111":6071,"1|1|111010":13175,"1|0|011011":76885,"2|1|110100":4312,"1|0|011010":74785,"2|1|001100":8784,"2|1|110101":4001,"2|1|001101":9287,"1|1|100001":82503,"1|1|100000":86139,"1|0|000000":2235,"2|0|101111":6499,"2|0|101110":6728,"2|1|000111":5976,"2|1|000110":5575,"1|1|111000":18473,"1|0|000001":2748,"1|1|111001":15903,"1|0|011000":68192,"2|1|001110":9970,"2|1|110111":3123,"2|1|001111":10396,"2|1|110110":3613,"1|0|011001":71316,"1|1|100111":64462,"1|1|100110":67472,"1|0|000011":3915,"1|0|001100":24346,"1|0|000010":3285,"2|0|101001":8983,"2|0|101000":9408,"1|0|001101":28207,"2|1|110001":5511,"2|1|110000":5969,"2|1|011001":15235,"2|1|011000":14882,"1|1|010100":54037,"1|1|010101":57492,"1|1|101111":41993,"1|1|101110":44494,"2|0|101010":8432,"1|0|001111":35898,"1|1|001010":16492,"1|0|001110":32234,"1|1|001011":20346,"2|0|101011":8094,"2|1|000011":3886,"2|1|000010":3236,"1|1|010110":60881,"2|1|111101":938,"0|1|101010":1,"2|1|110010":5139,"2|1|111100":1221,"2|1|110011":4635,"2|1|011010":15540,"2|1|011011":15230,"1|1|010111":64748,"1|1|101101":47117,"1|1|100011":76826,"1|1|101100":50052,"1|1|100010":79660,"1|0|110001":36403,"2|0|001011":8282,"2|0|001010":7650,"1|0|110000":38932,"2|0|111110":584,"2|0|111111":414,"1|1|101010":56136,"2|1|010010":11894,"2|1|011100":14857,"2|1|011101":14436,"1|0|010001":43306,"1|0|010000":39548,"2|1|010011":12410,"1|1|101011":53010,"1|0|111101":5961,"2|0|100101":10714,"2|0|100100":11222,"1|0|110010":33749,"1|0|110011":31174,"1|0|111100":8439,"2|0|110010":5239,"2|0|111101":912,"2|0|110011":4724,"2|0|111100":1295,"2|1|011111":13533,"1|0|010111":64736,"1|0|010110":61225,"2|1|011110":13854,"1|1|101001":58976,"1|1|101000":61712,"1|0|110100":28522,"1|0|110101":25939,"2|0|100111":9976,"2|0|100110":10386,"2|1|000101":4953,"2|0|001111":10421,"2|1|000100":4428,"2|0|001110":9919,"1|0|011110":84279,"2|0|111011":1612,"2|0|111010":1982,"2|1|010111":14313,"1|0|011111":87052,"2|1|010110":13766,"1|0|110111":20721,"2|0|100001":12654,"2|0|100000":13212,"2|0|001001":7150,"2|0|001000":6558,"1|0|000101":5028,"1|0|000100":4419,"1|0|110110":23234,"1|0|010010":47418,"2|0|111000":2845,"2|0|111001":2387,"1|0|011101":81751,"2|1|010001":11430,"1|0|010011":50797,"1|0|011100":79339,"2|1|010000":11077}}
