{"probability":{"Group 13":"0.06575310074956699","Group 12":"0.018646485643364383","Group 11":"0.07128086419361772","Group 10":"0.00019921288550237115","Group  6":"0.0004102211582284214","Group  5":"0.0","Group  4":"0.0032113949165430526","Group  3":"0.0","Group  2":"0.0","Group  1":"0.0","Group  9":"0.0003940519336096495","Group  8":"0.008101763457885809","Group  7":"0.8320029050616815"},"groups":{"Group 13":["Botan 1.5.6 & 1.11.29 & 2.1.0","Feitian JavaCOS A22 & A40","Gemalto GCX4 72K","HSM SafeNet Luna SA-1700","LibTomCrypt 1.17","Libgcrypt 1.6.0 & 1.6.5 & 1.7.6","Libgcrypt 1.6.0 FIPS & 1.6.5 FIPS","Nettle 3.2 & 3.3","Oberthur Cosmo 64","OpenSSL FIPS 2.0.12 & 2.0.14","PGPSDK 4","WolfSSL 2.0rc1 & 3.9.0 & 3.10.2","cryptlib 3.4.3 & 3.4.3.1"],"Group 12":["Bouncy Castle 1.53 (Java)","Cryptix JCE 20050328","FlexiProvider 1.7p7","HSM Utimaco Security Server Se50","Nettle 2.0","PolarSSL 0.10.0","PuTTY 0.67","SunRsaSign OpenJDK 1.8.0","mbedTLS 1.3.19 & 2.2.1 & 2.4.2"],"Group 11":["Bouncy Castle 1.54 (Java)","Crypto++ 5.6.0 & 5.6.3 & 5.6.5","Libgcrypt 1.7.6 FIPS","Microsoft CryptoAPI & CNG & .NET"],"Group 10":["NXP J2D081 & J2E145G","YubiKey NEO"],"Group  6":["Oberthur Cosmo Dual 72K"],"Group  5":["NXP J2A080 & J2A081 & J3A081 & JCOP 41 V2.2.1"],"Group  4":["Gemalto GXP E64"],"Group  3":["GNU Crypto 2.0.1"],"Group  2":["G&D SmartCafe 4.x & 6.0"],"Group  1":["G&D SmartCafe 3.2"],"Group  9":["Infineon JTOP 80K","YubiKey 4 & 4 Nano"],"Group  8":["PGPSDK 4 FIPS"],"Group  7":["OpenSSL 0.9.7 & 1.0.2g & 1.0.2k & 1.1.0e"]},"frequencies":{"1|1|000110":2217,"2|1|100011":7267,"2|1|101101":4442,"1|1|000111":2409,"2|1|101100":4781,"2|1|100010":7440,"2|0|000000":1762,"2|0|000001":1472,"1|0|111010":16942,"1|0|111011":13898,"1|1|011010":90349,"1|1|011011":94554,"2|0|110100":2671,"2|0|110101":2453,"1|0|100001":105859,"1|0|100000":110150,"2|1|100000":8222,"1|1|000100":1939,"2|1|100001":7728,"2|0|000011":1764,"2|0|001101":4400,"2|0|001100":4156,"2|0|000010":1655,"1|1|000101":2128,"2|1|010101":6881,"2|0|011010":8188,"2|1|010100":6576,"2|0|011011":8537,"1|0|100010":101779,"1|0|101100":64337,"1|0|101101":60340,"1|0|100011":98211,"2|1|100110":6332,"1|1|110101":33432,"2|1|100111":6026,"2|0|000101":2034,"2|0|000100":2010,"1|0|111110":4649,"1|1|110100":36541,"1|0|111111":1956,"1|0|100101":90082,"2|0|110001":3410,"2|0|110000":3636,"1|0|010101":69158,"1|0|010100":64225,"2|0|011001":7884,"2|0|011000":7725,"1|0|100100":93962,"2|1|100100":6873,"2|1|100101":6818,"2|0|000110":2248,"2|0|000111":2385,"1|0|111000":23179,"1|0|111001":20237,"2|0|110111":1934,"2|0|110110":2200,"2|0|011111":8371,"2|0|011110":8262,"1|0|100111":82379,"1|0|100110":86542,"1|1|001001":10612,"1|0|001001":10395,"1|0|001000":5153,"1|1|001000":5198,"1|1|110001":46556,"1|1|110000":50351,"1|1|010000":45818,"2|0|011101":8238,"2|1|111111":602,"2|1|111110":447,"2|0|010010":6003,"2|0|011100":8350,"2|0|010011":6277,"1|1|010001":50430,"1|0|101010":71274,"1|0|101011":67886,"1|0|001010":15785,"1|1|001111":40747,"1|0|001011":20889,"1|1|001110":36239,"2|1|101011":5019,"2|1|101010":5217,"1|1|110111":27194,"1|1|110110":29840,"1|1|010010":54978,"1|1|010011":59579,"1|1|011100":98346,"2|0|010001":5799,"2|1|111001":1421,"2|1|111000":1762,"2|0|010000":5322,"1|1|011101":102415,"1|1|000011":1782,"1|1|001100":26113,"1|1|001101":30831,"2|1|101001":5578,"0|1|010001":1,"1|1|000010":1627,"2|1|101000":5813,"1|1|111110":4743,"1|1|111111":1980,"2|1|111010":1244,"1|1|011110":105905,"1|1|011111":110005,"2|0|010111":7458,"2|1|001000":2678,"2|1|001001":3083,"2|1|111011":1042,"2|0|010110":7104,"1|0|101111":54071,"1|1|100101":90542,"1|1|100100":93424,"1|0|101110":57350,"1|1|000000":1763,"1|1|000001":1496,"2|1|101111":3833,"2|1|101110":4220,"1|1|110010":43636,"1|1|111101":7774,"1|1|110011":39630,"1|1|111100":10760,"1|1|011000":81918,"1|1|011001":86677,"2|1|001010":3477,"2|0|010100":6592,"2|1|001011":3858,"2|0|010101":6847,"1|0|101001":74766,"1|0|101000":79094,"1|0|000110":2268,"2|0|101101":4484,"2|0|100011":7114,"2|0|101100":4713,"2|0|100010":7549,"2|1|000001":1505,"2|1|000000":1827,"1|1|111011":13840,"1|0|000111":2399,"1|1|111010":16992,"1|0|011011":94057,"2|1|110100":2663,"1|0|011010":90293,"2|1|001100":4127,"2|1|110101":2498,"2|1|001101":4442,"1|1|100001":105796,"1|1|100000":109755,"1|0|000000":1752,"2|0|101111":3967,"2|0|101110":4204,"2|1|000111":2285,"2|1|000110":2232,"1|1|111000":23519,"1|0|000001":1439,"1|1|111001":20125,"1|0|011000":82401,"2|1|001110":4733,"2|1|110111":2001,"2|1|001111":5183,"2|1|110110":2258,"1|0|011001":86041,"1|1|100111":82512,"1|1|100110":85807,"1|0|000011":1801,"1|0|001100":26054,"1|0|000010":1661,"2|0|101001":5493,"2|0|101000":5850,"1|0|001101":30621,"2|1|110001":3351,"2|1|110000":3721,"0|0|101101":1,"2|1|011001":8210,"0|1|000000":2,"2|1|011000":7641,"1|1|010100":64424,"1|1|010101":68910,"1|1|101111":53295,"1|1|101110":57212,"2|0|101010":5372,"1|0|001111":41069,"1|1|001010":15597,"1|0|001110":35887,"1|1|001011":20798,"2|0|101011":5011,"2|1|000011":1806,"2|1|000010":1710,"1|1|010110":73204,"2|1|111101":602,"2|1|110010":3109,"2|1|111100":790,"2|1|110011":2964,"2|1|011010":8338,"2|1|011011":8338,"1|1|010111":77679,"1|1|101101":60374,"1|1|100011":98008,"1|1|101100":64592,"1|1|100010":102112,"1|0|110001":46815,"2|0|001011":3717,"2|0|001010":3407,"1|0|110000":50433,"2|0|111110":417,"2|0|111111":566,"1|1|101010":71591,"2|1|010010":6062,"2|1|011100":8364,"2|1|011101":8282,"1|0|010001":50631,"1|0|010000":45456,"2|1|010011":6225,"1|1|101011":67753,"1|0|111101":7715,"2|0|100101":6567,"2|0|100100":7018,"1|0|110010":43380,"1|0|110011":39921,"1|0|111100":10763,"2|0|110010":3260,"2|0|111101":646,"2|0|110011":3004,"2|0|111100":796,"2|1|011111":8362,"1|0|010111":77617,"1|0|010110":72890,"2|1|011110":8284,"1|1|101001":75326,"1|1|101000":78252,"1|0|110100":36513,"1|0|110101":33070,"2|0|100111":6096,"2|0|100110":6441,"2|1|000101":2142,"2|0|001111":4924,"2|1|000100":1989,"2|0|001110":4690,"1|0|011110":106304,"2|0|111011":1026,"2|0|111010":1200,"2|1|010111":7602,"1|0|011111":110478,"2|1|010110":7112,"1|0|110111":26557,"2|0|100001":7967,"2|0|100000":8261,"2|0|001001":3060,"2|0|001000":2646,"1|0|000101":2262,"1|0|000100":1933,"1|0|110110":29957,"1|0|010010":55149,"2|0|111000":1744,"2|0|111001":1494,"1|0|011101":102249,"2|1|010001":5775,"1|0|010011":59581,"1|0|011100":98585,"2|1|010000":5307}}
