{"probability":{"Group 13":"0.23782007470445435","Group 12":"0.27719991026563245","Group 11":"0.04259358919762517","Group 10":"0.0","Group  6":"0.0","Group  5":"0.0","Group  4":"0.008828226201545365","Group  3":"0.0","Group  2":"0.0","Group  1":"0.0","Group  9":"0.0011860827069411926","Group  8":"0.0","Group  7":"0.43237211692380156"},"groups":{"Group 13":["Botan 1.5.6 & 1.11.29 & 2.1.0","Feitian JavaCOS A22 & A40","Gemalto GCX4 72K","HSM SafeNet Luna SA-1700","LibTomCrypt 1.17","Libgcrypt 1.6.0 & 1.6.5 & 1.7.6","Libgcrypt 1.6.0 FIPS & 1.6.5 FIPS","Nettle 3.2 & 3.3","Oberthur Cosmo 64","OpenSSL FIPS 2.0.12 & 2.0.14","PGPSDK 4","WolfSSL 2.0rc1 & 3.9.0 & 3.10.2","cryptlib 3.4.3 & 3.4.3.1"],"Group 12":["Bouncy Castle 1.53 (Java)","Cryptix JCE 20050328","FlexiProvider 1.7p7","HSM Utimaco Security Server Se50","Nettle 2.0","PolarSSL 0.10.0","PuTTY 0.67","SunRsaSign OpenJDK 1.8.0","mbedTLS 1.3.19 & 2.2.1 & 2.4.2"],"Group 11":["Bouncy Castle 1.54 (Java)","Crypto++ 5.6.0 & 5.6.3 & 5.6.5","Libgcrypt 1.7.6 FIPS","Microsoft CryptoAPI & CNG & .NET"],"Group 10":["NXP J2D081 & J2E145G","YubiKey NEO"],"Group  6":["Oberthur Cosmo Dual 72K"],"Group  5":["NXP J2A080 & J2A081 & J3A081 & JCOP 41 V2.2.1"],"Group  4":["Gemalto GXP E64"],"Group  3":["GNU Crypto 2.0.1"],"Group  2":["G&D SmartCafe 4.x & 6.0"],"Group  1":["G&D SmartCafe 3.2"],"Group  9":["Infineon JTOP 80K","YubiKey 4 & 4 Nano"],"Group  8":["PGPSDK 4 FIPS"],"Group  7":["OpenSSL 0.9.7 & 1.0.2g & 1.0.2k & 1.1.0e"]},"frequencies":{"1|1|000110":2715,"2|1|100011":3741,"2|1|101101":2240,"1|1|000111":2637,"2|1|101100":2325,"2|1|100010":3987,"2|0|000000":2905,"2|0|000001":2747,"1|0|111010":2030,"1|0|111011":1612,"1|1|011010":11381,"1|1|011011":11709,"2|0|110100":1294,"2|0|110101":1226,"1|0|100001":12964,"1|0|100000":13347,"2|1|100000":4229,"1|1|000100":2758,"2|1|100001":4047,"2|0|000011":2745,"2|0|001101":3200,"2|0|001100":3082,"2|0|000010":2927,"1|1|000101":2722,"2|1|010101":3748,"2|0|011010":4105,"2|1|010100":3613,"2|0|011011":4126,"1|0|100010":12385,"1|0|101100":7772,"1|0|101101":7393,"1|0|100011":12104,"2|1|100110":3245,"1|1|110101":4031,"2|1|100111":3137,"2|0|000101":2657,"2|0|000100":2621,"1|0|111110":504,"1|1|110100":4476,"1|0|111111":187,"1|0|100101":10861,"2|0|110001":1678,"2|0|110000":1822,"1|0|010101":9408,"1|0|010100":9019,"2|0|011001":3982,"2|0|011000":3882,"1|0|100100":11655,"2|1|100100":3515,"2|1|100101":3406,"2|0|000110":2680,"2|0|000111":2565,"1|0|111000":2733,"1|0|111001":2406,"2|0|110111":927,"2|0|110110":1093,"2|0|011111":4291,"2|0|011110":4253,"1|0|100111":10065,"1|0|100110":10359,"1|1|001001":3534,"1|0|001001":3394,"1|0|001000":2913,"1|1|001000":2813,"1|1|110001":5670,"1|1|110000":6070,"1|1|010000":7110,"2|0|011101":4135,"2|1|111111":63,"2|1|111110":177,"2|0|010010":3481,"2|0|011100":4151,"2|0|010011":3668,"1|1|010001":7461,"1|0|101010":8660,"1|0|101011":8010,"1|0|001010":3857,"1|1|001111":6654,"1|0|001011":4555,"1|1|001110":6124,"2|1|101011":2515,"2|1|101010":2614,"1|1|110111":3180,"1|1|110110":3547,"1|1|010010":8048,"1|1|010011":8483,"1|1|011100":12190,"2|0|010001":3470,"2|1|111001":769,"2|1|111000":821,"2|0|010000":3296,"1|1|011101":12774,"1|1|000011":2752,"1|1|001100":4940,"1|1|001101":5521,"2|1|101001":2795,"1|1|000010":2779,"2|1|101000":2900,"1|1|111110":594,"1|1|111111":180,"2|1|111010":618,"1|1|011110":13104,"1|1|011111":13576,"2|0|010111":3776,"2|1|001000":2622,"2|1|001001":2809,"2|1|111011":532,"2|0|010110":3911,"1|0|101111":6517,"1|1|100101":10928,"1|1|100100":11319,"1|0|101110":6809,"1|1|000000":2974,"1|1|000001":2899,"2|1|101111":1942,"2|1|101110":2062,"1|1|110010":5317,"1|1|111101":958,"1|1|110011":4696,"1|1|111100":1289,"1|1|011000":10627,"1|1|011001":11235,"2|1|001010":2892,"2|0|010100":3708,"2|1|001011":2968,"2|0|010101":3791,"1|0|101001":9153,"1|0|101000":9614,"1|0|000110":2668,"2|0|101101":2347,"2|0|100011":3652,"2|0|101100":2457,"2|0|100010":3857,"2|1|000001":2784,"2|1|000000":2987,"1|1|111011":1644,"1|0|000111":2620,"1|1|111010":2031,"1|0|011011":11958,"2|1|110100":1296,"1|0|011010":11412,"2|1|001100":3039,"2|1|110101":1255,"2|1|001101":3143,"1|1|100001":12677,"1|1|100000":13470,"1|0|000000":2915,"2|0|101111":1961,"2|0|101110":2048,"2|1|000111":2565,"2|1|000110":2700,"1|1|111000":2807,"1|0|000001":2878,"1|1|111001":2433,"1|0|011000":10611,"2|1|001110":3223,"2|1|110111":939,"2|1|001111":3313,"2|1|110110":1129,"1|0|011001":11037,"1|1|100111":10196,"1|1|100110":10591,"1|0|000011":2749,"1|0|001100":5084,"1|0|000010":2756,"2|0|101001":2777,"2|0|101000":2879,"1|0|001101":5426,"2|1|110001":1661,"2|1|110000":1850,"2|1|011001":4032,"2|1|011000":3982,"1|1|010100":9072,"1|1|010101":9377,"1|1|101111":6456,"1|1|101110":6846,"2|0|101010":2692,"1|0|001111":6441,"1|1|001010":4080,"1|0|001110":6020,"1|1|001011":4355,"2|0|101011":2457,"2|1|000011":2767,"2|1|000010":2813,"1|1|010110":9888,"2|1|111101":263,"2|1|110010":1484,"2|1|111100":417,"2|1|110011":1436,"2|1|011010":3995,"2|1|011011":4064,"1|1|010111":10233,"1|1|101101":7288,"1|1|100011":11949,"1|1|101100":7982,"1|1|100010":12333,"1|0|110001":5623,"2|0|001011":2866,"2|0|001010":2889,"1|0|110000":6008,"2|0|111110":167,"2|0|111111":56,"1|1|101010":8763,"2|1|010010":3389,"2|1|011100":4211,"2|1|011101":4158,"1|0|010001":7517,"1|0|010000":6981,"2|1|010011":3484,"1|1|101011":8161,"1|0|111101":918,"2|0|100101":3506,"2|0|100100":3505,"1|0|110010":5255,"1|0|110011":4730,"1|0|111100":1263,"2|0|110010":1595,"2|0|111101":274,"2|0|110011":1428,"2|0|111100":412,"2|1|011111":4206,"1|0|010111":10126,"1|0|010110":9624,"2|1|011110":4320,"1|1|101001":9065,"1|1|101000":9577,"1|0|110100":4449,"1|0|110101":4017,"2|0|100111":2958,"2|0|100110":3235,"2|1|000101":2752,"2|0|001111":3307,"2|1|000100":2700,"2|0|001110":3264,"1|0|011110":13175,"2|0|111011":498,"2|0|111010":614,"2|1|010111":3930,"1|0|011111":13414,"2|1|010110":3760,"1|0|110111":3157,"2|0|100001":4065,"2|0|100000":4203,"2|0|001001":2770,"2|0|001000":2633,"1|0|000101":2704,"1|0|000100":2772,"1|0|110110":3536,"1|0|010010":8196,"2|0|111000":877,"2|0|111001":723,"1|0|011101":12719,"2|1|010001":3401,"1|0|010011":8347,"1|0|011100":12356,"2|1|010000":3293}}
