{"probability":{"Group 13":"0.08124207833531279","Group 12":"0.026251456584202967","Group 11":"0.05620713024379004","Group 10":"0.0","Group  6":"0.0003490123961583395","Group  5":"0.0","Group  4":"0.0033421604295795497","Group  3":"0.00007967928234940149","Group  2":"0.0","Group  1":"0.0","Group  9":"0.00017271343227294412","Group  8":"0.006162918775626602","Group  7":"0.8261928505207073"},"groups":{"Group 13":["Botan 1.5.6 & 1.11.29 & 2.1.0","Feitian JavaCOS A22 & A40","Gemalto GCX4 72K","HSM SafeNet Luna SA-1700","LibTomCrypt 1.17","Libgcrypt 1.6.0 & 1.6.5 & 1.7.6","Libgcrypt 1.6.0 FIPS & 1.6.5 FIPS","Nettle 3.2 & 3.3","Oberthur Cosmo 64","OpenSSL FIPS 2.0.12 & 2.0.14","PGPSDK 4","WolfSSL 2.0rc1 & 3.9.0 & 3.10.2","cryptlib 3.4.3 & 3.4.3.1"],"Group 12":["Bouncy Castle 1.53 (Java)","Cryptix JCE 20050328","FlexiProvider 1.7p7","HSM Utimaco Security Server Se50","Nettle 2.0","PolarSSL 0.10.0","PuTTY 0.67","SunRsaSign OpenJDK 1.8.0","mbedTLS 1.3.19 & 2.2.1 & 2.4.2"],"Group 11":["Bouncy Castle 1.54 (Java)","Crypto++ 5.6.0 & 5.6.3 & 5.6.5","Libgcrypt 1.7.6 FIPS","Microsoft CryptoAPI & CNG & .NET"],"Group 10":["NXP J2D081 & J2E145G","YubiKey NEO"],"Group  6":["Oberthur Cosmo Dual 72K"],"Group  5":["NXP J2A080 & J2A081 & J3A081 & JCOP 41 V2.2.1"],"Group  4":["Gemalto GXP E64"],"Group  3":["GNU Crypto 2.0.1"],"Group  2":["G&D SmartCafe 4.x & 6.0"],"Group  1":["G&D SmartCafe 3.2"],"Group  9":["Infineon JTOP 80K","YubiKey 4 & 4 Nano"],"Group  8":["PGPSDK 4 FIPS"],"Group  7":["OpenSSL 0.9.7 & 1.0.2g & 1.0.2k & 1.1.0e"]},"frequencies":{"1|1|000110":1443,"2|1|100011":4380,"2|1|101101":2821,"1|1|000111":1509,"2|1|101100":2971,"2|1|100010":4781,"2|0|000000":1384,"2|0|000001":1082,"1|0|111010":10166,"1|0|111011":8302,"1|1|011010":54528,"1|1|011011":56683,"2|0|110100":1686,"2|0|110101":1566,"1|0|100001":63448,"1|0|100000":65910,"2|1|100000":5138,"1|1|000100":1264,"2|1|100001":4849,"2|0|000011":1281,"2|0|001101":2633,"2|0|001100":2527,"2|0|000010":1123,"1|1|000101":1267,"2|1|010101":4199,"2|0|011010":5088,"2|1|010100":3997,"2|0|011011":5162,"1|0|100010":61143,"1|0|101100":38794,"1|0|101101":36525,"1|0|100011":58443,"2|1|100110":3991,"1|1|110101":19951,"2|1|100111":3736,"2|0|000101":1326,"2|0|000100":1299,"1|0|111110":2739,"1|1|110100":22029,"1|0|111111":1010,"1|0|100101":53853,"2|0|110001":2195,"2|0|110000":2300,"1|0|010101":41030,"1|0|010100":38345,"2|0|011001":4852,"2|0|011000":4786,"1|0|100100":56454,"2|1|100100":4295,"2|1|100101":4155,"2|0|000110":1369,"2|0|000111":1463,"1|0|111000":14105,"1|0|111001":12114,"2|0|110111":1253,"2|0|110110":1414,"2|0|011111":5219,"2|0|011110":5256,"1|0|100111":49584,"1|0|100110":52008,"1|1|001001":6400,"1|0|001001":6184,"1|0|001000":3124,"1|1|001000":3084,"1|1|110001":27890,"1|1|110000":30090,"1|1|010000":27390,"2|0|011101":5104,"2|1|111111":140,"2|1|111110":232,"2|0|010010":3654,"2|0|011100":4994,"2|0|010011":3767,"1|1|010001":30162,"1|0|101010":42607,"1|0|101011":40466,"1|0|001010":9381,"1|1|001111":23991,"1|0|001011":12402,"1|1|001110":21528,"2|1|101011":3176,"2|1|101010":3353,"1|1|110111":16130,"1|1|110110":17884,"1|1|010010":33042,"1|1|010011":35786,"1|1|011100":58990,"2|0|010001":3558,"2|1|111001":920,"2|1|111000":1074,"2|0|010000":3282,"1|1|011101":61274,"1|1|000011":1187,"1|1|001100":15446,"1|1|001101":18321,"2|1|101001":3390,"1|1|000010":1112,"2|1|101000":3685,"1|1|111110":2796,"1|1|111111":967,"2|1|111010":774,"1|1|011110":63413,"1|1|011111":66000,"2|0|010111":4451,"2|1|001000":1681,"2|1|001001":1838,"2|1|111011":668,"2|0|010110":4366,"1|0|101111":32039,"1|1|100101":54009,"1|1|100100":56794,"1|0|101110":34498,"1|1|000000":1473,"1|1|000001":1122,"2|1|101111":2440,"2|1|101110":2730,"1|1|110010":25963,"1|1|111101":4668,"1|1|110011":23896,"1|1|111100":6390,"1|1|011000":48972,"1|1|011001":51637,"2|1|001010":2093,"2|0|010100":4089,"2|1|001011":2342,"2|0|010101":4232,"1|0|101001":44915,"1|0|101000":47312,"1|0|000110":1458,"2|0|101101":2746,"2|0|100011":4518,"2|0|101100":2970,"2|0|100010":4708,"2|1|000001":1115,"2|1|000000":1366,"1|1|111011":8478,"1|0|000111":1464,"1|1|111010":10334,"1|0|011011":56291,"2|1|110100":1724,"1|0|011010":54103,"2|1|001100":2492,"2|1|110101":1516,"2|1|001101":2727,"1|1|100001":63151,"1|1|100000":65977,"1|0|000000":1369,"2|0|101111":2572,"2|0|101110":2565,"2|1|000111":1508,"2|1|000110":1422,"1|1|111000":13986,"1|0|000001":1080,"1|1|111001":12096,"1|0|011000":48912,"2|1|001110":2863,"2|1|110111":1259,"2|1|001111":3185,"2|1|110110":1394,"1|0|011001":51680,"1|1|100111":49073,"1|1|100110":51605,"1|0|000011":1203,"1|0|001100":15463,"1|0|000010":1105,"2|0|101001":3458,"2|0|101000":3814,"1|0|001101":18200,"2|1|110001":2194,"2|1|110000":2233,"2|1|011001":4993,"2|1|011000":4729,"1|1|010100":38293,"1|1|010101":41226,"1|1|101111":31984,"1|1|101110":34187,"2|0|101010":3307,"1|0|001111":24340,"1|1|001010":9422,"1|0|001110":21667,"1|1|001011":12753,"2|0|101011":3154,"2|1|000011":1220,"2|1|000010":1124,"1|1|010110":43772,"2|1|111101":354,"2|1|110010":1914,"2|1|111100":498,"2|1|110011":1769,"2|1|011010":5107,"2|1|011011":5111,"1|1|010111":46640,"1|1|101101":36120,"1|1|100011":58874,"1|1|101100":38624,"1|1|100010":60920,"1|0|110001":28113,"2|0|001011":2291,"2|0|001010":2084,"1|0|110000":30289,"2|0|111110":239,"2|0|111111":153,"1|1|101010":43021,"2|1|010010":3607,"2|1|011100":5146,"2|1|011101":5227,"1|0|010001":30020,"1|0|010000":27244,"2|1|010011":3777,"1|1|101011":40361,"1|0|111101":4693,"2|0|100101":4158,"2|0|100100":4444,"1|0|110010":25930,"1|0|110011":23848,"1|0|111100":6438,"2|0|110010":1991,"2|0|111101":386,"2|0|110011":1962,"2|0|111100":527,"2|1|011111":5364,"1|0|010111":46425,"1|0|010110":43939,"2|1|011110":5286,"1|1|101001":45405,"1|1|101000":46512,"1|0|110100":21985,"1|0|110101":20190,"2|0|100111":3939,"2|0|100110":4085,"2|1|000101":1363,"2|0|001111":2958,"2|1|000100":1286,"2|0|001110":2898,"1|0|011110":63570,"2|0|111011":655,"2|0|111010":785,"2|1|010111":4638,"1|0|011111":65876,"2|1|010110":4385,"1|0|110111":16058,"2|0|100001":5064,"2|0|100000":5174,"2|0|001001":1877,"2|0|001000":1596,"1|0|000101":1367,"1|0|000100":1321,"1|0|110110":17972,"1|0|010010":32937,"2|0|111000":1060,"2|0|111001":916,"1|0|011101":61246,"2|1|010001":3459,"1|0|010011":35783,"1|0|011100":58872,"2|1|010000":3197}}
