{"probability":{"Group 13":"0.056607563789999205","Group 12":"0.026339537386773644","Group 11":"0.05353352290754996","Group 10":"0.0001601140325778276","Group  6":"0.000459108681646602","Group  5":"0.00003714063045367982","Group  4":"0.003174786618892739","Group  3":"0.00006577909737955357","Group  2":"0.0","Group  1":"0.0","Group  9":"0.000495898264855175","Group  8":"0.006139331317707358","Group  7":"0.8529872172721642"},"groups":{"Group 13":["Botan 1.5.6 & 1.11.29 & 2.1.0","Feitian JavaCOS A22 & A40","Gemalto GCX4 72K","HSM SafeNet Luna SA-1700","LibTomCrypt 1.17","Libgcrypt 1.6.0 & 1.6.5 & 1.7.6","Libgcrypt 1.6.0 FIPS & 1.6.5 FIPS","Nettle 3.2 & 3.3","Oberthur Cosmo 64","OpenSSL FIPS 2.0.12 & 2.0.14","PGPSDK 4","WolfSSL 2.0rc1 & 3.9.0 & 3.10.2","cryptlib 3.4.3 & 3.4.3.1"],"Group 12":["Bouncy Castle 1.53 (Java)","Cryptix JCE 20050328","FlexiProvider 1.7p7","HSM Utimaco Security Server Se50","Nettle 2.0","PolarSSL 0.10.0","PuTTY 0.67","SunRsaSign OpenJDK 1.8.0","mbedTLS 1.3.19 & 2.2.1 & 2.4.2"],"Group 11":["Bouncy Castle 1.54 (Java)","Crypto++ 5.6.0 & 5.6.3 & 5.6.5","Libgcrypt 1.7.6 FIPS","Microsoft CryptoAPI & CNG & .NET"],"Group 10":["NXP J2D081 & J2E145G","YubiKey NEO"],"Group  6":["Oberthur Cosmo Dual 72K"],"Group  5":["NXP J2A080 & J2A081 & J3A081 & JCOP 41 V2.2.1"],"Group  4":["Gemalto GXP E64"],"Group  3":["GNU Crypto 2.0.1"],"Group  2":["G&D SmartCafe 4.x & 6.0"],"Group  1":["G&D SmartCafe 3.2"],"Group  9":["Infineon JTOP 80K","YubiKey 4 & 4 Nano"],"Group  8":["PGPSDK 4 FIPS"],"Group  7":["OpenSSL 0.9.7 & 1.0.2g & 1.0.2k & 1.1.0e"]},"frequencies":{"1|1|000110":2491,"2|1|100011":6663,"2|1|101101":4125,"1|1|000111":2768,"2|1|101100":4498,"2|1|100010":7012,"2|0|000000":2340,"2|0|000001":2010,"1|0|111010":18806,"1|0|111011":15418,"1|1|011010":100896,"1|1|011011":105790,"2|0|110100":2427,"2|0|110101":2342,"1|0|100001":118063,"1|0|100000":123166,"2|1|100000":7675,"1|1|000100":2361,"2|1|100001":7339,"2|0|000011":2277,"2|0|001101":4576,"2|0|001100":4250,"2|0|000010":2112,"1|1|000101":2448,"2|1|010101":6572,"2|0|011010":7761,"2|1|010100":6346,"2|0|011011":7982,"1|0|100010":113328,"1|0|101100":72044,"1|0|101101":67765,"1|0|100011":109560,"2|1|100110":6061,"1|1|110101":37587,"2|1|100111":5669,"2|0|000101":2415,"2|0|000100":2335,"1|0|111110":5097,"1|1|110100":40912,"1|0|111111":2100,"1|0|100101":101066,"2|0|110001":3216,"2|0|110000":3346,"1|0|010101":76643,"1|0|010100":71365,"2|0|011001":7478,"2|0|011000":7410,"1|0|100100":104987,"2|1|100100":6328,"2|1|100101":6257,"2|0|000110":2585,"2|0|000111":2774,"1|0|111000":26027,"1|0|111001":22564,"2|0|110111":1864,"2|0|110110":2063,"2|0|011111":7833,"2|0|011110":7710,"1|0|100111":92244,"1|0|100110":96546,"1|1|001001":12003,"1|0|001001":11699,"1|0|001000":5786,"1|1|001000":5838,"1|1|110001":52231,"1|1|110000":55847,"1|1|010000":50773,"2|0|011101":7635,"2|1|111111":581,"2|1|111110":426,"2|0|010010":5803,"2|0|011100":7723,"2|0|010011":5995,"1|1|010001":55859,"1|0|101010":79822,"1|0|101011":75752,"1|0|001010":17640,"1|1|001111":45502,"1|0|001011":23339,"1|1|001110":40298,"2|1|101011":4667,"2|1|101010":4933,"1|1|110111":30090,"1|1|110110":33216,"1|1|010010":61449,"1|1|010011":66278,"1|1|011100":109617,"2|0|010001":5652,"2|1|111001":1362,"2|1|111000":1589,"2|0|010000":5280,"1|1|011101":114304,"1|1|000011":2243,"1|1|001100":28848,"1|1|001101":34283,"2|1|101001":5151,"1|1|000010":2131,"2|1|101000":5441,"1|1|111110":5298,"1|1|111111":2142,"2|1|111010":1094,"1|1|011110":118210,"0|0|000000":1,"1|1|011111":122590,"2|0|010111":6909,"2|1|001000":2908,"2|1|001001":3301,"2|1|111011":929,"2|0|010110":6808,"1|0|101111":60008,"1|1|100101":101063,"1|1|100100":104923,"1|0|101110":64047,"1|1|000000":2392,"1|1|000001":2070,"2|1|101111":3635,"2|1|101110":3947,"1|1|110010":48172,"1|1|111101":8668,"1|1|110011":44292,"1|1|111100":12048,"1|1|011000":91087,"1|1|011001":96851,"2|1|001010":3562,"2|0|010100":6351,"2|1|001011":3922,"2|0|010101":6683,"1|0|101001":83482,"1|0|101000":88110,"1|0|000110":2587,"2|0|101101":4169,"2|0|100011":6820,"2|0|101100":4467,"2|0|100010":7005,"2|1|000001":2060,"2|1|000000":2361,"1|1|111011":15467,"1|0|000111":2736,"1|1|111010":19069,"1|0|011011":104688,"2|1|110100":2465,"1|0|011010":100916,"2|1|001100":4195,"2|1|110101":2193,"2|1|001101":4433,"1|1|100001":118557,"1|1|100000":122631,"1|0|000000":2300,"2|0|101111":3722,"2|0|101110":3821,"2|1|000111":2716,"2|1|000110":2533,"1|1|111000":26248,"1|0|000001":1968,"1|1|111001":22653,"1|0|011000":91318,"2|1|001110":4713,"2|1|110111":1909,"2|1|001111":5126,"2|1|110110":2074,"1|0|011001":96161,"1|1|100111":92052,"1|1|100110":96239,"1|0|000011":2365,"1|0|001100":28719,"1|0|000010":2230,"2|0|101001":5164,"2|0|101000":5554,"1|0|001101":34254,"2|1|110001":3208,"2|1|110000":3449,"2|1|011001":7619,"0|1|000000":1,"2|1|011000":7272,"1|1|010100":71613,"1|1|010101":76204,"1|1|101111":59816,"1|1|101110":63626,"2|0|101010":5017,"1|0|001111":45564,"1|1|001010":17495,"1|0|001110":40304,"1|1|001011":23390,"2|0|101011":4714,"2|1|000011":2229,"2|1|000010":2180,"1|1|010110":81143,"2|1|111101":555,"2|1|110010":2873,"2|1|111100":744,"2|1|110011":2734,"2|1|011010":7864,"2|1|011011":7842,"1|1|010111":86383,"1|1|101101":67176,"1|1|100011":109864,"1|1|101100":72231,"1|1|100010":113674,"1|0|110001":52068,"2|0|001011":3968,"2|0|001010":3600,"1|0|110000":56370,"2|0|111110":407,"2|0|111111":559,"1|1|101010":79880,"2|1|010010":5845,"2|1|011100":7864,"2|1|011101":7746,"1|0|010001":55818,"1|0|010000":50647,"2|1|010011":5923,"1|1|101011":75459,"1|0|111101":8689,"2|0|100101":6243,"2|0|100100":6568,"1|0|110010":48370,"1|0|110011":44497,"1|0|111100":12017,"2|0|110010":2972,"2|0|111101":565,"2|0|110011":2807,"2|0|111100":762,"2|1|011111":7824,"1|0|010111":86547,"1|0|010110":81724,"2|1|011110":7865,"1|1|101001":84172,"1|1|101000":87297,"1|0|110100":40687,"1|0|110101":37325,"2|0|100111":5608,"2|0|100110":5999,"2|1|000101":2492,"2|0|001111":4960,"2|1|000100":2424,"2|0|001110":4622,"0|1|101100":1,"1|0|011110":118891,"2|0|111011":957,"2|0|111010":1122,"2|1|010111":7253,"1|0|011111":122890,"2|1|010110":6751,"1|0|110111":29946,"2|0|100001":7528,"2|0|100000":7689,"2|0|001001":3443,"2|0|001000":2948,"1|0|000101":2535,"1|0|000100":2417,"1|0|110110":33471,"1|0|010010":61388,"2|0|111000":1612,"2|0|111001":1380,"1|0|011101":114512,"2|1|010001":5502,"1|0|010011":66182,"1|0|011100":109954,"2|1|010000":5199}}
