{"probability":{"Group 13":"0.03751325411822492","Group 12":"0.014911604840745824","Group 11":"0.07089941942414771","Group 10":"0.000068588833480876","Group  6":"0.0","Group  5":"0.0003558651796246426","Group  4":"0.002154064891450416","Group  3":"0.0","Group  2":"0.0","Group  1":"0.0","Group  9":"0.0005944299037790212","Group  8":"0.009115924625471112","Group  7":"0.8643868481830755"},"groups":{"Group 13":["Botan 1.5.6 & 1.11.29 & 2.1.0","Feitian JavaCOS A22 & A40","Gemalto GCX4 72K","HSM SafeNet Luna SA-1700","LibTomCrypt 1.17","Libgcrypt 1.6.0 & 1.6.5 & 1.7.6","Libgcrypt 1.6.0 FIPS & 1.6.5 FIPS","Nettle 3.2 & 3.3","Oberthur Cosmo 64","OpenSSL FIPS 2.0.12 & 2.0.14","PGPSDK 4","WolfSSL 2.0rc1 & 3.9.0 & 3.10.2","cryptlib 3.4.3 & 3.4.3.1"],"Group 12":["Bouncy Castle 1.53 (Java)","Cryptix JCE 20050328","FlexiProvider 1.7p7","HSM Utimaco Security Server Se50","Nettle 2.0","PolarSSL 0.10.0","PuTTY 0.67","SunRsaSign OpenJDK 1.8.0","mbedTLS 1.3.19 & 2.2.1 & 2.4.2"],"Group 11":["Bouncy Castle 1.54 (Java)","Crypto++ 5.6.0 & 5.6.3 & 5.6.5","Libgcrypt 1.7.6 FIPS","Microsoft CryptoAPI & CNG & .NET"],"Group 10":["NXP J2D081 & J2E145G","YubiKey NEO"],"Group  6":["Oberthur Cosmo Dual 72K"],"Group  5":["NXP J2A080 & J2A081 & J3A081 & JCOP 41 V2.2.1"],"Group  4":["Gemalto GXP E64"],"Group  3":["GNU Crypto 2.0.1"],"Group  2":["G&D SmartCafe 4.x & 6.0"],"Group  1":["G&D SmartCafe 3.2"],"Group  9":["Infineon JTOP 80K","YubiKey 4 & 4 Nano"],"Group  8":["PGPSDK 4 FIPS"],"Group  7":["OpenSSL 0.9.7 & 1.0.2g & 1.0.2k & 1.1.0e"]},"frequencies":{"1|1|000110":1053,"2|1|100011":2752,"2|1|101101":1657,"1|1|000111":1127,"2|1|101100":1790,"2|1|100010":2873,"2|0|000000":579,"2|0|000001":650,"1|0|111010":8410,"1|0|111011":7035,"1|1|011010":44994,"1|1|011011":47329,"2|0|110100":999,"2|0|110101":935,"1|0|100001":52689,"1|0|100000":55169,"2|1|100000":3055,"1|1|000100":901,"2|1|100001":2947,"2|0|000011":803,"2|0|001101":1907,"2|0|001100":1763,"2|0|000010":777,"1|1|000101":1010,"2|1|010101":2781,"2|0|011010":3227,"2|1|010100":2628,"2|0|011011":3406,"1|0|100010":51069,"1|0|101100":32055,"1|0|101101":30155,"1|0|100011":49214,"2|1|100110":2411,"1|1|110101":16598,"2|1|100111":2298,"2|0|000101":964,"2|0|000100":959,"1|0|111110":2398,"1|1|110100":18257,"1|0|111111":1147,"1|0|100101":45126,"2|0|110001":1311,"2|0|110000":1420,"1|0|010101":34273,"1|0|010100":32009,"2|0|011001":3132,"2|0|011000":3085,"1|0|100100":46975,"2|1|100100":2622,"2|1|100101":2567,"2|0|000110":1036,"2|0|000111":1144,"1|0|111000":11523,"1|0|111001":10124,"2|0|110111":757,"2|0|110110":785,"2|0|011111":3136,"2|0|011110":3069,"1|0|100111":40861,"1|0|100110":43263,"1|1|001001":5292,"1|0|001001":5092,"1|0|001000":2491,"1|1|001000":2562,"1|1|110001":23469,"1|1|110000":24994,"1|1|010000":22917,"2|0|011101":3118,"2|1|111111":439,"2|1|111110":197,"2|0|010010":2448,"2|0|011100":3305,"2|0|010011":2600,"1|1|010001":24858,"1|0|101010":35741,"1|0|101011":33892,"1|0|001010":7807,"1|1|001111":20529,"1|0|001011":10439,"1|1|001110":18030,"2|1|101011":1882,"2|1|101010":1952,"1|1|110111":13405,"1|1|110110":14939,"1|1|010010":27326,"1|1|010011":29664,"1|1|011100":49297,"2|0|010001":2354,"2|1|111001":543,"2|1|111000":673,"2|0|010000":2217,"1|1|011101":51043,"1|1|000011":833,"1|1|001100":12895,"1|1|001101":15378,"2|1|101001":2173,"1|1|000010":731,"2|1|101000":2207,"1|1|111110":2399,"1|1|111111":1159,"2|1|111010":493,"1|1|011110":53215,"1|1|011111":54764,"2|0|010111":3001,"2|1|001000":1279,"2|1|001001":1416,"2|1|111011":401,"2|0|010110":2855,"1|0|101111":26954,"1|1|100101":45259,"1|1|100100":46670,"1|0|101110":28785,"1|1|000000":576,"1|1|000001":711,"2|1|101111":1447,"2|1|101110":1573,"1|1|110010":21912,"1|1|111101":3900,"1|1|110011":19834,"1|1|111100":5483,"1|1|011000":40756,"1|1|011001":43182,"2|1|001010":1533,"2|0|010100":2746,"2|1|001011":1681,"2|0|010101":2805,"1|0|101001":37636,"1|0|101000":39782,"1|0|000110":1035,"2|0|101101":1739,"2|0|100011":2662,"2|0|101100":1792,"2|0|100010":2922,"2|1|000001":658,"2|1|000000":589,"1|1|111011":6859,"1|0|000111":1121,"1|1|111010":8428,"1|0|011011":47021,"2|1|110100":997,"1|0|011010":45038,"2|1|001100":1809,"2|1|110101":943,"2|1|001101":1868,"1|1|100001":53069,"1|1|100000":54817,"1|0|000000":566,"2|0|101111":1410,"2|0|101110":1572,"2|1|000111":1100,"2|1|000110":1043,"1|1|111000":11869,"1|0|000001":639,"1|1|111001":10155,"1|0|011000":41153,"2|1|001110":2018,"2|1|110111":754,"2|1|001111":2202,"2|1|110110":870,"1|0|011001":42809,"1|1|100111":41523,"1|1|100110":42946,"1|0|000011":838,"1|0|001100":13093,"1|0|000010":765,"2|0|101001":2058,"2|0|101000":2224,"1|0|001101":15267,"2|1|110001":1278,"2|1|110000":1415,"0|0|101101":1,"2|1|011001":3255,"2|1|011000":3023,"1|1|010100":32406,"1|1|010101":34351,"1|1|101111":26776,"1|1|101110":28512,"2|0|101010":1937,"1|0|001111":20559,"1|1|001010":7652,"1|0|001110":17818,"1|1|001011":10333,"2|0|101011":1924,"2|1|000011":809,"2|1|000010":775,"1|1|010110":36383,"2|1|111101":234,"2|1|110010":1162,"2|1|111100":306,"2|1|110011":1102,"2|1|011010":3344,"2|1|011011":3245,"1|1|010111":38667,"1|1|101101":30019,"1|1|100011":48950,"1|1|101100":32157,"1|1|100010":50979,"1|0|110001":23228,"2|0|001011":1666,"2|0|001010":1517,"1|0|110000":25294,"2|0|111110":191,"2|0|111111":419,"1|1|101010":35624,"2|1|010010":2432,"2|1|011100":3316,"2|1|011101":3202,"1|0|010001":25232,"1|0|010000":22493,"2|1|010011":2540,"1|1|101011":33992,"1|0|111101":3882,"2|0|100101":2504,"2|0|100100":2622,"1|0|110010":21690,"1|0|110011":20047,"1|0|111100":5330,"2|0|110010":1234,"2|0|111101":240,"2|0|110011":1114,"2|0|111100":293,"2|1|011111":3175,"1|0|010111":38646,"1|0|010110":36067,"2|1|011110":3175,"1|1|101001":37505,"1|1|101000":39364,"1|0|110100":18283,"1|0|110101":16355,"2|0|100111":2242,"2|0|100110":2393,"2|1|000101":1018,"2|0|001111":2084,"2|1|000100":958,"2|0|001110":1947,"1|0|011110":52956,"2|0|111011":384,"2|0|111010":457,"2|1|010111":3009,"1|0|011111":55225,"2|1|010110":2802,"1|0|110111":13169,"2|0|100001":2963,"2|0|100000":3171,"2|0|001001":1418,"2|0|001000":1184,"1|0|000101":998,"1|0|000100":879,"1|0|110110":14748,"1|0|010010":27560,"2|0|111000":639,"2|0|111001":558,"1|0|011101":51112,"2|1|010001":2330,"1|0|010011":29696,"1|0|011100":49180,"2|1|010000":2190}}
