{"probability":{"Group 13":"0.0323875465923033","Group 12":"0.013071713358504185","Group 11":"0.07543441725823093","Group 10":"0.00023626409677338846","Group  6":"0.0002770904705340701","Group  5":"0.00041434577037210426","Group  4":"0.0023061677527905665","Group  3":"0.0","Group  2":"0.0","Group  1":"0.0","Group  9":"0.00030405946384440036","Group  8":"0.010708514197042529","Group  7":"0.8648598810396045"},"groups":{"Group 13":["Botan 1.5.6 & 1.11.29 & 2.1.0","Feitian JavaCOS A22 & A40","Gemalto GCX4 72K","HSM SafeNet Luna SA-1700","LibTomCrypt 1.17","Libgcrypt 1.6.0 & 1.6.5 & 1.7.6","Libgcrypt 1.6.0 FIPS & 1.6.5 FIPS","Nettle 3.2 & 3.3","Oberthur Cosmo 64","OpenSSL FIPS 2.0.12 & 2.0.14","PGPSDK 4","WolfSSL 2.0rc1 & 3.9.0 & 3.10.2","cryptlib 3.4.3 & 3.4.3.1"],"Group 12":["Bouncy Castle 1.53 (Java)","Cryptix JCE 20050328","FlexiProvider 1.7p7","HSM Utimaco Security Server Se50","Nettle 2.0","PolarSSL 0.10.0","PuTTY 0.67","SunRsaSign OpenJDK 1.8.0","mbedTLS 1.3.19 & 2.2.1 & 2.4.2"],"Group 11":["Bouncy Castle 1.54 (Java)","Crypto++ 5.6.0 & 5.6.3 & 5.6.5","Libgcrypt 1.7.6 FIPS","Microsoft CryptoAPI & CNG & .NET"],"Group 10":["NXP J2D081 & J2E145G","YubiKey NEO"],"Group  6":["Oberthur Cosmo Dual 72K"],"Group  5":["NXP J2A080 & J2A081 & J3A081 & JCOP 41 V2.2.1"],"Group  4":["Gemalto GXP E64"],"Group  3":["GNU Crypto 2.0.1"],"Group  2":["G&D SmartCafe 4.x & 6.0"],"Group  1":["G&D SmartCafe 3.2"],"Group  9":["Infineon JTOP 80K","YubiKey 4 & 4 Nano"],"Group  8":["PGPSDK 4 FIPS"],"Group  7":["OpenSSL 0.9.7 & 1.0.2g & 1.0.2k & 1.1.0e"]},"frequencies":{"1|1|000110":1030,"2|1|100011":2664,"2|1|101101":1660,"1|1|000111":1157,"2|1|101100":1739,"2|1|100010":2725,"2|0|000000":564,"2|0|000001":636,"1|0|111010":8315,"1|0|111011":6982,"1|1|011010":44805,"1|1|011011":46850,"2|0|110100":1024,"2|0|110101":905,"1|0|100001":52380,"1|0|100000":54751,"2|1|100000":2997,"1|1|000100":901,"2|1|100001":2851,"2|0|000011":783,"2|0|001101":1877,"2|0|001100":1752,"2|0|000010":764,"1|1|000101":1024,"2|1|010101":2753,"2|0|011010":3153,"2|1|010100":2622,"2|0|011011":3358,"1|0|100010":50450,"1|0|101100":31950,"1|0|101101":29776,"1|0|100011":48830,"2|1|100110":2368,"1|1|110101":16456,"2|1|100111":2209,"2|0|000101":971,"2|0|000100":921,"1|0|111110":2372,"1|1|110100":18107,"1|0|111111":1138,"1|0|100101":44770,"2|0|110001":1291,"2|0|110000":1403,"1|0|010101":34089,"1|0|010100":31874,"2|0|011001":3105,"2|0|011000":3063,"1|0|100100":46592,"2|1|100100":2629,"2|1|100101":2578,"2|0|000110":1027,"2|0|000111":1141,"1|0|111000":11403,"1|0|111001":10044,"2|0|110111":736,"2|0|110110":767,"2|0|011111":3084,"2|0|011110":3055,"1|0|100111":40670,"1|0|100110":42924,"1|1|001001":5145,"1|0|001001":5036,"1|0|001000":2481,"1|1|001000":2527,"1|1|110001":23186,"1|1|110000":24871,"1|1|010000":22633,"2|0|011101":3137,"2|1|111111":460,"2|1|111110":196,"2|0|010010":2433,"2|0|011100":3265,"2|0|010011":2564,"1|1|010001":24810,"1|0|101010":35242,"1|0|101011":33747,"1|0|001010":7698,"1|1|001111":20274,"1|0|001011":10368,"1|1|001110":17815,"2|1|101011":1881,"2|1|101010":1896,"1|1|110111":13284,"1|1|110110":14867,"1|1|010010":27269,"1|1|010011":29450,"1|1|011100":48769,"2|0|010001":2407,"2|1|111001":531,"2|1|111000":671,"2|0|010000":2245,"1|1|011101":50732,"1|1|000011":840,"1|1|001100":12752,"1|1|001101":15192,"2|1|101001":2090,"1|1|000010":729,"2|1|101000":2116,"1|1|111110":2401,"1|1|111111":1156,"2|1|111010":470,"1|1|011110":52708,"1|1|011111":54447,"2|0|010111":2981,"2|1|001000":1267,"2|1|001001":1406,"2|1|111011":397,"2|0|010110":2827,"1|0|101111":26733,"1|1|100101":44914,"1|1|100100":46223,"1|0|101110":28414,"1|1|000000":573,"1|1|000001":688,"2|1|101111":1449,"2|1|101110":1522,"1|1|110010":21683,"1|1|111101":3890,"1|1|110011":19663,"1|1|111100":5375,"1|1|011000":40519,"1|1|011001":42929,"2|1|001010":1508,"2|0|010100":2711,"2|1|001011":1661,"2|0|010101":2822,"1|0|101001":37254,"1|0|101000":39407,"1|0|000110":1032,"2|0|101101":1670,"2|0|100011":2618,"2|0|101100":1744,"2|0|100010":2887,"2|1|000001":642,"2|1|000000":585,"1|1|111011":6811,"1|0|000111":1120,"1|1|111010":8366,"1|0|011011":46807,"2|1|110100":989,"1|0|011010":44491,"2|1|001100":1814,"2|1|110101":938,"2|1|001101":1904,"1|1|100001":52450,"1|1|100000":54310,"1|0|000000":545,"2|0|101111":1393,"2|0|101110":1544,"2|1|000111":1095,"2|1|000110":1075,"1|1|111000":11803,"1|0|000001":624,"1|1|111001":10043,"1|0|011000":40914,"2|1|001110":2031,"2|1|110111":733,"2|1|001111":2171,"2|1|110110":875,"1|0|011001":42560,"1|1|100111":41105,"1|1|100110":42574,"1|0|000011":822,"1|0|001100":13077,"1|0|000010":754,"2|0|101001":2016,"2|0|101000":2196,"1|0|001101":15156,"2|1|110001":1257,"2|1|110000":1406,"0|0|101101":1,"2|1|011001":3238,"2|1|011000":2926,"1|1|010100":32194,"1|1|010101":34276,"1|1|101111":26542,"1|1|101110":28456,"2|0|101010":1975,"1|0|001111":20447,"1|1|001010":7531,"1|0|001110":17775,"1|1|001011":10193,"2|0|101011":1918,"2|1|000011":818,"2|1|000010":766,"1|1|010110":36082,"2|1|111101":222,"2|1|110010":1143,"2|1|111100":321,"2|1|110011":1089,"2|1|011010":3342,"2|1|011011":3208,"1|1|010111":38264,"1|1|101101":29685,"1|1|100011":48519,"1|1|101100":31961,"1|1|100010":50600,"1|0|110001":23192,"2|0|001011":1633,"2|0|001010":1515,"1|0|110000":25054,"2|0|111110":190,"2|0|111111":426,"1|1|101010":35355,"2|1|010010":2448,"2|1|011100":3291,"2|1|011101":3196,"1|0|010001":25062,"1|0|010000":22332,"2|1|010011":2477,"1|1|101011":33756,"1|0|111101":3848,"2|0|100101":2435,"2|0|100100":2605,"1|0|110010":21463,"1|0|110011":20087,"1|0|111100":5345,"2|0|110010":1205,"2|0|111101":251,"2|0|110011":1070,"2|0|111100":303,"2|1|011111":3083,"1|0|010111":38462,"1|0|010110":35982,"2|1|011110":3116,"1|1|101001":37276,"1|1|101000":39135,"1|0|110100":18238,"1|0|110101":16143,"2|0|100111":2242,"2|0|100110":2361,"2|1|000101":1021,"2|0|001111":2080,"2|1|000100":950,"2|0|001110":1926,"1|0|011110":52588,"2|0|111011":381,"2|0|111010":435,"2|1|010111":3002,"1|0|011111":54869,"2|1|010110":2795,"1|0|110111":13046,"2|0|100001":2899,"2|0|100000":3064,"2|0|001001":1362,"2|0|001000":1183,"1|0|000101":1001,"1|0|000100":890,"1|0|110110":14784,"1|0|010010":27406,"2|0|111000":646,"2|0|111001":569,"1|0|011101":50854,"2|1|010001":2289,"1|0|010011":29539,"1|0|011100":48628,"2|1|010000":2187}}
