{"probability":{"Group 13":"0.024008717925682772","Group 12":"0.025707969068369845","Group 11":"0.3519869095491156","Group 10":"0.0","Group  6":"0.0","Group  5":"0.0","Group  4":"0.001702447489097153","Group  3":"0.0","Group  2":"0.0","Group  1":"0.0","Group  9":"0.000056188164939057256","Group  8":"0.007669891768908068","Group  7":"0.5888678760338873"},"groups":{"Group 13":["Botan 1.5.6 & 1.11.29 & 2.1.0","Feitian JavaCOS A22 & A40","Gemalto GCX4 72K","HSM SafeNet Luna SA-1700","LibTomCrypt 1.17","Libgcrypt 1.6.0 & 1.6.5 & 1.7.6","Libgcrypt 1.6.0 FIPS & 1.6.5 FIPS","Nettle 3.2 & 3.3","Oberthur Cosmo 64","OpenSSL FIPS 2.0.12 & 2.0.14","PGPSDK 4","WolfSSL 2.0rc1 & 3.9.0 & 3.10.2","cryptlib 3.4.3 & 3.4.3.1"],"Group 12":["Bouncy Castle 1.53 (Java)","Cryptix JCE 20050328","FlexiProvider 1.7p7","HSM Utimaco Security Server Se50","Nettle 2.0","PolarSSL 0.10.0","PuTTY 0.67","SunRsaSign OpenJDK 1.8.0","mbedTLS 1.3.19 & 2.2.1 & 2.4.2"],"Group 11":["Bouncy Castle 1.54 (Java)","Crypto++ 5.6.0 & 5.6.3 & 5.6.5","Libgcrypt 1.7.6 FIPS","Microsoft CryptoAPI & CNG & .NET"],"Group 10":["NXP J2D081 & J2E145G","YubiKey NEO"],"Group  6":["Oberthur Cosmo Dual 72K"],"Group  5":["NXP J2A080 & J2A081 & J3A081 & JCOP 41 V2.2.1"],"Group  4":["Gemalto GXP E64"],"Group  3":["GNU Crypto 2.0.1"],"Group  2":["G&D SmartCafe 4.x & 6.0"],"Group  1":["G&D SmartCafe 3.2"],"Group  9":["Infineon JTOP 80K","YubiKey 4 & 4 Nano"],"Group  8":["PGPSDK 4 FIPS"],"Group  7":["OpenSSL 0.9.7 & 1.0.2g & 1.0.2k & 1.1.0e"]},"frequencies":{"1|1|000110":4874,"2|1|100011":11670,"2|1|101101":7247,"1|1|000111":5481,"2|1|101100":7710,"2|1|100010":12278,"2|0|000000":1405,"2|0|000001":2045,"1|0|111010":9917,"1|0|111011":8346,"1|1|011010":57040,"1|1|011011":59020,"2|0|110100":4435,"2|0|110101":3955,"1|0|100001":62577,"1|0|100000":64889,"2|1|100000":13276,"1|1|000100":3799,"2|1|100001":12798,"2|0|000011":3155,"2|0|001101":8802,"2|0|001100":8196,"2|0|000010":2661,"1|1|000101":4411,"2|1|010101":13166,"2|0|011010":15235,"2|1|010100":12648,"2|0|011011":15347,"1|0|100010":60193,"1|0|101100":38192,"1|0|101101":35507,"1|0|100011":57737,"2|1|100110":10263,"1|1|110101":19745,"2|1|100111":9914,"2|0|000101":4195,"2|0|000100":3811,"1|0|111110":2842,"1|1|110100":21410,"1|0|111111":1323,"1|0|100101":53336,"2|0|110001":5573,"2|0|110000":6026,"1|0|010101":44600,"1|0|010100":41905,"2|0|011001":15091,"2|0|011000":14783,"1|0|100100":55436,"2|1|100100":11391,"2|1|100101":10705,"2|0|000110":4799,"2|0|000111":5323,"1|0|111000":13677,"1|0|111001":11854,"2|0|110111":3182,"2|0|110110":3532,"2|0|011111":13580,"2|0|011110":13985,"1|0|100111":48652,"1|0|100110":51153,"1|1|001001":10354,"1|0|001001":10317,"1|0|001000":7109,"1|1|001000":7218,"1|1|110001":27631,"1|1|110000":29517,"1|1|010000":30982,"2|0|011101":14419,"2|1|111111":590,"2|1|111110":651,"2|0|010010":11579,"2|0|011100":14573,"2|0|010011":11994,"1|1|010001":33378,"1|0|101010":42050,"1|0|101011":40106,"1|0|001010":13236,"1|1|001111":28323,"1|0|001011":16529,"1|1|001110":25547,"2|1|101011":8218,"2|1|101010":8408,"1|1|110111":15715,"1|1|110110":17621,"1|1|010010":36457,"1|1|010011":39180,"1|1|011100":60353,"2|0|010001":10971,"2|1|111001":2355,"2|1|111000":2825,"2|0|010000":10420,"1|1|011101":62031,"1|1|000011":3277,"1|1|001100":19382,"1|1|001101":22148,"2|1|101001":8929,"1|1|000010":2580,"2|1|101000":9390,"1|1|111110":2926,"1|1|111111":1320,"2|1|111010":2054,"1|1|011110":63715,"1|1|011111":64882,"2|0|010111":14134,"2|1|001000":5854,"2|1|001001":6592,"2|1|111011":1658,"2|0|010110":13625,"1|0|101111":31886,"1|1|100101":53617,"1|1|100100":55353,"1|0|101110":33468,"1|1|000000":1453,"1|1|000001":2054,"2|1|101111":6377,"2|1|101110":6782,"1|1|110010":25596,"1|1|111101":4634,"1|1|110011":23491,"1|1|111100":6324,"1|1|011000":52219,"1|1|011001":55293,"2|1|001010":7234,"2|0|010100":12486,"2|1|001011":7864,"2|0|010101":13141,"1|0|101001":44315,"1|0|101000":46614,"1|0|000110":4741,"2|0|101101":7325,"2|0|100011":11862,"2|0|101100":7800,"2|0|100010":12278,"2|1|000001":2021,"2|1|000000":1505,"1|1|111011":8146,"1|0|000111":5329,"1|1|111010":10051,"1|0|011011":58834,"2|1|110100":4340,"1|0|011010":56972,"2|1|001100":8232,"2|1|110101":3962,"2|1|001101":8853,"1|1|100001":62366,"1|1|100000":64856,"1|0|000000":1455,"2|0|101111":6439,"2|0|101110":6764,"2|1|000111":5374,"2|1|000110":4749,"1|1|111000":14001,"1|0|000001":2039,"1|1|111001":11913,"1|0|011000":52652,"2|1|001110":9568,"2|1|110111":3166,"2|1|001111":9939,"2|1|110110":3593,"1|0|011001":54690,"1|1|100111":49054,"1|1|100110":50716,"1|0|000011":3122,"1|0|001100":19472,"1|0|000010":2625,"2|0|101001":8958,"2|0|101000":9463,"1|0|001101":22067,"2|1|110001":5494,"2|1|110000":6014,"2|1|011001":15288,"2|1|011000":14469,"1|1|010100":42133,"1|1|010101":45028,"1|1|101111":31798,"1|1|101110":33846,"2|0|101010":8555,"1|0|001111":28106,"1|1|001010":13370,"1|0|001110":25253,"1|1|001011":16474,"2|0|101011":8185,"2|1|000011":3164,"2|1|000010":2680,"1|1|010110":47190,"2|1|111101":909,"2|1|110010":5068,"2|1|111100":1344,"2|1|110011":4797,"2|1|011010":15490,"2|1|011011":15128,"1|1|010111":49696,"1|1|101101":35558,"1|1|100011":57942,"1|1|101100":38116,"1|1|100010":60309,"1|0|110001":27543,"2|0|001011":7769,"2|0|001010":7121,"1|0|110000":29767,"2|0|111110":581,"2|0|111111":576,"1|1|101010":42355,"2|1|010010":11472,"2|1|011100":14790,"2|1|011101":14344,"1|0|010001":33834,"1|0|010000":30878,"2|1|010011":11931,"1|1|101011":40312,"1|0|111101":4503,"2|0|100101":10698,"2|0|100100":11217,"1|0|110010":25430,"1|0|110011":23755,"1|0|111100":6361,"2|0|110010":5156,"2|0|111101":967,"2|0|110011":4742,"2|0|111100":1294,"2|1|011111":13596,"1|0|010111":49526,"1|0|010110":47199,"2|1|011110":13790,"1|1|101001":44686,"1|1|101000":46568,"1|0|110100":21825,"1|0|110101":19272,"2|0|100111":9671,"2|0|100110":10202,"2|1|000101":4383,"2|0|001111":9859,"2|1|000100":3739,"2|0|001110":9396,"1|0|011110":63482,"2|0|111011":1651,"2|0|111010":1994,"2|1|010111":14209,"1|0|011111":65347,"2|1|010110":13582,"1|0|110111":15701,"2|0|100001":12627,"2|0|100000":13073,"2|0|001001":6521,"2|0|001000":5913,"1|0|000101":4259,"1|0|000100":3741,"1|0|110110":17640,"1|0|010010":36697,"2|0|111000":2906,"2|0|111001":2488,"1|0|011101":62385,"2|1|010001":10997,"1|0|010011":39143,"1|0|011100":60573,"2|1|010000":10485}}
