{"probability":{"Group 13":"0.08620016074480906","Group 12":"0.034642235212012144","Group 11":"0.057010511075782436","Group 10":"0.0","Group  6":"0.0","Group  5":"0.0","Group  4":"0.003842885844347452","Group  3":"0.0005341274444128872","Group  2":"0.0000714119971268329","Group  1":"0.0","Group  9":"0.0003709568765169523","Group  8":"0.0056177555144035175","Group  7":"0.8117099552905888"},"groups":{"Group 13":["Botan 1.5.6 & 1.11.29 & 2.1.0","Feitian JavaCOS A22 & A40","Gemalto GCX4 72K","HSM SafeNet Luna SA-1700","LibTomCrypt 1.17","Libgcrypt 1.6.0 & 1.6.5 & 1.7.6","Libgcrypt 1.6.0 FIPS & 1.6.5 FIPS","Nettle 3.2 & 3.3","Oberthur Cosmo 64","OpenSSL FIPS 2.0.12 & 2.0.14","PGPSDK 4","WolfSSL 2.0rc1 & 3.9.0 & 3.10.2","cryptlib 3.4.3 & 3.4.3.1"],"Group 12":["Bouncy Castle 1.53 (Java)","Cryptix JCE 20050328","FlexiProvider 1.7p7","HSM Utimaco Security Server Se50","Nettle 2.0","PolarSSL 0.10.0","PuTTY 0.67","SunRsaSign OpenJDK 1.8.0","mbedTLS 1.3.19 & 2.2.1 & 2.4.2"],"Group 11":["Bouncy Castle 1.54 (Java)","Crypto++ 5.6.0 & 5.6.3 & 5.6.5","Libgcrypt 1.7.6 FIPS","Microsoft CryptoAPI & CNG & .NET"],"Group 10":["NXP J2D081 & J2E145G","YubiKey NEO"],"Group  6":["Oberthur Cosmo Dual 72K"],"Group  5":["NXP J2A080 & J2A081 & J3A081 & JCOP 41 V2.2.1"],"Group  4":["Gemalto GXP E64"],"Group  3":["GNU Crypto 2.0.1"],"Group  2":["G&D SmartCafe 4.x & 6.0"],"Group  1":["G&D SmartCafe 3.2"],"Group  9":["Infineon JTOP 80K","YubiKey 4 & 4 Nano"],"Group  8":["PGPSDK 4 FIPS"],"Group  7":["OpenSSL 0.9.7 & 1.0.2g & 1.0.2k & 1.1.0e"]},"frequencies":{"1|1|000110":1532,"2|1|100011":4495,"2|1|101101":2797,"1|1|000111":1696,"2|1|101100":2902,"2|1|100010":4632,"2|0|000000":1643,"2|0|000001":1353,"1|0|111010":9288,"1|0|111011":7626,"1|1|011010":50177,"1|1|011011":52426,"2|0|110100":1665,"2|0|110101":1552,"1|0|100001":58529,"1|0|100000":60859,"2|1|100000":5168,"1|1|000100":1406,"2|1|100001":4804,"2|0|000011":1385,"2|0|001101":2763,"2|0|001100":2727,"2|0|000010":1308,"1|1|000101":1516,"2|1|010101":4237,"2|0|011010":4935,"2|1|010100":4061,"2|0|011011":5193,"1|0|100010":56076,"1|0|101100":35589,"1|0|101101":33655,"1|0|100011":53901,"2|1|100110":4034,"1|1|110101":18626,"2|1|100111":3808,"2|0|000101":1468,"2|0|000100":1425,"1|0|111110":2486,"1|1|110100":20271,"1|0|111111":880,"1|0|100101":49747,"2|0|110001":2145,"2|0|110000":2233,"1|0|010101":38184,"1|0|010100":35559,"2|0|011001":4784,"2|0|011000":4778,"1|0|100100":51892,"2|1|100100":4231,"2|1|100101":4184,"2|0|000110":1611,"2|0|000111":1610,"1|0|111000":12876,"1|0|111001":11041,"2|0|110111":1232,"2|0|110110":1394,"2|0|011111":5256,"2|0|011110":5170,"1|0|100111":45674,"1|0|100110":48015,"1|1|001001":6128,"1|0|001001":6148,"1|0|001000":3221,"1|1|001000":3066,"1|1|110001":25760,"1|1|110000":27613,"1|1|010000":25336,"2|0|011101":5117,"2|1|111111":151,"2|1|111110":257,"2|0|010010":3667,"2|0|011100":4970,"2|0|010011":3855,"1|1|010001":28158,"1|0|101010":39381,"1|0|101011":37366,"1|0|001010":9107,"1|1|001111":22437,"1|0|001011":11814,"1|1|001110":19985,"2|1|101011":3148,"2|1|101010":3265,"1|1|110111":15004,"1|1|110110":16463,"1|1|010010":30650,"1|1|010011":33110,"1|1|011100":54324,"2|0|010001":3611,"2|1|111001":913,"2|1|111000":1084,"2|0|010000":3328,"1|1|011101":56578,"1|1|000011":1370,"1|1|001100":14360,"1|1|001101":17247,"2|1|101001":3381,"1|1|000010":1339,"2|1|101000":3671,"1|1|111110":2625,"1|1|111111":903,"2|1|111010":745,"1|1|011110":58402,"1|1|011111":60671,"2|0|010111":4493,"2|1|001000":1777,"2|1|001001":1939,"2|1|111011":638,"2|0|010110":4346,"1|0|101111":29757,"1|1|100101":50004,"1|1|100100":51970,"1|0|101110":31469,"1|1|000000":1620,"1|1|000001":1289,"2|1|101111":2426,"2|1|101110":2723,"1|1|110010":23883,"1|1|111101":4332,"1|1|110011":21860,"1|1|111100":5867,"1|1|011000":45238,"1|1|011001":47926,"2|1|001010":2174,"2|0|010100":3994,"2|1|001011":2457,"2|0|010101":4213,"1|0|101001":41173,"1|0|101000":43265,"1|0|000110":1542,"2|0|101101":2768,"2|0|100011":4544,"2|0|101100":2889,"2|0|100010":4666,"2|1|000001":1329,"2|1|000000":1591,"1|1|111011":7711,"1|0|000111":1655,"1|1|111010":9584,"1|0|011011":51612,"2|1|110100":1647,"1|0|011010":49886,"2|1|001100":2589,"2|1|110101":1516,"2|1|001101":2758,"1|1|100001":58119,"1|1|100000":60608,"1|0|000000":1650,"2|0|101111":2526,"2|0|101110":2562,"2|1|000111":1612,"2|1|000110":1582,"1|1|111000":12898,"1|0|000001":1277,"1|1|111001":11151,"1|0|011000":45076,"2|1|001110":2883,"2|1|110111":1286,"2|1|001111":3205,"2|1|110110":1375,"1|0|011001":47653,"1|1|100111":45575,"1|1|100110":47448,"1|0|000011":1432,"1|0|001100":14413,"1|0|000010":1366,"2|0|101001":3409,"2|0|101000":3733,"1|0|001101":17113,"2|1|110001":2145,"2|1|110000":2209,"2|1|011001":4941,"0|1|000000":1,"2|1|011000":4726,"1|1|010100":35421,"1|1|010101":38058,"1|1|101111":29360,"1|1|101110":31634,"2|0|101010":3335,"1|0|001111":22673,"1|1|001010":8964,"1|0|001110":20123,"1|1|001011":11896,"2|0|101011":3077,"2|1|000011":1395,"2|1|000010":1333,"1|1|010110":40208,"2|1|111101":367,"2|1|110010":1927,"2|1|111100":478,"2|1|110011":1836,"2|1|011010":5024,"2|1|011011":5157,"1|1|010111":42962,"1|1|101101":33309,"1|1|100011":54280,"1|1|101100":35792,"1|1|100010":56379,"1|0|110001":25823,"2|0|001011":2427,"2|0|001010":2200,"1|0|110000":27861,"2|0|111110":238,"2|0|111111":157,"1|1|101010":39536,"2|1|010010":3693,"2|1|011100":5109,"2|1|011101":5065,"1|0|010001":27870,"1|0|010000":25308,"2|1|010011":3803,"1|1|101011":37201,"1|0|111101":4289,"2|0|100101":4090,"2|0|100100":4449,"1|0|110010":24000,"1|0|110011":21843,"1|0|111100":5992,"2|0|110010":1945,"2|0|111101":383,"2|0|110011":1912,"2|0|111100":514,"2|1|011111":5229,"1|0|010111":42948,"1|0|010110":40643,"2|1|011110":5199,"1|1|101001":41293,"1|1|101000":42965,"1|0|110100":19954,"1|0|110101":18380,"2|0|100111":3807,"2|0|100110":4030,"2|1|000101":1529,"2|0|001111":3140,"2|1|000100":1466,"2|0|001110":2949,"1|0|011110":58625,"2|0|111011":618,"2|0|111010":782,"2|1|010111":4600,"1|0|011111":60709,"2|1|010110":4349,"1|0|110111":14859,"2|0|100001":5068,"2|0|100000":5108,"2|0|001001":2088,"2|0|001000":1794,"1|0|000101":1568,"1|0|000100":1482,"1|0|110110":16484,"1|0|010010":30316,"2|0|111000":1075,"2|0|111001":889,"1|0|011101":56363,"2|1|010001":3602,"1|0|010011":33058,"1|0|011100":54546,"2|1|010000":3224}}
