{"probability":{"Group 13":"0.03466981933789662","Group 12":"0.030456788627173485","Group 11":"0.23050647123137769","Group 10":"0.000039066703648909784","Group  6":"0.00009195093731902418","Group  5":"0.0","Group  4":"0.0016998063911315058","Group  3":"0.00006995079284916255","Group  2":"0.0","Group  1":"0.0","Group  9":"0.000057416096128569765","Group  8":"0.00496958407929124","Group  7":"0.6974391458031839"},"groups":{"Group 13":["Botan 1.5.6 & 1.11.29 & 2.1.0","Feitian JavaCOS A22 & A40","Gemalto GCX4 72K","HSM SafeNet Luna SA-1700","LibTomCrypt 1.17","Libgcrypt 1.6.0 & 1.6.5 & 1.7.6","Libgcrypt 1.6.0 FIPS & 1.6.5 FIPS","Nettle 3.2 & 3.3","Oberthur Cosmo 64","OpenSSL FIPS 2.0.12 & 2.0.14","PGPSDK 4","WolfSSL 2.0rc1 & 3.9.0 & 3.10.2","cryptlib 3.4.3 & 3.4.3.1"],"Group 12":["Bouncy Castle 1.53 (Java)","Cryptix JCE 20050328","FlexiProvider 1.7p7","HSM Utimaco Security Server Se50","Nettle 2.0","PolarSSL 0.10.0","PuTTY 0.67","SunRsaSign OpenJDK 1.8.0","mbedTLS 1.3.19 & 2.2.1 & 2.4.2"],"Group 11":["Bouncy Castle 1.54 (Java)","Crypto++ 5.6.0 & 5.6.3 & 5.6.5","Libgcrypt 1.7.6 FIPS","Microsoft CryptoAPI & CNG & .NET"],"Group 10":["NXP J2D081 & J2E145G","YubiKey NEO"],"Group  6":["Oberthur Cosmo Dual 72K"],"Group  5":["NXP J2A080 & J2A081 & J3A081 & JCOP 41 V2.2.1"],"Group  4":["Gemalto GXP E64"],"Group  3":["GNU Crypto 2.0.1"],"Group  2":["G&D SmartCafe 4.x & 6.0"],"Group  1":["G&D SmartCafe 3.2"],"Group  9":["Infineon JTOP 80K","YubiKey 4 & 4 Nano"],"Group  8":["PGPSDK 4 FIPS"],"Group  7":["OpenSSL 0.9.7 & 1.0.2g & 1.0.2k & 1.1.0e"]},"frequencies":{"1|1|000110":7927,"2|1|100011":18337,"2|1|101101":11460,"1|1|000111":8585,"2|1|101100":12168,"2|1|100010":19356,"2|0|000000":3594,"2|0|000001":4038,"1|0|111010":23343,"1|0|111011":19169,"1|1|011010":129983,"1|1|011011":134572,"2|0|110100":6831,"2|0|110101":6276,"1|0|100001":146345,"1|0|100000":151808,"2|1|100000":20983,"1|1|000100":6144,"2|1|100001":20054,"2|0|000011":5555,"2|0|001101":13662,"2|0|001100":13036,"2|0|000010":4847,"1|1|000101":6990,"2|1|010101":20310,"2|0|011010":23831,"2|1|010100":19346,"2|0|011011":23504,"1|0|100010":139943,"1|0|101100":88756,"1|0|101101":84011,"1|0|100011":134991,"2|1|100110":16242,"1|1|110101":46156,"2|1|100111":15701,"2|0|000101":7076,"2|0|000100":6450,"1|0|111110":6446,"1|1|110100":50591,"1|0|111111":2397,"1|0|100101":123994,"2|0|110001":8872,"2|0|110000":9363,"1|0|010101":99967,"1|0|010100":93653,"2|0|011001":22932,"2|0|011000":22387,"1|0|100100":130219,"2|1|100100":17761,"2|1|100101":17101,"0|0|011100":2,"2|0|000110":7755,"2|0|000111":8623,"1|0|111000":32179,"1|0|111001":28084,"2|0|110111":5064,"2|0|110110":5774,"2|0|011111":21404,"2|0|011110":21930,"1|0|100111":113977,"1|0|100110":118996,"1|1|001001":20006,"1|0|001001":19776,"1|0|001000":12352,"1|1|001000":12818,"1|1|110001":64460,"1|1|110000":69530,"1|1|010000":68022,"2|0|011101":22304,"2|1|111111":683,"2|1|111110":965,"2|0|010010":17848,"2|0|011100":22830,"2|0|010011":18714,"1|1|010001":74633,"1|0|101010":98355,"1|0|101011":93695,"1|0|001010":26927,"1|1|001111":61354,"1|0|001011":34153,"1|1|001110":54971,"2|1|101011":12758,"2|1|101010":13463,"1|1|110111":36644,"1|1|110110":41378,"1|1|010010":81328,"1|1|010011":87609,"1|1|011100":138723,"2|0|010001":17121,"2|1|111001":3769,"2|1|111000":4521,"2|0|010000":16183,"1|1|011101":143275,"1|1|000011":5541,"1|1|001100":40866,"1|1|001101":47841,"2|1|101001":14173,"1|1|000010":4816,"2|1|101000":14978,"1|1|111110":6406,"1|1|111111":2536,"2|1|111010":3263,"1|1|011110":147430,"1|1|011111":152465,"2|0|010111":21530,"2|1|001000":9321,"2|1|001001":10467,"2|1|111011":2783,"2|0|010110":21133,"1|0|101111":73780,"1|1|100101":124529,"1|1|100100":129851,"1|0|101110":78843,"1|1|000000":3553,"1|1|000001":4205,"2|1|101111":10145,"2|1|101110":10944,"1|1|110010":60012,"1|1|111101":10709,"1|1|110011":55364,"1|1|111100":14914,"1|1|011000":118334,"1|1|011001":124224,"2|1|001010":11194,"2|0|010100":19394,"2|1|001011":12237,"2|0|010101":20146,"1|0|101001":103470,"1|0|101000":109167,"1|0|000110":7756,"2|0|101101":11484,"2|0|100011":18501,"2|0|101100":12024,"2|0|100010":19265,"2|1|000001":4092,"2|1|000000":3649,"1|1|111011":19290,"1|0|000111":8423,"1|1|111010":23652,"1|0|011011":134108,"2|1|110100":6730,"1|0|011010":129665,"2|1|001100":12917,"2|1|110101":6300,"2|1|001101":13763,"1|1|100001":145909,"1|1|100000":151991,"1|0|000000":3561,"2|0|101111":10191,"2|0|101110":10671,"2|1|000111":8408,"2|1|000110":7815,"1|1|111000":32181,"1|0|000001":4048,"1|1|111001":27720,"1|0|011000":117936,"2|1|001110":14522,"2|1|110111":5033,"2|1|001111":15641,"2|1|110110":5666,"1|0|011001":124330,"1|1|100111":113432,"1|1|100110":119253,"1|0|000011":5702,"1|0|001100":41074,"1|0|000010":4810,"2|0|101001":14112,"2|0|101000":14815,"1|0|001101":47574,"2|1|110001":8695,"2|1|110000":9489,"2|1|011001":23151,"2|1|011000":22399,"1|1|010100":93806,"1|1|010101":99698,"1|1|101111":73997,"1|1|101110":78601,"2|0|101010":13723,"1|0|001111":61614,"1|1|001010":26924,"1|0|001110":54924,"1|1|001011":34324,"2|0|101011":12961,"2|1|000011":5607,"2|1|000010":4919,"1|1|010110":106249,"2|1|111101":1516,"0|1|101010":1,"2|1|110010":8340,"2|1|111100":2012,"2|1|110011":7440,"2|1|011010":23782,"2|1|011011":23563,"1|1|010111":111566,"1|1|101101":83284,"1|1|100011":135719,"1|1|101100":89051,"1|1|100010":140306,"1|0|110001":64197,"2|0|001011":12165,"2|0|001010":11254,"1|0|110000":69399,"2|0|111110":983,"2|0|111111":723,"1|1|101010":99055,"2|1|010010":17721,"2|1|011100":22861,"2|1|011101":22297,"1|0|010001":74458,"1|0|010000":68104,"2|1|010011":18584,"1|1|101011":92958,"1|0|111101":10663,"2|0|100101":16920,"2|0|100100":17834,"1|0|110010":59561,"1|0|110011":55041,"1|0|111100":14966,"2|0|110010":8143,"2|0|111101":1511,"2|0|110011":7616,"2|0|111100":2119,"2|1|011111":21069,"1|0|010111":112183,"1|0|010110":105926,"2|1|011110":21600,"1|1|101001":104601,"1|1|101000":108374,"1|0|110100":50492,"1|0|110101":46080,"2|0|100111":15437,"2|0|100110":16427,"2|1|000101":7079,"2|0|001111":15323,"2|1|000100":6338,"2|0|001110":14760,"1|0|011110":147853,"2|0|111011":2658,"2|0|111010":3192,"2|1|010111":21825,"1|0|011111":152629,"2|1|010110":21009,"1|0|110111":36655,"2|0|100001":19938,"2|0|100000":21157,"2|0|001001":10514,"2|0|001000":9495,"1|0|000101":7027,"1|0|000100":6260,"1|0|110110":41013,"1|0|010010":81275,"2|0|111000":4419,"2|0|111001":3820,"1|0|011101":143556,"2|1|010001":17189,"1|0|010011":87725,"1|0|011100":138494,"2|1|010000":16343}}
