{"probability":{"Group 13":"0.14048670783333173","Group 12":"0.011271846839512949","Group 11":"0.13960018669116134","Group 10":"0.0","Group  6":"0.00009049082539804604","Group  5":"0.0","Group  4":"0.004282667891740057","Group  3":"0.0008428381938642795","Group  2":"0.0","Group  1":"0.0","Group  9":"0.00044452040617225025","Group  8":"0.016266417561089524","Group  7":"0.6867143237577299"},"groups":{"Group 13":["Botan 1.5.6 & 1.11.29 & 2.1.0","Feitian JavaCOS A22 & A40","Gemalto GCX4 72K","HSM SafeNet Luna SA-1700","LibTomCrypt 1.17","Libgcrypt 1.6.0 & 1.6.5 & 1.7.6","Libgcrypt 1.6.0 FIPS & 1.6.5 FIPS","Nettle 3.2 & 3.3","Oberthur Cosmo 64","OpenSSL FIPS 2.0.12 & 2.0.14","PGPSDK 4","WolfSSL 2.0rc1 & 3.9.0 & 3.10.2","cryptlib 3.4.3 & 3.4.3.1"],"Group 12":["Bouncy Castle 1.53 (Java)","Cryptix JCE 20050328","FlexiProvider 1.7p7","HSM Utimaco Security Server Se50","Nettle 2.0","PolarSSL 0.10.0","PuTTY 0.67","SunRsaSign OpenJDK 1.8.0","mbedTLS 1.3.19 & 2.2.1 & 2.4.2"],"Group 11":["Bouncy Castle 1.54 (Java)","Crypto++ 5.6.0 & 5.6.3 & 5.6.5","Libgcrypt 1.7.6 FIPS","Microsoft CryptoAPI & CNG & .NET"],"Group 10":["NXP J2D081 & J2E145G","YubiKey NEO"],"Group  6":["Oberthur Cosmo Dual 72K"],"Group  5":["NXP J2A080 & J2A081 & J3A081 & JCOP 41 V2.2.1"],"Group  4":["Gemalto GXP E64"],"Group  3":["GNU Crypto 2.0.1"],"Group  2":["G&D SmartCafe 4.x & 6.0"],"Group  1":["G&D SmartCafe 3.2"],"Group  9":["Infineon JTOP 80K","YubiKey 4 & 4 Nano"],"Group  8":["PGPSDK 4 FIPS"],"Group  7":["OpenSSL 0.9.7 & 1.0.2g & 1.0.2k & 1.1.0e"]},"frequencies":{"1|1|000110":1565,"2|1|100011":7127,"2|1|101101":4357,"1|1|000111":1664,"2|1|101100":4791,"2|1|100010":7276,"2|0|000000":1348,"2|0|000001":668,"1|0|111010":7743,"1|0|111011":6278,"1|1|011010":42361,"1|1|011011":43806,"2|0|110100":2718,"2|0|110101":2512,"1|0|100001":48557,"1|0|100000":50175,"2|1|100000":8160,"1|1|000100":1228,"2|1|100001":7646,"2|0|000011":1023,"2|0|001101":3839,"2|0|001100":3541,"2|0|000010":927,"1|1|000101":1336,"2|1|010101":6545,"2|0|011010":7895,"2|1|010100":6120,"2|0|011011":8082,"1|0|100010":46370,"1|0|101100":29195,"1|0|101101":27504,"1|0|100011":44782,"2|1|100110":6323,"1|1|110101":15356,"2|1|100111":6055,"2|0|000101":1399,"2|0|000100":1243,"1|0|111110":2162,"1|1|110100":16726,"1|0|111111":840,"1|0|100101":41086,"2|0|110001":3394,"2|0|110000":3586,"1|0|010101":32391,"1|0|010100":30157,"2|0|011001":7599,"2|0|011000":7384,"1|0|100100":42678,"2|1|100100":6758,"2|1|100101":6579,"2|0|000110":1560,"2|0|000111":1708,"1|0|111000":10776,"1|0|111001":9399,"2|0|110111":1884,"2|0|110110":2225,"2|0|011111":8131,"2|0|011110":8280,"1|0|100111":37790,"1|0|100110":39506,"1|1|001001":5442,"1|0|001001":5489,"1|0|001000":2950,"1|1|001000":3115,"1|1|110001":21626,"1|1|110000":23037,"1|1|010000":21492,"2|0|011101":8074,"2|1|111111":289,"2|1|111110":479,"2|0|010010":5503,"2|0|011100":8134,"2|0|010011":5681,"1|1|010001":23856,"1|0|101010":32678,"1|0|101011":31045,"1|0|001010":7935,"1|1|001111":19180,"1|0|001011":10128,"1|1|001110":17079,"2|1|101011":4960,"2|1|101010":5275,"1|1|110111":12333,"1|1|110110":13830,"1|1|010010":25795,"1|1|010011":27974,"1|1|011100":45456,"2|0|010001":5162,"2|1|111001":1456,"2|1|111000":1723,"2|0|010000":4742,"1|1|011101":46975,"1|1|000011":1066,"1|1|001100":12765,"1|1|001101":14785,"2|1|101001":5365,"1|1|000010":869,"2|1|101000":5785,"1|1|111110":2173,"1|1|111111":862,"2|1|111010":1222,"1|1|011110":48867,"1|1|011111":50378,"2|0|010111":7178,"2|1|001000":1958,"2|1|001001":2398,"2|1|111011":1032,"2|0|010110":6714,"1|0|101111":24649,"1|1|100101":41148,"1|1|100100":42880,"1|0|101110":26428,"1|1|000000":1340,"1|1|000001":662,"2|1|101111":3906,"2|1|101110":4093,"1|1|110010":19985,"1|1|111101":3495,"1|1|110011":18189,"1|1|111100":4882,"1|1|011000":38266,"1|1|011001":40023,"2|1|001010":2823,"2|0|010100":6174,"2|1|001011":3199,"2|0|010101":6407,"1|0|101001":34407,"1|0|101000":36287,"1|0|000110":1507,"2|0|101101":4429,"2|0|100011":7190,"2|0|101100":4639,"2|0|100010":7410,"2|1|000001":675,"2|1|000000":1338,"1|1|111011":6351,"1|0|000111":1674,"1|1|111010":7983,"1|0|011011":43512,"2|1|110100":2714,"1|0|011010":42225,"2|1|001100":3544,"2|1|110101":2458,"2|1|001101":3737,"1|1|100001":48424,"1|1|100000":50287,"1|0|000000":1321,"2|0|101111":4083,"2|0|101110":4133,"2|1|000111":1713,"2|1|000110":1504,"1|1|111000":10594,"1|0|000001":667,"1|1|111001":9132,"1|0|011000":38370,"2|1|001110":4211,"2|1|110111":2020,"2|1|001111":4534,"2|1|110110":2172,"1|0|011001":40368,"1|1|100111":37587,"1|1|100110":39274,"1|0|000011":1072,"1|0|001100":12649,"1|0|000010":859,"2|0|101001":5530,"2|0|101000":5753,"1|0|001101":14735,"2|1|110001":3371,"2|1|110000":3662,"2|1|011001":7754,"2|1|011000":7292,"1|1|010100":30539,"1|1|010101":32326,"1|1|101111":24516,"1|1|101110":26324,"2|0|101010":5362,"1|0|001111":19335,"1|1|001010":7715,"1|0|001110":17400,"1|1|001011":10322,"2|0|101011":4843,"2|1|000011":1033,"2|1|000010":867,"1|1|010110":34630,"2|1|111101":654,"2|1|110010":3170,"2|1|111100":847,"2|1|110011":3004,"2|1|011010":7945,"2|1|011011":8144,"1|1|010111":36056,"1|1|101101":27809,"1|1|100011":44831,"1|1|101100":29522,"1|1|100010":46574,"1|0|110001":21528,"2|0|001011":3195,"2|0|001010":2834,"1|0|110000":23139,"2|0|111110":447,"2|0|111111":309,"1|1|101010":32662,"2|1|010010":5740,"2|1|011100":8158,"2|1|011101":7922,"1|0|010001":24092,"1|0|010000":21475,"2|1|010011":5902,"1|1|101011":30800,"1|0|111101":3607,"2|0|100101":6610,"2|0|100100":6902,"1|0|110010":20136,"1|0|110011":18253,"1|0|111100":5009,"2|0|110010":3251,"2|0|111101":660,"2|0|110011":2896,"2|0|111100":824,"2|1|011111":8120,"1|0|010111":36450,"1|0|010110":34366,"2|1|011110":7753,"1|1|101001":34456,"1|1|101000":35878,"1|0|110100":16557,"1|0|110101":15340,"2|0|100111":5953,"2|0|100110":6195,"2|1|000101":1378,"2|0|001111":4575,"2|1|000100":1228,"2|0|001110":4259,"1|0|011110":48740,"2|0|111011":1133,"2|0|111010":1277,"2|1|010111":7268,"1|0|011111":50315,"2|1|010110":6661,"1|0|110111":12281,"2|0|100001":7827,"2|0|100000":8060,"2|0|001001":2456,"2|0|001000":2050,"1|0|000101":1391,"1|0|000100":1195,"1|0|110110":13853,"1|0|010010":25963,"2|0|111000":1715,"2|0|111001":1447,"1|0|011101":46842,"2|1|010001":5363,"1|0|010011":28023,"1|0|011100":45549,"2|1|010000":4879}}
