{"probability":{"Group 13":"0.04149479680933173","Group 12":"0.03938251870677861","Group 11":"0.018723900894064085","Group 10":"0.0","Group  6":"0.0006904587389623002","Group  5":"0.0","Group  4":"0.0015577720377096401","Group  3":"0.0","Group  2":"0.0","Group  1":"0.0","Group  9":"0.00006139892432376856","Group  8":"0.00032295354939040476","Group  7":"0.8977662003394394"},"groups":{"Group 13":["Botan 1.5.6 & 1.11.29 & 2.1.0","Feitian JavaCOS A22 & A40","Gemalto GCX4 72K","HSM SafeNet Luna SA-1700","LibTomCrypt 1.17","Libgcrypt 1.6.0 & 1.6.5 & 1.7.6","Libgcrypt 1.6.0 FIPS & 1.6.5 FIPS","Nettle 3.2 & 3.3","Oberthur Cosmo 64","OpenSSL FIPS 2.0.12 & 2.0.14","PGPSDK 4","WolfSSL 2.0rc1 & 3.9.0 & 3.10.2","cryptlib 3.4.3 & 3.4.3.1"],"Group 12":["Bouncy Castle 1.53 (Java)","Cryptix JCE 20050328","FlexiProvider 1.7p7","HSM Utimaco Security Server Se50","Nettle 2.0","PolarSSL 0.10.0","PuTTY 0.67","SunRsaSign OpenJDK 1.8.0","mbedTLS 1.3.19 & 2.2.1 & 2.4.2"],"Group 11":["Bouncy Castle 1.54 (Java)","Crypto++ 5.6.0 & 5.6.3 & 5.6.5","Libgcrypt 1.7.6 FIPS","Microsoft CryptoAPI & CNG & .NET"],"Group 10":["NXP J2D081 & J2E145G","YubiKey NEO"],"Group  6":["Oberthur Cosmo Dual 72K"],"Group  5":["NXP J2A080 & J2A081 & J3A081 & JCOP 41 V2.2.1"],"Group  4":["Gemalto GXP E64"],"Group  3":["GNU Crypto 2.0.1"],"Group  2":["G&D SmartCafe 4.x & 6.0"],"Group  1":["G&D SmartCafe 3.2"],"Group  9":["Infineon JTOP 80K","YubiKey 4 & 4 Nano"],"Group  8":["PGPSDK 4 FIPS"],"Group  7":["OpenSSL 0.9.7 & 1.0.2g & 1.0.2k & 1.1.0e"]},"frequencies":{"1|1|000110":2087,"2|1|100011":3386,"2|1|101101":2152,"1|1|000111":1989,"2|1|101100":2319,"2|1|100010":3655,"2|0|000000":2120,"2|0|000001":2186,"1|0|111010":15732,"1|0|111011":12790,"1|1|011010":82359,"1|1|011011":86321,"2|0|110100":1288,"2|0|110101":1137,"1|0|100001":96786,"1|0|100000":101438,"2|1|100000":4020,"1|1|000100":2092,"2|1|100001":3809,"2|0|000011":2037,"2|0|001101":2764,"2|0|001100":2670,"2|0|000010":2087,"1|1|000101":2040,"2|1|010101":3513,"2|0|011010":3866,"2|1|010100":3368,"2|0|011011":3889,"1|0|100010":93647,"1|0|101100":59005,"1|0|101101":55418,"1|0|100011":89593,"2|1|100110":3115,"1|1|110101":30541,"2|1|100111":2806,"2|0|000101":2084,"2|0|000100":1991,"1|0|111110":4174,"1|1|110100":33917,"1|0|111111":1401,"1|0|100101":82958,"2|0|110001":1697,"2|0|110000":1773,"1|0|010101":62548,"1|0|010100":58095,"2|0|011001":3730,"2|0|011000":3636,"1|0|100100":86632,"2|1|100100":3392,"2|1|100101":3225,"2|0|000110":2020,"2|0|000111":2169,"1|0|111000":21417,"1|0|111001":18627,"2|0|110111":948,"2|0|110110":1001,"2|0|011111":4200,"2|0|011110":4070,"1|0|100111":76105,"1|0|100110":79357,"1|1|001001":9322,"1|0|001001":9224,"1|0|001000":4362,"1|1|001000":4515,"1|1|110001":42644,"1|1|110000":46081,"1|1|010000":41177,"2|0|011101":4089,"2|1|111111":57,"2|1|111110":163,"2|0|010010":3169,"2|0|011100":3961,"2|0|010011":3294,"1|1|010001":45539,"1|0|101010":65980,"1|0|101011":62231,"1|0|001010":14256,"1|1|001111":36822,"1|0|001011":18527,"1|1|001110":32658,"2|1|101011":2409,"2|1|101010":2553,"1|1|110111":24523,"1|1|110110":27717,"1|1|010010":50088,"1|1|010011":54176,"1|1|011100":89913,"2|0|010001":3109,"2|1|111001":725,"2|1|111000":831,"2|0|010000":3101,"1|1|011101":93665,"1|1|000011":2153,"1|1|001100":23276,"1|1|001101":28125,"2|1|101001":2620,"1|1|000010":2084,"2|1|101000":2876,"1|1|111110":4179,"1|1|111111":1410,"2|1|111010":594,"1|1|011110":96857,"1|1|011111":100817,"2|0|010111":3658,"2|1|001000":2100,"2|1|001001":2281,"2|1|111011":453,"2|0|010110":3562,"1|0|101111":49361,"1|1|100101":82981,"1|1|100100":86050,"1|0|101110":52262,"1|1|000000":2151,"1|1|000001":2157,"2|1|101111":1952,"2|1|101110":2042,"1|1|110010":39462,"1|1|111101":7080,"1|1|110011":36777,"1|1|111100":9855,"1|1|011000":75009,"1|1|011001":78362,"2|1|001010":2411,"2|0|010100":3398,"2|1|001011":2507,"2|0|010101":3570,"1|0|101001":68819,"1|0|101000":72864,"1|0|000110":2162,"2|0|101101":2225,"2|0|100011":3618,"2|0|101100":2245,"2|0|100010":3678,"2|1|000001":2123,"2|1|000000":2087,"1|1|111011":12867,"1|0|000111":2060,"1|1|111010":15640,"1|0|011011":85983,"2|1|110100":1299,"1|0|011010":82472,"2|1|001100":2538,"2|1|110101":1238,"2|1|001101":2755,"1|1|100001":97280,"1|1|100000":101030,"1|0|000000":2098,"2|0|101111":1898,"2|0|101110":2014,"2|1|000111":2041,"2|1|000110":2058,"1|1|111000":21303,"1|0|000001":2076,"1|1|111001":18487,"1|0|011000":74343,"2|1|001110":2826,"2|1|110111":920,"2|1|001111":3031,"2|1|110110":1048,"1|0|011001":78265,"1|1|100111":75443,"1|1|100110":79250,"1|0|000011":2050,"1|0|001100":23241,"1|0|000010":2106,"2|0|101001":2674,"2|0|101000":2915,"1|0|001101":27714,"2|1|110001":1634,"2|1|110000":1794,"2|1|011001":3879,"2|1|011000":3712,"1|1|010100":58314,"1|1|010101":62222,"1|1|101111":48964,"1|1|101110":52471,"2|0|101010":2586,"1|0|001111":36864,"1|1|001010":13991,"1|0|001110":32325,"1|1|001011":18717,"2|0|101011":2399,"2|1|000011":2077,"2|1|000010":2101,"1|1|010110":66667,"2|1|111101":258,"2|1|110010":1433,"2|1|111100":375,"2|1|110011":1407,"2|1|011010":3879,"2|1|011011":3805,"1|1|010111":70528,"1|1|101101":55531,"1|1|100011":89812,"1|1|101100":58995,"1|1|100010":93323,"1|0|110001":42664,"2|0|001011":2544,"2|0|001010":2315,"1|0|110000":46063,"2|0|111110":163,"2|0|111111":63,"1|1|101010":65138,"2|1|010010":3099,"2|1|011100":3929,"2|1|011101":4006,"1|0|010001":45707,"1|0|010000":40883,"2|1|010011":3329,"1|1|101011":62100,"1|0|111101":7106,"2|0|100101":3251,"2|0|100100":3389,"1|0|110010":39723,"1|0|110011":36808,"1|0|111100":9786,"2|0|110010":1500,"2|0|111101":287,"2|0|110011":1383,"2|0|111100":375,"2|1|011111":4145,"1|0|010111":70845,"1|0|010110":66376,"2|1|011110":4120,"1|1|101001":68906,"1|1|101000":72453,"1|0|110100":33251,"1|0|110101":30606,"2|0|100111":2943,"2|0|100110":3039,"2|1|000101":2056,"2|0|001111":2954,"2|1|000100":2193,"2|0|001110":2798,"1|0|011110":97580,"2|0|111011":465,"2|0|111010":609,"2|1|010111":3734,"1|0|011111":100871,"2|1|010110":3695,"1|0|110111":24522,"2|0|100001":3888,"2|0|100000":4004,"2|0|001001":2190,"2|0|001000":2168,"1|0|000101":2146,"1|0|000100":2127,"1|0|110110":27697,"1|0|010010":50122,"2|0|111000":841,"2|0|111001":684,"1|0|011101":93750,"2|1|010001":3142,"1|0|010011":54142,"1|0|011100":89392,"2|1|010000":3031}}
