{"probability":{"Group 13":"0.1299940535578013","Group 12":"0.023604163996713615","Group 11":"0.13060464634549132","Group 10":"0.0","Group  6":"0.0","Group  5":"0.0","Group  4":"0.003717283139456138","Group  3":"0.000733673161879675","Group  2":"0.0","Group  1":"0.0","Group  9":"0.0005148832140732593","Group  8":"0.011617848154781557","Group  7":"0.699213448429803"},"groups":{"Group 13":["Botan 1.5.6 & 1.11.29 & 2.1.0","Feitian JavaCOS A22 & A40","Gemalto GCX4 72K","HSM SafeNet Luna SA-1700","LibTomCrypt 1.17","Libgcrypt 1.6.0 & 1.6.5 & 1.7.6","Libgcrypt 1.6.0 FIPS & 1.6.5 FIPS","Nettle 3.2 & 3.3","Oberthur Cosmo 64","OpenSSL FIPS 2.0.12 & 2.0.14","PGPSDK 4","WolfSSL 2.0rc1 & 3.9.0 & 3.10.2","cryptlib 3.4.3 & 3.4.3.1"],"Group 12":["Bouncy Castle 1.53 (Java)","Cryptix JCE 20050328","FlexiProvider 1.7p7","HSM Utimaco Security Server Se50","Nettle 2.0","PolarSSL 0.10.0","PuTTY 0.67","SunRsaSign OpenJDK 1.8.0","mbedTLS 1.3.19 & 2.2.1 & 2.4.2"],"Group 11":["Bouncy Castle 1.54 (Java)","Crypto++ 5.6.0 & 5.6.3 & 5.6.5","Libgcrypt 1.7.6 FIPS","Microsoft CryptoAPI & CNG & .NET"],"Group 10":["NXP J2D081 & J2E145G","YubiKey NEO"],"Group  6":["Oberthur Cosmo Dual 72K"],"Group  5":["NXP J2A080 & J2A081 & J3A081 & JCOP 41 V2.2.1"],"Group  4":["Gemalto GXP E64"],"Group  3":["GNU Crypto 2.0.1"],"Group  2":["G&D SmartCafe 4.x & 6.0"],"Group  1":["G&D SmartCafe 3.2"],"Group  9":["Infineon JTOP 80K","YubiKey 4 & 4 Nano"],"Group  8":["PGPSDK 4 FIPS"],"Group  7":["OpenSSL 0.9.7 & 1.0.2g & 1.0.2k & 1.1.0e"]},"frequencies":{"1|1|000110":1962,"2|1|100011":7433,"2|1|101101":4549,"1|1|000111":2053,"2|1|101100":4893,"2|1|100010":7571,"2|0|000000":1668,"2|0|000001":1072,"1|0|111010":8491,"1|0|111011":6924,"1|1|011010":46737,"1|1|011011":48292,"2|0|110100":2781,"2|0|110101":2535,"1|0|100001":53356,"1|0|100000":55494,"2|1|100000":8426,"1|1|000100":1547,"2|1|100001":7903,"2|0|000011":1369,"2|0|001101":4290,"2|0|001100":3908,"2|0|000010":1274,"1|1|000101":1762,"2|1|010101":6870,"2|0|011010":8275,"2|1|010100":6416,"2|0|011011":8484,"1|0|100010":50981,"1|0|101100":32409,"1|0|101101":30444,"1|0|100011":49375,"2|1|100110":6533,"1|1|110101":16808,"2|1|100111":6037,"2|0|000101":1797,"2|0|000100":1590,"1|0|111110":2360,"1|1|110100":18418,"1|0|111111":882,"1|0|100101":45250,"2|0|110001":3457,"2|0|110000":3646,"1|0|010101":35606,"1|0|010100":33239,"2|0|011001":7915,"2|0|011000":7784,"1|0|100100":47293,"2|1|100100":7016,"2|1|100101":6831,"2|0|000110":1991,"2|0|000111":2010,"1|0|111000":11847,"1|0|111001":10256,"2|0|110111":1955,"2|0|110110":2325,"2|0|011111":8421,"2|0|011110":8453,"1|0|100111":41763,"1|0|100110":43787,"1|1|001001":6254,"1|0|001001":6249,"1|0|001000":3455,"1|1|001000":3582,"1|1|110001":23639,"1|1|110000":25477,"1|1|010000":23744,"2|0|011101":8353,"2|1|111111":265,"2|1|111110":486,"2|0|010010":5810,"2|0|011100":8377,"2|0|010011":6019,"1|1|010001":26275,"1|0|101010":35971,"1|0|101011":34189,"1|0|001010":9009,"1|1|001111":21149,"1|0|001011":11292,"1|1|001110":18863,"2|1|101011":5096,"2|1|101010":5410,"1|1|110111":13592,"1|1|110110":15119,"1|1|010010":28644,"1|1|010011":30973,"1|1|011100":50220,"2|0|010001":5548,"2|1|111001":1524,"2|1|111000":1775,"2|0|010000":5168,"1|1|011101":51582,"1|1|000011":1439,"1|1|001100":14159,"1|1|001101":16474,"2|1|101001":5514,"1|1|000010":1252,"2|1|101000":5888,"1|1|111110":2411,"1|1|111111":934,"2|1|111010":1286,"1|1|011110":53677,"1|1|011111":55649,"2|0|010111":7474,"2|1|001000":2272,"2|1|001001":2718,"2|1|111011":1116,"2|0|010110":7013,"1|0|101111":27101,"1|1|100101":45708,"1|1|100100":47261,"1|0|101110":29106,"1|1|000000":1617,"1|1|000001":1042,"2|1|101111":3978,"2|1|101110":4305,"1|1|110010":22117,"1|1|111101":3921,"1|1|110011":19972,"1|1|111100":5355,"1|1|011000":42255,"1|1|011001":44027,"2|1|001010":3124,"2|0|010100":6462,"2|1|001011":3561,"2|0|010101":6729,"1|0|101001":37847,"1|0|101000":39582,"1|0|000110":1923,"2|0|101101":4528,"2|0|100011":7358,"2|0|101100":4760,"2|0|100010":7592,"2|1|000001":1082,"2|1|000000":1638,"1|1|111011":7089,"1|0|000111":2081,"1|1|111010":8758,"1|0|011011":48007,"2|1|110100":2746,"1|0|011010":46494,"2|1|001100":3896,"2|1|110101":2542,"2|1|001101":4030,"1|1|100001":53229,"1|1|100000":55661,"1|0|000000":1710,"2|0|101111":4152,"2|0|101110":4346,"2|1|000111":2046,"2|1|000110":1898,"1|1|111000":11793,"1|0|000001":1060,"1|1|111001":10060,"1|0|011000":42159,"2|1|001110":4552,"2|1|110111":2047,"2|1|001111":4902,"2|1|110110":2247,"1|0|011001":44258,"1|1|100111":41653,"1|1|100110":43565,"1|0|000011":1416,"1|0|001100":14019,"1|0|000010":1261,"2|0|101001":5722,"2|0|101000":5995,"1|0|001101":16415,"2|1|110001":3459,"2|1|110000":3815,"2|1|011001":7999,"2|1|011000":7616,"1|1|010100":33384,"1|1|010101":35335,"1|1|101111":27019,"1|1|101110":28951,"2|0|101010":5530,"1|0|001111":21409,"1|1|001010":8773,"1|0|001110":18985,"1|1|001011":11463,"2|0|101011":5056,"2|1|000011":1396,"2|1|000010":1197,"1|1|010110":38159,"2|1|111101":695,"2|1|110010":3217,"2|1|111100":824,"2|1|110011":3046,"2|1|011010":8242,"2|1|011011":8442,"1|1|010111":39976,"1|1|101101":30638,"1|1|100011":49416,"1|1|101100":32360,"1|1|100010":51067,"1|0|110001":23728,"2|0|001011":3500,"2|0|001010":3185,"1|0|110000":25259,"2|0|111110":448,"2|0|111111":285,"1|1|101010":36074,"2|1|010010":5929,"2|1|011100":8285,"2|1|011101":8228,"1|0|010001":26509,"1|0|010000":23808,"2|1|010011":6272,"1|1|101011":33845,"1|0|111101":3943,"2|0|100101":6724,"2|0|100100":7047,"1|0|110010":22127,"1|0|110011":19964,"1|0|111100":5531,"2|0|110010":3311,"2|0|111101":641,"2|0|110011":2980,"2|0|111100":851,"2|1|011111":8395,"1|0|010111":39873,"1|0|010110":37881,"2|1|011110":8214,"1|1|101001":38243,"1|1|101000":39578,"1|0|110100":18226,"1|0|110101":16811,"2|0|100111":6212,"2|0|100110":6403,"2|1|000101":1832,"2|0|001111":4813,"2|1|000100":1559,"2|0|001110":4520,"1|0|011110":53794,"2|0|111011":1091,"2|0|111010":1253,"2|1|010111":7610,"1|0|011111":55644,"2|1|010110":7057,"1|0|110111":13409,"2|0|100001":8179,"2|0|100000":8226,"2|0|001001":2819,"2|0|001000":2343,"1|0|000101":1702,"1|0|000100":1615,"1|0|110110":15200,"1|0|010010":28446,"2|0|111000":1771,"2|0|111001":1532,"1|0|011101":51650,"2|1|010001":5590,"1|0|010011":30922,"1|0|011100":50107,"2|1|010000":5261}}
