{"probability":{"Group 13":"0.04189778397945155","Group 12":"0.0471213537931164","Group 11":"0.19489589514597758","Group 10":"0.00019793892206972758","Group  6":"0.0003369754062511054","Group  5":"0.0","Group  4":"0.002831796074535696","Group  3":"0.0","Group  2":"0.00001049337454105214","Group  1":"0.0","Group  9":"0.00027469839108826505","Group  8":"0.01127005382645211","Group  7":"0.7011630110865162"},"groups":{"Group 13":["Botan 1.5.6 & 1.11.29 & 2.1.0","Feitian JavaCOS A22 & A40","Gemalto GCX4 72K","HSM SafeNet Luna SA-1700","LibTomCrypt 1.17","Libgcrypt 1.6.0 & 1.6.5 & 1.7.6","Libgcrypt 1.6.0 FIPS & 1.6.5 FIPS","Nettle 3.2 & 3.3","Oberthur Cosmo 64","OpenSSL FIPS 2.0.12 & 2.0.14","PGPSDK 4","WolfSSL 2.0rc1 & 3.9.0 & 3.10.2","cryptlib 3.4.3 & 3.4.3.1"],"Group 12":["Bouncy Castle 1.53 (Java)","Cryptix JCE 20050328","FlexiProvider 1.7p7","HSM Utimaco Security Server Se50","Nettle 2.0","PolarSSL 0.10.0","PuTTY 0.67","SunRsaSign OpenJDK 1.8.0","mbedTLS 1.3.19 & 2.2.1 & 2.4.2"],"Group 11":["Bouncy Castle 1.54 (Java)","Crypto++ 5.6.0 & 5.6.3 & 5.6.5","Libgcrypt 1.7.6 FIPS","Microsoft CryptoAPI & CNG & .NET"],"Group 10":["NXP J2D081 & J2E145G","YubiKey NEO"],"Group  6":["Oberthur Cosmo Dual 72K"],"Group  5":["NXP J2A080 & J2A081 & J3A081 & JCOP 41 V2.2.1"],"Group  4":["Gemalto GXP E64"],"Group  3":["GNU Crypto 2.0.1"],"Group  2":["G&D SmartCafe 4.x & 6.0"],"Group  1":["G&D SmartCafe 3.2"],"Group  9":["Infineon JTOP 80K","YubiKey 4 & 4 Nano"],"Group  8":["PGPSDK 4 FIPS"],"Group  7":["OpenSSL 0.9.7 & 1.0.2g & 1.0.2k & 1.1.0e"]},"frequencies":{"1|1|000110":9825,"2|1|100011":19673,"2|1|101101":12170,"1|1|000111":10621,"2|1|101100":13022,"2|1|100010":20757,"2|0|000000":5887,"2|0|000001":6297,"1|0|111010":26226,"1|0|111011":21455,"1|1|011010":143750,"1|1|011011":149473,"2|0|110100":7393,"2|0|110101":6858,"1|0|100001":163037,"1|0|100000":169122,"2|1|100000":22067,"1|1|000100":8290,"2|1|100001":21354,"2|0|000011":7713,"2|0|001101":15359,"2|0|001100":14869,"2|0|000010":7001,"1|1|000101":8950,"2|1|010101":21824,"2|0|011010":25388,"2|1|010100":21010,"2|0|011011":25159,"1|0|100010":156825,"1|0|101100":99029,"1|0|101101":93051,"1|0|100011":150926,"2|1|100110":17407,"1|1|110101":51420,"2|1|100111":16641,"2|0|000101":9024,"2|0|000100":8294,"1|0|111110":7163,"1|1|110100":56107,"1|0|111111":2749,"1|0|100101":138020,"2|0|110001":9479,"2|0|110000":10029,"1|0|010101":110602,"1|0|010100":104207,"2|0|011001":24543,"2|0|011000":24124,"1|0|100100":144556,"2|1|100100":18916,"2|1|100101":18430,"2|0|000110":9590,"2|0|000111":10436,"1|0|111000":36050,"1|0|111001":31316,"2|0|110111":5627,"2|0|110110":6167,"2|0|011111":22703,"2|0|011110":23291,"1|0|100111":126466,"1|0|100110":133106,"1|1|001001":22825,"1|0|001001":22823,"1|0|001000":14750,"1|1|001000":14765,"1|1|110001":71706,"1|1|110000":77038,"1|1|010000":76301,"2|0|011101":23687,"2|1|111111":760,"2|1|111110":1148,"2|0|010010":19276,"2|0|011100":24341,"2|0|010011":20242,"1|1|010001":83429,"1|0|101010":109528,"1|0|101011":104466,"1|0|001010":31082,"1|1|001111":69078,"1|0|001011":38673,"1|1|001110":61480,"2|1|101011":13879,"2|1|101010":14496,"1|1|110111":40982,"1|1|110110":45971,"1|1|010010":89924,"1|1|010011":97072,"1|1|011100":153889,"2|0|010001":18778,"2|1|111001":4176,"2|1|111000":4938,"2|0|010000":18219,"1|1|011101":159792,"1|1|000011":7759,"1|1|001100":46262,"1|1|001101":53735,"2|1|101001":15425,"1|1|000010":7085,"2|1|101000":15844,"1|1|111110":7351,"1|1|111111":2789,"2|1|111010":3670,"1|1|011110":164406,"1|1|011111":169300,"2|0|010111":23329,"2|1|001000":11123,"2|1|001001":12147,"2|1|111011":3062,"2|0|010110":22688,"1|0|101111":82521,"1|1|100101":138648,"1|1|100100":145027,"1|0|101110":88153,"1|1|000000":5977,"1|1|000001":6357,"2|1|101111":10743,"2|1|101110":11709,"1|1|110010":66677,"1|1|111101":12037,"1|1|110011":61674,"1|1|111100":16844,"1|1|011000":131569,"1|1|011001":137868,"2|1|001010":13000,"2|0|010100":21068,"2|1|001011":13971,"2|0|010101":21655,"1|0|101001":115446,"1|0|101000":121392,"1|0|000110":9706,"2|0|101101":12439,"2|0|100011":19799,"2|0|101100":13189,"2|0|100010":20589,"2|1|000001":6491,"2|1|000000":5957,"1|1|111011":21495,"1|0|000111":10472,"1|1|111010":26398,"1|0|011011":148999,"2|1|110100":7431,"1|0|011010":143992,"2|1|001100":14672,"2|1|110101":6840,"2|1|001101":15454,"1|1|100001":163111,"1|1|100000":169400,"1|0|000000":5869,"2|0|101111":10891,"2|0|101110":11642,"2|1|000111":10458,"2|1|000110":9932,"1|1|111000":36364,"1|0|000001":6374,"1|1|111001":31278,"1|0|011000":131739,"2|1|001110":16483,"2|1|110111":5542,"2|1|001111":17282,"2|1|110110":6188,"1|0|011001":137690,"1|1|100111":126462,"1|1|100110":132467,"1|0|000011":7946,"1|0|001100":46428,"1|0|000010":7078,"2|0|101001":15265,"2|0|101000":15989,"1|0|001101":53677,"2|1|110001":9502,"2|1|110000":10170,"2|1|011001":24402,"2|1|011000":24146,"1|1|010100":103871,"1|1|010101":110592,"1|1|101111":82625,"1|1|101110":87306,"2|0|101010":14371,"1|0|001111":68646,"1|1|001010":30648,"1|0|001110":61298,"1|1|001011":38390,"2|0|101011":13838,"2|1|000011":7644,"2|1|000010":6999,"1|1|010110":117376,"2|1|111101":1735,"0|1|101010":1,"2|1|110010":8849,"2|1|111100":2292,"2|1|110011":7941,"2|1|011010":25319,"2|1|011011":24724,"1|1|010111":124843,"1|1|101101":92118,"1|1|100011":151159,"1|1|101100":98749,"1|1|100010":156566,"1|0|110001":71831,"2|0|001011":13928,"2|0|001010":12901,"1|0|110000":76939,"2|0|111110":1178,"2|0|111111":809,"1|1|101010":110398,"2|1|010010":19508,"2|1|011100":24434,"2|1|011101":23838,"1|0|010001":82868,"1|0|010000":75852,"2|1|010011":20110,"1|1|101011":104245,"1|0|111101":12166,"2|0|100101":18182,"2|0|100100":19040,"1|0|110010":66321,"1|0|110011":61467,"1|0|111100":16906,"2|0|110010":8818,"2|0|111101":1811,"2|0|110011":8333,"2|0|111100":2347,"2|1|011111":22919,"1|0|010111":124111,"1|0|010110":117908,"2|1|011110":23275,"1|1|101001":115639,"1|1|101000":121550,"1|0|110100":56391,"1|0|110101":51296,"2|0|100111":16873,"2|0|100110":17582,"2|1|000101":9107,"2|0|001111":17065,"2|1|000100":8482,"2|0|001110":16345,"1|0|011110":165416,"2|0|111011":2943,"2|0|111010":3614,"2|1|010111":23283,"1|0|011111":170237,"2|1|010110":22742,"1|0|110111":41316,"2|0|100001":21589,"2|0|100000":22483,"2|0|001001":12132,"2|0|001000":11233,"1|0|000101":9134,"1|0|000100":8518,"1|0|110110":46294,"1|0|010010":90265,"2|0|111000":4947,"2|0|111001":4208,"1|0|011101":159485,"2|1|010001":18883,"1|0|010011":97156,"1|0|011100":153672,"2|1|010000":18142}}
