{"probability":{"Group 13":"0.06160429668221165","Group 12":"0.02708554883393517","Group 11":"0.260245687905171","Group 10":"0.00024723017604192374","Group  6":"0.00036702844671385285","Group  5":"0.0","Group  4":"0.001368238746000131","Group  3":"0.0","Group  2":"0.0","Group  1":"0.0","Group  9":"0.00026914311184388627","Group  8":"0.008027463428778414","Group  7":"0.6407853626693041"},"groups":{"Group 13":["Botan 1.5.6 & 1.11.29 & 2.1.0","Feitian JavaCOS A22 & A40","Gemalto GCX4 72K","HSM SafeNet Luna SA-1700","LibTomCrypt 1.17","Libgcrypt 1.6.0 & 1.6.5 & 1.7.6","Libgcrypt 1.6.0 FIPS & 1.6.5 FIPS","Nettle 3.2 & 3.3","Oberthur Cosmo 64","OpenSSL FIPS 2.0.12 & 2.0.14","PGPSDK 4","WolfSSL 2.0rc1 & 3.9.0 & 3.10.2","cryptlib 3.4.3 & 3.4.3.1"],"Group 12":["Bouncy Castle 1.53 (Java)","Cryptix JCE 20050328","FlexiProvider 1.7p7","HSM Utimaco Security Server Se50","Nettle 2.0","PolarSSL 0.10.0","PuTTY 0.67","SunRsaSign OpenJDK 1.8.0","mbedTLS 1.3.19 & 2.2.1 & 2.4.2"],"Group 11":["Bouncy Castle 1.54 (Java)","Crypto++ 5.6.0 & 5.6.3 & 5.6.5","Libgcrypt 1.7.6 FIPS","Microsoft CryptoAPI & CNG & .NET"],"Group 10":["NXP J2D081 & J2E145G","YubiKey NEO"],"Group  6":["Oberthur Cosmo Dual 72K"],"Group  5":["NXP J2A080 & J2A081 & J3A081 & JCOP 41 V2.2.1"],"Group  4":["Gemalto GXP E64"],"Group  3":["GNU Crypto 2.0.1"],"Group  2":["G&D SmartCafe 4.x & 6.0"],"Group  1":["G&D SmartCafe 3.2"],"Group  9":["Infineon JTOP 80K","YubiKey 4 & 4 Nano"],"Group  8":["PGPSDK 4 FIPS"],"Group  7":["OpenSSL 0.9.7 & 1.0.2g & 1.0.2k & 1.1.0e"]},"frequencies":{"1|1|000110":7413,"2|1|100011":19830,"2|1|101101":12177,"1|1|000111":8250,"2|1|101100":12942,"2|1|100010":20696,"2|0|000000":2836,"2|0|000001":3577,"1|0|111010":19672,"1|0|111011":16279,"1|1|011010":110412,"1|1|011011":114136,"2|0|110100":7362,"2|0|110101":6804,"1|0|100001":123212,"1|0|100000":128453,"2|1|100000":22638,"1|1|000100":5944,"2|1|100001":21635,"2|0|000011":5103,"2|0|001101":13849,"2|0|001100":12844,"2|0|000010":4437,"1|1|000101":6768,"2|1|010101":21074,"2|0|011010":24638,"2|1|010100":19955,"2|0|011011":24845,"1|0|100010":118736,"1|0|101100":75063,"1|0|101101":70201,"1|0|100011":113919,"2|1|100110":17284,"1|1|110101":39024,"2|1|100111":16735,"2|0|000101":6577,"2|0|000100":5988,"1|0|111110":5439,"1|1|110100":42555,"1|0|111111":2254,"1|0|100101":104851,"2|0|110001":9456,"2|0|110000":10185,"1|0|010101":85720,"1|0|010100":79919,"2|0|011001":24120,"2|0|011000":23383,"1|0|100100":109462,"2|1|100100":19053,"2|1|100101":18347,"2|0|000110":7352,"2|0|000111":8043,"1|0|111000":27130,"1|0|111001":23667,"2|0|110111":5346,"2|0|110110":6036,"2|0|011111":22985,"2|0|011110":23309,"1|0|100111":96717,"1|0|100110":101231,"1|1|001001":17775,"1|0|001001":17942,"1|0|001000":11407,"1|1|001000":11507,"1|1|110001":54182,"1|1|110000":58635,"1|1|010000":58519,"2|0|011101":23865,"2|1|111111":879,"2|1|111110":1129,"2|0|010010":18361,"2|0|011100":23939,"2|0|010011":19124,"1|1|010001":64207,"1|0|101010":83261,"1|0|101011":79419,"1|0|001010":23907,"1|1|001111":53027,"1|0|001011":30021,"1|1|001110":47223,"2|1|101011":13797,"2|1|101010":14463,"1|1|110111":31422,"1|1|110110":34932,"1|1|010010":69318,"1|1|010011":74630,"1|1|011100":117922,"2|0|010001":17436,"2|1|111001":4108,"2|1|111000":4780,"2|0|010000":16557,"1|1|011101":121519,"1|1|000011":5243,"1|1|001100":35702,"1|1|001101":41355,"2|1|101001":15065,"1|1|000010":4356,"2|1|101000":16060,"1|1|111110":5602,"1|1|111111":2317,"2|1|111010":3469,"1|1|011110":124933,"1|1|011111":128441,"2|0|010111":22643,"2|1|001000":8967,"2|1|001001":10094,"2|1|111011":2835,"2|0|010110":21740,"1|0|101111":62669,"1|1|100101":105488,"1|1|100100":109504,"1|0|101110":66549,"1|1|000000":2788,"1|1|000001":3630,"2|1|101111":10848,"2|1|101110":11621,"1|1|110010":50790,"1|1|111101":9129,"1|1|110011":46473,"1|1|111100":12597,"1|1|011000":100484,"1|1|011001":105635,"2|1|001010":11162,"2|0|010100":20066,"2|1|001011":12268,"2|0|010101":20978,"1|0|101001":87495,"1|0|101000":92267,"1|0|000110":7368,"2|0|101101":12415,"2|0|100011":19995,"2|0|101100":13095,"2|0|100010":20797,"2|1|000001":3618,"2|1|000000":2916,"1|1|111011":16245,"1|0|000111":8057,"1|1|111010":19796,"1|0|011011":113433,"2|1|110100":7378,"1|0|011010":110143,"2|1|001100":12916,"2|1|110101":6733,"2|1|001101":13792,"1|1|100001":122935,"1|1|100000":127756,"1|0|000000":2875,"2|0|101111":10961,"2|0|101110":11634,"2|1|000111":8143,"2|1|000110":7375,"1|1|111000":27512,"1|0|000001":3545,"1|1|111001":23542,"1|0|011000":101214,"2|1|001110":14994,"2|1|110111":5429,"2|1|001111":15686,"2|1|110110":6092,"1|0|011001":105648,"1|1|100111":96443,"1|1|100110":100131,"1|0|000011":5173,"1|0|001100":36194,"1|0|000010":4455,"2|0|101001":15120,"2|0|101000":16054,"1|0|001101":41093,"2|1|110001":9437,"2|1|110000":10315,"2|1|011001":24382,"2|1|011000":23335,"1|1|010100":80460,"1|1|010101":85588,"1|1|101111":62560,"1|1|101110":66859,"2|0|101010":14712,"1|0|001111":52919,"1|1|001010":23897,"1|0|001110":47148,"1|1|001011":29884,"2|0|101011":13755,"2|1|000011":5107,"2|1|000010":4382,"1|1|010110":90481,"2|1|111101":1598,"2|1|110010":8568,"2|1|111100":2241,"2|1|110011":8170,"2|1|011010":24980,"2|1|011011":24677,"1|1|010111":95594,"1|1|101101":70867,"1|1|100011":114017,"1|1|101100":75441,"1|1|100010":118948,"1|0|110001":54780,"2|0|001011":12036,"2|0|001010":11136,"1|0|110000":58959,"2|0|111110":1056,"2|0|111111":847,"1|1|101010":83325,"2|1|010010":18386,"2|1|011100":24187,"2|1|011101":23823,"1|0|010001":64207,"1|0|010000":58334,"2|1|010011":18987,"1|1|101011":78863,"1|0|111101":9023,"2|0|100101":18072,"2|0|100100":19040,"1|0|110010":50647,"1|0|110011":46332,"1|0|111100":12641,"2|0|110010":8769,"2|0|111101":1694,"2|0|110011":7988,"2|0|111100":2259,"2|1|011111":22928,"1|0|010111":95764,"1|0|010110":90419,"2|1|011110":23102,"1|1|101001":87870,"1|1|101000":91372,"1|0|110100":42853,"1|0|110101":38503,"2|0|100111":16666,"2|0|100110":17418,"2|1|000101":6680,"2|0|001111":15438,"2|1|000100":6017,"2|0|001110":14889,"1|0|011110":125463,"2|0|111011":2832,"2|0|111010":3431,"2|1|010111":22755,"1|0|011111":129103,"2|1|010110":21752,"1|0|110111":30821,"2|0|100001":21602,"2|0|100000":22354,"2|0|001001":10032,"2|0|001000":8995,"1|0|000101":6558,"1|0|000100":5947,"1|0|110110":35017,"1|0|010010":69463,"2|0|111000":4853,"2|0|111001":4145,"1|0|011101":121234,"2|1|010001":17522,"1|0|010011":74676,"1|0|011100":118099,"2|1|010000":16546}}
