{"probability":{"Group 13":"0.07066925798930901","Group 12":"0.027496205466365116","Group 11":"0.24900655246898945","Group 10":"0.0","Group  6":"0.00027474654237604585","Group  5":"0.0","Group  4":"0.0031059698438906853","Group  3":"0.0001415962623449956","Group  2":"0.0","Group  1":"0.0","Group  9":"0.0001945340555283942","Group  8":"0.010770946893662672","Group  7":"0.6383401904775337"},"groups":{"Group 13":["Botan 1.5.6 & 1.11.29 & 2.1.0","Feitian JavaCOS A22 & A40","Gemalto GCX4 72K","HSM SafeNet Luna SA-1700","LibTomCrypt 1.17","Libgcrypt 1.6.0 & 1.6.5 & 1.7.6","Libgcrypt 1.6.0 FIPS & 1.6.5 FIPS","Nettle 3.2 & 3.3","Oberthur Cosmo 64","OpenSSL FIPS 2.0.12 & 2.0.14","PGPSDK 4","WolfSSL 2.0rc1 & 3.9.0 & 3.10.2","cryptlib 3.4.3 & 3.4.3.1"],"Group 12":["Bouncy Castle 1.53 (Java)","Cryptix JCE 20050328","FlexiProvider 1.7p7","HSM Utimaco Security Server Se50","Nettle 2.0","PolarSSL 0.10.0","PuTTY 0.67","SunRsaSign OpenJDK 1.8.0","mbedTLS 1.3.19 & 2.2.1 & 2.4.2"],"Group 11":["Bouncy Castle 1.54 (Java)","Crypto++ 5.6.0 & 5.6.3 & 5.6.5","Libgcrypt 1.7.6 FIPS","Microsoft CryptoAPI & CNG & .NET"],"Group 10":["NXP J2D081 & J2E145G","YubiKey NEO"],"Group  6":["Oberthur Cosmo Dual 72K"],"Group  5":["NXP J2A080 & J2A081 & J3A081 & JCOP 41 V2.2.1"],"Group  4":["Gemalto GXP E64"],"Group  3":["GNU Crypto 2.0.1"],"Group  2":["G&D SmartCafe 4.x & 6.0"],"Group  1":["G&D SmartCafe 3.2"],"Group  9":["Infineon JTOP 80K","YubiKey 4 & 4 Nano"],"Group  8":["PGPSDK 4 FIPS"],"Group  7":["OpenSSL 0.9.7 & 1.0.2g & 1.0.2k & 1.1.0e"]},"frequencies":{"1|1|000110":7183,"2|1|100011":19577,"2|1|101101":12130,"1|1|000111":7951,"2|1|101100":12829,"2|1|100010":20420,"2|0|000000":3403,"2|0|000001":3457,"1|0|111010":19226,"1|0|111011":15891,"1|1|011010":107508,"1|1|011011":111293,"2|0|110100":7402,"2|0|110101":6707,"1|0|100001":120310,"1|0|100000":125040,"2|1|100000":22298,"1|1|000100":5732,"2|1|100001":21336,"2|0|000011":4982,"2|0|001101":13475,"2|0|001100":12424,"2|0|000010":4287,"1|1|000101":6539,"2|1|010101":20586,"2|0|011010":24034,"2|1|010100":19575,"2|0|011011":24449,"1|0|100010":115448,"1|0|101100":73182,"1|0|101101":68360,"1|0|100011":110849,"2|1|100110":17177,"1|1|110101":38087,"2|1|100111":16502,"2|0|000101":6305,"2|0|000100":5799,"1|0|111110":5359,"1|1|110100":41264,"1|0|111111":2269,"1|0|100101":102128,"2|0|110001":9416,"2|0|110000":9985,"1|0|010101":83291,"1|0|010100":77857,"2|0|011001":23708,"2|0|011000":23168,"1|0|100100":106423,"2|1|100100":18928,"2|1|100101":17979,"2|0|000110":7083,"2|0|000111":7747,"1|0|111000":26533,"1|0|111001":22973,"2|0|110111":5292,"2|0|110110":6106,"2|0|011111":22764,"2|0|011110":23149,"1|0|100111":93792,"1|0|100110":98673,"1|1|001001":17208,"1|0|001001":17251,"1|0|001000":10982,"1|1|001000":11147,"1|1|110001":53019,"1|1|110000":57243,"1|1|010000":56723,"2|0|011101":23534,"2|1|111111":872,"2|1|111110":1137,"2|0|010010":17852,"2|0|011100":23615,"2|0|010011":18568,"1|1|010001":62006,"1|0|101010":80931,"1|0|101011":77068,"1|0|001010":23159,"1|1|001111":51474,"1|0|001011":28960,"1|1|001110":46240,"2|1|101011":13665,"2|1|101010":14253,"1|1|110111":30350,"1|1|110110":33972,"1|1|010010":67484,"1|1|010011":72655,"1|1|011100":114867,"2|0|010001":17008,"2|1|111001":3977,"2|1|111000":4779,"2|0|010000":16043,"1|1|011101":118163,"1|1|000011":5088,"1|1|001100":34781,"1|1|001101":40016,"2|1|101001":14914,"1|1|000010":4179,"2|1|101000":15771,"1|1|111110":5522,"1|1|111111":2310,"2|1|111010":3438,"1|1|011110":121628,"1|1|011111":124898,"2|0|010111":22147,"2|1|001000":8545,"2|1|001001":9720,"2|1|111011":2846,"2|0|010110":21352,"1|0|101111":61213,"1|1|100101":102914,"1|1|100100":106505,"1|0|101110":65028,"1|1|000000":3400,"1|1|000001":3382,"2|1|101111":10680,"2|1|101110":11436,"1|1|110010":49244,"1|1|111101":8891,"1|1|110011":45311,"1|1|111100":12183,"1|1|011000":97797,"1|1|011001":103015,"2|1|001010":10790,"2|0|010100":19543,"2|1|001011":11818,"2|0|010101":20512,"1|0|101001":85228,"1|0|101000":89562,"1|0|000110":6972,"2|0|101101":12222,"2|0|100011":19753,"2|0|101100":12931,"2|0|100010":20544,"2|1|000001":3391,"2|1|000000":3430,"1|1|111011":15857,"1|0|000111":7838,"1|1|111010":19495,"1|0|011011":110928,"2|1|110100":7348,"1|0|011010":107192,"2|1|001100":12493,"2|1|110101":6710,"2|1|001101":13369,"1|1|100001":119633,"1|1|100000":124734,"1|0|000000":3512,"2|0|101111":10912,"2|0|101110":11455,"2|1|000111":7748,"2|1|000110":6962,"1|1|111000":26749,"1|0|000001":3416,"1|1|111001":22973,"1|0|011000":98309,"2|1|001110":14558,"2|1|110111":5394,"2|1|001111":15217,"2|1|110110":6046,"1|0|011001":102747,"1|1|100111":94044,"1|1|100110":97791,"1|0|000011":4897,"1|0|001100":34667,"1|0|000010":4209,"2|0|101001":15112,"2|0|101000":15921,"1|0|001101":39927,"2|1|110001":9168,"2|1|110000":10163,"2|1|011001":23855,"2|1|011000":22724,"1|1|010100":78441,"1|1|010101":83246,"1|1|101111":61001,"1|1|101110":65128,"2|0|101010":14492,"1|0|001111":51300,"1|1|001010":23075,"1|0|001110":45707,"1|1|001011":28987,"2|0|101011":13619,"2|1|000011":4923,"2|1|000010":4246,"1|1|010110":88397,"2|1|111101":1638,"2|1|110010":8548,"2|1|111100":2255,"2|1|110011":8096,"2|1|011010":24404,"2|1|011011":24126,"1|1|010111":92988,"1|1|101101":68597,"1|1|100011":111191,"1|1|101100":73261,"1|1|100010":115704,"1|0|110001":53115,"2|0|001011":11697,"2|0|001010":10668,"1|0|110000":57314,"2|0|111110":1072,"2|0|111111":864,"1|1|101010":81333,"2|1|010010":17990,"2|1|011100":23798,"2|1|011101":23401,"1|0|010001":62488,"1|0|010000":56761,"2|1|010011":18572,"1|1|101011":76908,"1|0|111101":8795,"2|0|100101":18005,"2|0|100100":18919,"1|0|110010":49129,"1|0|110011":45277,"1|0|111100":12362,"2|0|110010":8720,"2|0|111101":1672,"2|0|110011":7970,"2|0|111100":2231,"2|1|011111":22668,"1|0|010111":92925,"1|0|010110":88163,"2|1|011110":22656,"1|1|101001":85970,"1|1|101000":89122,"1|0|110100":41645,"1|0|110101":37488,"2|0|100111":16274,"2|0|100110":17104,"2|1|000101":6512,"2|0|001111":15174,"2|1|000100":5696,"2|0|001110":14427,"1|0|011110":121810,"2|0|111011":2804,"2|0|111010":3391,"2|1|010111":22363,"1|0|011111":125582,"2|1|010110":21240,"1|0|110111":30174,"2|0|100001":21328,"2|0|100000":21920,"2|0|001001":9716,"2|0|001000":8618,"1|0|000101":6306,"1|0|000100":5786,"1|0|110110":34083,"1|0|010010":67547,"2|0|111000":4800,"2|0|111001":4163,"1|0|011101":118517,"2|1|010001":17077,"1|0|010011":72619,"1|0|011100":114856,"2|1|010000":16223}}
