{"probability":{"Group 13":"0.04115136584221194","Group 12":"0.0435208374037458","Group 11":"0.0008351816085385945","Group 10":"0.0011161385670287831","Group  6":"0.0007233314933729608","Group  5":"0.0","Group  4":"0.0070516713396030105","Group  3":"0.0","Group  2":"0.0","Group  1":"0.0","Group  9":"0.00037960688535037206","Group  8":"0.004944698643231342","Group  7":"0.9002771682169174"},"groups":{"Group 13":["Botan 1.5.6 & 1.11.29 & 2.1.0","Feitian JavaCOS A22 & A40","Gemalto GCX4 72K","HSM SafeNet Luna SA-1700","LibTomCrypt 1.17","Libgcrypt 1.6.0 & 1.6.5 & 1.7.6","Libgcrypt 1.6.0 FIPS & 1.6.5 FIPS","Nettle 3.2 & 3.3","Oberthur Cosmo 64","OpenSSL FIPS 2.0.12 & 2.0.14","PGPSDK 4","WolfSSL 2.0rc1 & 3.9.0 & 3.10.2","cryptlib 3.4.3 & 3.4.3.1"],"Group 12":["Bouncy Castle 1.53 (Java)","Cryptix JCE 20050328","FlexiProvider 1.7p7","HSM Utimaco Security Server Se50","Nettle 2.0","PolarSSL 0.10.0","PuTTY 0.67","SunRsaSign OpenJDK 1.8.0","mbedTLS 1.3.19 & 2.2.1 & 2.4.2"],"Group 11":["Bouncy Castle 1.54 (Java)","Crypto++ 5.6.0 & 5.6.3 & 5.6.5","Libgcrypt 1.7.6 FIPS","Microsoft CryptoAPI & CNG & .NET"],"Group 10":["NXP J2D081 & J2E145G","YubiKey NEO"],"Group  6":["Oberthur Cosmo Dual 72K"],"Group  5":["NXP J2A080 & J2A081 & J3A081 & JCOP 41 V2.2.1"],"Group  4":["Gemalto GXP E64"],"Group  3":["GNU Crypto 2.0.1"],"Group  2":["G&D SmartCafe 4.x & 6.0"],"Group  1":["G&D SmartCafe 3.2"],"Group  9":["Infineon JTOP 80K","YubiKey 4 & 4 Nano"],"Group  8":["PGPSDK 4 FIPS"],"Group  7":["OpenSSL 0.9.7 & 1.0.2g & 1.0.2k & 1.1.0e"]},"frequencies":{"1|1|000110":133,"2|1|100011":185,"2|1|101101":103,"1|1|000111":117,"2|1|101100":134,"2|1|100010":202,"2|0|000000":145,"2|0|000001":142,"1|0|111010":913,"1|0|111011":708,"1|1|011010":4755,"1|1|011011":4791,"2|0|110100":59,"2|0|110101":52,"1|0|100001":5535,"1|0|100000":5848,"2|1|100000":220,"1|1|000100":135,"2|1|100001":205,"2|0|000011":119,"2|0|001101":135,"2|0|001100":138,"2|0|000010":152,"1|1|000101":126,"2|1|010101":181,"2|0|011010":207,"2|1|010100":173,"2|0|011011":208,"1|0|100010":5282,"1|0|101100":3353,"1|0|101101":3083,"1|0|100011":5220,"2|1|100110":179,"1|1|110101":1741,"2|1|100111":155,"2|0|000101":126,"2|0|000100":136,"1|0|111110":226,"1|1|110100":1946,"1|0|111111":82,"1|0|100101":4826,"2|0|110001":88,"2|0|110000":91,"1|0|010101":3589,"1|0|010100":3416,"2|0|011001":192,"2|0|011000":172,"1|0|100100":4900,"2|1|100100":181,"2|1|100101":157,"2|0|000110":106,"2|0|000111":126,"1|0|111000":1164,"1|0|111001":1047,"2|0|110111":62,"2|0|110110":67,"2|0|011111":257,"2|0|011110":196,"1|0|100111":4388,"1|0|100110":4513,"1|1|001001":541,"1|0|001001":518,"1|0|001000":270,"1|1|001000":250,"1|1|110001":2413,"1|1|110000":2501,"1|1|010000":2423,"2|0|011101":225,"2|1|111111":3,"2|1|111110":6,"2|0|010010":206,"2|0|011100":223,"2|0|010011":165,"1|1|010001":2669,"1|0|101010":3755,"1|0|101011":3608,"1|0|001010":805,"1|1|001111":2167,"1|0|001011":1089,"1|1|001110":1883,"2|1|101011":111,"2|1|101010":140,"1|1|110111":1434,"1|1|110110":1599,"1|1|010010":2829,"1|1|010011":3066,"1|1|011100":5243,"2|0|010001":165,"2|1|111001":44,"2|1|111000":35,"2|0|010000":199,"1|1|011101":5334,"1|1|000011":148,"1|1|001100":1302,"1|1|001101":1585,"2|1|101001":142,"1|1|000010":129,"2|1|101000":189,"1|1|111110":202,"1|1|111111":76,"2|1|111010":34,"1|1|011110":5481,"1|1|011111":5810,"2|0|010111":197,"2|1|001000":136,"2|1|001001":147,"2|1|111011":25,"2|0|010110":182,"1|0|101111":2915,"1|1|100101":4776,"1|1|100100":4840,"1|0|101110":2910,"1|1|000000":147,"1|1|000001":147,"2|1|101111":106,"2|1|101110":117,"1|1|110010":2297,"1|1|111101":445,"1|1|110011":2089,"1|1|111100":565,"1|1|011000":4259,"1|1|011001":4482,"2|1|001010":154,"2|0|010100":185,"2|1|001011":159,"2|0|010101":191,"1|0|101001":3798,"1|0|101000":4128,"1|0|000110":123,"2|0|101101":120,"2|0|100011":183,"2|0|101100":130,"2|0|100010":200,"2|1|000001":150,"2|1|000000":135,"1|1|111011":766,"1|0|000111":129,"1|1|111010":893,"1|0|011011":4972,"2|1|110100":74,"1|0|011010":4734,"2|1|001100":157,"2|1|110101":61,"2|1|001101":134,"1|1|100001":5709,"1|1|100000":5771,"1|0|000000":129,"2|0|101111":99,"2|0|101110":116,"2|1|000111":116,"2|1|000110":115,"1|1|111000":1261,"1|0|000001":137,"1|1|111001":1040,"1|0|011000":4320,"2|1|001110":156,"2|1|110111":48,"2|1|001111":164,"2|1|110110":55,"1|0|011001":4431,"1|1|100111":4288,"1|1|100110":4540,"1|0|000011":151,"1|0|001100":1397,"1|0|000010":134,"2|0|101001":159,"2|0|101000":139,"1|0|001101":1626,"2|1|110001":90,"2|1|110000":99,"2|1|011001":203,"2|1|011000":221,"1|1|010100":3317,"1|1|010101":3583,"1|1|101111":2814,"1|1|101110":3074,"2|0|101010":138,"1|0|001111":2111,"1|1|001010":815,"1|0|001110":1817,"1|1|001011":1048,"2|0|101011":112,"2|1|000011":137,"2|1|000010":132,"1|1|010110":3777,"2|1|111101":12,"2|1|110010":70,"2|1|111100":21,"2|1|110011":74,"2|1|011010":213,"2|1|011011":195,"1|1|010111":4066,"1|1|101101":3204,"1|1|100011":4984,"1|1|101100":3441,"1|1|100010":5387,"1|0|110001":2421,"2|0|001011":160,"2|0|001010":130,"1|0|110000":2573,"2|0|111110":11,"2|0|111111":2,"1|1|101010":3607,"2|1|010010":156,"2|1|011100":227,"2|1|011101":234,"1|0|010001":2757,"1|0|010000":2339,"2|1|010011":171,"1|1|101011":3621,"1|0|111101":440,"2|0|100101":157,"2|0|100100":174,"1|0|110010":2225,"1|0|110011":2131,"1|0|111100":572,"2|0|110010":73,"2|0|111101":16,"2|0|110011":64,"2|0|111100":21,"2|1|011111":246,"1|0|010111":4114,"1|0|010110":3779,"2|1|011110":199,"1|1|101001":3975,"1|1|101000":4093,"1|0|110100":1927,"1|0|110101":1784,"2|0|100111":177,"2|0|100110":153,"2|1|000101":133,"2|0|001111":178,"2|1|000100":143,"2|0|001110":158,"1|0|011110":5511,"2|0|111011":29,"2|0|111010":32,"2|1|010111":178,"1|0|011111":5840,"2|1|010110":203,"1|0|110111":1409,"2|0|100001":215,"2|0|100000":205,"2|0|001001":119,"2|0|001000":129,"1|0|000101":132,"1|0|000100":129,"1|0|110110":1544,"1|0|010010":2866,"2|0|111000":38,"2|0|111001":43,"1|0|011101":5452,"2|1|010001":165,"1|0|010011":3026,"1|0|011100":5128,"2|1|010000":181}}
