{"probability":{"Group 13":"0.405913309847632","Group 12":"0.2950575371731474","Group 11":"0.045210843434723064","Group 10":"0.00008681171748905922","Group  6":"0.0","Group  5":"0.0002204071345348361","Group  4":"0.0093497880154453","Group  3":"0.0","Group  2":"0.0","Group  1":"0.0","Group  9":"0.0014138879640675703","Group  8":"0.0","Group  7":"0.24274741471296077"},"groups":{"Group 13":["Botan 1.5.6 & 1.11.29 & 2.1.0","Feitian JavaCOS A22 & A40","Gemalto GCX4 72K","HSM SafeNet Luna SA-1700","LibTomCrypt 1.17","Libgcrypt 1.6.0 & 1.6.5 & 1.7.6","Libgcrypt 1.6.0 FIPS & 1.6.5 FIPS","Nettle 3.2 & 3.3","Oberthur Cosmo 64","OpenSSL FIPS 2.0.12 & 2.0.14","PGPSDK 4","WolfSSL 2.0rc1 & 3.9.0 & 3.10.2","cryptlib 3.4.3 & 3.4.3.1"],"Group 12":["Bouncy Castle 1.53 (Java)","Cryptix JCE 20050328","FlexiProvider 1.7p7","HSM Utimaco Security Server Se50","Nettle 2.0","PolarSSL 0.10.0","PuTTY 0.67","SunRsaSign OpenJDK 1.8.0","mbedTLS 1.3.19 & 2.2.1 & 2.4.2"],"Group 11":["Bouncy Castle 1.54 (Java)","Crypto++ 5.6.0 & 5.6.3 & 5.6.5","Libgcrypt 1.7.6 FIPS","Microsoft CryptoAPI & CNG & .NET"],"Group 10":["NXP J2D081 & J2E145G","YubiKey NEO"],"Group  6":["Oberthur Cosmo Dual 72K"],"Group  5":["NXP J2A080 & J2A081 & J3A081 & JCOP 41 V2.2.1"],"Group  4":["Gemalto GXP E64"],"Group  3":["GNU Crypto 2.0.1"],"Group  2":["G&D SmartCafe 4.x & 6.0"],"Group  1":["G&D SmartCafe 3.2"],"Group  9":["Infineon JTOP 80K","YubiKey 4 & 4 Nano"],"Group  8":["PGPSDK 4 FIPS"],"Group  7":["OpenSSL 0.9.7 & 1.0.2g & 1.0.2k & 1.1.0e"]},"frequencies":{"1|1|000110":7967,"2|1|100011":15463,"2|1|101101":9465,"1|1|000111":7964,"2|1|101100":9893,"2|1|100010":16137,"2|0|000000":8796,"2|0|000001":8661,"1|0|111010":4963,"1|0|111011":3903,"1|1|011010":28147,"1|1|011011":28861,"2|0|110100":5737,"2|0|110101":4955,"1|0|100001":31356,"1|0|100000":32371,"2|1|100000":17481,"1|1|000100":8393,"2|1|100001":16934,"2|0|000011":8396,"2|0|001101":10808,"2|0|001100":10136,"2|0|000010":8417,"1|1|000101":8133,"2|1|010101":14221,"2|0|011010":15836,"2|1|010100":13903,"2|0|011011":16105,"1|0|100010":29559,"1|0|101100":18839,"1|0|101101":17576,"1|0|100011":28421,"2|1|100110":13465,"1|1|110101":9488,"2|1|100111":12814,"2|0|000101":8213,"2|0|000100":8378,"1|0|111110":1279,"1|1|110100":10734,"1|0|111111":410,"1|0|100101":26104,"2|0|110001":7072,"2|0|110000":7791,"1|0|010101":23449,"1|0|010100":22209,"2|0|011001":15717,"2|0|011000":15289,"1|0|100100":27198,"2|1|100100":14761,"2|1|100101":13979,"2|0|000110":7938,"2|0|000111":8007,"1|0|111000":6636,"1|0|111001":5715,"2|0|110111":3885,"2|0|110110":4515,"2|0|011111":17823,"2|0|011110":17021,"1|0|100111":24222,"1|0|100110":25309,"1|1|001001":9738,"1|0|001001":9881,"1|0|001000":8433,"1|1|001000":8410,"1|1|110001":13418,"1|1|110000":14388,"1|1|010000":18028,"2|0|011101":16934,"2|1|111111":232,"2|1|111110":745,"2|0|010010":12971,"2|0|011100":16471,"2|0|010011":13610,"1|1|010001":19125,"1|0|101010":20655,"1|0|101011":19380,"1|0|001010":11013,"1|1|001111":16893,"1|0|001011":12331,"1|1|001110":15796,"2|1|101011":10397,"2|1|101010":10838,"1|1|110111":7639,"1|1|110110":8553,"1|1|010010":19997,"1|1|010011":21050,"1|1|011100":29875,"2|0|010001":12521,"2|1|111001":3033,"2|1|111000":3475,"2|0|010000":12076,"1|1|011101":30434,"1|1|000011":8361,"1|1|001100":13419,"1|1|001101":14693,"2|1|101001":11805,"1|1|000010":8612,"2|1|101000":12214,"1|1|111110":1270,"1|1|111111":439,"2|1|111010":2558,"1|1|011110":31457,"1|1|011111":32395,"2|0|010111":14920,"2|1|001000":8061,"2|1|001001":8486,"2|1|111011":2058,"2|0|010110":14676,"1|0|101111":15321,"1|1|100101":26496,"1|1|100100":27602,"1|0|101110":16637,"1|1|000000":8743,"1|1|000001":8824,"2|1|101111":8181,"2|1|101110":8705,"1|1|110010":12424,"1|1|111101":2216,"1|1|110011":11523,"1|1|111100":3050,"1|1|011000":25935,"1|1|011001":27074,"2|1|001010":9160,"2|0|010100":13894,"2|1|001011":9697,"2|0|010101":14279,"1|0|101001":21871,"1|0|101000":22830,"1|0|000110":8088,"2|0|101101":9298,"2|0|100011":15349,"2|0|101100":9866,"2|0|100010":16080,"2|1|000001":8620,"2|1|000000":9050,"1|1|111011":3968,"1|0|000111":8039,"1|1|111010":4866,"1|0|011011":29045,"2|1|110100":5603,"1|0|011010":27957,"2|1|001100":10216,"2|1|110101":5106,"2|1|001101":10621,"1|1|100001":31281,"1|1|100000":32264,"1|0|000000":8841,"2|0|101111":8311,"2|0|101110":8715,"2|1|000111":7860,"2|1|000110":8057,"1|1|111000":6728,"1|0|000001":8774,"1|1|111001":5748,"1|0|011000":25922,"2|1|001110":11270,"2|1|110111":4136,"2|1|001111":11806,"2|1|110110":4512,"1|0|011001":26766,"1|1|100111":23862,"1|1|100110":25138,"1|0|000011":8513,"1|0|001100":13394,"1|0|000010":8479,"2|0|101001":11647,"2|0|101000":12336,"1|0|001101":14487,"2|1|110001":7030,"2|1|110000":7876,"2|1|011001":15697,"2|1|011000":15410,"1|1|010100":21963,"1|1|010101":22924,"1|1|101111":15516,"1|1|101110":16380,"2|0|101010":11121,"1|0|001111":16968,"1|1|001010":11100,"1|0|001110":15497,"1|1|001011":12279,"2|0|101011":10274,"2|1|000011":8328,"2|1|000010":8521,"1|1|010110":24211,"2|1|111101":1150,"2|1|110010":6628,"2|1|111100":1632,"2|1|110011":6063,"2|1|011010":16020,"2|1|011011":16598,"1|1|010111":25349,"1|1|101101":17793,"1|1|100011":28450,"1|1|101100":18510,"1|1|100010":29697,"1|0|110001":13413,"2|0|001011":9838,"2|0|001010":9469,"1|0|110000":14445,"2|0|111110":697,"2|0|111111":225,"1|1|101010":20456,"2|1|010010":13021,"2|1|011100":16473,"2|1|011101":17007,"1|0|010001":19018,"1|0|010000":17977,"2|1|010011":13614,"1|1|101011":19609,"1|0|111101":2117,"2|0|100101":14155,"2|0|100100":14770,"1|0|110010":12583,"1|0|110011":11658,"1|0|111100":3083,"2|0|110010":6549,"2|0|111101":1231,"2|0|110011":6065,"2|0|111100":1628,"2|1|011111":17623,"1|0|010111":25113,"1|0|010110":24230,"2|1|011110":17506,"1|1|101001":21629,"1|1|101000":22875,"1|0|110100":10684,"1|0|110101":9553,"2|0|100111":12931,"2|0|100110":13436,"2|1|000101":8261,"2|0|001111":11744,"2|1|000100":8431,"2|0|001110":11074,"1|0|011110":31404,"2|0|111011":2161,"2|0|111010":2532,"2|1|010111":15127,"1|0|011111":32211,"2|1|010110":14751,"1|0|110111":7611,"2|0|100001":16900,"2|0|100000":17316,"2|0|001001":8660,"2|0|001000":8049,"1|0|000101":8346,"1|0|000100":8163,"1|0|110110":8541,"1|0|010010":20227,"2|0|111000":3597,"2|0|111001":3038,"1|0|011101":30689,"2|1|010001":12589,"1|0|010011":21038,"1|0|011100":29751,"2|1|010000":12078}}
