{"probability":{"Group 13":"0.0878369752267779","Group 12":"0.03102864401246458","Group 11":"0.05775964343834423","Group 10":"0.00006943724700991517","Group  6":"0.00023404134773861377","Group  5":"0.0","Group  4":"0.003622161963834081","Group  3":"0.00026994902607520006","Group  2":"0.00004834872288461151","Group  1":"0.0","Group  9":"0.0002591120512708735","Group  8":"0.0048356749208796936","Group  7":"0.8140360120427202"},"groups":{"Group 13":["Botan 1.5.6 & 1.11.29 & 2.1.0","Feitian JavaCOS A22 & A40","Gemalto GCX4 72K","HSM SafeNet Luna SA-1700","LibTomCrypt 1.17","Libgcrypt 1.6.0 & 1.6.5 & 1.7.6","Libgcrypt 1.6.0 FIPS & 1.6.5 FIPS","Nettle 3.2 & 3.3","Oberthur Cosmo 64","OpenSSL FIPS 2.0.12 & 2.0.14","PGPSDK 4","WolfSSL 2.0rc1 & 3.9.0 & 3.10.2","cryptlib 3.4.3 & 3.4.3.1"],"Group 12":["Bouncy Castle 1.53 (Java)","Cryptix JCE 20050328","FlexiProvider 1.7p7","HSM Utimaco Security Server Se50","Nettle 2.0","PolarSSL 0.10.0","PuTTY 0.67","SunRsaSign OpenJDK 1.8.0","mbedTLS 1.3.19 & 2.2.1 & 2.4.2"],"Group 11":["Bouncy Castle 1.54 (Java)","Crypto++ 5.6.0 & 5.6.3 & 5.6.5","Libgcrypt 1.7.6 FIPS","Microsoft CryptoAPI & CNG & .NET"],"Group 10":["NXP J2D081 & J2E145G","YubiKey NEO"],"Group  6":["Oberthur Cosmo Dual 72K"],"Group  5":["NXP J2A080 & J2A081 & J3A081 & JCOP 41 V2.2.1"],"Group  4":["Gemalto GXP E64"],"Group  3":["GNU Crypto 2.0.1"],"Group  2":["G&D SmartCafe 4.x & 6.0"],"Group  1":["G&D SmartCafe 3.2"],"Group  9":["Infineon JTOP 80K","YubiKey 4 & 4 Nano"],"Group  8":["PGPSDK 4 FIPS"],"Group  7":["OpenSSL 0.9.7 & 1.0.2g & 1.0.2k & 1.1.0e"]},"frequencies":{"1|1|000110":1441,"2|1|100011":4423,"2|1|101101":2730,"1|1|000111":1501,"2|1|101100":2963,"2|1|100010":4568,"2|0|000000":1446,"2|0|000001":1095,"1|0|111010":9245,"1|0|111011":7537,"1|1|011010":49652,"1|1|011011":52037,"2|0|110100":1638,"2|0|110101":1530,"1|0|100001":58145,"1|0|100000":60291,"2|1|100000":5111,"1|1|000100":1314,"2|1|100001":4708,"2|0|000011":1236,"2|0|001101":2594,"2|0|001100":2506,"2|0|000010":1197,"1|1|000101":1301,"2|1|010101":4155,"2|0|011010":4910,"2|1|010100":3929,"2|0|011011":5116,"1|0|100010":55614,"1|0|101100":35254,"1|0|101101":33166,"1|0|100011":53262,"2|1|100110":3969,"1|1|110101":18374,"2|1|100111":3697,"2|0|000101":1374,"2|0|000100":1313,"1|0|111110":2478,"1|1|110100":19984,"1|0|111111":879,"1|0|100101":49434,"2|0|110001":2147,"2|0|110000":2252,"1|0|010101":37869,"1|0|010100":34973,"2|0|011001":4742,"2|0|011000":4628,"1|0|100100":51665,"2|1|100100":4198,"2|1|100101":4185,"2|0|000110":1470,"2|0|000111":1473,"1|0|111000":12835,"1|0|111001":11008,"2|0|110111":1179,"2|0|110110":1360,"2|0|011111":5235,"2|0|011110":5124,"1|0|100111":45373,"1|0|100110":47545,"1|1|001001":6007,"1|0|001001":5949,"1|0|001000":3019,"1|1|001000":3005,"1|1|110001":25459,"1|1|110000":27313,"1|1|010000":25035,"2|0|011101":5024,"2|1|111111":149,"2|1|111110":251,"2|0|010010":3602,"2|0|011100":4971,"2|0|010011":3720,"1|1|010001":27879,"1|0|101010":39215,"1|0|101011":36985,"1|0|001010":8862,"1|1|001111":22000,"1|0|001011":11549,"1|1|001110":19772,"2|1|101011":3126,"2|1|101010":3232,"1|1|110111":14935,"1|1|110110":16291,"1|1|010010":30386,"1|1|010011":32737,"1|1|011100":53935,"2|0|010001":3434,"2|1|111001":886,"2|1|111000":1049,"2|0|010000":3223,"1|1|011101":55967,"1|1|000011":1239,"1|1|001100":14312,"1|1|001101":16980,"2|1|101001":3329,"1|1|000010":1220,"2|1|101000":3637,"1|1|111110":2533,"1|1|111111":897,"2|1|111010":756,"1|1|011110":57861,"1|1|011111":60519,"2|0|010111":4374,"2|1|001000":1586,"2|1|001001":1874,"2|1|111011":662,"2|0|010110":4266,"1|0|101111":29589,"1|1|100101":49600,"1|1|100100":51658,"1|0|101110":31308,"1|1|000000":1487,"1|1|000001":1157,"2|1|101111":2423,"2|1|101110":2603,"1|1|110010":23811,"1|1|111101":4241,"1|1|110011":21673,"1|1|111100":5811,"1|1|011000":44833,"1|1|011001":47354,"2|1|001010":2014,"2|0|010100":3993,"2|1|001011":2322,"2|0|010101":4087,"1|0|101001":40762,"1|0|101000":42974,"1|0|000110":1451,"2|0|101101":2709,"2|0|100011":4455,"2|0|101100":2855,"2|0|100010":4708,"2|1|000001":1089,"2|1|000000":1448,"1|1|111011":7700,"1|0|000111":1528,"1|1|111010":9433,"1|0|011011":51330,"2|1|110100":1641,"1|0|011010":49464,"2|1|001100":2379,"2|1|110101":1499,"2|1|001101":2699,"1|1|100001":57674,"1|1|100000":60008,"1|0|000000":1445,"2|0|101111":2526,"2|0|101110":2589,"2|1|000111":1491,"2|1|000110":1457,"1|1|111000":12725,"1|0|000001":1140,"1|1|111001":11047,"1|0|011000":44816,"2|1|001110":2820,"2|1|110111":1237,"2|1|001111":3112,"2|1|110110":1327,"1|0|011001":47352,"1|1|100111":45252,"1|1|100110":47085,"1|0|000011":1261,"1|0|001100":14346,"1|0|000010":1250,"2|0|101001":3417,"2|0|101000":3720,"1|0|001101":16831,"2|1|110001":2165,"2|1|110000":2236,"2|1|011001":4934,"0|1|000000":2,"2|1|011000":4707,"1|1|010100":35001,"1|1|010101":37722,"1|1|101111":29119,"1|1|101110":31513,"2|0|101010":3363,"1|0|001111":22394,"1|1|001010":8759,"1|0|001110":19805,"1|1|001011":11652,"2|0|101011":3005,"2|1|000011":1281,"2|1|000010":1209,"1|1|010110":39885,"2|1|111101":373,"2|1|110010":1922,"2|1|111100":479,"2|1|110011":1855,"2|1|011010":5007,"2|1|011011":5059,"1|1|010111":42659,"1|1|101101":33265,"1|1|100011":53711,"1|1|101100":35454,"1|1|100010":55949,"1|0|110001":25798,"2|0|001011":2256,"2|0|001010":2100,"1|0|110000":27692,"2|0|111110":238,"0|1|101000":1,"2|0|111111":164,"1|1|101010":39266,"2|1|010010":3561,"2|1|011100":5099,"2|1|011101":5066,"1|0|010001":27647,"1|0|010000":24911,"2|1|010011":3744,"1|1|101011":36804,"1|0|111101":4252,"2|0|100101":4069,"2|0|100100":4324,"1|0|110010":23824,"1|0|110011":21679,"1|0|111100":5991,"2|0|110010":2000,"2|0|111101":387,"2|0|110011":1828,"2|0|111100":503,"2|1|011111":5170,"1|0|010111":42436,"1|0|010110":40514,"2|1|011110":5135,"1|1|101001":41043,"1|1|101000":42454,"1|0|110100":19979,"1|0|110101":18157,"2|0|100111":3811,"2|0|100110":3995,"2|1|000101":1365,"2|0|001111":2965,"2|1|000100":1292,"2|0|001110":2858,"1|0|011110":58236,"2|0|111011":633,"2|0|111010":748,"2|1|010111":4473,"1|0|011111":60360,"2|1|010110":4266,"1|0|110111":14705,"2|0|100001":4979,"2|0|100000":5055,"2|0|001001":1873,"2|0|001000":1671,"1|0|000101":1438,"1|0|000100":1313,"1|0|110110":16357,"1|0|010010":30144,"2|0|111000":1080,"2|0|111001":881,"1|0|011101":55849,"2|1|010001":3530,"1|0|010011":32687,"1|0|011100":53928,"2|1|010000":3150}}
