{"probability":{"Group 13":"0.037680571311985184","Group 12":"0.03574813072196051","Group 11":"0.21812150863749014","Group 10":"0.00013961285736605603","Group  6":"0.00007538349834212396","Group  5":"0.0","Group  4":"0.0017379791966028607","Group  3":"0.00003247112855726573","Group  2":"0.0","Group  1":"0.0","Group  9":"0.00008841427016956152","Group  8":"0.00935352435146122","Group  7":"0.6970224040260652"},"groups":{"Group 13":["Botan 1.5.6 & 1.11.29 & 2.1.0","Feitian JavaCOS A22 & A40","Gemalto GCX4 72K","HSM SafeNet Luna SA-1700","LibTomCrypt 1.17","Libgcrypt 1.6.0 & 1.6.5 & 1.7.6","Libgcrypt 1.6.0 FIPS & 1.6.5 FIPS","Nettle 3.2 & 3.3","Oberthur Cosmo 64","OpenSSL FIPS 2.0.12 & 2.0.14","PGPSDK 4","WolfSSL 2.0rc1 & 3.9.0 & 3.10.2","cryptlib 3.4.3 & 3.4.3.1"],"Group 12":["Bouncy Castle 1.53 (Java)","Cryptix JCE 20050328","FlexiProvider 1.7p7","HSM Utimaco Security Server Se50","Nettle 2.0","PolarSSL 0.10.0","PuTTY 0.67","SunRsaSign OpenJDK 1.8.0","mbedTLS 1.3.19 & 2.2.1 & 2.4.2"],"Group 11":["Bouncy Castle 1.54 (Java)","Crypto++ 5.6.0 & 5.6.3 & 5.6.5","Libgcrypt 1.7.6 FIPS","Microsoft CryptoAPI & CNG & .NET"],"Group 10":["NXP J2D081 & J2E145G","YubiKey NEO"],"Group  6":["Oberthur Cosmo Dual 72K"],"Group  5":["NXP J2A080 & J2A081 & J3A081 & JCOP 41 V2.2.1"],"Group  4":["Gemalto GXP E64"],"Group  3":["GNU Crypto 2.0.1"],"Group  2":["G&D SmartCafe 4.x & 6.0"],"Group  1":["G&D SmartCafe 3.2"],"Group  9":["Infineon JTOP 80K","YubiKey 4 & 4 Nano"],"Group  8":["PGPSDK 4 FIPS"],"Group  7":["OpenSSL 0.9.7 & 1.0.2g & 1.0.2k & 1.1.0e"]},"frequencies":{"1|1|000110":8283,"2|1|100011":18300,"2|1|101101":11565,"1|1|000111":9005,"2|1|101100":12191,"2|1|100010":19425,"2|0|000000":4243,"2|0|000001":4804,"1|0|111010":23700,"1|0|111011":19359,"1|1|011010":131029,"1|1|011011":135987,"0|1|100111":1,"2|0|110100":6931,"2|0|110101":6379,"1|0|100001":147963,"1|0|100000":153346,"2|1|100000":20932,"1|1|000100":6869,"2|1|100001":20127,"2|0|000011":6164,"2|0|001101":14001,"2|0|001100":13398,"2|0|000010":5515,"1|1|000101":7527,"2|1|010101":20212,"2|0|011010":23936,"2|1|010100":19611,"2|0|011011":23632,"1|0|100010":141101,"1|0|101100":89322,"1|0|101101":84773,"1|0|100011":137151,"2|1|100110":16244,"1|1|110101":46688,"2|1|100111":15809,"2|0|000101":7569,"2|0|000100":7032,"1|0|111110":6625,"1|1|110100":51144,"1|0|111111":2494,"1|0|100101":125132,"2|0|110001":8898,"2|0|110000":9450,"1|0|010101":100864,"1|0|010100":94672,"2|0|011001":22934,"2|0|011000":22553,"1|0|100100":131146,"2|1|100100":17725,"2|1|100101":17051,"2|0|000110":8363,"2|0|000111":9044,"1|0|111000":32633,"1|0|111001":28545,"2|0|110111":5156,"2|0|110110":5765,"2|0|011111":21411,"2|0|011110":21988,"1|0|100111":115407,"1|0|100110":120347,"1|1|001001":20453,"1|0|001001":20395,"1|0|001000":12871,"1|1|001000":13131,"1|1|110001":64790,"1|1|110000":70194,"1|1|010000":68819,"2|0|011101":22192,"2|1|111111":766,"2|1|111110":1061,"2|0|010010":18009,"2|0|011100":22777,"2|0|010011":18954,"1|1|010001":75625,"1|0|101010":99314,"1|0|101011":94609,"1|0|001010":27589,"1|1|001111":62241,"1|0|001011":34967,"1|1|001110":55360,"2|1|101011":12858,"2|1|101010":13523,"1|1|110111":37151,"1|1|110110":41995,"1|1|010010":81981,"1|1|010011":88315,"1|1|011100":139413,"2|0|010001":17197,"2|1|111001":3848,"2|1|111000":4545,"2|0|010000":16534,"1|1|011101":144979,"1|1|000011":6069,"1|1|001100":41520,"1|1|001101":48200,"2|1|101001":14211,"1|1|000010":5478,"2|1|101000":15198,"1|1|111110":6533,"1|1|111111":2614,"2|1|111010":3304,"1|1|011110":149124,"1|1|011111":153585,"2|0|010111":21681,"2|1|001000":9624,"2|1|001001":10861,"2|1|111011":2890,"2|0|010110":21192,"1|0|101111":74739,"1|1|100101":125924,"1|1|100100":131282,"1|0|101110":79563,"1|1|000000":4272,"1|1|000001":4961,"2|1|101111":10202,"2|1|101110":10971,"1|1|110010":60509,"1|1|111101":10978,"1|1|110011":55738,"1|1|111100":15238,"1|1|011000":119453,"1|1|011001":125003,"2|1|001010":11613,"2|0|010100":19345,"2|1|001011":12488,"2|0|010101":20239,"1|0|101001":104473,"1|0|101000":110326,"1|0|000110":8182,"2|0|101101":11517,"2|0|100011":18527,"2|0|101100":12112,"2|0|100010":19246,"2|1|000001":4867,"2|1|000000":4365,"1|1|111011":19450,"1|0|000111":8937,"1|1|111010":24017,"1|0|011011":135459,"2|1|110100":6864,"1|0|011010":131241,"2|1|001100":13372,"2|1|110101":6389,"2|1|001101":14222,"1|1|100001":147077,"1|1|100000":153598,"1|0|000000":4191,"2|0|101111":10328,"2|0|101110":10674,"2|1|000111":8948,"2|1|000110":8312,"1|1|111000":32903,"1|0|000001":4791,"1|1|111001":28159,"1|0|011000":118991,"2|1|001110":14703,"2|1|110111":5216,"2|1|001111":15737,"2|1|110110":5820,"1|0|011001":125300,"1|1|100111":114765,"1|1|100110":120224,"1|0|000011":6230,"1|0|001100":41849,"1|0|000010":5387,"2|0|101001":14030,"2|0|101000":14883,"1|0|001101":48325,"2|1|110001":8825,"2|1|110000":9530,"2|1|011001":22971,"2|1|011000":22457,"1|1|010100":94953,"1|1|010101":100366,"1|1|101111":74723,"1|1|101110":79607,"2|0|101010":13546,"1|0|001111":62592,"1|1|001010":27470,"1|0|001110":55599,"1|1|001011":34720,"2|0|101011":12916,"2|1|000011":6220,"2|1|000010":5562,"1|1|010110":107113,"2|1|111101":1605,"0|1|101010":1,"2|1|110010":8310,"2|1|111100":2096,"2|1|110011":7527,"2|1|011010":23736,"2|1|011011":23428,"1|1|010111":113285,"1|1|101101":84690,"1|1|100011":137049,"1|1|101100":90028,"1|1|100010":141678,"1|0|110001":64959,"2|0|001011":12482,"2|0|001010":11512,"1|0|110000":70097,"2|0|111110":1078,"2|0|111111":781,"1|1|101010":99991,"2|1|010010":18014,"2|1|011100":22919,"2|1|011101":22595,"1|0|010001":75274,"1|0|010000":68826,"2|1|010011":18823,"1|1|101011":94310,"1|0|111101":10956,"2|0|100101":16900,"2|0|100100":17824,"1|0|110010":60166,"1|0|110011":55721,"1|0|111100":15177,"2|0|110010":8236,"2|0|111101":1601,"2|0|110011":7591,"2|0|111100":2163,"2|1|011111":21211,"1|0|010111":112823,"1|0|010110":106704,"2|1|011110":21644,"1|1|101001":105663,"1|1|101000":110107,"1|0|110100":50887,"1|0|110101":46528,"2|0|100111":15602,"2|0|100110":16430,"2|1|000101":7596,"2|0|001111":15607,"2|1|000100":7104,"2|0|001110":14940,"1|0|011110":149411,"2|0|111011":2715,"2|0|111010":3264,"2|1|010111":21721,"1|0|011111":154628,"2|1|010110":21160,"1|0|110111":37172,"2|0|100001":20064,"2|0|100000":21212,"2|0|001001":10947,"2|0|001000":9801,"1|0|000101":7635,"1|0|000100":6879,"1|0|110110":41717,"1|0|010010":82158,"2|0|111000":4553,"2|0|111001":3944,"1|0|011101":144648,"2|1|010001":17405,"1|0|010011":88435,"1|0|011100":139842,"2|1|010000":16512}}
