{"probability":{"Group 13":"0.06604342392650324","Group 12":"0.060003520903574664","Group 11":"0.0","Group 10":"0.0","Group  6":"0.0010045394408607535","Group  5":"0.0","Group  4":"0.0031160251546301703","Group  3":"0.0","Group  2":"0.0","Group  1":"0.00034520359943466996","Group  9":"0.0002756914533117683","Group  8":"0.0","Group  7":"0.8692115955216848"},"groups":{"Group 13":["Botan 1.5.6 & 1.11.29 & 2.1.0","Feitian JavaCOS A22 & A40","Gemalto GCX4 72K","HSM SafeNet Luna SA-1700","LibTomCrypt 1.17","Libgcrypt 1.6.0 & 1.6.5 & 1.7.6","Libgcrypt 1.6.0 FIPS & 1.6.5 FIPS","Nettle 3.2 & 3.3","Oberthur Cosmo 64","OpenSSL FIPS 2.0.12 & 2.0.14","PGPSDK 4","WolfSSL 2.0rc1 & 3.9.0 & 3.10.2","cryptlib 3.4.3 & 3.4.3.1"],"Group 12":["Bouncy Castle 1.53 (Java)","Cryptix JCE 20050328","FlexiProvider 1.7p7","HSM Utimaco Security Server Se50","Nettle 2.0","PolarSSL 0.10.0","PuTTY 0.67","SunRsaSign OpenJDK 1.8.0","mbedTLS 1.3.19 & 2.2.1 & 2.4.2"],"Group 11":["Bouncy Castle 1.54 (Java)","Crypto++ 5.6.0 & 5.6.3 & 5.6.5","Libgcrypt 1.7.6 FIPS","Microsoft CryptoAPI & CNG & .NET"],"Group 10":["NXP J2D081 & J2E145G","YubiKey NEO"],"Group  6":["Oberthur Cosmo Dual 72K"],"Group  5":["NXP J2A080 & J2A081 & J3A081 & JCOP 41 V2.2.1"],"Group  4":["Gemalto GXP E64"],"Group  3":["GNU Crypto 2.0.1"],"Group  2":["G&D SmartCafe 4.x & 6.0"],"Group  1":["G&D SmartCafe 3.2"],"Group  9":["Infineon JTOP 80K","YubiKey 4 & 4 Nano"],"Group  8":["PGPSDK 4 FIPS"],"Group  7":["OpenSSL 0.9.7 & 1.0.2g & 1.0.2k & 1.1.0e"]},"frequencies":{"1|1|000110":226,"2|1|100011":345,"2|1|101101":199,"1|1|000111":221,"2|1|101100":226,"2|1|100010":395,"2|0|000000":248,"2|0|000001":216,"1|0|111010":1213,"1|0|111011":978,"1|1|011010":6187,"1|1|011011":6470,"2|0|110100":122,"2|0|110101":127,"1|0|100001":7321,"1|0|100000":7693,"2|1|100000":344,"1|1|000100":238,"2|1|100001":381,"2|0|000011":191,"2|0|001101":285,"2|0|001100":281,"2|0|000010":259,"1|1|000101":235,"2|1|010101":347,"2|0|011010":385,"2|1|010100":326,"2|0|011011":397,"1|0|100010":7043,"1|0|101100":4390,"1|0|101101":4068,"1|0|100011":6781,"2|1|100110":319,"1|1|110101":2222,"2|1|100111":255,"2|0|000101":216,"2|0|000100":259,"1|0|111110":296,"1|1|110100":2489,"1|0|111111":100,"1|0|100101":6241,"2|0|110001":143,"2|0|110000":185,"1|0|010101":4661,"1|0|010100":4300,"2|0|011001":390,"2|0|011000":359,"1|0|100100":6444,"2|1|100100":348,"2|1|100101":306,"2|0|000110":233,"2|0|000111":233,"1|0|111000":1630,"1|0|111001":1381,"2|0|110111":77,"2|0|110110":98,"2|0|011111":418,"2|0|011110":379,"1|0|100111":5747,"1|0|100110":6007,"1|1|001001":734,"1|0|001001":748,"1|0|001000":397,"1|1|001000":400,"1|1|110001":3252,"1|1|110000":3404,"1|1|010000":3208,"2|0|011101":411,"2|1|111111":7,"2|1|111110":12,"2|0|010010":334,"2|0|011100":388,"2|0|010011":329,"1|1|010001":3451,"1|0|101010":5001,"1|0|101011":4767,"1|0|001010":1081,"1|1|001111":2778,"1|0|001011":1413,"1|1|001110":2430,"2|1|101011":213,"2|1|101010":243,"1|1|110111":1843,"1|1|110110":2121,"1|1|010010":3721,"1|1|010011":4112,"1|1|011100":6751,"2|0|010001":334,"2|1|111001":72,"2|1|111000":77,"2|0|010000":299,"1|1|011101":7123,"1|1|000011":233,"1|1|001100":1776,"1|1|001101":2096,"2|1|101001":277,"1|1|000010":249,"2|1|101000":276,"1|1|111110":310,"1|1|111111":98,"2|1|111010":46,"1|1|011110":7437,"1|1|011111":7579,"2|0|010111":354,"2|1|001000":204,"2|1|001001":238,"2|1|111011":39,"2|0|010110":357,"1|0|101111":3775,"1|1|100101":6211,"1|1|100100":6417,"1|0|101110":4064,"1|1|000000":266,"1|1|000001":263,"2|1|101111":172,"2|1|101110":176,"1|1|110010":3050,"1|1|111101":537,"1|1|110011":2893,"1|1|111100":709,"1|1|011000":5579,"1|1|011001":5948,"2|1|001010":245,"2|0|010100":331,"2|1|001011":252,"2|0|010101":317,"1|0|101001":5261,"1|0|101000":5344,"1|0|000110":232,"2|0|101101":214,"2|0|100011":332,"2|0|101100":199,"2|0|100010":338,"2|1|000001":242,"2|1|000000":242,"1|1|111011":958,"1|0|000111":201,"1|1|111010":1163,"1|0|011011":6557,"2|1|110100":123,"1|0|011010":6401,"2|1|001100":274,"2|1|110101":114,"2|1|001101":270,"1|1|100001":7385,"1|1|100000":7666,"1|0|000000":225,"2|0|101111":175,"2|0|101110":187,"2|1|000111":210,"2|1|000110":225,"1|1|111000":1623,"1|0|000001":234,"1|1|111001":1375,"1|0|011000":5597,"2|1|001110":268,"2|1|110111":76,"2|1|001111":268,"2|1|110110":119,"1|0|011001":5813,"1|1|100111":5734,"1|1|100110":6004,"1|0|000011":220,"1|0|001100":1860,"1|0|000010":249,"2|0|101001":277,"2|0|101000":283,"1|0|001101":2107,"2|1|110001":133,"2|1|110000":147,"2|1|011001":362,"2|1|011000":336,"1|1|010100":4429,"1|1|010101":4594,"1|1|101111":3800,"1|1|101110":3950,"2|0|101010":229,"1|0|001111":2717,"1|1|001010":1110,"1|0|001110":2499,"1|1|001011":1522,"2|0|101011":235,"2|1|000011":227,"2|1|000010":218,"1|1|010110":4923,"2|1|111101":21,"2|1|110010":146,"2|1|111100":31,"2|1|110011":142,"2|1|011010":346,"2|1|011011":364,"1|1|010111":5303,"1|1|101101":4094,"1|1|100011":6924,"1|1|101100":4336,"1|1|100010":7085,"1|0|110001":3244,"2|0|001011":266,"2|0|001010":273,"1|0|110000":3473,"2|0|111110":14,"2|0|111111":9,"1|1|101010":4850,"2|1|010010":312,"2|1|011100":363,"2|1|011101":373,"1|0|010001":3413,"1|0|010000":3222,"2|1|010011":328,"1|1|101011":4803,"1|0|111101":523,"2|0|100101":335,"2|0|100100":367,"1|0|110010":2965,"1|0|110011":2715,"1|0|111100":780,"2|0|110010":145,"2|0|111101":28,"2|0|110011":140,"2|0|111100":34,"2|1|011111":377,"1|0|010111":5357,"1|0|010110":5038,"2|1|011110":395,"1|1|101001":5212,"1|1|101000":5450,"1|0|110100":2495,"1|0|110101":2296,"2|0|100111":286,"2|0|100110":276,"2|1|000101":208,"2|0|001111":293,"2|1|000100":232,"2|0|001110":272,"1|0|011110":7296,"2|0|111011":47,"2|0|111010":44,"2|1|010111":372,"1|0|011111":7669,"2|1|010110":347,"1|0|110111":1831,"2|0|100001":385,"2|0|100000":395,"2|0|001001":228,"2|0|001000":228,"1|0|000101":256,"1|0|000100":226,"1|0|110110":2012,"1|0|010010":3785,"2|0|111000":94,"2|0|111001":84,"1|0|011101":6929,"2|1|010001":308,"1|0|010011":4050,"1|0|011100":6869,"2|1|010000":301}}
