{"probability":{"Group 13":"0.09074095115339824","Group 12":"0.03074287600312331","Group 11":"0.0560752595802584","Group 10":"0.00012381932480010527","Group  6":"0.00027089396309295144","Group  5":"0.0","Group  4":"0.0040047256982347805","Group  3":"0.00018597109203796514","Group  2":"0.0","Group  1":"0.0","Group  9":"0.0005226071561117345","Group  8":"0.005676413458297863","Group  7":"0.8116564825706447"},"groups":{"Group 13":["Botan 1.5.6 & 1.11.29 & 2.1.0","Feitian JavaCOS A22 & A40","Gemalto GCX4 72K","HSM SafeNet Luna SA-1700","LibTomCrypt 1.17","Libgcrypt 1.6.0 & 1.6.5 & 1.7.6","Libgcrypt 1.6.0 FIPS & 1.6.5 FIPS","Nettle 3.2 & 3.3","Oberthur Cosmo 64","OpenSSL FIPS 2.0.12 & 2.0.14","PGPSDK 4","WolfSSL 2.0rc1 & 3.9.0 & 3.10.2","cryptlib 3.4.3 & 3.4.3.1"],"Group 12":["Bouncy Castle 1.53 (Java)","Cryptix JCE 20050328","FlexiProvider 1.7p7","HSM Utimaco Security Server Se50","Nettle 2.0","PolarSSL 0.10.0","PuTTY 0.67","SunRsaSign OpenJDK 1.8.0","mbedTLS 1.3.19 & 2.2.1 & 2.4.2"],"Group 11":["Bouncy Castle 1.54 (Java)","Crypto++ 5.6.0 & 5.6.3 & 5.6.5","Libgcrypt 1.7.6 FIPS","Microsoft CryptoAPI & CNG & .NET"],"Group 10":["NXP J2D081 & J2E145G","YubiKey NEO"],"Group  6":["Oberthur Cosmo Dual 72K"],"Group  5":["NXP J2A080 & J2A081 & J3A081 & JCOP 41 V2.2.1"],"Group  4":["Gemalto GXP E64"],"Group  3":["GNU Crypto 2.0.1"],"Group  2":["G&D SmartCafe 4.x & 6.0"],"Group  1":["G&D SmartCafe 3.2"],"Group  9":["Infineon JTOP 80K","YubiKey 4 & 4 Nano"],"Group  8":["PGPSDK 4 FIPS"],"Group  7":["OpenSSL 0.9.7 & 1.0.2g & 1.0.2k & 1.1.0e"]},"frequencies":{"1|1|000110":1357,"2|1|100011":4342,"2|1|101101":2718,"1|1|000111":1477,"2|1|101100":2871,"2|1|100010":4543,"2|0|000000":1426,"2|0|000001":1083,"1|0|111010":8954,"1|0|111011":7363,"1|1|011010":48098,"1|1|011011":50254,"2|0|110100":1598,"2|0|110101":1517,"1|0|100001":56319,"1|0|100000":58382,"2|1|100000":5067,"1|1|000100":1247,"2|1|100001":4685,"2|0|000011":1206,"2|0|001101":2514,"2|0|001100":2483,"2|0|000010":1155,"1|1|000101":1270,"2|1|010101":4114,"2|0|011010":4886,"2|1|010100":3854,"2|0|011011":4976,"1|0|100010":54196,"1|0|101100":34239,"1|0|101101":32133,"1|0|100011":51818,"2|1|100110":3892,"1|1|110101":17801,"2|1|100111":3657,"2|0|000101":1289,"2|0|000100":1241,"1|0|111110":2395,"1|1|110100":19435,"1|0|111111":851,"1|0|100101":47905,"2|0|110001":2112,"2|0|110000":2236,"1|0|010101":36844,"1|0|010100":34004,"2|0|011001":4638,"2|0|011000":4616,"1|0|100100":50069,"2|1|100100":4144,"2|1|100101":4166,"2|0|000110":1426,"2|0|000111":1389,"1|0|111000":12518,"1|0|111001":10732,"2|0|110111":1175,"2|0|110110":1371,"2|0|011111":5125,"2|0|011110":5033,"1|0|100111":43980,"1|0|100110":46034,"1|1|001001":5883,"1|0|001001":5725,"1|0|001000":2892,"1|1|001000":2885,"1|1|110001":24704,"1|1|110000":26618,"1|1|010000":24315,"2|0|011101":5004,"2|1|111111":144,"2|1|111110":244,"2|0|010010":3518,"2|0|011100":4916,"2|0|010011":3650,"1|1|010001":27120,"1|0|101010":38174,"1|0|101011":35869,"1|0|001010":8599,"1|1|001111":21340,"1|0|001011":11230,"1|1|001110":19309,"2|1|101011":3080,"2|1|101010":3190,"1|1|110111":14483,"1|1|110110":15776,"1|1|010010":29441,"1|1|010011":31710,"1|1|011100":52267,"2|0|010001":3422,"2|1|111001":874,"2|1|111000":1051,"2|0|010000":3161,"1|1|011101":54537,"1|1|000011":1227,"1|1|001100":14033,"1|1|001101":16507,"2|1|101001":3337,"1|1|000010":1173,"2|1|101000":3601,"1|1|111110":2511,"1|1|111111":880,"2|1|111010":739,"1|1|011110":55952,"1|1|011111":58745,"2|0|010111":4322,"2|1|001000":1629,"2|1|001001":1825,"2|1|111011":648,"2|0|010110":4183,"1|0|101111":28790,"1|1|100101":48202,"1|1|100100":49942,"1|0|101110":30377,"1|1|000000":1414,"1|1|000001":1132,"2|1|101111":2387,"2|1|101110":2546,"1|1|110010":23003,"1|1|111101":4168,"1|1|110011":21012,"1|1|111100":5644,"1|1|011000":43514,"1|1|011001":46087,"2|1|001010":2004,"2|0|010100":3895,"2|1|001011":2294,"2|0|010101":4096,"1|0|101001":39690,"1|0|101000":41692,"1|0|000110":1411,"2|0|101101":2662,"2|0|100011":4433,"2|0|101100":2831,"2|0|100010":4635,"2|1|000001":1041,"2|1|000000":1474,"1|1|111011":7464,"1|0|000111":1514,"1|1|111010":9092,"1|0|011011":49939,"2|1|110100":1592,"1|0|011010":48005,"2|1|001100":2369,"2|1|110101":1500,"2|1|001101":2577,"1|1|100001":56274,"1|1|100000":58348,"1|0|000000":1409,"2|0|101111":2494,"2|0|101110":2578,"2|1|000111":1379,"2|1|000110":1382,"1|1|111000":12388,"1|0|000001":1053,"1|1|111001":10721,"1|0|011000":43569,"2|1|001110":2797,"2|1|110111":1232,"2|1|001111":3035,"2|1|110110":1347,"1|0|011001":45876,"1|1|100111":43818,"1|1|100110":45732,"1|0|000011":1200,"1|0|001100":13910,"1|0|000010":1220,"2|0|101001":3369,"2|0|101000":3631,"1|0|001101":16399,"2|1|110001":2099,"2|1|110000":2201,"2|1|011001":4847,"0|1|000000":2,"2|1|011000":4579,"1|1|010100":34010,"1|1|010101":36678,"1|1|101111":28317,"1|1|101110":30439,"2|0|101010":3353,"1|0|001111":21795,"1|1|001010":8566,"1|0|001110":19238,"1|1|001011":11357,"2|0|101011":3017,"2|1|000011":1237,"2|1|000010":1141,"1|1|010110":38623,"2|1|111101":370,"2|1|110010":1878,"2|1|111100":476,"2|1|110011":1819,"2|1|011010":4854,"2|1|011011":4951,"1|1|010111":41621,"1|1|101101":32336,"1|1|100011":52196,"1|1|101100":34488,"1|1|100010":54425,"1|0|110001":25035,"2|0|001011":2223,"2|0|001010":2093,"1|0|110000":26824,"2|0|111110":242,"2|0|111111":154,"1|1|101010":38108,"2|1|010010":3578,"2|1|011100":5014,"2|1|011101":5027,"1|0|010001":26894,"1|0|010000":24240,"2|1|010011":3615,"1|1|101011":35769,"1|0|111101":4084,"2|0|100101":4031,"2|0|100100":4287,"1|0|110010":23282,"1|0|110011":21049,"1|0|111100":5791,"2|0|110010":1992,"2|0|111101":375,"2|0|110011":1840,"2|0|111100":501,"2|1|011111":5127,"1|0|010111":41125,"1|0|010110":39253,"2|1|011110":5016,"1|1|101001":40055,"1|1|101000":41310,"1|0|110100":19347,"1|0|110101":17726,"2|0|100111":3734,"2|0|100110":3926,"2|1|000101":1397,"2|0|001111":2908,"2|1|000100":1255,"2|0|001110":2814,"1|0|011110":56587,"2|0|111011":623,"2|0|111010":728,"2|1|010111":4509,"1|0|011111":58567,"2|1|010110":4194,"1|0|110111":14239,"2|0|100001":4852,"2|0|100000":4965,"2|0|001001":1825,"2|0|001000":1593,"1|0|000101":1400,"1|0|000100":1292,"1|0|110110":15888,"1|0|010010":29278,"2|0|111000":1086,"2|0|111001":898,"1|0|011101":54382,"2|1|010001":3389,"1|0|010011":31694,"1|0|011100":52564,"2|1|010000":3089}}
