{"probability":{"Group 13":"0.0365335989913849","Group 12":"0.03597382701490753","Group 11":"0.2237893083545514","Group 10":"0.00015327120076957993","Group  6":"0.00019108427377104877","Group  5":"0.0","Group  4":"0.0017145157007920492","Group  3":"0.000051728753378619116","Group  2":"0.0","Group  1":"0.0","Group  9":"0.00010876905431308158","Group  8":"0.008748181066405713","Group  7":"0.6927357155897261"},"groups":{"Group 13":["Botan 1.5.6 & 1.11.29 & 2.1.0","Feitian JavaCOS A22 & A40","Gemalto GCX4 72K","HSM SafeNet Luna SA-1700","LibTomCrypt 1.17","Libgcrypt 1.6.0 & 1.6.5 & 1.7.6","Libgcrypt 1.6.0 FIPS & 1.6.5 FIPS","Nettle 3.2 & 3.3","Oberthur Cosmo 64","OpenSSL FIPS 2.0.12 & 2.0.14","PGPSDK 4","WolfSSL 2.0rc1 & 3.9.0 & 3.10.2","cryptlib 3.4.3 & 3.4.3.1"],"Group 12":["Bouncy Castle 1.53 (Java)","Cryptix JCE 20050328","FlexiProvider 1.7p7","HSM Utimaco Security Server Se50","Nettle 2.0","PolarSSL 0.10.0","PuTTY 0.67","SunRsaSign OpenJDK 1.8.0","mbedTLS 1.3.19 & 2.2.1 & 2.4.2"],"Group 11":["Bouncy Castle 1.54 (Java)","Crypto++ 5.6.0 & 5.6.3 & 5.6.5","Libgcrypt 1.7.6 FIPS","Microsoft CryptoAPI & CNG & .NET"],"Group 10":["NXP J2D081 & J2E145G","YubiKey NEO"],"Group  6":["Oberthur Cosmo Dual 72K"],"Group  5":["NXP J2A080 & J2A081 & J3A081 & JCOP 41 V2.2.1"],"Group  4":["Gemalto GXP E64"],"Group  3":["GNU Crypto 2.0.1"],"Group  2":["G&D SmartCafe 4.x & 6.0"],"Group  1":["G&D SmartCafe 3.2"],"Group  9":["Infineon JTOP 80K","YubiKey 4 & 4 Nano"],"Group  8":["PGPSDK 4 FIPS"],"Group  7":["OpenSSL 0.9.7 & 1.0.2g & 1.0.2k & 1.1.0e"]},"frequencies":{"1|1|000110":8313,"2|1|100011":18333,"2|1|101101":11595,"1|1|000111":8989,"2|1|101100":12240,"2|1|100010":19441,"2|0|000000":4241,"2|0|000001":4739,"1|0|111010":23321,"1|0|111011":18962,"1|1|011010":128830,"1|1|011011":133856,"2|0|110100":6853,"2|0|110101":6394,"1|0|100001":145557,"1|0|100000":150847,"2|1|100000":21015,"1|1|000100":6830,"2|1|100001":20075,"2|0|000011":6152,"2|0|001101":14043,"2|0|001100":13547,"2|0|000010":5515,"1|1|000101":7474,"2|1|010101":20277,"2|0|011010":23910,"2|1|010100":19635,"2|0|011011":23671,"1|0|100010":138851,"1|0|101100":87886,"1|0|101101":83469,"1|0|100011":134543,"2|1|100110":16240,"1|1|110101":45865,"2|1|100111":15799,"2|0|000101":7518,"2|0|000100":6958,"1|0|111110":6482,"1|1|110100":50389,"1|0|111111":2422,"1|0|100101":123022,"2|0|110001":8816,"2|0|110000":9507,"1|0|010101":99466,"1|0|010100":93436,"2|0|011001":23016,"2|0|011000":22566,"1|0|100100":128940,"2|1|100100":17810,"2|1|100101":16994,"0|0|011100":1,"2|0|000110":8354,"2|0|000111":9039,"1|0|111000":32080,"1|0|111001":27972,"2|0|110111":5199,"2|0|110110":5778,"2|0|011111":21472,"2|0|011110":21970,"1|0|100111":113213,"1|0|100110":118465,"1|1|001001":20281,"1|0|001001":20180,"1|0|001000":12790,"1|1|001000":13088,"1|1|110001":63781,"1|1|110000":69095,"1|1|010000":67931,"2|0|011101":22212,"2|1|111111":714,"2|1|111110":1046,"2|0|010010":18001,"2|0|011100":22845,"2|0|010011":19038,"1|1|010001":74527,"1|0|101010":97730,"1|0|101011":93171,"1|0|001010":27210,"1|1|001111":61219,"1|0|001011":34640,"1|1|001110":54516,"2|1|101011":12875,"2|1|101010":13472,"1|1|110111":36470,"1|1|110110":41289,"1|1|010010":80786,"1|1|010011":87170,"1|1|011100":137183,"2|0|010001":17345,"2|1|111001":3819,"2|1|111000":4566,"2|0|010000":16466,"1|1|011101":142762,"1|1|000011":6050,"1|1|001100":40867,"1|1|001101":47797,"2|1|101001":14161,"0|0|011011":1,"1|1|000010":5485,"2|1|101000":15174,"1|1|111110":6410,"1|1|111111":2581,"2|1|111010":3323,"1|1|011110":146635,"1|1|011111":150912,"2|0|010111":21729,"2|1|001000":9626,"2|1|001001":10907,"2|1|111011":2897,"2|0|010110":21269,"1|0|101111":73527,"1|1|100101":123779,"1|1|100100":129197,"1|0|101110":78215,"1|1|000000":4279,"1|1|000001":4854,"2|1|101111":10190,"2|1|101110":10966,"1|1|110010":59596,"1|1|111101":10783,"1|1|110011":54860,"1|1|111100":15000,"1|1|011000":117581,"1|1|011001":123226,"2|1|001010":11698,"2|0|010100":19484,"2|1|001011":12549,"2|0|010101":20333,"1|0|101001":102801,"1|0|101000":108500,"1|0|000110":8198,"0|1|011111":1,"2|0|101101":11585,"2|0|100011":18511,"2|0|101100":12041,"2|0|100010":19242,"2|1|000001":4785,"2|1|000000":4392,"1|1|111011":19063,"1|0|000111":8986,"1|1|111010":23602,"1|0|011011":133401,"2|1|110100":6870,"1|0|011010":129186,"2|1|001100":13355,"2|1|110101":6376,"2|1|001101":14141,"1|1|100001":144526,"1|1|100000":151126,"1|0|000000":4184,"0|1|011100":2,"2|0|101111":10310,"2|0|101110":10669,"2|1|000111":8960,"2|1|000110":8382,"1|1|111000":32239,"1|0|000001":4768,"1|1|111001":27827,"1|0|011000":117163,"2|1|001110":14768,"2|1|110111":5171,"2|1|001111":15901,"2|1|110110":5819,"1|0|011001":123514,"1|1|100111":112731,"1|1|100110":118243,"1|0|000011":6233,"1|0|001100":41299,"1|0|000010":5350,"2|0|101001":14061,"2|0|101000":14841,"1|0|001101":47780,"2|1|110001":8799,"2|1|110000":9534,"2|1|011001":23041,"2|1|011000":22530,"1|1|010100":93568,"1|1|010101":98776,"1|1|101111":73517,"1|1|101110":78163,"2|0|101010":13544,"1|0|001111":61686,"1|1|001010":27245,"1|0|001110":54844,"1|1|001011":34405,"2|0|101011":12974,"2|1|000011":6152,"2|1|000010":5510,"1|1|010110":105617,"2|1|111101":1587,"0|1|101010":1,"2|1|110010":8296,"2|1|111100":2069,"2|1|110011":7484,"2|1|011010":23756,"2|1|011011":23375,"1|1|010111":111541,"1|1|101101":83400,"1|1|100011":134792,"1|1|101100":88348,"1|1|100010":139133,"1|0|110001":63880,"2|0|001011":12488,"2|0|001010":11566,"1|0|110000":69064,"2|0|111110":1056,"2|0|111111":743,"1|1|101010":98274,"2|1|010010":18164,"2|1|011100":22944,"2|1|011101":22609,"1|0|010001":74207,"1|0|010000":67766,"2|1|010011":18815,"1|1|101011":92664,"1|0|111101":10655,"2|0|100101":16949,"2|0|100100":17892,"1|0|110010":59110,"1|0|110011":54745,"1|0|111100":14993,"2|0|110010":8234,"2|0|111101":1575,"2|0|110011":7576,"2|0|111100":2176,"2|1|011111":21242,"1|0|010111":111266,"1|0|010110":105160,"2|1|011110":21679,"1|1|101001":104293,"1|1|101000":108128,"1|0|110100":50243,"1|0|110101":45722,"2|0|100111":15463,"2|0|100110":16496,"2|1|000101":7538,"2|0|001111":15735,"2|1|000100":7053,"2|0|001110":14968,"1|0|011110":147171,"2|0|111011":2720,"2|0|111010":3246,"2|1|010111":21719,"1|0|011111":152161,"2|1|010110":21183,"1|0|110111":36560,"2|0|100001":20046,"2|0|100000":21181,"2|0|001001":10939,"2|0|001000":9815,"1|0|000101":7618,"1|0|000100":6855,"1|0|110110":40849,"1|0|010010":80953,"2|0|111000":4531,"2|0|111001":3885,"1|0|011101":142391,"2|1|010001":17378,"1|0|010011":87224,"1|0|011100":137438,"2|1|010000":16623}}
