{"probability":{"Group 13":"0.008975486821734572","Group 12":"0.028829213115362594","Group 11":"0.0963227551584343","Group 10":"0.0","Group  6":"0.0023851273374006017","Group  5":"0.0","Group  4":"0.004965612282416972","Group  3":"0.0","Group  2":"0.0","Group  1":"0.00010020221840249201","Group  9":"0.0011338744778919153","Group  8":"0.00047275260389332673","Group  7":"0.8568149759844632"},"groups":{"Group 13":["Botan 1.5.6 & 1.11.29 & 2.1.0","Feitian JavaCOS A22 & A40","Gemalto GCX4 72K","HSM SafeNet Luna SA-1700","LibTomCrypt 1.17","Libgcrypt 1.6.0 & 1.6.5 & 1.7.6","Libgcrypt 1.6.0 FIPS & 1.6.5 FIPS","Nettle 3.2 & 3.3","Oberthur Cosmo 64","OpenSSL FIPS 2.0.12 & 2.0.14","PGPSDK 4","WolfSSL 2.0rc1 & 3.9.0 & 3.10.2","cryptlib 3.4.3 & 3.4.3.1"],"Group 12":["Bouncy Castle 1.53 (Java)","Cryptix JCE 20050328","FlexiProvider 1.7p7","HSM Utimaco Security Server Se50","Nettle 2.0","PolarSSL 0.10.0","PuTTY 0.67","SunRsaSign OpenJDK 1.8.0","mbedTLS 1.3.19 & 2.2.1 & 2.4.2"],"Group 11":["Bouncy Castle 1.54 (Java)","Crypto++ 5.6.0 & 5.6.3 & 5.6.5","Libgcrypt 1.7.6 FIPS","Microsoft CryptoAPI & CNG & .NET"],"Group 10":["NXP J2D081 & J2E145G","YubiKey NEO"],"Group  6":["Oberthur Cosmo Dual 72K"],"Group  5":["NXP J2A080 & J2A081 & J3A081 & JCOP 41 V2.2.1"],"Group  4":["Gemalto GXP E64"],"Group  3":["GNU Crypto 2.0.1"],"Group  2":["G&D SmartCafe 4.x & 6.0"],"Group  1":["G&D SmartCafe 3.2"],"Group  9":["Infineon JTOP 80K","YubiKey 4 & 4 Nano"],"Group  8":["PGPSDK 4 FIPS"],"Group  7":["OpenSSL 0.9.7 & 1.0.2g & 1.0.2k & 1.1.0e"]},"frequencies":{"1|1|000110":129,"2|1|100011":246,"2|1|101101":132,"1|1|000111":144,"2|1|101100":130,"2|1|100010":243,"2|0|000000":92,"2|0|000001":94,"1|0|111010":762,"1|0|111011":599,"1|1|011010":4163,"1|1|011011":4393,"2|0|110100":86,"2|0|110101":82,"1|0|100001":4902,"1|0|100000":5106,"2|1|100000":300,"1|1|000100":129,"2|1|100001":268,"2|0|000011":88,"2|0|001101":206,"2|0|001100":209,"2|0|000010":90,"1|1|000101":153,"2|1|010101":297,"2|0|011010":319,"2|1|010100":297,"2|0|011011":323,"1|0|100010":4651,"1|0|101100":2927,"1|0|101101":2795,"1|0|100011":4558,"2|1|100110":204,"1|1|110101":1506,"2|1|100111":194,"2|0|000101":135,"2|0|000100":95,"1|0|111110":227,"1|1|110100":1662,"1|0|111111":49,"1|0|100101":4082,"2|0|110001":109,"2|0|110000":117,"1|0|010101":3212,"1|0|010100":2921,"2|0|011001":327,"2|0|011000":310,"1|0|100100":4219,"2|1|100100":230,"2|1|100101":206,"2|0|000110":149,"2|0|000111":161,"1|0|111000":1093,"1|0|111001":860,"2|0|110111":64,"2|0|110110":61,"2|0|011111":292,"2|0|011110":315,"1|0|100111":3817,"1|0|100110":3887,"1|1|001001":533,"1|0|001001":522,"1|0|001000":280,"1|1|001000":286,"1|1|110001":2151,"1|1|110000":2275,"1|1|010000":2168,"2|0|011101":278,"2|1|111111":4,"2|1|111110":9,"2|0|010010":240,"2|0|011100":335,"2|0|010011":259,"1|1|010001":2344,"1|0|101010":3306,"1|0|101011":3127,"1|0|001010":752,"1|1|001111":1830,"1|0|001011":992,"1|1|001110":1711,"2|1|101011":159,"2|1|101010":182,"1|1|110111":1209,"1|1|110110":1353,"1|1|010010":2485,"1|1|010011":2681,"1|1|011100":4444,"2|0|010001":250,"2|1|111001":44,"2|1|111000":65,"2|0|010000":238,"1|1|011101":4672,"1|1|000011":91,"1|1|001100":1121,"1|1|001101":1456,"2|1|101001":175,"1|1|000010":103,"2|1|101000":193,"1|1|111110":230,"1|1|111111":66,"2|1|111010":29,"1|1|011110":4868,"1|1|011111":4962,"2|0|010111":305,"2|1|001000":150,"2|1|001001":181,"2|1|111011":30,"2|0|010110":292,"1|0|101111":2397,"1|1|100101":4081,"1|1|100100":4267,"1|0|101110":2592,"1|1|000000":67,"1|1|000001":93,"2|1|101111":145,"2|1|101110":139,"1|1|110010":1934,"1|1|111101":360,"1|1|110011":1840,"1|1|111100":502,"1|1|011000":3830,"1|1|011001":3961,"2|1|001010":167,"2|0|010100":269,"2|1|001011":203,"2|0|010101":298,"1|0|101001":3343,"1|0|101000":3612,"1|0|000110":124,"2|0|101101":151,"2|0|100011":236,"2|0|101100":169,"2|0|100010":259,"2|1|000001":98,"2|1|000000":64,"1|1|111011":619,"1|0|000111":141,"1|1|111010":797,"1|0|011011":4412,"2|1|110100":85,"1|0|011010":4151,"2|1|001100":225,"2|1|110101":76,"2|1|001101":200,"1|1|100001":4723,"1|1|100000":4932,"1|0|000000":75,"2|0|101111":142,"2|0|101110":123,"2|1|000111":157,"2|1|000110":123,"1|1|111000":1070,"1|0|000001":108,"1|1|111001":955,"1|0|011000":3746,"2|1|001110":223,"2|1|110111":58,"2|1|001111":226,"2|1|110110":72,"1|0|011001":3924,"1|1|100111":3826,"1|1|100110":4002,"1|0|000011":106,"1|0|001100":1200,"1|0|000010":87,"2|0|101001":180,"2|0|101000":186,"1|0|001101":1439,"2|1|110001":112,"2|1|110000":127,"2|1|011001":291,"2|1|011000":314,"1|1|010100":2945,"1|1|010101":3188,"1|1|101111":2482,"1|1|101110":2591,"2|0|101010":165,"1|0|001111":1911,"1|1|001010":812,"1|0|001110":1745,"1|1|001011":1032,"2|0|101011":149,"2|1|000011":115,"2|1|000010":101,"1|1|010110":3304,"2|1|111101":26,"2|1|110010":110,"2|1|111100":25,"2|1|110011":86,"2|1|011010":322,"2|1|011011":319,"1|1|010111":3568,"1|1|101101":2835,"1|1|100011":4525,"1|1|101100":2908,"1|1|100010":4608,"1|0|110001":2083,"2|0|001011":192,"2|0|001010":181,"1|0|110000":2265,"2|0|111110":11,"2|0|111111":1,"1|1|101010":3264,"2|1|010010":299,"2|1|011100":299,"2|1|011101":292,"1|0|010001":2268,"1|0|010000":2063,"2|1|010011":257,"1|1|101011":3018,"1|0|111101":360,"2|0|100101":223,"2|0|100100":220,"1|0|110010":2011,"1|0|110011":1786,"1|0|111100":506,"2|0|110010":104,"2|0|111101":24,"2|0|110011":95,"2|0|111100":26,"2|1|011111":290,"1|0|010111":3541,"1|0|010110":3352,"2|1|011110":300,"1|1|101001":3460,"1|1|101000":3625,"1|0|110100":1673,"1|0|110101":1577,"2|0|100111":197,"2|0|100110":194,"2|1|000101":136,"2|0|001111":226,"2|1|000100":119,"2|0|001110":231,"1|0|011110":4854,"2|0|111011":31,"2|0|111010":35,"2|1|010111":279,"1|0|011111":5180,"2|1|010110":339,"1|0|110111":1232,"2|0|100001":248,"2|0|100000":282,"2|0|001001":171,"2|0|001000":156,"1|0|000101":116,"1|0|000100":115,"1|0|110110":1338,"1|0|010010":2519,"2|0|111000":59,"2|0|111001":54,"1|0|011101":4733,"2|1|010001":234,"1|0|010011":2757,"1|0|011100":4473,"2|1|010000":222}}
