{"probability":{"Group 13":"0.13744862284037163","Group 12":"0.017107999794715226","Group 11":"0.13475550706163025","Group 10":"0.0","Group  6":"0.0001293035029678554","Group  5":"0.0","Group  4":"0.0029986489212934135","Group  3":"0.000828495225012622","Group  2":"0.0","Group  1":"0.0","Group  9":"0.00046200836569600096","Group  8":"0.012228404921319247","Group  7":"0.6940410093669938"},"groups":{"Group 13":["Botan 1.5.6 & 1.11.29 & 2.1.0","Feitian JavaCOS A22 & A40","Gemalto GCX4 72K","HSM SafeNet Luna SA-1700","LibTomCrypt 1.17","Libgcrypt 1.6.0 & 1.6.5 & 1.7.6","Libgcrypt 1.6.0 FIPS & 1.6.5 FIPS","Nettle 3.2 & 3.3","Oberthur Cosmo 64","OpenSSL FIPS 2.0.12 & 2.0.14","PGPSDK 4","WolfSSL 2.0rc1 & 3.9.0 & 3.10.2","cryptlib 3.4.3 & 3.4.3.1"],"Group 12":["Bouncy Castle 1.53 (Java)","Cryptix JCE 20050328","FlexiProvider 1.7p7","HSM Utimaco Security Server Se50","Nettle 2.0","PolarSSL 0.10.0","PuTTY 0.67","SunRsaSign OpenJDK 1.8.0","mbedTLS 1.3.19 & 2.2.1 & 2.4.2"],"Group 11":["Bouncy Castle 1.54 (Java)","Crypto++ 5.6.0 & 5.6.3 & 5.6.5","Libgcrypt 1.7.6 FIPS","Microsoft CryptoAPI & CNG & .NET"],"Group 10":["NXP J2D081 & J2E145G","YubiKey NEO"],"Group  6":["Oberthur Cosmo Dual 72K"],"Group  5":["NXP J2A080 & J2A081 & J3A081 & JCOP 41 V2.2.1"],"Group  4":["Gemalto GXP E64"],"Group  3":["GNU Crypto 2.0.1"],"Group  2":["G&D SmartCafe 4.x & 6.0"],"Group  1":["G&D SmartCafe 3.2"],"Group  9":["Infineon JTOP 80K","YubiKey 4 & 4 Nano"],"Group  8":["PGPSDK 4 FIPS"],"Group  7":["OpenSSL 0.9.7 & 1.0.2g & 1.0.2k & 1.1.0e"]},"frequencies":{"1|1|000110":1833,"2|1|100011":7535,"2|1|101101":4570,"1|1|000111":1931,"2|1|101100":5056,"2|1|100010":7682,"2|0|000000":1518,"2|0|000001":846,"1|0|111010":8363,"1|0|111011":6896,"1|1|011010":46237,"1|1|011011":47771,"2|0|110100":2827,"2|0|110101":2655,"1|0|100001":53042,"1|0|100000":54817,"2|1|100000":8624,"1|1|000100":1383,"2|1|100001":8157,"2|0|000011":1191,"2|0|001101":4179,"2|0|001100":3739,"2|0|000010":1097,"1|1|000101":1549,"2|1|010101":6965,"2|0|011010":8429,"2|1|010100":6427,"2|0|011011":8584,"1|0|100010":50500,"1|0|101100":31991,"1|0|101101":30074,"1|0|100011":48769,"2|1|100110":6737,"1|1|110101":16616,"2|1|100111":6249,"2|0|000101":1624,"2|0|000100":1447,"1|0|111110":2398,"1|1|110100":18209,"1|0|111111":908,"1|0|100101":44647,"2|0|110001":3660,"2|0|110000":3741,"1|0|010101":35238,"1|0|010100":32880,"2|0|011001":8040,"2|0|011000":7913,"1|0|100100":46911,"2|1|100100":7097,"2|1|100101":6964,"2|0|000110":1822,"2|0|000111":1888,"1|0|111000":11818,"1|0|111001":10270,"2|0|110111":2019,"2|0|110110":2430,"2|0|011111":8560,"2|0|011110":8689,"1|0|100111":41426,"1|0|100110":43242,"1|1|001001":6058,"1|0|001001":6076,"1|0|001000":3274,"1|1|001000":3417,"1|1|110001":23548,"1|1|110000":25208,"1|1|010000":23492,"2|0|011101":8436,"2|1|111111":287,"2|1|111110":497,"2|0|010010":5855,"2|0|011100":8481,"2|0|010011":6003,"1|1|010001":25830,"1|0|101010":35675,"1|0|101011":34025,"1|0|001010":8839,"1|1|001111":21062,"1|0|001011":11094,"1|1|001110":18626,"2|1|101011":5240,"2|1|101010":5545,"1|1|110111":13370,"1|1|110110":14954,"1|1|010010":28188,"1|1|010011":30516,"1|1|011100":49715,"2|0|010001":5526,"2|1|111001":1534,"2|1|111000":1791,"2|0|010000":5095,"1|1|011101":51393,"1|1|000011":1241,"1|1|001100":13890,"1|1|001101":16197,"2|1|101001":5611,"1|1|000010":1058,"2|1|101000":6144,"1|1|111110":2383,"1|1|111111":926,"2|1|111010":1282,"1|1|011110":53054,"1|1|011111":54853,"2|0|010111":7494,"2|1|001000":2152,"2|1|001001":2575,"2|1|111011":1138,"2|0|010110":7143,"1|0|101111":26785,"1|1|100101":45341,"1|1|100100":46848,"1|0|101110":28837,"1|1|000000":1464,"1|1|000001":836,"2|1|101111":4092,"2|1|101110":4369,"1|1|110010":21850,"1|1|111101":3832,"1|1|110011":19801,"1|1|111100":5365,"1|1|011000":41854,"1|1|011001":43603,"2|1|001010":3047,"2|0|010100":6460,"2|1|001011":3459,"2|0|010101":6824,"1|0|101001":37718,"1|0|101000":39364,"1|0|000110":1711,"2|0|101101":4719,"2|0|100011":7522,"2|0|101100":4971,"2|0|100010":7763,"2|1|000001":851,"2|1|000000":1502,"1|1|111011":6962,"1|0|000111":1938,"1|1|111010":8690,"1|0|011011":47527,"2|1|110100":2777,"1|0|011010":45990,"2|1|001100":3804,"2|1|110101":2599,"2|1|001101":3959,"1|1|100001":52668,"1|1|100000":54849,"1|0|000000":1483,"2|0|101111":4320,"2|0|101110":4425,"2|1|000111":1945,"2|1|000110":1731,"1|1|111000":11654,"1|0|000001":883,"1|1|111001":9973,"1|0|011000":41731,"2|1|001110":4524,"2|1|110111":2099,"2|1|001111":4856,"2|1|110110":2306,"1|0|011001":43962,"1|1|100111":41223,"1|1|100110":43144,"1|0|000011":1277,"1|0|001100":13866,"1|0|000010":1069,"2|0|101001":5833,"2|0|101000":6108,"1|0|001101":16023,"2|1|110001":3584,"2|1|110000":3884,"2|1|011001":8067,"2|1|011000":7672,"1|1|010100":32988,"1|1|010101":34909,"1|1|101111":26679,"1|1|101110":28788,"2|0|101010":5633,"1|0|001111":21237,"1|1|001010":8463,"1|0|001110":18713,"1|1|001011":11364,"2|0|101011":5140,"2|1|000011":1189,"2|1|000010":1030,"1|1|010110":37676,"2|1|111101":702,"2|1|110010":3308,"2|1|111100":857,"2|1|110011":3183,"2|1|011010":8367,"2|1|011011":8566,"1|1|010111":39501,"1|1|101101":30053,"1|1|100011":48813,"1|1|101100":32156,"1|1|100010":50771,"1|0|110001":23693,"2|0|001011":3415,"2|0|001010":3110,"1|0|110000":25077,"2|0|111110":474,"2|0|111111":290,"1|1|101010":35688,"2|1|010010":6038,"2|1|011100":8498,"2|1|011101":8457,"1|0|010001":26265,"1|0|010000":23450,"2|1|010011":6228,"1|1|101011":33581,"1|0|111101":3898,"2|0|100101":6882,"2|0|100100":7318,"1|0|110010":21815,"1|0|110011":19776,"1|0|111100":5464,"2|0|110010":3427,"2|0|111101":639,"2|0|110011":3039,"2|0|111100":872,"2|1|011111":8621,"1|0|010111":39557,"1|0|010110":37496,"2|1|011110":8333,"1|1|101001":37653,"1|1|101000":39135,"1|0|110100":18004,"1|0|110101":16696,"2|0|100111":6299,"2|0|100110":6576,"2|1|000101":1604,"2|0|001111":4854,"2|1|000100":1400,"2|0|001110":4497,"1|0|011110":53451,"2|0|111011":1150,"2|0|111010":1298,"2|1|010111":7673,"1|0|011111":54952,"2|1|010110":7169,"1|0|110111":13333,"2|0|100001":8333,"2|0|100000":8395,"2|0|001001":2668,"2|0|001000":2172,"1|0|000101":1587,"1|0|000100":1389,"1|0|110110":14956,"1|0|010010":28098,"2|0|111000":1820,"2|0|111001":1581,"1|0|011101":51095,"2|1|010001":5657,"1|0|010011":30426,"1|0|011100":49757,"2|1|010000":5193}}
