{"probability":{"Group 13":"0.17474792407614945","Group 12":"0.2251897321563221","Group 11":"0.03648506023416774","Group 10":"0.0000859039999738748","Group  6":"0.0","Group  5":"0.0009373927984492669","Group  4":"0.0062403324022473035","Group  3":"0.0","Group  2":"0.0","Group  1":"0.0","Group  9":"0.0009617951250117537","Group  8":"0.0","Group  7":"0.5553518592076784"},"groups":{"Group 13":["Botan 1.5.6 & 1.11.29 & 2.1.0","Feitian JavaCOS A22 & A40","Gemalto GCX4 72K","HSM SafeNet Luna SA-1700","LibTomCrypt 1.17","Libgcrypt 1.6.0 & 1.6.5 & 1.7.6","Libgcrypt 1.6.0 FIPS & 1.6.5 FIPS","Nettle 3.2 & 3.3","Oberthur Cosmo 64","OpenSSL FIPS 2.0.12 & 2.0.14","PGPSDK 4","WolfSSL 2.0rc1 & 3.9.0 & 3.10.2","cryptlib 3.4.3 & 3.4.3.1"],"Group 12":["Bouncy Castle 1.53 (Java)","Cryptix JCE 20050328","FlexiProvider 1.7p7","HSM Utimaco Security Server Se50","Nettle 2.0","PolarSSL 0.10.0","PuTTY 0.67","SunRsaSign OpenJDK 1.8.0","mbedTLS 1.3.19 & 2.2.1 & 2.4.2"],"Group 11":["Bouncy Castle 1.54 (Java)","Crypto++ 5.6.0 & 5.6.3 & 5.6.5","Libgcrypt 1.7.6 FIPS","Microsoft CryptoAPI & CNG & .NET"],"Group 10":["NXP J2D081 & J2E145G","YubiKey NEO"],"Group  6":["Oberthur Cosmo Dual 72K"],"Group  5":["NXP J2A080 & J2A081 & J3A081 & JCOP 41 V2.2.1"],"Group  4":["Gemalto GXP E64"],"Group  3":["GNU Crypto 2.0.1"],"Group  2":["G&D SmartCafe 4.x & 6.0"],"Group  1":["G&D SmartCafe 3.2"],"Group  9":["Infineon JTOP 80K","YubiKey 4 & 4 Nano"],"Group  8":["PGPSDK 4 FIPS"],"Group  7":["OpenSSL 0.9.7 & 1.0.2g & 1.0.2k & 1.1.0e"]},"frequencies":{"1|1|000110":2741,"2|1|100011":3732,"2|1|101101":2221,"1|1|000111":2803,"2|1|101100":2387,"2|1|100010":4038,"2|0|000000":3132,"2|0|000001":3014,"1|0|111010":2999,"1|0|111011":2512,"1|1|011010":16814,"1|1|011011":17360,"2|0|110100":1355,"2|0|110101":1181,"1|0|100001":19251,"1|0|100000":19880,"2|1|100000":4172,"1|1|000100":2959,"2|1|100001":3962,"2|0|000011":2874,"2|0|001101":3301,"2|0|001100":3165,"2|0|000010":3078,"1|1|000101":2940,"2|1|010101":3801,"2|0|011010":4112,"2|1|010100":3833,"2|0|011011":4147,"1|0|100010":18159,"1|0|101100":11460,"1|0|101101":10999,"1|0|100011":17666,"2|1|100110":3306,"1|1|110101":5882,"2|1|100111":3208,"2|0|000101":2850,"2|0|000100":2950,"1|0|111110":813,"1|1|110100":6604,"1|0|111111":279,"1|0|100101":16236,"2|0|110001":1731,"2|0|110000":1778,"1|0|010101":13513,"1|0|010100":12492,"2|0|011001":4006,"2|0|011000":3966,"1|0|100100":17072,"2|1|100100":3489,"2|1|100101":3487,"2|0|000110":2832,"2|0|000111":2833,"1|0|111000":4094,"1|0|111001":3570,"2|0|110111":964,"2|0|110110":1102,"2|0|011111":4229,"2|0|011110":4233,"1|0|100111":14641,"1|0|100110":15444,"1|1|001001":4073,"1|0|001001":3892,"1|0|001000":3203,"1|1|001000":3159,"1|1|110001":8352,"1|1|110000":8863,"1|1|010000":9800,"2|0|011101":4268,"2|1|111111":55,"2|1|111110":172,"2|0|010010":3724,"2|0|011100":4245,"2|0|010011":3734,"1|1|010001":10532,"1|0|101010":12754,"1|0|101011":12047,"1|0|001010":4951,"1|1|001111":8917,"1|0|001011":5859,"1|1|001110":8291,"2|1|101011":2558,"2|1|101010":2658,"1|1|110111":4841,"1|1|110110":5306,"1|1|010010":11077,"1|1|010011":11876,"1|1|011100":18111,"2|0|010001":3621,"2|1|111001":730,"2|1|111000":894,"2|0|010000":3630,"1|1|011101":18674,"1|1|000011":2938,"1|1|001100":6434,"1|1|001101":7345,"2|1|101001":2741,"1|1|000010":3027,"2|1|101000":2911,"1|1|111110":797,"1|1|111111":288,"2|1|111010":615,"1|1|011110":19219,"1|1|011111":19926,"2|0|010111":4013,"2|1|001000":2813,"2|1|001001":2936,"2|1|111011":497,"2|0|010110":3966,"1|0|101111":9516,"1|1|100101":16136,"1|1|100100":16969,"1|0|101110":9938,"1|1|000000":3048,"1|1|000001":3050,"2|1|101111":2021,"2|1|101110":2169,"1|1|110010":7798,"1|1|111101":1345,"1|1|110011":6969,"1|1|111100":1895,"1|1|011000":15301,"1|1|011001":15763,"2|1|001010":3054,"2|0|010100":3809,"2|1|001011":3050,"2|0|010101":3854,"1|0|101001":13432,"1|0|101000":14395,"1|0|000110":2881,"2|0|101101":2204,"2|0|100011":3681,"2|0|101100":2403,"2|0|100010":3905,"2|1|000001":2978,"2|1|000000":3173,"1|1|111011":2509,"1|0|000111":2877,"1|1|111010":3036,"1|0|011011":17169,"2|1|110100":1390,"1|0|011010":16585,"2|1|001100":3199,"2|1|110101":1152,"2|1|001101":3257,"1|1|100001":19098,"1|1|100000":19709,"1|0|000000":3050,"2|0|101111":2069,"2|0|101110":2059,"2|1|000111":2775,"2|1|000110":2860,"1|1|111000":4167,"1|0|000001":3079,"1|1|111001":3551,"1|0|011000":15391,"2|1|001110":3326,"2|1|110111":942,"2|1|001111":3567,"2|1|110110":1024,"1|0|011001":15992,"1|1|100111":14753,"1|1|100110":15178,"1|0|000011":3006,"1|0|001100":6657,"1|0|000010":3029,"2|0|101001":2819,"2|0|101000":2965,"1|0|001101":7282,"2|1|110001":1661,"2|1|110000":1815,"2|1|011001":3973,"2|1|011000":4036,"1|1|010100":12534,"1|1|010101":13474,"1|1|101111":9668,"1|1|101110":10184,"2|0|101010":2727,"1|0|001111":8874,"1|1|001010":4914,"1|0|001110":8042,"1|1|001011":5689,"2|0|101011":2521,"2|1|000011":2985,"2|1|000010":3002,"1|1|010110":13806,"2|1|111101":289,"2|1|110010":1566,"2|1|111100":400,"2|1|110011":1435,"2|1|011010":4158,"2|1|011011":4084,"1|1|010111":14603,"1|1|101101":10968,"1|1|100011":17410,"1|1|101100":11623,"1|1|100010":18404,"1|0|110001":8429,"2|0|001011":3162,"2|0|001010":3054,"1|0|110000":8984,"2|0|111110":154,"2|0|111111":61,"1|1|101010":12839,"2|1|010010":3633,"2|1|011100":4149,"2|1|011101":4251,"1|0|010001":10375,"1|0|010000":9718,"2|1|010011":3745,"1|1|101011":12143,"1|0|111101":1377,"2|0|100101":3502,"2|0|100100":3532,"1|0|110010":7772,"1|0|110011":7082,"1|0|111100":1929,"2|0|110010":1568,"2|0|111101":273,"2|0|110011":1454,"2|0|111100":363,"2|1|011111":4335,"1|0|010111":14737,"1|0|010110":13918,"2|1|011110":4382,"1|1|101001":13490,"1|1|101000":14052,"1|0|110100":6529,"1|0|110101":6016,"2|0|100111":3113,"2|0|100110":3225,"2|1|000101":2878,"2|0|001111":3571,"2|1|000100":2954,"2|0|001110":3406,"1|0|011110":19340,"2|0|111011":501,"2|0|111010":606,"2|1|010111":3999,"1|0|011111":20020,"2|1|010110":3844,"1|0|110111":4861,"2|0|100001":3997,"2|0|100000":4298,"2|0|001001":2935,"2|0|001000":2801,"1|0|000101":2916,"1|0|000100":2908,"1|0|110110":5409,"1|0|010010":11313,"2|0|111000":833,"2|0|111001":757,"1|0|011101":18537,"2|1|010001":3761,"1|0|010011":11765,"1|0|011100":17994,"2|1|010000":3536}}
