{"probability":{"Group 13":"0.04896369786542282","Group 12":"0.07358153023173376","Group 11":"0.0","Group 10":"0.0","Group  6":"0.0002115482767210745","Group  5":"0.0009874220726242488","Group  4":"0.0051581904074225245","Group  3":"0.0","Group  2":"0.0006171177614696818","Group  1":"0.00008998138269600312","Group  9":"0.000652496513744142","Group  8":"0.002857892885968163","Group  7":"0.8668801226021976"},"groups":{"Group 13":["Botan 1.5.6 & 1.11.29 & 2.1.0","Feitian JavaCOS A22 & A40","Gemalto GCX4 72K","HSM SafeNet Luna SA-1700","LibTomCrypt 1.17","Libgcrypt 1.6.0 & 1.6.5 & 1.7.6","Libgcrypt 1.6.0 FIPS & 1.6.5 FIPS","Nettle 3.2 & 3.3","Oberthur Cosmo 64","OpenSSL FIPS 2.0.12 & 2.0.14","PGPSDK 4","WolfSSL 2.0rc1 & 3.9.0 & 3.10.2","cryptlib 3.4.3 & 3.4.3.1"],"Group 12":["Bouncy Castle 1.53 (Java)","Cryptix JCE 20050328","FlexiProvider 1.7p7","HSM Utimaco Security Server Se50","Nettle 2.0","PolarSSL 0.10.0","PuTTY 0.67","SunRsaSign OpenJDK 1.8.0","mbedTLS 1.3.19 & 2.2.1 & 2.4.2"],"Group 11":["Bouncy Castle 1.54 (Java)","Crypto++ 5.6.0 & 5.6.3 & 5.6.5","Libgcrypt 1.7.6 FIPS","Microsoft CryptoAPI & CNG & .NET"],"Group 10":["NXP J2D081 & J2E145G","YubiKey NEO"],"Group  6":["Oberthur Cosmo Dual 72K"],"Group  5":["NXP J2A080 & J2A081 & J3A081 & JCOP 41 V2.2.1"],"Group  4":["Gemalto GXP E64"],"Group  3":["GNU Crypto 2.0.1"],"Group  2":["G&D SmartCafe 4.x & 6.0"],"Group  1":["G&D SmartCafe 3.2"],"Group  9":["Infineon JTOP 80K","YubiKey 4 & 4 Nano"],"Group  8":["PGPSDK 4 FIPS"],"Group  7":["OpenSSL 0.9.7 & 1.0.2g & 1.0.2k & 1.1.0e"]},"frequencies":{"1|1|000110":168,"2|1|100011":183,"2|1|101101":94,"1|1|000111":147,"2|1|101100":116,"2|1|100010":180,"2|0|000000":186,"2|0|000001":173,"1|0|111010":708,"1|0|111011":565,"1|1|011010":3570,"1|1|011011":3758,"2|0|110100":63,"2|0|110101":55,"1|0|100001":4291,"1|0|100000":4386,"2|1|100000":188,"1|1|000100":210,"2|1|100001":210,"2|0|000011":169,"2|0|001101":184,"2|0|001100":168,"2|0|000010":185,"1|1|000101":132,"2|1|010101":194,"2|0|011010":197,"2|1|010100":197,"2|0|011011":230,"1|0|100010":4111,"1|0|101100":2508,"1|0|101101":2452,"1|0|100011":3981,"2|1|100110":175,"1|1|110101":1364,"2|1|100111":149,"2|0|000101":174,"2|0|000100":157,"1|0|111110":201,"1|1|110100":1502,"1|0|111111":65,"1|0|100101":3730,"2|0|110001":94,"2|0|110000":98,"1|0|010101":2875,"1|0|010100":2524,"2|0|011001":208,"2|0|011000":177,"1|0|100100":3781,"2|1|100100":169,"2|1|100101":168,"2|0|000110":161,"2|0|000111":172,"1|0|111000":920,"1|0|111001":792,"2|0|110111":53,"2|0|110110":50,"2|0|011111":234,"2|0|011110":238,"1|0|100111":3269,"1|0|100110":3363,"1|1|001001":475,"1|0|001001":489,"1|0|001000":263,"1|1|001000":250,"1|1|110001":1874,"1|1|110000":2027,"1|1|010000":1870,"2|0|011101":227,"2|1|111111":3,"2|1|111110":4,"2|0|010010":212,"2|0|011100":225,"2|0|010011":194,"1|1|010001":2071,"1|0|101010":2922,"1|0|101011":2718,"1|0|001010":706,"1|1|001111":1648,"1|0|001011":901,"1|1|001110":1430,"2|1|101011":119,"2|1|101010":143,"1|1|110111":1109,"1|1|110110":1224,"1|1|010010":2231,"1|1|010011":2403,"1|1|011100":3910,"2|0|010001":196,"2|1|111001":40,"2|1|111000":51,"2|0|010000":202,"1|1|011101":4203,"1|1|000011":159,"1|1|001100":1115,"1|1|001101":1228,"2|1|101001":120,"1|1|000010":161,"2|1|101000":139,"1|1|111110":203,"1|1|111111":54,"2|1|111010":21,"1|1|011110":4240,"1|1|011111":4393,"2|0|010111":220,"2|1|001000":166,"2|1|001001":164,"2|1|111011":22,"2|0|010110":219,"1|0|101111":2181,"1|1|100101":3536,"1|1|100100":3913,"1|0|101110":2285,"1|1|000000":168,"1|1|000001":191,"2|1|101111":109,"2|1|101110":105,"1|1|110010":1746,"1|1|111101":312,"1|1|110011":1581,"1|1|111100":471,"1|1|011000":3254,"1|1|011001":3498,"2|1|001010":162,"2|0|010100":188,"2|1|001011":165,"2|0|010101":182,"1|0|101001":3014,"1|0|101000":3269,"1|0|000110":173,"2|0|101101":114,"2|0|100011":190,"2|0|101100":123,"2|0|100010":198,"2|1|000001":157,"2|1|000000":168,"1|1|111011":566,"1|0|000111":183,"1|1|111010":676,"1|0|011011":3766,"2|1|110100":62,"1|0|011010":3662,"2|1|001100":156,"2|1|110101":68,"2|1|001101":175,"1|1|100001":4186,"1|1|100000":4529,"1|0|000000":175,"2|0|101111":95,"2|0|101110":83,"2|1|000111":127,"2|1|000110":175,"1|1|111000":936,"1|0|000001":149,"1|1|111001":773,"1|0|011000":3273,"2|1|001110":173,"2|1|110111":46,"2|1|001111":180,"2|1|110110":57,"1|0|011001":3385,"1|1|100111":3304,"1|1|100110":3577,"1|0|000011":169,"1|0|001100":1123,"1|0|000010":180,"2|0|101001":122,"2|0|101000":153,"1|0|001101":1287,"2|1|110001":76,"2|1|110000":107,"2|1|011001":192,"2|1|011000":205,"1|1|010100":2581,"1|1|010101":2795,"1|1|101111":2130,"1|1|101110":2230,"2|0|101010":138,"1|0|001111":1661,"1|1|001010":710,"1|0|001110":1487,"1|1|001011":868,"2|0|101011":136,"2|1|000011":172,"2|1|000010":183,"1|1|010110":2976,"2|1|111101":13,"2|1|110010":63,"2|1|111100":21,"2|1|110011":69,"2|1|011010":195,"2|1|011011":201,"1|1|010111":3048,"1|1|101101":2375,"1|1|100011":3886,"1|1|101100":2580,"1|1|100010":4020,"1|0|110001":1902,"2|0|001011":189,"2|0|001010":167,"1|0|110000":2042,"2|0|111110":10,"2|0|111111":4,"1|1|101010":2868,"2|1|010010":168,"2|1|011100":212,"2|1|011101":216,"1|0|010001":2074,"1|0|010000":1773,"2|1|010011":212,"1|1|101011":2646,"1|0|111101":291,"2|0|100101":162,"2|0|100100":185,"1|0|110010":1737,"1|0|110011":1564,"1|0|111100":430,"2|0|110010":73,"2|0|111101":10,"2|0|110011":68,"2|0|111100":21,"2|1|011111":200,"1|0|010111":3028,"1|0|010110":2926,"2|1|011110":206,"1|1|101001":3033,"1|1|101000":3188,"1|0|110100":1408,"1|0|110101":1342,"2|0|100111":127,"2|0|100110":148,"2|1|000101":174,"2|0|001111":182,"2|1|000100":161,"2|0|001110":184,"1|0|011110":4292,"2|0|111011":27,"2|0|111010":28,"2|1|010111":216,"1|0|011111":4434,"2|1|010110":232,"1|0|110111":1035,"2|0|100001":195,"2|0|100000":202,"2|0|001001":162,"2|0|001000":155,"1|0|000101":168,"1|0|000100":177,"1|0|110110":1203,"1|0|010010":2193,"2|0|111000":43,"2|0|111001":40,"1|0|011101":4112,"2|1|010001":191,"1|0|010011":2405,"1|0|011100":3845,"2|1|010000":204}}
