{"probability":{"Group 13":"0.07368132353806102","Group 12":"0.05474242333012683","Group 11":"0.1005972466627149","Group 10":"0.00001531808268897316","Group  6":"0.0004867125239919625","Group  5":"0.0","Group  4":"0.003554338189839125","Group  3":"0.0001255988705962104","Group  2":"0.00002831595989500138","Group  1":"0.0","Group  9":"0.0002500669929258108","Group  8":"0.022706966940859226","Group  7":"0.743811688908301"},"groups":{"Group 13":["Botan 1.5.6 & 1.11.29 & 2.1.0","Feitian JavaCOS A22 & A40","Gemalto GCX4 72K","HSM SafeNet Luna SA-1700","LibTomCrypt 1.17","Libgcrypt 1.6.0 & 1.6.5 & 1.7.6","Libgcrypt 1.6.0 FIPS & 1.6.5 FIPS","Nettle 3.2 & 3.3","Oberthur Cosmo 64","OpenSSL FIPS 2.0.12 & 2.0.14","PGPSDK 4","WolfSSL 2.0rc1 & 3.9.0 & 3.10.2","cryptlib 3.4.3 & 3.4.3.1"],"Group 12":["Bouncy Castle 1.53 (Java)","Cryptix JCE 20050328","FlexiProvider 1.7p7","HSM Utimaco Security Server Se50","Nettle 2.0","PolarSSL 0.10.0","PuTTY 0.67","SunRsaSign OpenJDK 1.8.0","mbedTLS 1.3.19 & 2.2.1 & 2.4.2"],"Group 11":["Bouncy Castle 1.54 (Java)","Crypto++ 5.6.0 & 5.6.3 & 5.6.5","Libgcrypt 1.7.6 FIPS","Microsoft CryptoAPI & CNG & .NET"],"Group 10":["NXP J2D081 & J2E145G","YubiKey NEO"],"Group  6":["Oberthur Cosmo Dual 72K"],"Group  5":["NXP J2A080 & J2A081 & J3A081 & JCOP 41 V2.2.1"],"Group  4":["Gemalto GXP E64"],"Group  3":["GNU Crypto 2.0.1"],"Group  2":["G&D SmartCafe 4.x & 6.0"],"Group  1":["G&D SmartCafe 3.2"],"Group  9":["Infineon JTOP 80K","YubiKey 4 & 4 Nano"],"Group  8":["PGPSDK 4 FIPS"],"Group  7":["OpenSSL 0.9.7 & 1.0.2g & 1.0.2k & 1.1.0e"]},"frequencies":{"1|1|000110":3611,"2|1|100011":6941,"2|1|101101":4318,"1|1|000111":3801,"2|1|101100":4684,"2|1|100010":7472,"2|0|000000":3126,"2|0|000001":2998,"1|0|111010":11194,"1|0|111011":9295,"1|1|011010":60219,"1|1|011011":62667,"2|0|110100":2631,"2|0|110101":2490,"1|0|100001":69535,"1|0|100000":71928,"2|1|100000":7892,"1|1|000100":3262,"2|1|100001":7532,"2|0|000011":3193,"2|0|001101":5293,"2|0|001100":5097,"2|0|000010":3075,"1|1|000101":3333,"2|1|010101":7318,"2|0|011010":8496,"2|1|010100":7121,"2|0|011011":8383,"1|0|100010":66729,"1|0|101100":42200,"1|0|101101":39632,"1|0|100011":63782,"2|1|100110":6272,"1|1|110101":21955,"2|1|100111":5880,"2|0|000101":3356,"2|0|000100":3305,"1|0|111110":3179,"1|1|110100":23928,"1|0|111111":1266,"1|0|100101":58639,"2|0|110001":3453,"2|0|110000":3615,"1|0|010101":45885,"1|0|010100":43279,"2|0|011001":8083,"2|0|011000":8071,"1|0|100100":61775,"2|1|100100":6595,"2|1|100101":6559,"2|0|000110":3526,"2|0|000111":3709,"1|0|111000":15545,"1|0|111001":13270,"2|0|110111":2090,"2|0|110110":2271,"2|0|011111":8119,"2|0|011110":8175,"1|0|100111":53682,"1|0|100110":56648,"1|1|001001":8941,"1|0|001001":8863,"1|0|001000":5421,"1|1|001000":5454,"1|1|110001":30730,"1|1|110000":32894,"1|1|010000":31276,"2|0|011101":8176,"2|1|111111":337,"2|1|111110":526,"2|0|010010":6414,"2|0|011100":8187,"2|0|010011":6793,"1|1|010001":34506,"1|0|101010":46752,"1|0|101011":44516,"1|0|001010":12461,"1|1|001111":28351,"1|0|001011":15634,"1|1|001110":25278,"2|1|101011":4968,"2|1|101010":5067,"1|1|110111":17568,"1|1|110110":19209,"1|1|010010":37497,"1|1|010011":40443,"1|1|011100":64721,"2|0|010001":6417,"2|1|111001":1571,"2|1|111000":1862,"2|0|010000":6139,"1|1|011101":67221,"1|1|000011":3252,"1|1|001100":18823,"1|1|001101":21893,"2|1|101001":5475,"1|1|000010":3103,"2|1|101000":5735,"1|1|111110":3267,"1|1|111111":1156,"2|1|111010":1398,"1|1|011110":69879,"1|1|011111":72085,"2|0|010111":7774,"2|1|001000":3988,"2|1|001001":4209,"2|1|111011":1160,"2|0|010110":7699,"1|0|101111":35203,"1|1|100101":59138,"1|1|100100":61816,"1|0|101110":37613,"1|1|000000":3045,"1|1|000001":3036,"2|1|101111":3840,"2|1|101110":4132,"1|1|110010":28549,"1|1|111101":5260,"1|1|110011":26142,"1|1|111100":7253,"1|1|011000":54705,"1|1|011001":57511,"2|1|001010":4424,"2|0|010100":6970,"2|1|001011":4851,"2|0|010101":7231,"1|0|101001":49174,"1|0|101000":51762,"1|0|000110":3496,"2|0|101101":4420,"2|0|100011":7042,"2|0|101100":4767,"2|0|100010":7393,"2|1|000001":3051,"2|1|000000":3113,"1|1|111011":9306,"1|0|000111":3663,"1|1|111010":11458,"1|0|011011":62289,"2|1|110100":2735,"1|0|011010":60096,"2|1|001100":5046,"2|1|110101":2518,"2|1|001101":5264,"1|1|100001":69072,"1|1|100000":71809,"1|0|000000":3076,"2|0|101111":3970,"2|0|101110":4145,"2|1|000111":3750,"2|1|000110":3633,"1|1|111000":15466,"1|0|000001":3000,"1|1|111001":13532,"1|0|011000":54605,"2|1|001110":5499,"2|1|110111":2026,"2|1|001111":5870,"2|1|110110":2255,"1|0|011001":57608,"1|1|100111":53815,"1|1|100110":56197,"1|0|000011":3275,"1|0|001100":18896,"1|0|000010":3117,"2|0|101001":5408,"2|0|101000":5699,"1|0|001101":21758,"2|1|110001":3428,"2|1|110000":3642,"2|1|011001":8131,"2|1|011000":7908,"1|1|010100":43139,"1|1|010101":45864,"1|1|101111":35273,"1|1|101110":37288,"2|0|101010":5139,"1|0|001111":28177,"1|1|001010":12255,"1|0|001110":25021,"1|1|001011":15465,"2|0|101011":4942,"2|1|000011":3144,"2|1|000010":3051,"1|1|010110":49007,"2|1|111101":723,"2|1|110010":3286,"2|1|111100":941,"2|1|110011":2955,"2|1|011010":8450,"2|1|011011":8396,"1|1|010111":52070,"1|1|101101":39268,"1|1|100011":64403,"1|1|101100":41965,"1|1|100010":66631,"1|0|110001":30737,"2|0|001011":4774,"2|0|001010":4416,"1|0|110000":32706,"2|0|111110":498,"2|0|111111":348,"1|1|101010":46854,"2|1|010010":6588,"2|1|011100":8307,"2|1|011101":8114,"1|0|010001":34238,"1|0|010000":31483,"2|1|010011":6684,"1|1|101011":44253,"1|0|111101":5309,"2|0|100101":6431,"2|0|100100":6705,"1|0|110010":28269,"1|0|110011":26148,"1|0|111100":7286,"2|0|110010":3193,"2|0|111101":768,"2|0|110011":3042,"2|0|111100":957,"2|1|011111":8057,"1|0|010111":51394,"1|0|010110":49295,"2|1|011110":8160,"1|1|101001":49034,"1|1|101000":51282,"1|0|110100":24028,"1|0|110101":22194,"2|0|100111":5979,"2|0|100110":6218,"2|1|000101":3403,"2|0|001111":5837,"2|1|000100":3315,"2|0|001110":5468,"1|0|011110":70099,"2|0|111011":1144,"2|0|111010":1357,"2|1|010111":7751,"1|0|011111":72011,"2|1|010110":7631,"1|0|110111":17619,"2|0|100001":7763,"2|0|100000":8031,"2|0|001001":4132,"2|0|001000":3964,"1|0|000101":3513,"1|0|000100":3371,"1|0|110110":19873,"1|0|010010":37515,"2|0|111000":1796,"2|0|111001":1608,"1|0|011101":67456,"2|1|010001":6338,"1|0|010011":40391,"1|0|011100":64586,"2|1|010000":6027}}
