{"probability":{"Group 13":"0.03879568790142474","Group 12":"0.0432862532950765","Group 11":"0.1969492592548981","Group 10":"0.00015446575013879432","Group  6":"0.00028634197657607924","Group  5":"0.0","Group  4":"0.0026447137479477627","Group  3":"0.0","Group  2":"0.0","Group  1":"0.0","Group  9":"0.00019541364855636987","Group  8":"0.01035190128504241","Group  7":"0.7073359631403392"},"groups":{"Group 13":["Botan 1.5.6 & 1.11.29 & 2.1.0","Feitian JavaCOS A22 & A40","Gemalto GCX4 72K","HSM SafeNet Luna SA-1700","LibTomCrypt 1.17","Libgcrypt 1.6.0 & 1.6.5 & 1.7.6","Libgcrypt 1.6.0 FIPS & 1.6.5 FIPS","Nettle 3.2 & 3.3","Oberthur Cosmo 64","OpenSSL FIPS 2.0.12 & 2.0.14","PGPSDK 4","WolfSSL 2.0rc1 & 3.9.0 & 3.10.2","cryptlib 3.4.3 & 3.4.3.1"],"Group 12":["Bouncy Castle 1.53 (Java)","Cryptix JCE 20050328","FlexiProvider 1.7p7","HSM Utimaco Security Server Se50","Nettle 2.0","PolarSSL 0.10.0","PuTTY 0.67","SunRsaSign OpenJDK 1.8.0","mbedTLS 1.3.19 & 2.2.1 & 2.4.2"],"Group 11":["Bouncy Castle 1.54 (Java)","Crypto++ 5.6.0 & 5.6.3 & 5.6.5","Libgcrypt 1.7.6 FIPS","Microsoft CryptoAPI & CNG & .NET"],"Group 10":["NXP J2D081 & J2E145G","YubiKey NEO"],"Group  6":["Oberthur Cosmo Dual 72K"],"Group  5":["NXP J2A080 & J2A081 & J3A081 & JCOP 41 V2.2.1"],"Group  4":["Gemalto GXP E64"],"Group  3":["GNU Crypto 2.0.1"],"Group  2":["G&D SmartCafe 4.x & 6.0"],"Group  1":["G&D SmartCafe 3.2"],"Group  9":["Infineon JTOP 80K","YubiKey 4 & 4 Nano"],"Group  8":["PGPSDK 4 FIPS"],"Group  7":["OpenSSL 0.9.7 & 1.0.2g & 1.0.2k & 1.1.0e"]},"frequencies":{"1|1|000110":9084,"2|1|100011":18571,"2|1|101101":11513,"1|1|000111":9863,"2|1|101100":12350,"2|1|100010":19647,"2|0|000000":5251,"2|0|000001":5711,"1|0|111010":25256,"1|0|111011":20710,"1|1|011010":138800,"1|1|011011":144214,"2|0|110100":6936,"2|0|110101":6444,"1|0|100001":157532,"1|0|100000":163091,"2|1|100000":20928,"1|1|000100":7577,"2|1|100001":20162,"2|0|000011":7076,"2|0|001101":14444,"2|0|001100":13905,"2|0|000010":6319,"1|1|000101":8244,"2|1|010101":20642,"2|0|011010":24065,"2|1|010100":19800,"2|0|011011":23731,"1|0|100010":151646,"1|0|101100":95611,"1|0|101101":89930,"1|0|100011":145637,"2|1|100110":16521,"1|1|110101":49596,"2|1|100111":15732,"2|0|000101":8267,"2|0|000100":7621,"1|0|111110":6925,"1|1|110100":54321,"1|0|111111":2672,"1|0|100101":133597,"2|0|110001":8933,"2|0|110000":9495,"1|0|010101":106605,"1|0|010100":100488,"2|0|011001":23150,"2|0|011000":22919,"1|0|100100":139864,"2|1|100100":17741,"2|1|100101":17364,"2|0|000110":8912,"2|0|000111":9637,"1|0|111000":34734,"1|0|111001":30111,"2|0|110111":5288,"2|0|110110":5801,"2|0|011111":21501,"2|0|011110":22040,"1|0|100111":122105,"1|0|100110":128428,"1|1|001001":21791,"1|0|001001":21653,"1|0|001000":13826,"1|1|001000":13894,"1|1|110001":69302,"1|1|110000":74530,"1|1|010000":73503,"2|0|011101":22461,"2|1|111111":737,"2|1|111110":1073,"2|0|010010":18167,"2|0|011100":22929,"2|0|010011":19100,"1|1|010001":80298,"1|0|101010":105615,"1|0|101011":100938,"1|0|001010":29503,"1|1|001111":66300,"1|0|001011":37015,"1|1|001110":59230,"2|1|101011":13017,"2|1|101010":13668,"1|1|110111":39574,"1|1|110110":44269,"1|1|010010":86841,"1|1|010011":93611,"1|1|011100":148782,"2|0|010001":17723,"2|1|111001":3882,"2|1|111000":4725,"2|0|010000":17199,"1|1|011101":154421,"1|1|000011":7043,"1|1|001100":44361,"1|1|001101":51498,"2|1|101001":14472,"1|1|000010":6450,"2|1|101000":15015,"1|1|111110":7124,"1|1|111111":2667,"2|1|111010":3454,"1|1|011110":159097,"1|1|011111":163602,"2|0|010111":22053,"2|1|001000":10355,"2|1|001001":11283,"2|1|111011":2885,"2|0|010110":21482,"1|0|101111":79690,"1|1|100101":133895,"1|1|100100":140070,"1|0|101110":85151,"1|1|000000":5225,"1|1|000001":5735,"2|1|101111":10121,"2|1|101110":11026,"1|1|110010":64448,"1|1|111101":11600,"1|1|110011":59547,"1|1|111100":16219,"1|1|011000":127149,"1|1|011001":133156,"2|1|001010":12160,"2|0|010100":19754,"2|1|001011":13136,"2|0|010101":20553,"1|0|101001":111409,"1|0|101000":117252,"1|0|000110":8974,"2|0|101101":11790,"2|0|100011":18692,"2|0|101100":12438,"2|0|100010":19450,"2|1|000001":5813,"2|1|000000":5278,"1|1|111011":20781,"1|0|000111":9704,"1|1|111010":25401,"1|0|011011":143668,"2|1|110100":6968,"1|0|011010":138915,"2|1|001100":13827,"2|1|110101":6436,"2|1|001101":14451,"1|1|100001":157516,"1|1|100000":163328,"1|0|000000":5214,"2|0|101111":10328,"2|0|101110":10974,"2|1|000111":9756,"2|1|000110":9250,"1|1|111000":35028,"1|0|000001":5676,"1|1|111001":30309,"1|0|011000":126936,"2|1|001110":15452,"2|1|110111":5218,"2|1|001111":16204,"2|1|110110":5823,"1|0|011001":132659,"1|1|100111":122278,"1|1|100110":127928,"1|0|000011":7266,"1|0|001100":44414,"1|0|000010":6373,"2|0|101001":14365,"2|0|101000":15056,"1|0|001101":51397,"2|1|110001":8994,"2|1|110000":9547,"2|1|011001":23108,"2|1|011000":22773,"1|1|010100":100093,"1|1|010101":106573,"1|1|101111":79779,"1|1|101110":84360,"2|0|101010":13602,"1|0|001111":66043,"1|1|001010":29324,"1|0|001110":58982,"1|1|001011":36641,"2|0|101011":13047,"2|1|000011":6969,"2|1|000010":6253,"1|1|010110":113320,"2|1|111101":1629,"2|1|110010":8357,"2|1|111100":2193,"2|1|110011":7515,"2|1|011010":23935,"2|1|011011":23365,"1|1|010111":120163,"1|1|101101":89068,"1|1|100011":146076,"1|1|101100":95240,"1|1|100010":151088,"1|0|110001":69329,"2|0|001011":13014,"2|0|001010":12088,"1|0|110000":74398,"2|0|111110":1073,"2|0|111111":744,"1|1|101010":106590,"2|1|010010":18417,"2|1|011100":23079,"2|1|011101":22580,"1|0|010001":79739,"1|0|010000":73088,"2|1|010011":19000,"1|1|101011":100454,"1|0|111101":11655,"2|0|100101":17133,"2|0|100100":18000,"1|0|110010":64154,"1|0|110011":59237,"1|0|111100":16314,"2|0|110010":8329,"2|0|111101":1715,"2|0|110011":7875,"2|0|111100":2219,"2|1|011111":21640,"1|0|010111":119889,"1|0|010110":113780,"2|1|011110":21968,"1|1|101001":111731,"1|1|101000":117096,"1|0|110100":54489,"1|0|110101":49525,"2|0|100111":15847,"2|0|100110":16676,"2|1|000101":8356,"2|0|001111":16128,"2|1|000100":7752,"2|0|001110":15365,"1|0|011110":159515,"2|0|111011":2772,"2|0|111010":3390,"2|1|010111":21961,"1|0|011111":164088,"2|1|010110":21475,"1|0|110111":39893,"2|0|100001":20416,"2|0|100000":21131,"2|0|001001":11292,"2|0|001000":10437,"1|0|000101":8439,"1|0|000100":7787,"1|0|110110":44780,"1|0|010010":87165,"2|0|111000":4633,"2|0|111001":3957,"1|0|011101":154215,"2|1|010001":17773,"1|0|010011":93945,"1|0|011100":148295,"2|1|010000":17071}}
