{"probability":{"Group 13":"0.1522652227438811","Group 12":"0.019444459318576957","Group 11":"0.23729671248136502","Group 10":"0.00008578412050178439","Group  6":"0.0","Group  5":"0.0","Group  4":"0.0034692046532358786","Group  3":"0.0005392047361706852","Group  2":"0.0","Group  1":"0.0","Group  9":"0.00019433911653880364","Group  8":"0.02017854498913754","Group  7":"0.5665265278405921"},"groups":{"Group 13":["Botan 1.5.6 & 1.11.29 & 2.1.0","Feitian JavaCOS A22 & A40","Gemalto GCX4 72K","HSM SafeNet Luna SA-1700","LibTomCrypt 1.17","Libgcrypt 1.6.0 & 1.6.5 & 1.7.6","Libgcrypt 1.6.0 FIPS & 1.6.5 FIPS","Nettle 3.2 & 3.3","Oberthur Cosmo 64","OpenSSL FIPS 2.0.12 & 2.0.14","PGPSDK 4","WolfSSL 2.0rc1 & 3.9.0 & 3.10.2","cryptlib 3.4.3 & 3.4.3.1"],"Group 12":["Bouncy Castle 1.53 (Java)","Cryptix JCE 20050328","FlexiProvider 1.7p7","HSM Utimaco Security Server Se50","Nettle 2.0","PolarSSL 0.10.0","PuTTY 0.67","SunRsaSign OpenJDK 1.8.0","mbedTLS 1.3.19 & 2.2.1 & 2.4.2"],"Group 11":["Bouncy Castle 1.54 (Java)","Crypto++ 5.6.0 & 5.6.3 & 5.6.5","Libgcrypt 1.7.6 FIPS","Microsoft CryptoAPI & CNG & .NET"],"Group 10":["NXP J2D081 & J2E145G","YubiKey NEO"],"Group  6":["Oberthur Cosmo Dual 72K"],"Group  5":["NXP J2A080 & J2A081 & J3A081 & JCOP 41 V2.2.1"],"Group  4":["Gemalto GXP E64"],"Group  3":["GNU Crypto 2.0.1"],"Group  2":["G&D SmartCafe 4.x & 6.0"],"Group  1":["G&D SmartCafe 3.2"],"Group  9":["Infineon JTOP 80K","YubiKey 4 & 4 Nano"],"Group  8":["PGPSDK 4 FIPS"],"Group  7":["OpenSSL 0.9.7 & 1.0.2g & 1.0.2k & 1.1.0e"]},"frequencies":{"1|1|000110":3853,"2|1|100011":14502,"2|1|101101":9089,"1|1|000111":4389,"2|1|101100":9485,"2|1|100010":15055,"2|0|000000":2244,"2|0|000001":1854,"1|0|111010":10886,"1|0|111011":9016,"1|1|011010":59966,"1|1|011011":62010,"2|0|110100":5545,"2|0|110101":5043,"1|0|100001":66929,"1|0|100000":69274,"2|1|100000":16590,"1|1|000100":3134,"2|1|100001":15910,"2|0|000011":2659,"2|0|001101":8535,"2|0|001100":7922,"2|0|000010":2251,"1|1|000101":3598,"2|1|010101":13988,"2|0|011010":16778,"2|1|010100":13446,"2|0|011011":17167,"1|0|100010":64394,"1|0|101100":40630,"1|0|101101":38210,"1|0|100011":61883,"2|1|100110":13070,"1|1|110101":20970,"2|1|100111":12231,"2|0|000101":3522,"2|0|000100":3088,"1|0|111110":3062,"1|1|110100":23386,"1|0|111111":1395,"1|0|100101":57325,"2|0|110001":6819,"2|0|110000":7610,"1|0|010101":46433,"1|0|010100":43900,"2|0|011001":16405,"2|0|011000":15696,"1|0|100100":59638,"2|1|100100":14103,"2|1|100101":13503,"2|0|000110":3884,"2|0|000111":4291,"1|0|111000":14874,"1|0|111001":13120,"2|0|110111":3986,"2|0|110110":4560,"2|0|011111":16716,"2|0|011110":16845,"1|0|100111":52723,"1|0|100110":54869,"1|1|001001":9646,"1|0|001001":9562,"1|0|001000":6201,"1|1|001000":6293,"1|1|110001":29823,"1|1|110000":32171,"1|1|010000":31804,"2|0|011101":16641,"2|1|111111":640,"2|1|111110":892,"2|0|010010":11954,"2|0|011100":16926,"2|0|010011":12707,"1|1|010001":34975,"1|0|101010":45642,"1|0|101011":42787,"1|0|001010":13238,"1|1|001111":28868,"1|0|001011":16199,"1|1|001110":25440,"2|1|101011":10016,"2|1|101010":10642,"1|1|110111":17010,"1|1|110110":18989,"1|1|010010":37776,"1|1|010011":40678,"1|1|011100":64163,"2|0|010001":11421,"2|1|111001":3042,"2|1|111000":3571,"2|0|010000":10495,"1|1|011101":66618,"1|1|000011":2684,"1|1|001100":19247,"1|1|001101":22356,"2|1|101001":11097,"1|1|000010":2247,"2|1|101000":11616,"1|1|111110":2964,"1|1|111111":1402,"2|1|111010":2555,"1|1|011110":67984,"1|1|011111":69995,"2|0|010111":15197,"2|1|001000":4862,"2|1|001001":5721,"2|1|111011":2166,"2|0|010110":14598,"1|0|101111":34381,"1|1|100101":57707,"1|1|100100":59882,"1|0|101110":36458,"1|1|000000":2237,"1|1|000001":1845,"2|1|101111":8045,"2|1|101110":8499,"1|1|110010":27538,"1|1|111101":5043,"1|1|110011":25551,"1|1|111100":7007,"1|1|011000":54526,"1|1|011001":57667,"2|1|001010":6371,"2|0|010100":13207,"2|1|001011":7061,"2|0|010101":14064,"1|0|101001":47720,"1|0|101000":49910,"1|0|000110":3921,"2|0|101101":9028,"2|0|100011":14825,"2|0|101100":9596,"2|0|100010":15232,"2|1|000001":1777,"2|1|000000":2275,"1|1|111011":8903,"1|0|000111":4308,"1|1|111010":10948,"1|0|011011":62203,"2|1|110100":5560,"1|0|011010":60117,"2|1|001100":7992,"2|1|110101":5216,"2|1|001101":8678,"1|1|100001":67530,"1|1|100000":69667,"1|0|000000":2187,"2|0|101111":8006,"2|0|101110":8707,"2|1|000111":4231,"2|1|000110":3852,"1|1|111000":14733,"1|0|000001":1769,"1|1|111001":12836,"1|0|011000":54774,"2|1|001110":9340,"2|1|110111":4085,"2|1|001111":10088,"2|1|110110":4461,"1|0|011001":57565,"1|1|100111":52340,"1|1|100110":54917,"1|0|000011":2754,"1|0|001100":19464,"1|0|000010":2289,"2|0|101001":11301,"2|0|101000":11745,"1|0|001101":22448,"2|1|110001":6977,"2|1|110000":7642,"2|1|011001":16411,"2|1|011000":15772,"1|1|010100":43440,"1|1|010101":46297,"1|1|101111":34167,"1|1|101110":36662,"2|0|101010":10874,"1|0|001111":28677,"1|1|001010":12913,"1|0|001110":25425,"1|1|001011":16435,"2|0|101011":10130,"2|1|000011":2603,"2|1|000010":2277,"1|1|010110":49521,"2|1|111101":1292,"2|1|110010":6568,"2|1|111100":1686,"2|1|110011":5897,"2|1|011010":16953,"2|1|011011":17154,"1|1|010111":51915,"1|1|101101":38253,"1|1|100011":62033,"1|1|101100":40897,"1|1|100010":64444,"1|0|110001":29771,"2|0|001011":7147,"2|0|001010":6486,"1|0|110000":32270,"2|0|111110":849,"2|0|111111":679,"1|1|101010":45478,"2|1|010010":12184,"2|1|011100":17065,"2|1|011101":16788,"1|0|010001":35003,"1|0|010000":31901,"2|1|010011":12688,"1|1|101011":43455,"1|0|111101":4957,"2|0|100101":13551,"2|0|100100":14093,"1|0|110010":27493,"1|0|110011":25642,"1|0|111100":7050,"2|0|110010":6500,"2|0|111101":1270,"2|0|110011":6002,"2|0|111100":1695,"2|1|011111":16612,"1|0|010111":52332,"1|0|010110":49682,"2|1|011110":16509,"1|1|101001":47624,"1|1|101000":50057,"1|0|110100":23587,"1|0|110101":21220,"2|0|100111":12239,"2|0|100110":12968,"2|1|000101":3508,"2|0|001111":10219,"2|1|000100":3106,"2|0|001110":9368,"1|0|011110":68317,"2|0|111011":2344,"2|0|111010":2701,"2|1|010111":15507,"1|0|011111":70071,"2|1|010110":14633,"1|0|110111":17067,"2|0|100001":15840,"2|0|100000":16478,"2|0|001001":5625,"2|0|001000":4858,"1|0|000101":3536,"1|0|000100":3135,"1|0|110110":19057,"1|0|010010":37788,"2|0|111000":3587,"0|1|100001":1,"2|0|111001":3031,"1|0|011101":66163,"2|1|010001":11570,"1|0|010011":40843,"1|0|011100":64657,"2|1|010000":10580}}
