{"probability":{"Group 13":"0.3092295253295236","Group 12":"0.2693788163236467","Group 11":"0.05095294597230445","Group 10":"0.000026134090719293508","Group  6":"0.0","Group  5":"0.0011527345089317798","Group  4":"0.007459817104597335","Group  3":"0.0","Group  2":"0.0","Group  1":"0.0","Group  9":"0.0007560341796496128","Group  8":"0.0","Group  7":"0.3610439924906273"},"groups":{"Group 13":["Botan 1.5.6 & 1.11.29 & 2.1.0","Feitian JavaCOS A22 & A40","Gemalto GCX4 72K","HSM SafeNet Luna SA-1700","LibTomCrypt 1.17","Libgcrypt 1.6.0 & 1.6.5 & 1.7.6","Libgcrypt 1.6.0 FIPS & 1.6.5 FIPS","Nettle 3.2 & 3.3","Oberthur Cosmo 64","OpenSSL FIPS 2.0.12 & 2.0.14","PGPSDK 4","WolfSSL 2.0rc1 & 3.9.0 & 3.10.2","cryptlib 3.4.3 & 3.4.3.1"],"Group 12":["Bouncy Castle 1.53 (Java)","Cryptix JCE 20050328","FlexiProvider 1.7p7","HSM Utimaco Security Server Se50","Nettle 2.0","PolarSSL 0.10.0","PuTTY 0.67","SunRsaSign OpenJDK 1.8.0","mbedTLS 1.3.19 & 2.2.1 & 2.4.2"],"Group 11":["Bouncy Castle 1.54 (Java)","Crypto++ 5.6.0 & 5.6.3 & 5.6.5","Libgcrypt 1.7.6 FIPS","Microsoft CryptoAPI & CNG & .NET"],"Group 10":["NXP J2D081 & J2E145G","YubiKey NEO"],"Group  6":["Oberthur Cosmo Dual 72K"],"Group  5":["NXP J2A080 & J2A081 & J3A081 & JCOP 41 V2.2.1"],"Group  4":["Gemalto GXP E64"],"Group  3":["GNU Crypto 2.0.1"],"Group  2":["G&D SmartCafe 4.x & 6.0"],"Group  1":["G&D SmartCafe 3.2"],"Group  9":["Infineon JTOP 80K","YubiKey 4 & 4 Nano"],"Group  8":["PGPSDK 4 FIPS"],"Group  7":["OpenSSL 0.9.7 & 1.0.2g & 1.0.2k & 1.1.0e"]},"frequencies":{"1|1|000110":5683,"2|1|100011":9736,"2|1|101101":5937,"1|1|000111":5617,"2|1|101100":6087,"2|1|100010":9973,"2|0|000000":6126,"2|0|000001":6155,"1|0|111010":4233,"1|0|111011":3441,"1|1|011010":23587,"1|1|011011":24785,"2|0|110100":3469,"2|0|110101":3247,"1|0|100001":26480,"1|0|100000":27800,"2|1|100000":10856,"1|1|000100":5812,"2|1|100001":10551,"2|0|000011":5780,"2|0|001101":7275,"2|0|001100":6882,"2|0|000010":5946,"1|1|000101":5785,"2|1|010101":9302,"2|0|011010":10130,"2|1|010100":9033,"2|0|011011":10248,"1|0|100010":25683,"1|0|101100":16243,"1|0|101101":15094,"1|0|100011":24657,"2|1|100110":8532,"1|1|110101":8116,"2|1|100111":8083,"2|0|000101":5904,"2|0|000100":5890,"1|0|111110":1089,"1|1|110100":9208,"1|0|111111":395,"1|0|100101":22725,"2|0|110001":4425,"2|0|110000":4745,"1|0|010101":19642,"1|0|010100":18437,"2|0|011001":10071,"2|0|011000":9764,"1|0|100100":23874,"2|1|100100":9139,"2|1|100101":8757,"2|0|000110":5716,"2|0|000111":5653,"1|0|111000":5789,"1|0|111001":4991,"2|0|110111":2493,"2|0|110110":2779,"2|0|011111":11185,"2|0|011110":10740,"1|0|100111":20548,"1|0|100110":21557,"1|1|001001":7216,"1|0|001001":7317,"1|0|001000":6169,"1|1|001000":6088,"1|1|110001":11524,"1|1|110000":12443,"1|1|010000":14776,"2|0|011101":10756,"2|1|111111":146,"2|1|111110":463,"2|0|010010":8401,"2|0|011100":10494,"2|0|010011":8719,"1|1|010001":15824,"1|0|101010":17861,"1|0|101011":16973,"1|0|001010":8384,"1|1|001111":13841,"1|0|001011":9546,"1|1|001110":12648,"2|1|101011":6547,"2|1|101010":6850,"1|1|110111":6584,"1|1|110110":7327,"1|1|010010":16745,"1|1|010011":17520,"1|1|011100":25515,"2|0|010001":8425,"2|1|111001":1886,"2|1|111000":2129,"2|0|010000":8150,"1|1|011101":25873,"1|1|000011":5932,"1|1|001100":10400,"1|1|001101":11673,"2|1|101001":7318,"1|1|000010":5892,"2|1|101000":7596,"1|1|111110":1121,"1|1|111111":347,"2|1|111010":1582,"1|1|011110":26773,"1|1|011111":27778,"2|0|010111":9659,"2|1|001000":5541,"2|1|001001":5998,"2|1|111011":1357,"2|0|010110":9377,"1|0|101111":13506,"1|1|100101":22876,"1|1|100100":23622,"1|0|101110":14298,"1|1|000000":6260,"1|1|000001":6145,"2|1|101111":5205,"2|1|101110":5503,"1|1|110010":10696,"1|1|111101":1911,"1|1|110011":10024,"1|1|111100":2747,"1|1|011000":22168,"1|1|011001":23066,"2|1|001010":6348,"2|0|010100":8995,"2|1|001011":6478,"2|0|010101":9237,"1|0|101001":18882,"1|0|101000":19789,"1|0|000110":5713,"2|0|101101":5953,"2|0|100011":9667,"2|0|101100":6156,"2|0|100010":10295,"2|1|000001":6070,"2|1|000000":6179,"1|1|111011":3390,"1|0|000111":5648,"1|1|111010":4031,"1|0|011011":24509,"2|1|110100":3539,"1|0|011010":23787,"2|1|001100":6791,"2|1|110101":3132,"2|1|001101":7287,"1|1|100001":26605,"1|1|100000":27763,"1|0|000000":6158,"2|0|101111":5133,"2|0|101110":5471,"2|1|000111":5375,"2|1|000110":5615,"1|1|111000":5936,"1|0|000001":6154,"1|1|111001":4925,"1|0|011000":22180,"2|1|001110":7547,"2|1|110111":2524,"2|1|001111":7729,"2|1|110110":2712,"1|0|011001":22737,"1|1|100111":20871,"1|1|100110":21731,"1|0|000011":5919,"1|0|001100":10455,"1|0|000010":6057,"2|0|101001":7247,"2|0|101000":7887,"1|0|001101":11537,"2|1|110001":4428,"2|1|110000":4851,"2|1|011001":9965,"2|1|011000":9818,"1|1|010100":18581,"1|1|010101":19432,"1|1|101111":13378,"1|1|101110":14155,"2|0|101010":7037,"1|0|001111":13729,"1|1|001010":8419,"1|0|001110":12536,"1|1|001011":9430,"2|0|101011":6502,"2|1|000011":5933,"2|1|000010":5995,"1|1|010110":20340,"2|1|111101":721,"2|1|110010":4201,"2|1|111100":978,"2|1|110011":3810,"2|1|011010":10056,"2|1|011011":10201,"1|1|010111":21351,"1|1|101101":15081,"1|1|100011":24946,"1|1|101100":15928,"1|1|100010":25612,"1|0|110001":11540,"2|0|001011":6630,"2|0|001010":6531,"1|0|110000":12679,"2|0|111110":420,"2|0|111111":141,"1|1|101010":17925,"2|1|010010":8523,"2|1|011100":10652,"2|1|011101":10715,"1|0|010001":15713,"1|0|010000":14694,"2|1|010011":8841,"1|1|101011":16816,"1|0|111101":1830,"2|0|100101":8805,"2|0|100100":9198,"1|0|110010":10686,"1|0|110011":9973,"1|0|111100":2660,"2|0|110010":4043,"2|0|111101":717,"2|0|110011":3868,"2|0|111100":1037,"2|1|011111":11028,"1|0|010111":21346,"1|0|010110":20388,"2|1|011110":11097,"1|1|101001":18571,"1|1|101000":19749,"1|0|110100":9079,"1|0|110101":8136,"2|0|100111":7822,"2|0|100110":8307,"2|1|000101":5722,"2|0|001111":7947,"2|1|000100":5950,"2|0|001110":7381,"1|0|011110":27081,"2|0|111011":1274,"2|0|111010":1547,"2|1|010111":9744,"1|0|011111":27797,"2|1|010110":9349,"1|0|110111":6684,"2|0|100001":10588,"2|0|100000":10915,"2|0|001001":6002,"2|0|001000":5733,"1|0|000101":5687,"1|0|000100":5891,"1|0|110110":7358,"1|0|010010":16625,"2|0|111000":2188,"2|0|111001":1835,"1|0|011101":26148,"2|1|010001":8393,"1|0|010011":17703,"1|0|011100":25587,"2|1|010000":7949}}
