{"probability":{"Group 13":"0.03955539164199707","Group 12":"0.04638815133513619","Group 11":"0.19870817730832444","Group 10":"0.000024093152673414758","Group  6":"0.0","Group  5":"0.0","Group  4":"0.003271775460150573","Group  3":"0.0002718049577014745","Group  2":"0.0","Group  1":"0.0","Group  9":"0.0001619854944414449","Group  8":"0.01387470633135936","Group  7":"0.6977439143182159"},"groups":{"Group 13":["Botan 1.5.6 & 1.11.29 & 2.1.0","Feitian JavaCOS A22 & A40","Gemalto GCX4 72K","HSM SafeNet Luna SA-1700","LibTomCrypt 1.17","Libgcrypt 1.6.0 & 1.6.5 & 1.7.6","Libgcrypt 1.6.0 FIPS & 1.6.5 FIPS","Nettle 3.2 & 3.3","Oberthur Cosmo 64","OpenSSL FIPS 2.0.12 & 2.0.14","PGPSDK 4","WolfSSL 2.0rc1 & 3.9.0 & 3.10.2","cryptlib 3.4.3 & 3.4.3.1"],"Group 12":["Bouncy Castle 1.53 (Java)","Cryptix JCE 20050328","FlexiProvider 1.7p7","HSM Utimaco Security Server Se50","Nettle 2.0","PolarSSL 0.10.0","PuTTY 0.67","SunRsaSign OpenJDK 1.8.0","mbedTLS 1.3.19 & 2.2.1 & 2.4.2"],"Group 11":["Bouncy Castle 1.54 (Java)","Crypto++ 5.6.0 & 5.6.3 & 5.6.5","Libgcrypt 1.7.6 FIPS","Microsoft CryptoAPI & CNG & .NET"],"Group 10":["NXP J2D081 & J2E145G","YubiKey NEO"],"Group  6":["Oberthur Cosmo Dual 72K"],"Group  5":["NXP J2A080 & J2A081 & J3A081 & JCOP 41 V2.2.1"],"Group  4":["Gemalto GXP E64"],"Group  3":["GNU Crypto 2.0.1"],"Group  2":["G&D SmartCafe 4.x & 6.0"],"Group  1":["G&D SmartCafe 3.2"],"Group  9":["Infineon JTOP 80K","YubiKey 4 & 4 Nano"],"Group  8":["PGPSDK 4 FIPS"],"Group  7":["OpenSSL 0.9.7 & 1.0.2g & 1.0.2k & 1.1.0e"]},"frequencies":{"1|1|000110":9539,"2|1|100011":18812,"2|1|101101":11902,"1|1|000111":10189,"2|1|101100":12697,"2|1|100010":20123,"2|0|000000":5936,"2|0|000001":6276,"1|0|111010":25008,"1|0|111011":20505,"1|1|011010":137903,"1|1|011011":143636,"2|0|110100":7129,"2|0|110101":6751,"1|0|100001":155854,"1|0|100000":161814,"2|1|100000":21561,"1|1|000100":8050,"2|1|100001":20726,"2|0|000011":7521,"2|0|001101":15078,"2|0|001100":14486,"2|0|000010":6873,"1|1|000101":8909,"2|1|010101":20962,"2|0|011010":24683,"2|1|010100":20238,"2|0|011011":24546,"1|0|100010":149217,"1|0|101100":94567,"1|0|101101":89256,"1|0|100011":143463,"2|1|100110":16812,"1|1|110101":49295,"2|1|100111":16143,"2|0|000101":8846,"2|0|000100":8295,"1|0|111110":7003,"1|1|110100":53723,"1|0|111111":2719,"1|0|100101":131935,"2|0|110001":9225,"2|0|110000":9762,"1|0|010101":105558,"1|0|010100":99701,"2|0|011001":23843,"2|0|011000":23434,"1|0|100100":138387,"2|1|100100":18241,"2|1|100101":17758,"2|0|000110":9476,"2|0|000111":10166,"1|0|111000":34354,"1|0|111001":29853,"2|0|110111":5440,"2|0|110110":6023,"2|0|011111":22125,"2|0|011110":22430,"1|0|100111":120837,"1|0|100110":126842,"1|1|001001":22153,"1|0|001001":22083,"1|0|001000":14376,"1|1|001000":14245,"1|1|110001":68792,"1|1|110000":73858,"1|1|010000":73085,"2|0|011101":22930,"2|1|111111":837,"2|1|111110":1126,"2|0|010010":18830,"2|0|011100":23348,"2|0|010011":19728,"1|1|010001":79467,"1|0|101010":104377,"1|0|101011":99666,"1|0|001010":29546,"1|1|001111":65728,"1|0|001011":37025,"1|1|001110":59095,"2|1|101011":13400,"2|1|101010":14118,"1|1|110111":39350,"1|1|110110":44045,"1|1|010010":86081,"1|1|010011":93063,"1|1|011100":147085,"2|0|010001":18333,"2|1|111001":4054,"2|1|111000":4798,"2|0|010000":17474,"1|1|011101":152864,"1|1|000011":7435,"1|1|001100":44092,"1|1|001101":51536,"2|1|101001":14649,"1|1|000010":6918,"2|1|101000":15549,"1|1|111110":7049,"1|1|111111":2736,"2|1|111010":3606,"1|1|011110":157037,"1|1|011111":162078,"2|0|010111":22612,"2|1|001000":10796,"2|1|001001":11941,"2|1|111011":3014,"2|0|010110":22052,"1|0|101111":79137,"1|1|100101":132527,"1|1|100100":138874,"1|0|101110":84196,"1|1|000000":5930,"1|1|000001":6219,"2|1|101111":10525,"2|1|101110":11430,"1|1|110010":63624,"1|1|111101":11518,"1|1|110011":58717,"1|1|111100":16242,"1|1|011000":126074,"1|1|011001":131768,"2|1|001010":12621,"2|0|010100":20154,"2|1|001011":13599,"2|0|010101":21263,"1|0|101001":110523,"1|0|101000":116031,"1|0|000110":9502,"2|0|101101":11992,"2|0|100011":19118,"2|0|101100":12657,"2|0|100010":19879,"2|1|000001":6316,"2|1|000000":6063,"1|1|111011":20597,"1|0|000111":10190,"1|1|111010":25408,"1|0|011011":142507,"2|1|110100":7229,"1|0|011010":137932,"2|1|001100":14356,"2|1|110101":6750,"2|1|001101":14945,"1|1|100001":155370,"1|1|100000":161876,"1|0|000000":5986,"2|0|101111":10572,"2|0|101110":11142,"2|1|000111":10082,"2|1|000110":9588,"1|1|111000":34945,"1|0|000001":6234,"1|1|111001":30025,"1|0|011000":125738,"2|1|001110":15790,"2|1|110111":5373,"2|1|001111":16839,"2|1|110110":6071,"0|0|100001":1,"1|0|011001":131776,"1|1|100111":121063,"1|1|100110":126803,"1|0|000011":7607,"1|0|001100":44471,"1|0|000010":6759,"2|0|101001":14607,"2|0|101000":15316,"1|0|001101":51232,"2|1|110001":9081,"2|1|110000":9822,"2|1|011001":23963,"2|1|011000":23456,"1|1|010100":99525,"1|1|010101":106273,"1|1|101111":78926,"1|1|101110":83449,"2|0|101010":14031,"1|0|001111":65756,"1|1|001010":29606,"1|0|001110":58857,"1|1|001011":37080,"2|0|101011":13291,"2|1|000011":7610,"2|1|000010":6696,"1|1|010110":112318,"2|1|111101":1729,"0|1|101010":1,"2|1|110010":8652,"2|1|111100":2268,"2|1|110011":7747,"2|1|011010":24401,"2|1|011011":24149,"1|1|010111":119389,"1|1|101101":88656,"1|1|100011":144239,"1|1|101100":94461,"1|1|100010":149034,"1|0|110001":68844,"2|0|001011":13592,"2|0|001010":12725,"1|0|110000":73579,"2|0|111110":1190,"2|0|111111":859,"1|1|101010":105296,"2|1|010010":18992,"2|1|011100":23633,"2|1|011101":23288,"1|0|010001":79512,"1|0|010000":72770,"2|1|010011":19597,"1|1|101011":99408,"1|0|111101":11554,"2|0|100101":17483,"2|0|100100":18317,"1|0|110010":63319,"1|0|110011":58469,"1|0|111100":16073,"2|0|110010":8527,"2|0|111101":1733,"2|0|110011":7896,"2|0|111100":2309,"2|1|011111":21952,"1|0|010111":119073,"1|0|010110":112724,"2|1|011110":22613,"1|1|101001":110824,"1|1|101000":115675,"1|0|110100":53784,"1|0|110101":49248,"2|0|100111":16240,"2|0|100110":16983,"2|1|000101":8814,"2|0|001111":16734,"2|1|000100":8251,"2|0|001110":15822,"1|0|011110":157804,"2|0|111011":2896,"2|0|111010":3416,"2|1|010111":22529,"1|0|011111":162813,"2|1|010110":21992,"1|0|110111":39423,"2|0|100001":20821,"2|0|100000":21601,"2|0|001001":11754,"2|0|001000":10956,"1|0|000101":8840,"1|0|000100":8168,"1|0|110110":44140,"1|0|010010":86654,"2|0|111000":4778,"2|0|111001":4089,"1|0|011101":152699,"2|1|010001":18151,"1|0|010011":93455,"1|0|011100":147111,"2|1|010000":17779}}
