{"probability":{"Group 13":"0.0173774181072988","Group 12":"0.01715136169551347","Group 11":"0.05881815337247771","Group 10":"0.00005211582065372018","Group  6":"0.00007476434613087502","Group  5":"0.0","Group  4":"0.0006344109453360118","Group  3":"0.0","Group  2":"0.000025438409428372966","Group  1":"0.0","Group  9":"0.00022883929358076798","Group  8":"0.005158755778160523","Group  7":"0.9004787422314197"},"groups":{"Group 13":["Botan 1.5.6 & 1.11.29 & 2.1.0","Feitian JavaCOS A22 & A40","Gemalto GCX4 72K","HSM SafeNet Luna SA-1700","LibTomCrypt 1.17","Libgcrypt 1.6.0 & 1.6.5 & 1.7.6","Libgcrypt 1.6.0 FIPS & 1.6.5 FIPS","Nettle 3.2 & 3.3","Oberthur Cosmo 64","OpenSSL FIPS 2.0.12 & 2.0.14","PGPSDK 4","WolfSSL 2.0rc1 & 3.9.0 & 3.10.2","cryptlib 3.4.3 & 3.4.3.1"],"Group 12":["Bouncy Castle 1.53 (Java)","Cryptix JCE 20050328","FlexiProvider 1.7p7","HSM Utimaco Security Server Se50","Nettle 2.0","PolarSSL 0.10.0","PuTTY 0.67","SunRsaSign OpenJDK 1.8.0","mbedTLS 1.3.19 & 2.2.1 & 2.4.2"],"Group 11":["Bouncy Castle 1.54 (Java)","Crypto++ 5.6.0 & 5.6.3 & 5.6.5","Libgcrypt 1.7.6 FIPS","Microsoft CryptoAPI & CNG & .NET"],"Group 10":["NXP J2D081 & J2E145G","YubiKey NEO"],"Group  6":["Oberthur Cosmo Dual 72K"],"Group  5":["NXP J2A080 & J2A081 & J3A081 & JCOP 41 V2.2.1"],"Group  4":["Gemalto GXP E64"],"Group  3":["GNU Crypto 2.0.1"],"Group  2":["G&D SmartCafe 4.x & 6.0"],"Group  1":["G&D SmartCafe 3.2"],"Group  9":["Infineon JTOP 80K","YubiKey 4 & 4 Nano"],"Group  8":["PGPSDK 4 FIPS"],"Group  7":["OpenSSL 0.9.7 & 1.0.2g & 1.0.2k & 1.1.0e"]},"frequencies":{"1|1|000110":956,"2|1|100011":1979,"2|1|101101":1224,"1|1|000111":1103,"2|1|101100":1404,"2|1|100010":2056,"2|0|000000":645,"2|0|000001":714,"1|0|111010":9208,"1|0|111011":7572,"1|1|011010":49145,"1|1|011011":52121,"2|0|110100":733,"2|0|110101":695,"1|0|100001":57829,"1|0|100000":60436,"2|1|100000":2328,"1|1|000100":923,"2|1|100001":2246,"2|0|000011":856,"2|0|001101":1632,"2|0|001100":1505,"2|0|000010":795,"1|1|000101":972,"2|1|010101":2242,"2|0|011010":2566,"2|1|010100":2122,"2|0|011011":2708,"1|0|100010":55916,"1|0|101100":35701,"1|0|101101":33324,"1|0|100011":54027,"2|1|100110":1805,"1|1|110101":18392,"2|1|100111":1704,"2|0|000101":949,"2|0|000100":960,"1|0|111110":2520,"1|1|110100":20126,"1|0|111111":1121,"1|0|100101":50268,"2|0|110001":1008,"2|0|110000":982,"1|0|010101":37512,"1|0|010100":35282,"2|0|011001":2412,"2|0|011000":2456,"1|0|100100":51553,"2|1|100100":1890,"2|1|100101":1899,"2|0|000110":960,"2|0|000111":1078,"1|0|111000":12790,"1|0|111001":11027,"2|0|110111":592,"2|0|110110":602,"2|0|011111":2379,"2|0|011110":2352,"1|0|100111":45414,"1|0|100110":47153,"1|1|001001":5525,"1|0|001001":5433,"1|0|001000":2548,"1|1|001000":2733,"1|1|110001":25727,"1|1|110000":27647,"1|1|010000":24813,"2|0|011101":2410,"2|1|111111":394,"2|1|111110":157,"2|0|010010":1911,"2|0|011100":2463,"2|0|010011":2063,"1|1|010001":27287,"1|0|101010":39196,"1|0|101011":37160,"1|0|001010":8419,"1|1|001111":22479,"1|0|001011":11211,"1|1|001110":19659,"2|1|101011":1385,"2|1|101010":1426,"1|1|110111":14786,"1|1|110110":16656,"1|1|010010":30167,"1|1|010011":32511,"1|1|011100":54098,"2|0|010001":1920,"2|1|111001":366,"2|1|111000":494,"2|0|010000":1840,"1|1|011101":56226,"1|1|000011":806,"1|1|001100":14034,"1|1|001101":16701,"2|1|101001":1583,"1|1|000010":757,"2|1|101000":1597,"1|1|111110":2586,"1|1|111111":1233,"2|1|111010":339,"1|1|011110":58401,"1|1|011111":60326,"2|0|010111":2317,"2|1|001000":1139,"2|1|001001":1269,"2|1|111011":272,"2|0|010110":2316,"1|0|101111":29519,"1|1|100101":49923,"1|1|100100":51660,"1|0|101110":31548,"1|1|000000":649,"1|1|000001":781,"2|1|101111":1087,"2|1|101110":1203,"1|1|110010":23736,"1|1|111101":4263,"1|1|110011":21920,"1|1|111100":5989,"1|1|011000":44534,"1|1|011001":47551,"2|1|001010":1371,"2|0|010100":2122,"2|1|001011":1433,"2|0|010101":2246,"1|0|101001":41347,"1|0|101000":43757,"1|0|000110":1067,"2|0|101101":1292,"2|0|100011":1993,"2|0|101100":1374,"2|0|100010":2140,"2|1|000001":771,"2|1|000000":648,"1|1|111011":7652,"1|0|000111":1108,"1|1|111010":9234,"1|0|011011":51568,"2|1|110100":735,"1|0|011010":49438,"2|1|001100":1563,"2|1|110101":638,"2|1|001101":1617,"1|1|100001":58651,"1|1|100000":60362,"1|0|000000":603,"2|0|101111":1063,"2|0|101110":1176,"2|1|000111":1087,"2|1|000110":994,"1|1|111000":13037,"1|0|000001":692,"1|1|111001":11017,"1|0|011000":45292,"2|1|001110":1654,"2|1|110111":537,"2|1|001111":1786,"2|1|110110":621,"1|0|011001":47161,"1|1|100111":45505,"1|1|100110":47580,"1|0|000011":874,"1|0|001100":14074,"1|0|000010":783,"2|0|101001":1590,"2|0|101000":1598,"1|0|001101":16599,"2|1|110001":926,"2|1|110000":1095,"2|1|011001":2563,"2|1|011000":2358,"1|1|010100":35422,"1|1|010101":37362,"1|1|101111":29671,"1|1|101110":31566,"2|0|101010":1545,"1|0|001111":22489,"1|1|001010":8206,"1|0|001110":19638,"1|1|001011":11197,"2|0|101011":1463,"2|1|000011":840,"2|1|000010":785,"1|1|010110":39862,"2|1|111101":171,"2|1|110010":850,"2|1|111100":255,"2|1|110011":813,"2|1|011010":2603,"2|1|011011":2547,"1|1|010111":42445,"1|1|101101":33209,"1|1|100011":53915,"1|1|101100":35703,"1|1|100010":55791,"1|0|110001":25251,"2|0|001011":1431,"2|0|001010":1367,"1|0|110000":27554,"2|0|111110":163,"2|0|111111":383,"1|1|101010":39245,"2|1|010010":1970,"2|1|011100":2544,"2|1|011101":2403,"1|0|010001":27097,"1|0|010000":24584,"2|1|010011":2082,"1|1|101011":37446,"1|0|111101":4271,"2|0|100101":1966,"2|0|100100":1958,"1|0|110010":23708,"1|0|110011":22216,"1|0|111100":5916,"2|0|110010":936,"2|0|111101":176,"2|0|110011":826,"2|0|111100":220,"2|1|011111":2333,"1|0|010111":42613,"1|0|010110":39885,"2|1|011110":2392,"1|1|101001":41676,"1|1|101000":43601,"1|0|110100":20158,"1|0|110101":18292,"2|0|100111":1703,"2|0|100110":1761,"2|1|000101":995,"2|0|001111":1736,"2|1|000100":944,"2|0|001110":1618,"1|0|011110":58440,"2|0|111011":286,"2|0|111010":329,"2|1|010111":2360,"1|0|011111":60552,"2|1|010110":2227,"1|0|110111":14548,"2|0|100001":2183,"2|0|100000":2374,"2|0|001001":1278,"2|0|001000":1205,"1|0|000101":971,"1|0|000100":879,"1|0|110110":16609,"1|0|010010":29960,"2|0|111000":466,"2|0|111001":430,"1|0|011101":56709,"2|1|010001":1828,"1|0|010011":32437,"1|0|011100":54053,"2|1|010000":1844}}
