{"probability":{"Group 13":"0.04160987420823533","Group 12":"0.10398399762994362","Group 11":"0.025346701707022072","Group 10":"0.00020487316235129552","Group  6":"0.002117503905110749","Group  5":"0.0","Group  4":"0.003009998161057747","Group  3":"0.0","Group  2":"0.0","Group  1":"0.0","Group  9":"0.0","Group  8":"0.0018151174768859172","Group  7":"0.8219119337493931"},"groups":{"Group 13":["Botan 1.5.6 & 1.11.29 & 2.1.0","Feitian JavaCOS A22 & A40","Gemalto GCX4 72K","HSM SafeNet Luna SA-1700","LibTomCrypt 1.17","Libgcrypt 1.6.0 & 1.6.5 & 1.7.6","Libgcrypt 1.6.0 FIPS & 1.6.5 FIPS","Nettle 3.2 & 3.3","Oberthur Cosmo 64","OpenSSL FIPS 2.0.12 & 2.0.14","PGPSDK 4","WolfSSL 2.0rc1 & 3.9.0 & 3.10.2","cryptlib 3.4.3 & 3.4.3.1"],"Group 12":["Bouncy Castle 1.53 (Java)","Cryptix JCE 20050328","FlexiProvider 1.7p7","HSM Utimaco Security Server Se50","Nettle 2.0","PolarSSL 0.10.0","PuTTY 0.67","SunRsaSign OpenJDK 1.8.0","mbedTLS 1.3.19 & 2.2.1 & 2.4.2"],"Group 11":["Bouncy Castle 1.54 (Java)","Crypto++ 5.6.0 & 5.6.3 & 5.6.5","Libgcrypt 1.7.6 FIPS","Microsoft CryptoAPI & CNG & .NET"],"Group 10":["NXP J2D081 & J2E145G","YubiKey NEO"],"Group  6":["Oberthur Cosmo Dual 72K"],"Group  5":["NXP J2A080 & J2A081 & J3A081 & JCOP 41 V2.2.1"],"Group  4":["Gemalto GXP E64"],"Group  3":["GNU Crypto 2.0.1"],"Group  2":["G&D SmartCafe 4.x & 6.0"],"Group  1":["G&D SmartCafe 3.2"],"Group  9":["Infineon JTOP 80K","YubiKey 4 & 4 Nano"],"Group  8":["PGPSDK 4 FIPS"],"Group  7":["OpenSSL 0.9.7 & 1.0.2g & 1.0.2k & 1.1.0e"]},"frequencies":{"1|1|000110":273,"2|1|100011":284,"2|1|101101":187,"1|1|000111":303,"2|1|101100":152,"2|1|100010":286,"2|0|000000":300,"2|0|000001":298,"1|0|111010":779,"1|0|111011":667,"1|1|011010":4219,"1|1|011011":4576,"2|0|110100":111,"2|0|110101":88,"1|0|100001":5076,"1|0|100000":5458,"2|1|100000":321,"1|1|000100":298,"2|1|100001":317,"2|0|000011":291,"2|0|001101":310,"2|0|001100":322,"2|0|000010":302,"1|1|000101":293,"2|1|010101":319,"2|0|011010":332,"2|1|010100":327,"2|0|011011":336,"1|0|100010":4960,"1|0|101100":3025,"1|0|101101":2939,"1|0|100011":4671,"2|1|100110":260,"1|1|110101":1663,"2|1|100111":230,"2|0|000101":273,"2|0|000100":286,"1|0|111110":228,"1|1|110100":1774,"1|0|111111":76,"1|0|100101":4304,"2|0|110001":138,"2|0|110000":158,"1|0|010101":3440,"1|0|010100":3073,"2|0|011001":332,"2|0|011000":351,"1|0|100100":4581,"2|1|100100":263,"2|1|100101":251,"2|0|000110":265,"2|0|000111":320,"1|0|111000":1163,"1|0|111001":946,"2|0|110111":82,"2|0|110110":92,"2|0|011111":338,"2|0|011110":352,"1|0|100111":3971,"1|0|100110":4107,"1|1|001001":656,"1|0|001001":633,"1|0|001000":412,"1|1|001000":408,"1|1|110001":2215,"1|1|110000":2515,"1|1|010000":2327,"2|0|011101":334,"2|1|111110":13,"2|0|010010":314,"2|0|011100":353,"2|0|010011":350,"1|1|010001":2454,"1|0|101010":3466,"1|0|101011":3299,"1|0|001010":906,"1|1|001111":2020,"1|0|001011":1090,"1|1|001110":1839,"2|1|101011":187,"2|1|101010":212,"1|1|110111":1264,"1|1|110110":1404,"1|1|010010":2697,"1|1|010011":2989,"1|1|011100":4823,"2|0|010001":342,"2|1|111001":48,"2|1|111000":54,"2|0|010000":352,"1|1|011101":4904,"1|1|000011":307,"1|1|001100":1411,"1|1|001101":1562,"2|1|101001":233,"1|1|000010":270,"2|1|101000":217,"1|1|111110":209,"1|1|111111":65,"2|1|111010":62,"1|1|011110":5126,"1|1|011111":5317,"2|0|010111":365,"2|1|001000":298,"2|1|001001":295,"2|1|111011":43,"2|0|010110":324,"1|0|101111":2534,"1|1|100101":4368,"1|1|100100":4538,"1|0|101110":2704,"1|1|000000":338,"1|1|000001":327,"2|1|101111":164,"2|1|101110":181,"1|1|110010":2052,"1|1|111101":355,"1|1|110011":1932,"1|1|111100":541,"1|1|011000":4021,"1|1|011001":4076,"2|1|001010":299,"2|0|010100":339,"2|1|001011":308,"2|0|010101":355,"1|0|101001":3565,"1|0|101000":3820,"1|0|000110":330,"2|0|101101":165,"2|0|100011":309,"2|0|101100":155,"2|0|100010":293,"2|1|000001":318,"2|1|000000":281,"1|1|111011":683,"1|0|000111":274,"1|1|111010":810,"1|0|011011":4487,"2|1|110100":95,"1|0|011010":4457,"2|1|001100":298,"2|1|110101":90,"2|1|001101":313,"1|1|100001":5032,"1|1|100000":5272,"1|0|000000":337,"2|0|101111":152,"2|0|101110":159,"2|1|000111":293,"2|1|000110":296,"1|1|111000":1165,"1|0|000001":308,"1|1|111001":893,"1|0|011000":3974,"2|1|001110":304,"2|1|110111":76,"2|1|001111":347,"2|1|110110":69,"1|0|011001":4163,"1|1|100111":3986,"1|1|100110":4130,"1|0|000011":297,"1|0|001100":1315,"1|0|000010":303,"2|0|101001":192,"2|0|101000":220,"1|0|001101":1560,"2|1|110001":131,"2|1|110000":138,"2|1|011001":328,"2|1|011000":362,"1|1|010100":3078,"1|1|010101":3273,"1|1|101111":2577,"1|1|101110":2667,"2|0|101010":213,"1|0|001111":2057,"1|1|001010":920,"1|0|001110":1851,"1|1|001011":1086,"2|0|101011":198,"2|1|000011":320,"2|1|000010":284,"1|1|010110":3629,"2|1|111101":18,"2|1|110010":120,"2|1|111100":28,"2|1|110011":116,"2|1|011010":345,"2|1|011011":343,"1|1|010111":3724,"1|1|101101":2921,"1|1|100011":4684,"1|1|101100":3115,"1|1|100010":4864,"1|0|110001":2256,"2|0|001011":299,"2|0|001010":274,"1|0|110000":2378,"2|0|111110":14,"2|0|111111":4,"1|1|101010":3416,"2|1|010010":323,"2|1|011100":328,"2|1|011101":351,"1|0|010001":2468,"1|0|010000":2292,"2|1|010011":334,"1|1|101011":3298,"1|0|111101":423,"2|0|100101":269,"2|0|100100":269,"1|0|110010":2086,"1|0|110011":2048,"1|0|111100":491,"2|0|110010":133,"2|0|111101":14,"2|0|110011":115,"2|0|111100":36,"2|1|011111":360,"1|0|010111":3858,"1|0|010110":3524,"2|1|011110":358,"1|1|101001":3574,"1|1|101000":3810,"1|0|110100":1784,"1|0|110101":1632,"2|0|100111":249,"2|0|100110":243,"2|1|000101":309,"2|0|001111":363,"2|1|000100":334,"2|0|001110":331,"1|0|011110":5063,"2|0|111011":23,"2|0|111010":33,"2|1|010111":335,"1|0|011111":5256,"2|1|010110":364,"1|0|110111":1308,"2|0|100001":313,"2|0|100000":351,"2|0|001001":288,"2|0|001000":300,"1|0|000101":300,"1|0|000100":312,"1|0|110110":1474,"1|0|010010":2824,"2|0|111000":71,"2|0|111001":42,"1|0|011101":4976,"2|1|010001":331,"1|0|010011":2904,"1|0|011100":4673,"2|1|010000":304}}
