{"probability":{"Group 13":"0.023401501139530188","Group 12":"0.025396192306361882","Group 11":"0.35457757823643704","Group 10":"0.0","Group  6":"0.00012274693853800715","Group  5":"0.0","Group  4":"0.0015730410279101803","Group  3":"0.0","Group  2":"0.0","Group  1":"0.0","Group  9":"0.000005869798672613303","Group  8":"0.008189871060713318","Group  7":"0.5867331994918369"},"groups":{"Group 13":["Botan 1.5.6 & 1.11.29 & 2.1.0","Feitian JavaCOS A22 & A40","Gemalto GCX4 72K","HSM SafeNet Luna SA-1700","LibTomCrypt 1.17","Libgcrypt 1.6.0 & 1.6.5 & 1.7.6","Libgcrypt 1.6.0 FIPS & 1.6.5 FIPS","Nettle 3.2 & 3.3","Oberthur Cosmo 64","OpenSSL FIPS 2.0.12 & 2.0.14","PGPSDK 4","WolfSSL 2.0rc1 & 3.9.0 & 3.10.2","cryptlib 3.4.3 & 3.4.3.1"],"Group 12":["Bouncy Castle 1.53 (Java)","Cryptix JCE 20050328","FlexiProvider 1.7p7","HSM Utimaco Security Server Se50","Nettle 2.0","PolarSSL 0.10.0","PuTTY 0.67","SunRsaSign OpenJDK 1.8.0","mbedTLS 1.3.19 & 2.2.1 & 2.4.2"],"Group 11":["Bouncy Castle 1.54 (Java)","Crypto++ 5.6.0 & 5.6.3 & 5.6.5","Libgcrypt 1.7.6 FIPS","Microsoft CryptoAPI & CNG & .NET"],"Group 10":["NXP J2D081 & J2E145G","YubiKey NEO"],"Group  6":["Oberthur Cosmo Dual 72K"],"Group  5":["NXP J2A080 & J2A081 & J3A081 & JCOP 41 V2.2.1"],"Group  4":["Gemalto GXP E64"],"Group  3":["GNU Crypto 2.0.1"],"Group  2":["G&D SmartCafe 4.x & 6.0"],"Group  1":["G&D SmartCafe 3.2"],"Group  9":["Infineon JTOP 80K","YubiKey 4 & 4 Nano"],"Group  8":["PGPSDK 4 FIPS"],"Group  7":["OpenSSL 0.9.7 & 1.0.2g & 1.0.2k & 1.1.0e"]},"frequencies":{"1|1|000110":4847,"2|1|100011":11622,"2|1|101101":7237,"1|1|000111":5475,"2|1|101100":7604,"2|1|100010":12265,"2|0|000000":1385,"2|0|000001":2059,"1|0|111010":9834,"1|0|111011":8205,"1|1|011010":56630,"1|1|011011":58285,"2|0|110100":4403,"2|0|110101":3974,"1|0|100001":61880,"1|0|100000":64089,"2|1|100000":13288,"1|1|000100":3760,"2|1|100001":12783,"2|0|000011":3142,"2|0|001101":8768,"2|0|001100":8147,"2|0|000010":2638,"1|1|000101":4402,"2|1|010101":13164,"2|0|011010":15195,"2|1|010100":12618,"2|0|011011":15290,"1|0|100010":59513,"1|0|101100":37746,"1|0|101101":35204,"1|0|100011":57155,"2|1|100110":10198,"1|1|110101":19582,"2|1|100111":9874,"2|0|000101":4183,"2|0|000100":3798,"1|0|111110":2829,"1|1|110100":21222,"1|0|111111":1323,"1|0|100101":52737,"2|0|110001":5562,"2|0|110000":5988,"1|0|010101":44230,"1|0|010100":41456,"2|0|011001":15018,"2|0|011000":14773,"1|0|100100":54887,"2|1|100100":11310,"2|1|100101":10667,"2|0|000110":4802,"2|0|000111":5314,"1|0|111000":13538,"1|0|111001":11774,"2|0|110111":3158,"2|0|110110":3541,"2|0|011111":13588,"2|0|011110":13918,"1|0|100111":48039,"1|0|100110":50617,"1|1|001001":10324,"1|0|001001":10249,"1|0|001000":7101,"1|1|001000":7209,"1|1|110001":27365,"1|1|110000":29263,"1|1|010000":30715,"2|0|011101":14358,"2|1|111111":592,"2|1|111110":647,"2|0|010010":11527,"2|0|011100":14547,"2|0|010011":11948,"1|1|010001":33157,"1|0|101010":41604,"1|0|101011":39611,"1|0|001010":13172,"1|1|001111":28048,"1|0|001011":16427,"1|1|001110":25314,"2|1|101011":8177,"2|1|101010":8384,"1|1|110111":15611,"1|1|110110":17452,"1|1|010010":36141,"1|1|010011":38767,"1|1|011100":59586,"2|0|010001":10919,"2|1|111001":2365,"2|1|111000":2801,"2|0|010000":10433,"1|1|011101":61296,"1|1|000011":3249,"1|1|001100":19151,"1|1|001101":21907,"2|1|101001":8857,"1|1|000010":2574,"2|1|101000":9317,"1|1|111110":2901,"1|1|111111":1305,"2|1|111010":2060,"1|1|011110":63194,"1|1|011111":64238,"2|0|010111":14042,"2|1|001000":5843,"2|1|001001":6540,"2|1|111011":1632,"2|0|010110":13593,"1|0|101111":31623,"1|1|100101":53028,"1|1|100100":54718,"1|0|101110":33225,"1|1|000000":1432,"1|1|000001":2046,"2|1|101111":6321,"2|1|101110":6747,"1|1|110010":25318,"1|1|111101":4549,"1|1|110011":23334,"1|1|111100":6225,"1|1|011000":51682,"1|1|011001":54674,"2|1|001010":7206,"2|0|010100":12470,"2|1|001011":7836,"2|0|010101":13130,"1|0|101001":43880,"1|0|101000":46152,"1|0|000110":4737,"2|0|101101":7327,"2|0|100011":11758,"2|0|101100":7791,"2|0|100010":12230,"2|1|000001":1989,"2|1|000000":1498,"1|1|111011":8076,"1|0|000111":5288,"1|1|111010":9918,"1|0|011011":58245,"2|1|110100":4328,"1|0|011010":56466,"2|1|001100":8195,"2|1|110101":3944,"2|1|001101":8855,"1|1|100001":61774,"1|1|100000":64244,"1|0|000000":1432,"2|0|101111":6401,"2|0|101110":6753,"2|1|000111":5357,"2|1|000110":4723,"1|1|111000":13924,"1|0|000001":2029,"1|1|111001":11814,"1|0|011000":52201,"2|1|001110":9526,"2|1|110111":3168,"2|1|001111":9902,"2|1|110110":3569,"1|0|011001":54102,"1|1|100111":48537,"1|1|100110":50167,"1|0|000011":3111,"1|0|001100":19354,"1|0|000010":2611,"2|0|101001":8932,"2|0|101000":9451,"1|0|001101":21843,"2|1|110001":5472,"2|1|110000":5971,"2|1|011001":15221,"2|1|011000":14405,"1|1|010100":41702,"1|1|010101":44531,"1|1|101111":31541,"1|1|101110":33325,"2|0|101010":8514,"1|0|001111":27810,"1|1|001010":13295,"1|0|001110":24996,"1|1|001011":16309,"2|0|101011":8178,"2|1|000011":3133,"2|1|000010":2667,"1|1|010110":46703,"2|1|111101":926,"2|1|110010":5050,"2|1|111100":1328,"2|1|110011":4767,"2|1|011010":15413,"2|1|011011":15043,"1|1|010111":49136,"1|1|101101":35225,"1|1|100011":57321,"1|1|101100":37751,"1|1|100010":59590,"1|0|110001":27269,"2|0|001011":7704,"2|0|001010":7120,"1|0|110000":29529,"2|0|111110":582,"2|0|111111":566,"1|1|101010":41861,"2|1|010010":11421,"2|1|011100":14714,"2|1|011101":14289,"1|0|010001":33540,"1|0|010000":30628,"2|1|010011":11821,"1|1|101011":39893,"1|0|111101":4461,"2|0|100101":10589,"2|0|100100":11241,"1|0|110010":25139,"1|0|110011":23484,"1|0|111100":6273,"2|0|110010":5103,"2|0|111101":963,"2|0|110011":4724,"2|0|111100":1297,"2|1|011111":13508,"1|0|010111":48995,"1|0|010110":46797,"2|1|011110":13762,"1|1|101001":44111,"1|1|101000":45993,"1|0|110100":21664,"1|0|110101":19036,"2|0|100111":9612,"2|0|100110":10178,"2|1|000101":4372,"2|0|001111":9814,"2|1|000100":3734,"2|0|001110":9346,"1|0|011110":62771,"2|0|111011":1630,"2|0|111010":1987,"2|1|010111":14131,"1|0|011111":64709,"2|1|010110":13562,"1|0|110111":15483,"2|0|100001":12652,"2|0|100000":12990,"2|0|001001":6465,"2|0|001000":5876,"1|0|000101":4228,"1|0|000100":3715,"1|0|110110":17489,"1|0|010010":36363,"2|0|111000":2899,"2|0|111001":2509,"1|0|011101":61840,"2|1|010001":10985,"1|0|010011":38793,"1|0|011100":59959,"2|1|010000":10443}}
