{"probability":{"Group 13":"0.011073599902702895","Group 12":"0.03521092460565654","Group 11":"0.2854493444155404","Group 10":"0.0002935329457255698","Group  6":"0.0003351616610963297","Group  5":"0.0","Group  4":"0.0016128400880560726","Group  3":"0.0","Group  2":"0.0","Group  1":"0.0","Group  9":"0.00016812931483046754","Group  8":"0.0014592467174284304","Group  7":"0.6643972203489632"},"groups":{"Group 13":["Botan 1.5.6 & 1.11.29 & 2.1.0","Feitian JavaCOS A22 & A40","Gemalto GCX4 72K","HSM SafeNet Luna SA-1700","LibTomCrypt 1.17","Libgcrypt 1.6.0 & 1.6.5 & 1.7.6","Libgcrypt 1.6.0 FIPS & 1.6.5 FIPS","Nettle 3.2 & 3.3","Oberthur Cosmo 64","OpenSSL FIPS 2.0.12 & 2.0.14","PGPSDK 4","WolfSSL 2.0rc1 & 3.9.0 & 3.10.2","cryptlib 3.4.3 & 3.4.3.1"],"Group 12":["Bouncy Castle 1.53 (Java)","Cryptix JCE 20050328","FlexiProvider 1.7p7","HSM Utimaco Security Server Se50","Nettle 2.0","PolarSSL 0.10.0","PuTTY 0.67","SunRsaSign OpenJDK 1.8.0","mbedTLS 1.3.19 & 2.2.1 & 2.4.2"],"Group 11":["Bouncy Castle 1.54 (Java)","Crypto++ 5.6.0 & 5.6.3 & 5.6.5","Libgcrypt 1.7.6 FIPS","Microsoft CryptoAPI & CNG & .NET"],"Group 10":["NXP J2D081 & J2E145G","YubiKey NEO"],"Group  6":["Oberthur Cosmo Dual 72K"],"Group  5":["NXP J2A080 & J2A081 & J3A081 & JCOP 41 V2.2.1"],"Group  4":["Gemalto GXP E64"],"Group  3":["GNU Crypto 2.0.1"],"Group  2":["G&D SmartCafe 4.x & 6.0"],"Group  1":["G&D SmartCafe 3.2"],"Group  9":["Infineon JTOP 80K","YubiKey 4 & 4 Nano"],"Group  8":["PGPSDK 4 FIPS"],"Group  7":["OpenSSL 0.9.7 & 1.0.2g & 1.0.2k & 1.1.0e"]},"frequencies":{"1|1|000110":5494,"2|1|100011":11333,"2|1|101101":7204,"1|1|000111":5927,"2|1|101100":7720,"2|1|100010":12055,"2|0|000000":2020,"2|0|000001":2660,"1|0|111010":13088,"1|0|111011":10632,"1|1|011010":73244,"1|1|011011":76653,"2|0|110100":4258,"2|0|110101":3954,"1|0|100001":82086,"1|0|100000":85265,"2|1|100000":13024,"1|1|000100":4324,"2|1|100001":12604,"2|0|000011":3820,"2|0|001101":9040,"2|0|001100":8803,"2|0|000010":3236,"1|1|000101":4935,"2|1|010101":13238,"2|0|011010":15371,"2|1|010100":12549,"2|0|011011":15450,"1|0|100010":78572,"1|0|101100":49653,"1|0|101101":46859,"1|0|100011":76312,"2|1|100110":10030,"1|1|110101":25914,"2|1|100111":9806,"2|0|000101":4819,"2|0|000100":4414,"1|0|111110":3591,"1|1|110100":28291,"1|0|111111":1358,"1|0|100101":69648,"2|0|110001":5454,"2|0|110000":5908,"1|0|010101":56848,"1|0|010100":53770,"2|0|011001":14961,"2|0|011000":14583,"1|0|100100":73299,"2|1|100100":11070,"2|1|100101":10657,"2|0|000110":5360,"2|0|000111":5906,"1|0|111000":17842,"1|0|111001":15534,"2|0|110111":3164,"2|0|110110":3508,"2|0|011111":13354,"2|0|011110":13663,"1|0|100111":64028,"1|0|100110":66681,"1|1|001001":12324,"1|0|001001":12275,"1|0|001000":8131,"1|1|001000":8317,"1|1|110001":35919,"1|1|110000":38864,"1|1|010000":39532,"2|0|011101":14172,"2|1|111111":429,"2|1|111110":544,"2|0|010010":11747,"2|0|011100":14499,"2|0|010011":12358,"1|1|010001":42835,"1|0|101010":55032,"1|0|101011":52449,"1|0|001010":16179,"1|1|001111":35748,"1|0|001011":20491,"1|1|001110":31856,"2|1|101011":8004,"2|1|101010":8418,"1|1|110111":20464,"1|1|110110":23395,"1|1|010010":46592,"1|1|010011":49759,"1|1|011100":78208,"2|0|010001":11176,"2|1|111001":2312,"2|1|111000":2813,"2|0|010000":10774,"1|1|011101":81199,"1|1|000011":3739,"1|1|001100":24013,"1|1|001101":28045,"2|1|101001":8788,"1|1|000010":3259,"2|1|101000":9373,"1|1|111110":3559,"1|1|111111":1435,"2|1|111010":2003,"1|1|011110":83033,"1|1|011111":85414,"2|0|010111":14207,"2|1|001000":6281,"2|1|001001":7170,"2|1|111011":1708,"2|0|010110":13810,"1|0|101111":41610,"1|1|100101":69842,"1|1|100100":73255,"1|0|101110":44173,"1|1|000000":1997,"1|1|000001":2730,"2|1|101111":6286,"2|1|101110":6880,"1|1|110010":33454,"1|1|111101":5952,"1|1|110011":31054,"1|1|111100":8535,"1|1|011000":67613,"1|1|011001":70825,"2|1|001010":7688,"2|0|010100":12657,"2|1|001011":8269,"2|0|010101":13157,"1|0|101001":58269,"1|0|101000":61103,"1|0|000110":5377,"2|0|101101":7237,"2|0|100011":11578,"2|0|101100":7542,"2|0|100010":11945,"2|1|000001":2654,"2|1|000000":2141,"1|1|111011":10714,"1|0|000111":5993,"1|1|111010":12940,"1|0|011011":75991,"2|1|110100":4142,"1|0|011010":73912,"2|1|001100":8739,"2|1|110101":4015,"2|1|001101":9189,"1|1|100001":81810,"1|1|100000":85337,"1|0|000000":2085,"2|0|101111":6341,"2|0|101110":6700,"2|1|000111":5867,"2|1|000110":5428,"1|1|111000":18392,"1|0|000001":2636,"1|1|111001":15657,"1|0|011000":67268,"2|1|001110":9686,"2|1|110111":3054,"2|1|001111":10293,"2|1|110110":3586,"1|0|011001":70512,"1|1|100111":63601,"1|1|100110":66828,"1|0|000011":3827,"1|0|001100":24115,"1|0|000010":3173,"2|0|101001":8829,"2|0|101000":9168,"1|0|001101":27951,"2|1|110001":5450,"2|1|110000":5888,"2|1|011001":14961,"2|1|011000":14695,"1|1|010100":53618,"1|1|010101":56690,"1|1|101111":41696,"1|1|101110":44004,"2|0|101010":8370,"1|0|001111":35751,"1|1|001010":16293,"1|0|001110":32000,"1|1|001011":20251,"2|0|101011":7971,"2|1|000011":3808,"2|1|000010":3206,"1|1|010110":60364,"2|1|111101":919,"0|1|101010":1,"2|1|110010":5047,"2|1|111100":1233,"2|1|110011":4576,"2|1|011010":15405,"2|1|011011":15015,"1|1|010111":63978,"1|1|101101":46811,"1|1|100011":75804,"1|1|101100":49872,"1|1|100010":78607,"1|0|110001":35868,"2|0|001011":8250,"2|0|001010":7526,"1|0|110000":38673,"2|0|111110":584,"2|0|111111":443,"1|1|101010":55640,"2|1|010010":11824,"2|1|011100":14647,"2|1|011101":14128,"1|0|010001":42879,"1|0|010000":39145,"2|1|010011":12232,"1|1|101011":52517,"1|0|111101":5968,"2|0|100101":10468,"2|0|100100":11007,"1|0|110010":33276,"1|0|110011":30835,"1|0|111100":8386,"2|0|110010":5032,"2|0|111101":881,"2|0|110011":4680,"2|0|111100":1263,"2|1|011111":13303,"1|0|010111":63888,"1|0|010110":60439,"2|1|011110":13663,"1|1|101001":58528,"1|1|101000":61318,"1|0|110100":28315,"1|0|110101":25720,"2|0|100111":9583,"2|0|100110":10268,"2|1|000101":4875,"2|0|001111":10270,"2|1|000100":4385,"2|0|001110":9777,"1|0|011110":83824,"2|0|111011":1647,"2|0|111010":1895,"2|1|010111":14164,"1|0|011111":86114,"2|1|010110":13667,"1|0|110111":20647,"2|0|100001":12441,"2|0|100000":13095,"2|0|001001":7128,"2|0|001000":6413,"1|0|000101":5013,"1|0|000100":4310,"1|0|110110":22921,"1|0|010010":46777,"2|0|111000":2750,"2|0|111001":2361,"1|0|011101":81138,"2|1|010001":11310,"1|0|010011":50394,"1|0|011100":78485,"2|1|010000":10861}}
