{"probability":{"Group 13":"0.03692001148778979","Group 12":"0.028626561287064173","Group 11":"0.2346737144777948","Group 10":"0.0","Group  6":"0.000049264190001989824","Group  5":"0.0","Group  4":"0.0018543423252869741","Group  3":"0.00006524839104267232","Group  2":"0.0","Group  1":"0.0","Group  9":"0.00006917964898747663","Group  8":"0.005378474342293728","Group  7":"0.6923632038497385"},"groups":{"Group 13":["Botan 1.5.6 & 1.11.29 & 2.1.0","Feitian JavaCOS A22 & A40","Gemalto GCX4 72K","HSM SafeNet Luna SA-1700","LibTomCrypt 1.17","Libgcrypt 1.6.0 & 1.6.5 & 1.7.6","Libgcrypt 1.6.0 FIPS & 1.6.5 FIPS","Nettle 3.2 & 3.3","Oberthur Cosmo 64","OpenSSL FIPS 2.0.12 & 2.0.14","PGPSDK 4","WolfSSL 2.0rc1 & 3.9.0 & 3.10.2","cryptlib 3.4.3 & 3.4.3.1"],"Group 12":["Bouncy Castle 1.53 (Java)","Cryptix JCE 20050328","FlexiProvider 1.7p7","HSM Utimaco Security Server Se50","Nettle 2.0","PolarSSL 0.10.0","PuTTY 0.67","SunRsaSign OpenJDK 1.8.0","mbedTLS 1.3.19 & 2.2.1 & 2.4.2"],"Group 11":["Bouncy Castle 1.54 (Java)","Crypto++ 5.6.0 & 5.6.3 & 5.6.5","Libgcrypt 1.7.6 FIPS","Microsoft CryptoAPI & CNG & .NET"],"Group 10":["NXP J2D081 & J2E145G","YubiKey NEO"],"Group  6":["Oberthur Cosmo Dual 72K"],"Group  5":["NXP J2A080 & J2A081 & J3A081 & JCOP 41 V2.2.1"],"Group  4":["Gemalto GXP E64"],"Group  3":["GNU Crypto 2.0.1"],"Group  2":["G&D SmartCafe 4.x & 6.0"],"Group  1":["G&D SmartCafe 3.2"],"Group  9":["Infineon JTOP 80K","YubiKey 4 & 4 Nano"],"Group  8":["PGPSDK 4 FIPS"],"Group  7":["OpenSSL 0.9.7 & 1.0.2g & 1.0.2k & 1.1.0e"]},"frequencies":{"1|1|000110":7347,"2|1|100011":17376,"2|1|101101":10840,"1|1|000111":7924,"2|1|101100":11601,"2|1|100010":18324,"2|0|000000":3140,"2|0|000001":3608,"1|0|111010":21590,"1|0|111011":17775,"1|1|011010":120350,"1|1|011011":124860,"2|0|110100":6430,"2|0|110101":5976,"1|0|100001":135410,"1|0|100000":140715,"2|1|100000":19942,"1|1|000100":5725,"2|1|100001":19056,"2|0|000011":5080,"2|0|001101":12730,"2|0|001100":12185,"2|0|000010":4369,"1|1|000101":6453,"2|1|010101":19204,"2|0|011010":22627,"2|1|010100":18324,"2|0|011011":22358,"1|0|100010":129663,"1|0|101100":82301,"1|0|101101":77566,"1|0|100011":125036,"2|1|100110":15543,"1|1|110101":42818,"2|1|100111":14878,"2|0|000101":6490,"2|0|000100":5942,"1|0|111110":6018,"1|1|110100":46841,"1|0|111111":2303,"1|0|100101":115134,"2|0|110001":8432,"2|0|110000":8968,"1|0|010101":92465,"1|0|010100":86912,"2|0|011001":21876,"2|0|011000":21146,"1|0|100100":120686,"2|1|100100":16867,"2|1|100101":16233,"0|0|011100":1,"2|0|000110":7241,"2|0|000111":7982,"1|0|111000":29983,"1|0|111001":25911,"2|0|110111":4805,"2|0|110110":5449,"2|0|011111":20377,"2|0|011110":20788,"1|0|100111":105430,"1|0|100110":110389,"1|1|001001":18497,"1|0|001001":18399,"1|0|001000":11463,"1|1|001000":11931,"1|1|110001":59445,"1|1|110000":64380,"1|1|010000":63151,"2|0|011101":21143,"2|1|111111":679,"2|1|111110":925,"2|0|010010":16796,"2|0|011100":21701,"2|0|010011":17713,"1|1|010001":69037,"1|0|101010":91138,"1|0|101011":86456,"1|0|001010":24917,"1|1|001111":56707,"1|0|001011":31685,"1|1|001110":50944,"2|1|101011":12195,"2|1|101010":12700,"1|1|110111":34029,"1|1|110110":38245,"1|1|010010":75543,"1|1|010011":81366,"1|1|011100":128813,"2|0|010001":16203,"2|1|111001":3624,"2|1|111000":4278,"2|0|010000":15307,"1|1|011101":132887,"1|1|000011":5049,"1|1|001100":37808,"1|1|001101":44532,"2|1|101001":13439,"1|1|000010":4303,"2|1|101000":14174,"1|1|111110":5990,"1|1|111111":2366,"2|1|111010":3081,"1|1|011110":136608,"1|1|011111":141084,"2|0|010111":20325,"2|1|001000":8666,"2|1|001001":9816,"2|1|111011":2617,"2|0|010110":20050,"1|0|101111":68357,"1|1|100101":115231,"1|1|100100":120254,"1|0|101110":72995,"1|1|000000":3141,"1|1|000001":3742,"2|1|101111":9727,"2|1|101110":10398,"1|1|110010":55627,"1|1|111101":9888,"1|1|110011":51101,"1|1|111100":13693,"1|1|011000":109484,"1|1|011001":115339,"2|1|001010":10535,"2|0|010100":18298,"2|1|001011":11415,"2|0|010101":19006,"1|0|101001":95851,"1|0|101000":101034,"1|0|000110":7160,"2|0|101101":10825,"2|0|100011":17602,"2|0|101100":11551,"2|0|100010":18338,"2|1|000001":3679,"2|1|000000":3273,"1|1|111011":17860,"1|0|000111":7870,"1|1|111010":21817,"1|0|011011":124304,"2|1|110100":6421,"1|0|011010":120187,"2|1|001100":12194,"2|1|110101":5968,"2|1|001101":12939,"1|1|100001":134926,"1|1|100000":140841,"1|0|000000":3244,"2|0|101111":9664,"2|0|101110":10166,"2|1|000111":7804,"2|1|000110":7220,"1|1|111000":29909,"1|0|000001":3613,"1|1|111001":25629,"1|0|011000":109442,"2|1|001110":13673,"2|1|110111":4729,"2|1|001111":14748,"2|1|110110":5377,"1|0|011001":114984,"1|1|100111":104791,"1|1|100110":110460,"1|0|000011":5225,"1|0|001100":38091,"1|0|000010":4401,"2|0|101001":13381,"2|0|101000":14166,"1|0|001101":44111,"2|1|110001":8245,"2|1|110000":9015,"2|1|011001":21980,"2|1|011000":21295,"1|1|010100":87081,"1|1|010101":92358,"1|1|101111":68556,"1|1|101110":72962,"2|0|101010":12995,"1|0|001111":57175,"1|1|001010":24986,"1|0|001110":50862,"1|1|001011":31878,"2|0|101011":12357,"2|1|000011":5040,"2|1|000010":4444,"1|1|010110":98439,"2|1|111101":1441,"2|1|110010":7866,"2|1|111100":1950,"2|1|110011":7022,"2|1|011010":22550,"2|1|011011":22241,"1|1|010111":103691,"1|1|101101":77378,"1|1|100011":125771,"1|1|101100":82473,"1|1|100010":130088,"1|0|110001":59237,"2|0|001011":11411,"2|0|001010":10560,"1|0|110000":64393,"2|0|111110":964,"2|0|111111":712,"1|1|101010":91793,"2|1|010010":16855,"2|1|011100":21718,"2|1|011101":21086,"1|0|010001":68946,"1|0|010000":63181,"2|1|010011":17653,"1|1|101011":86228,"1|0|111101":9831,"2|0|100101":15990,"2|0|100100":16834,"1|0|110010":55238,"1|0|110011":50978,"1|0|111100":13762,"2|0|110010":7779,"0|0|101010":1,"2|0|111101":1490,"2|0|110011":7091,"2|0|111100":2029,"2|1|011111":20018,"1|0|010111":103920,"1|0|010110":98313,"2|1|011110":20432,"1|1|101001":96884,"1|1|101000":100577,"1|0|110100":47011,"1|0|110101":42649,"2|0|100111":14751,"2|0|100110":15529,"2|1|000101":6509,"2|0|001111":14452,"2|1|000100":5897,"2|0|001110":13785,"1|0|011110":136952,"2|0|111011":2530,"2|0|111010":3015,"2|1|010111":20637,"1|0|011111":141525,"2|1|010110":19782,"1|0|110111":34060,"2|0|100001":18992,"2|0|100000":19960,"2|0|001001":9724,"2|0|001000":8930,"1|0|000101":6545,"1|0|000100":5778,"1|0|110110":38162,"1|0|010010":75062,"2|0|111000":4183,"2|0|111001":3648,"1|0|011101":133084,"2|1|010001":16201,"1|0|010011":81047,"1|0|011100":128383,"2|1|010000":15363}}
