{"probability":{"Group 13":"0.04069247047943858","Group 12":"0.049715229134441194","Group 11":"0.18990577002381312","Group 10":"0.00018285460874167017","Group  6":"0.00026320655722551783","Group  5":"0.0","Group  4":"0.003268528214552702","Group  3":"0.0000024542960615617213","Group  2":"0.0","Group  1":"0.0","Group  9":"0.000005245461057503486","Group  8":"0.016565615785233117","Group  7":"0.6993986254394351"},"groups":{"Group 13":["Botan 1.5.6 & 1.11.29 & 2.1.0","Feitian JavaCOS A22 & A40","Gemalto GCX4 72K","HSM SafeNet Luna SA-1700","LibTomCrypt 1.17","Libgcrypt 1.6.0 & 1.6.5 & 1.7.6","Libgcrypt 1.6.0 FIPS & 1.6.5 FIPS","Nettle 3.2 & 3.3","Oberthur Cosmo 64","OpenSSL FIPS 2.0.12 & 2.0.14","PGPSDK 4","WolfSSL 2.0rc1 & 3.9.0 & 3.10.2","cryptlib 3.4.3 & 3.4.3.1"],"Group 12":["Bouncy Castle 1.53 (Java)","Cryptix JCE 20050328","FlexiProvider 1.7p7","HSM Utimaco Security Server Se50","Nettle 2.0","PolarSSL 0.10.0","PuTTY 0.67","SunRsaSign OpenJDK 1.8.0","mbedTLS 1.3.19 & 2.2.1 & 2.4.2"],"Group 11":["Bouncy Castle 1.54 (Java)","Crypto++ 5.6.0 & 5.6.3 & 5.6.5","Libgcrypt 1.7.6 FIPS","Microsoft CryptoAPI & CNG & .NET"],"Group 10":["NXP J2D081 & J2E145G","YubiKey NEO"],"Group  6":["Oberthur Cosmo Dual 72K"],"Group  5":["NXP J2A080 & J2A081 & J3A081 & JCOP 41 V2.2.1"],"Group  4":["Gemalto GXP E64"],"Group  3":["GNU Crypto 2.0.1"],"Group  2":["G&D SmartCafe 4.x & 6.0"],"Group  1":["G&D SmartCafe 3.2"],"Group  9":["Infineon JTOP 80K","YubiKey 4 & 4 Nano"],"Group  8":["PGPSDK 4 FIPS"],"Group  7":["OpenSSL 0.9.7 & 1.0.2g & 1.0.2k & 1.1.0e"]},"frequencies":{"1|1|000110":9648,"2|1|100011":18310,"2|1|101101":11644,"1|1|000111":10108,"2|1|101100":12269,"2|1|100010":19484,"2|0|000000":6281,"2|0|000001":6463,"1|0|111010":24746,"1|0|111011":20284,"1|1|011010":135033,"1|1|011011":140715,"2|0|110100":7013,"2|0|110101":6652,"1|0|100001":153017,"1|0|100000":159195,"2|1|100000":21092,"1|1|000100":8280,"2|1|100001":20203,"2|0|000011":7704,"2|0|001101":14787,"2|0|001100":14218,"2|0|000010":7120,"1|1|000101":8986,"2|1|010101":20390,"2|0|011010":23843,"2|1|010100":19838,"2|0|011011":23717,"1|0|100010":146875,"1|0|101100":92800,"1|0|101101":87667,"1|0|100011":141477,"2|1|100110":16276,"1|1|110101":48731,"2|1|100111":15746,"2|0|000101":8725,"2|0|000100":8478,"1|0|111110":6967,"1|1|110100":52824,"1|0|111111":2695,"1|0|100101":130013,"2|0|110001":9014,"2|0|110000":9569,"1|0|010101":104083,"1|0|010100":98217,"2|0|011001":23190,"2|0|011000":22555,"1|0|100100":136408,"2|1|100100":17759,"2|1|100101":17196,"2|0|000110":9417,"2|0|000111":10169,"1|0|111000":33853,"1|0|111001":29338,"2|0|110111":5279,"2|0|110110":5804,"2|0|011111":21433,"2|0|011110":21715,"1|0|100111":119257,"1|0|100110":124677,"1|1|001001":21732,"1|0|001001":21777,"1|0|001000":14123,"1|1|001000":14370,"1|1|110001":67328,"1|1|110000":72507,"1|1|010000":72113,"2|0|011101":22247,"2|1|111111":863,"2|1|111110":1163,"2|0|010010":18419,"2|0|011100":22531,"2|0|010011":19311,"1|1|010001":78515,"1|0|101010":102853,"1|0|101011":98222,"1|0|001010":29142,"1|1|001111":64946,"1|0|001011":36658,"1|1|001110":57898,"2|1|101011":12993,"2|1|101010":13681,"1|1|110111":38672,"1|1|110110":43589,"1|1|010010":85149,"1|1|010011":91377,"1|1|011100":144588,"2|0|010001":17865,"2|1|111001":3983,"2|1|111000":4649,"2|0|010000":17053,"1|1|011101":150206,"1|1|000011":7580,"1|1|001100":43420,"1|1|001101":50549,"2|1|101001":14296,"1|1|000010":7123,"2|1|101000":15021,"1|1|111110":6899,"1|1|111111":2731,"2|1|111010":3420,"1|1|011110":154563,"1|1|011111":159242,"2|0|010111":21911,"2|1|001000":10700,"2|1|001001":11756,"2|1|111011":2997,"2|0|010110":21478,"1|0|101111":77848,"1|1|100101":130792,"1|1|100100":136200,"1|0|101110":82899,"1|1|000000":6156,"1|1|000001":6599,"2|1|101111":10110,"2|1|101110":11109,"1|1|110010":62871,"1|1|111101":11486,"1|1|110011":58029,"1|1|111100":15996,"1|1|011000":123612,"1|1|011001":129610,"2|1|001010":12577,"2|0|010100":19633,"2|1|001011":13350,"2|0|010101":20574,"1|0|101001":108500,"1|0|101000":114413,"1|0|000110":9515,"2|0|101101":11676,"2|0|100011":18596,"2|0|101100":12258,"2|0|100010":19308,"2|1|000001":6771,"2|1|000000":6270,"1|1|111011":20294,"1|0|000111":10138,"1|1|111010":24957,"1|0|011011":139972,"2|1|110100":6925,"1|0|011010":135725,"2|1|001100":14108,"2|1|110101":6584,"2|1|001101":14815,"1|1|100001":153138,"1|1|100000":158791,"1|0|000000":6219,"2|0|101111":10237,"2|0|101110":10784,"2|1|000111":10147,"2|1|000110":9548,"1|1|111000":34557,"1|0|000001":6555,"1|1|111001":29452,"1|0|011000":123123,"2|1|001110":15363,"2|1|110111":5238,"2|1|001111":16396,"2|1|110110":5950,"1|0|011001":129411,"1|1|100111":118681,"1|1|100110":124484,"1|0|000011":7730,"1|0|001100":43708,"1|0|000010":7129,"2|0|101001":14162,"2|0|101000":14873,"1|0|001101":50289,"2|1|110001":8976,"2|1|110000":9577,"2|1|011001":23280,"2|1|011000":22708,"1|1|010100":97927,"1|1|010101":103946,"1|1|101111":77614,"1|1|101110":82053,"2|0|101010":13562,"1|0|001111":64770,"1|1|001010":29022,"1|0|001110":58120,"1|1|001011":36350,"2|0|101011":12986,"2|1|000011":7804,"2|1|000010":6991,"1|1|010110":110987,"2|1|111101":1725,"0|1|101010":1,"2|1|110010":8360,"2|1|111100":2338,"2|1|110011":7573,"2|1|011010":23790,"2|1|011011":23277,"1|1|010111":117377,"1|1|101101":87373,"1|1|100011":142072,"1|1|101100":93125,"1|1|100010":146602,"1|0|110001":67527,"2|0|001011":13411,"2|0|001010":12336,"1|0|110000":72629,"2|0|111110":1155,"2|0|111111":922,"1|1|101010":103512,"2|1|010010":18659,"2|1|011100":23090,"2|1|011101":22602,"1|0|010001":78076,"1|0|010000":71488,"2|1|010011":19113,"1|1|101011":97660,"1|0|111101":11502,"2|0|100101":16981,"2|0|100100":17722,"1|0|110010":62547,"1|0|110011":57543,"1|0|111100":15916,"2|0|110010":8279,"2|0|111101":1734,"2|0|110011":7754,"2|0|111100":2262,"2|1|011111":21285,"1|0|010111":116853,"1|0|010110":110633,"2|1|011110":21814,"1|1|101001":109022,"1|1|101000":113634,"1|0|110100":52866,"1|0|110101":48475,"2|0|100111":15780,"2|0|100110":16506,"2|1|000101":8803,"2|0|001111":16202,"2|1|000100":8450,"2|0|001110":15485,"1|0|011110":155362,"2|0|111011":2898,"2|0|111010":3337,"2|1|010111":22138,"1|0|011111":160383,"2|1|010110":21416,"1|0|110111":38992,"2|0|100001":20224,"2|0|100000":21152,"2|0|001001":11736,"2|0|001000":10864,"1|0|000101":8982,"1|0|000100":8283,"1|0|110110":43405,"1|0|010010":85263,"2|0|111000":4634,"2|0|111001":4049,"1|0|011101":150260,"2|1|010001":17724,"1|0|010011":92203,"1|0|011100":144604,"2|1|010000":17224}}
