{"probability":{"Group 13":"0.035557203310050016","Group 12":"0.030839679584371206","Group 11":"0.2261400989866591","Group 10":"0.00019925381716982902","Group  6":"0.00011898631637572576","Group  5":"0.0","Group  4":"0.0024052437599643003","Group  3":"0.0","Group  2":"0.0","Group  1":"0.0","Group  9":"0.00019311752340967877","Group  8":"0.005326908457411507","Group  7":"0.6992195082445886"},"groups":{"Group 13":["Botan 1.5.6 & 1.11.29 & 2.1.0","Feitian JavaCOS A22 & A40","Gemalto GCX4 72K","HSM SafeNet Luna SA-1700","LibTomCrypt 1.17","Libgcrypt 1.6.0 & 1.6.5 & 1.7.6","Libgcrypt 1.6.0 FIPS & 1.6.5 FIPS","Nettle 3.2 & 3.3","Oberthur Cosmo 64","OpenSSL FIPS 2.0.12 & 2.0.14","PGPSDK 4","WolfSSL 2.0rc1 & 3.9.0 & 3.10.2","cryptlib 3.4.3 & 3.4.3.1"],"Group 12":["Bouncy Castle 1.53 (Java)","Cryptix JCE 20050328","FlexiProvider 1.7p7","HSM Utimaco Security Server Se50","Nettle 2.0","PolarSSL 0.10.0","PuTTY 0.67","SunRsaSign OpenJDK 1.8.0","mbedTLS 1.3.19 & 2.2.1 & 2.4.2"],"Group 11":["Bouncy Castle 1.54 (Java)","Crypto++ 5.6.0 & 5.6.3 & 5.6.5","Libgcrypt 1.7.6 FIPS","Microsoft CryptoAPI & CNG & .NET"],"Group 10":["NXP J2D081 & J2E145G","YubiKey NEO"],"Group  6":["Oberthur Cosmo Dual 72K"],"Group  5":["NXP J2A080 & J2A081 & J3A081 & JCOP 41 V2.2.1"],"Group  4":["Gemalto GXP E64"],"Group  3":["GNU Crypto 2.0.1"],"Group  2":["G&D SmartCafe 4.x & 6.0"],"Group  1":["G&D SmartCafe 3.2"],"Group  9":["Infineon JTOP 80K","YubiKey 4 & 4 Nano"],"Group  8":["PGPSDK 4 FIPS"],"Group  7":["OpenSSL 0.9.7 & 1.0.2g & 1.0.2k & 1.1.0e"]},"frequencies":{"1|1|000110":7850,"2|1|100011":18176,"2|1|101101":11372,"1|1|000111":8654,"2|1|101100":12171,"2|1|100010":19216,"2|0|000000":3545,"2|0|000001":4030,"1|0|111010":23477,"1|0|111011":19220,"1|1|011010":129891,"1|1|011011":135191,"2|0|110100":6764,"2|0|110101":6220,"1|0|100001":146829,"1|0|100000":152480,"2|1|100000":20908,"1|1|000100":6111,"2|1|100001":19951,"2|0|000011":5599,"2|0|001101":13587,"2|0|001100":13084,"2|0|000010":4852,"1|1|000101":6973,"2|1|010101":20168,"2|0|011010":23783,"2|1|010100":19374,"2|0|011011":23320,"1|0|100010":140310,"1|0|101100":88774,"1|0|101101":84034,"1|0|100011":135671,"2|1|100110":16214,"1|1|110101":46349,"2|1|100111":15521,"2|0|000101":7087,"2|0|000100":6434,"1|0|111110":6493,"1|1|110100":50552,"1|0|111111":2385,"1|0|100101":124300,"2|0|110001":8750,"2|0|110000":9426,"1|0|010101":100246,"1|0|010100":93841,"2|0|011001":22843,"2|0|011000":22249,"1|0|100100":130420,"2|1|100100":17610,"2|1|100101":16967,"0|0|011100":1,"2|0|000110":7782,"2|0|000111":8492,"1|0|111000":32347,"1|0|111001":28207,"2|0|110111":5073,"2|0|110110":5713,"2|0|011111":21292,"2|0|011110":21859,"1|0|100111":114017,"1|0|100110":119202,"1|1|001001":20032,"1|0|001001":19937,"1|0|001000":12346,"1|1|001000":12790,"1|1|110001":64490,"1|1|110000":69870,"1|1|010000":68148,"2|0|011101":22185,"2|1|111111":665,"2|1|111110":980,"2|0|010010":17761,"2|0|011100":22717,"2|0|010011":18677,"1|1|010001":74681,"1|0|101010":98439,"1|0|101011":93896,"1|0|001010":27017,"1|1|001111":61436,"1|0|001011":34366,"1|1|001110":54841,"2|1|101011":12700,"2|1|101010":13330,"1|1|110111":36819,"1|1|110110":41473,"1|1|010010":81295,"1|1|010011":87530,"1|1|011100":138747,"2|0|010001":17028,"2|1|111001":3698,"2|1|111000":4466,"2|0|010000":16158,"1|1|011101":143677,"1|1|000011":5561,"1|1|001100":40909,"1|1|001101":47895,"2|1|101001":14097,"1|1|000010":4839,"2|1|101000":14908,"1|1|111110":6446,"1|1|111111":2504,"2|1|111010":3230,"1|1|011110":148214,"1|1|011111":152475,"2|0|010111":21418,"2|1|001000":9251,"2|1|001001":10403,"2|1|111011":2770,"2|0|010110":20997,"1|0|101111":73896,"1|1|100101":124889,"1|1|100100":130176,"1|0|101110":79236,"1|1|000000":3587,"1|1|000001":4261,"2|1|101111":10144,"2|1|101110":10855,"1|1|110010":60022,"1|1|111101":10745,"1|1|110011":55441,"1|1|111100":14973,"1|1|011000":118616,"1|1|011001":124634,"2|1|001010":11159,"2|0|010100":19271,"2|1|001011":12195,"2|0|010101":20076,"1|0|101001":103508,"1|0|101000":109436,"1|0|000110":7719,"2|0|101101":11469,"2|0|100011":18362,"2|0|101100":11919,"2|0|100010":19198,"2|1|000001":4122,"2|1|000000":3682,"1|1|111011":19256,"1|0|000111":8417,"1|1|111010":23764,"1|0|011011":134578,"2|1|110100":6751,"1|0|011010":129997,"2|1|001100":12837,"2|1|110101":6253,"2|1|001101":13752,"1|1|100001":146317,"1|1|100000":152647,"1|0|000000":3545,"2|0|101111":10165,"2|0|101110":10627,"2|1|000111":8414,"2|1|000110":7887,"1|1|111000":32362,"1|0|000001":4031,"1|1|111001":27843,"1|0|011000":118131,"2|1|001110":14460,"2|1|110111":4972,"2|1|001111":15588,"2|1|110110":5652,"1|0|011001":124450,"1|1|100111":113459,"1|1|100110":119430,"1|0|000011":5728,"1|0|001100":41230,"1|0|000010":4833,"2|0|101001":14009,"2|0|101000":14792,"1|0|001101":47647,"2|1|110001":8655,"2|1|110000":9365,"2|1|011001":23020,"0|0|001011":3,"2|1|011000":22139,"1|1|010100":94190,"1|1|010101":99581,"1|1|101111":74335,"1|1|101110":78655,"2|0|101010":13701,"1|0|001111":61749,"1|1|001010":26985,"1|0|001110":55238,"1|1|001011":34315,"2|0|101011":12908,"2|1|000011":5615,"2|1|000010":4926,"1|1|010110":106480,"2|1|111101":1500,"0|1|101010":1,"2|1|110010":8321,"2|1|111100":2003,"2|1|110011":7370,"2|1|011010":23591,"2|1|011011":23339,"1|1|010111":112264,"1|1|101101":83700,"1|1|100011":136223,"1|1|101100":89148,"1|1|100010":140506,"1|0|110001":64313,"2|0|001011":12211,"2|0|001010":11138,"1|0|110000":69595,"2|0|111110":982,"2|0|111111":696,"1|1|101010":99345,"2|1|010010":17551,"2|1|011100":22715,"2|1|011101":22232,"1|0|010001":74538,"1|0|010000":68225,"2|1|010011":18509,"1|1|101011":93261,"1|0|111101":10580,"2|0|100101":16734,"2|0|100100":17708,"1|0|110010":59658,"1|0|110011":55331,"1|0|111100":14891,"2|0|110010":8091,"2|0|111101":1517,"2|0|110011":7507,"2|0|111100":2097,"2|1|011111":21026,"1|0|010111":112205,"1|0|010110":106154,"2|1|011110":21571,"1|1|101001":105045,"1|1|101000":108823,"1|0|110100":50638,"1|0|110101":46212,"2|0|100111":15300,"2|0|100110":16390,"2|1|000101":7071,"2|0|001111":15265,"2|1|000100":6373,"2|0|001110":14622,"1|0|011110":148354,"2|0|111011":2641,"2|0|111010":3123,"2|1|010111":21701,"1|0|011111":153167,"2|1|010110":20884,"1|0|110111":36772,"2|0|100001":19906,"2|0|100000":21047,"2|0|001001":10419,"2|0|001000":9456,"1|0|000101":7101,"1|0|000100":6365,"1|0|110110":41104,"1|0|010010":81633,"2|0|111000":4442,"2|0|111001":3788,"1|0|011101":143863,"2|1|010001":17052,"1|0|010011":87945,"1|0|011100":138758,"2|1|010000":16188}}
