{"probability":{"Group 13":"0.0684899068928589","Group 12":"0.0273925259988333","Group 11":"0.25248571500407213","Group 10":"0.000039760345912247785","Group  6":"0.0003890121667061747","Group  5":"0.0","Group  4":"0.0029332220416591814","Group  3":"0.00003752570320163449","Group  2":"0.0","Group  1":"0.0","Group  9":"0.00016006403878354172","Group  8":"0.010767445432723203","Group  7":"0.6373048223752495"},"groups":{"Group 13":["Botan 1.5.6 & 1.11.29 & 2.1.0","Feitian JavaCOS A22 & A40","Gemalto GCX4 72K","HSM SafeNet Luna SA-1700","LibTomCrypt 1.17","Libgcrypt 1.6.0 & 1.6.5 & 1.7.6","Libgcrypt 1.6.0 FIPS & 1.6.5 FIPS","Nettle 3.2 & 3.3","Oberthur Cosmo 64","OpenSSL FIPS 2.0.12 & 2.0.14","PGPSDK 4","WolfSSL 2.0rc1 & 3.9.0 & 3.10.2","cryptlib 3.4.3 & 3.4.3.1"],"Group 12":["Bouncy Castle 1.53 (Java)","Cryptix JCE 20050328","FlexiProvider 1.7p7","HSM Utimaco Security Server Se50","Nettle 2.0","PolarSSL 0.10.0","PuTTY 0.67","SunRsaSign OpenJDK 1.8.0","mbedTLS 1.3.19 & 2.2.1 & 2.4.2"],"Group 11":["Bouncy Castle 1.54 (Java)","Crypto++ 5.6.0 & 5.6.3 & 5.6.5","Libgcrypt 1.7.6 FIPS","Microsoft CryptoAPI & CNG & .NET"],"Group 10":["NXP J2D081 & J2E145G","YubiKey NEO"],"Group  6":["Oberthur Cosmo Dual 72K"],"Group  5":["NXP J2A080 & J2A081 & J3A081 & JCOP 41 V2.2.1"],"Group  4":["Gemalto GXP E64"],"Group  3":["GNU Crypto 2.0.1"],"Group  2":["G&D SmartCafe 4.x & 6.0"],"Group  1":["G&D SmartCafe 3.2"],"Group  9":["Infineon JTOP 80K","YubiKey 4 & 4 Nano"],"Group  8":["PGPSDK 4 FIPS"],"Group  7":["OpenSSL 0.9.7 & 1.0.2g & 1.0.2k & 1.1.0e"]},"frequencies":{"1|1|000110":7072,"2|1|100011":19217,"2|1|101101":11895,"1|1|000111":7874,"2|1|101100":12578,"2|1|100010":20019,"2|0|000000":3362,"2|0|000001":3401,"1|0|111010":18852,"1|0|111011":15568,"1|1|011010":105675,"1|1|011011":109078,"2|0|110100":7285,"2|0|110101":6601,"1|0|100001":117978,"1|0|100000":122355,"2|1|100000":22073,"1|1|000100":5614,"2|1|100001":21022,"2|0|000011":4850,"2|0|001101":13316,"2|0|001100":12290,"2|0|000010":4162,"1|1|000101":6482,"2|1|010101":20360,"2|0|011010":23839,"2|1|010100":19414,"2|0|011011":24158,"1|0|100010":113166,"1|0|101100":71815,"1|0|101101":67296,"1|0|100011":108829,"2|1|100110":16934,"1|1|110101":37412,"2|1|100111":16221,"2|0|000101":6214,"2|0|000100":5708,"1|0|111110":5315,"1|1|110100":40549,"1|0|111111":2245,"1|0|100101":100351,"2|0|110001":9225,"2|0|110000":9765,"1|0|010101":81916,"1|0|010100":76488,"2|0|011001":23300,"2|0|011000":22861,"1|0|100100":104531,"2|1|100100":18546,"2|1|100101":17728,"2|0|000110":7033,"2|0|000111":7612,"1|0|111000":25932,"1|0|111001":22582,"2|0|110111":5165,"2|0|110110":5997,"2|0|011111":22358,"2|0|011110":22730,"1|0|100111":91908,"1|0|100110":96846,"1|1|001001":17051,"1|0|001001":17054,"1|0|001000":10874,"1|1|001000":11047,"1|1|110001":52052,"1|1|110000":56169,"1|1|010000":55770,"2|0|011101":23135,"2|1|111111":867,"2|1|111110":1130,"2|0|010010":17653,"2|0|011100":23329,"2|0|010011":18333,"1|1|010001":60908,"1|0|101010":79421,"1|0|101011":75519,"1|0|001010":22784,"1|1|001111":50543,"1|0|001011":28373,"1|1|001110":45488,"2|1|101011":13421,"2|1|101010":14018,"1|1|110111":29865,"1|1|110110":33430,"1|1|010010":66412,"1|1|010011":71367,"1|1|011100":112576,"2|0|010001":16774,"2|1|111001":3932,"2|1|111000":4635,"2|0|010000":15888,"1|1|011101":115861,"1|1|000011":5013,"1|1|001100":34190,"1|1|001101":39383,"2|1|101001":14598,"1|1|000010":4106,"2|1|101000":15483,"1|1|111110":5422,"1|1|111111":2293,"2|1|111010":3402,"1|1|011110":119357,"1|1|011111":122696,"2|0|010111":21763,"2|1|001000":8498,"2|1|001001":9561,"2|1|111011":2771,"2|0|010110":21065,"1|0|101111":60120,"1|1|100101":100828,"1|1|100100":104502,"1|0|101110":63817,"1|1|000000":3342,"1|1|000001":3369,"2|1|101111":10460,"2|1|101110":11252,"1|1|110010":48341,"1|1|111101":8661,"1|1|110011":44488,"1|1|111100":11901,"1|1|011000":96083,"1|1|011001":101088,"2|1|001010":10622,"2|0|010100":19363,"2|1|001011":11737,"2|0|010101":20243,"1|0|101001":83682,"1|0|101000":88115,"1|0|000110":6959,"2|0|101101":12061,"2|0|100011":19374,"2|0|101100":12762,"2|0|100010":20101,"2|1|000001":3342,"2|1|000000":3462,"1|1|111011":15578,"1|0|000111":7671,"1|1|111010":19138,"1|0|011011":108850,"2|1|110100":7217,"1|0|011010":105304,"2|1|001100":12424,"2|1|110101":6627,"2|1|001101":13216,"1|1|100001":117557,"1|1|100000":122337,"1|0|000000":3433,"2|0|101111":10743,"2|0|101110":11259,"2|1|000111":7653,"2|1|000110":6859,"1|1|111000":26298,"1|0|000001":3327,"1|1|111001":22465,"1|0|011000":96563,"2|1|001110":14351,"2|1|110111":5339,"2|1|001111":15042,"2|1|110110":5864,"1|0|011001":100806,"1|1|100111":92366,"1|1|100110":95855,"1|0|000011":4836,"1|0|001100":34189,"1|0|000010":4170,"2|0|101001":14871,"2|0|101000":15665,"1|0|001101":39251,"2|1|110001":9076,"2|1|110000":9951,"2|1|011001":23538,"2|1|011000":22359,"1|1|010100":76919,"1|1|010101":81836,"1|1|101111":59854,"1|1|101110":63794,"2|0|101010":14237,"1|0|001111":50471,"1|1|001010":22653,"1|0|001110":44940,"1|1|001011":28432,"2|0|101011":13414,"2|1|000011":4827,"2|1|000010":4188,"1|1|010110":86718,"2|1|111101":1611,"2|1|110010":8382,"2|1|111100":2225,"2|1|110011":7955,"2|1|011010":24143,"2|1|011011":23720,"1|1|010111":91146,"1|1|101101":67275,"1|1|100011":109421,"1|1|101100":71948,"1|1|100010":113383,"1|0|110001":52146,"2|0|001011":11433,"2|0|001010":10545,"1|0|110000":56201,"2|0|111110":1057,"2|0|111111":863,"1|1|101010":79747,"2|1|010010":17782,"2|1|011100":23361,"2|1|011101":22998,"1|0|010001":61437,"1|0|010000":55756,"2|1|010011":18247,"1|1|101011":75375,"1|0|111101":8647,"2|0|100101":17590,"2|0|100100":18562,"1|0|110010":48266,"1|0|110011":44346,"1|0|111100":12063,"2|0|110010":8558,"2|0|111101":1626,"2|0|110011":7877,"2|0|111100":2219,"2|1|011111":22279,"1|0|010111":91118,"1|0|010110":86622,"2|1|011110":22350,"1|1|101001":84273,"1|1|101000":87420,"1|0|110100":40820,"1|0|110101":36732,"2|0|100111":16066,"2|0|100110":16877,"2|1|000101":6445,"2|0|001111":14869,"2|1|000100":5615,"2|0|001110":14230,"1|0|011110":119509,"2|0|111011":2781,"2|0|111010":3310,"2|1|010111":22065,"1|0|011111":123351,"2|1|010110":20981,"1|0|110111":29608,"2|0|100001":21027,"2|0|100000":21536,"2|0|001001":9538,"2|0|001000":8507,"1|0|000101":6242,"1|0|000100":5617,"1|0|110110":33538,"1|0|010010":66459,"2|0|111000":4762,"2|0|111001":4129,"1|0|011101":116343,"2|1|010001":16820,"1|0|010011":71373,"1|0|011100":112814,"2|1|010000":15994}}
