{"probability":{"Group 13":"0.021226723051902454","Group 12":"0.01415162868782059","Group 11":"0.05911373926214062","Group 10":"0.0","Group  6":"0.000359149469847894","Group  5":"0.0","Group  4":"0.000586449014964085","Group  3":"0.0","Group  2":"0.00005632369009885342","Group  1":"0.0","Group  9":"0.0003522596756441456","Group  8":"0.00873681413838704","Group  7":"0.8954169130091945"},"groups":{"Group 13":["Botan 1.5.6 & 1.11.29 & 2.1.0","Feitian JavaCOS A22 & A40","Gemalto GCX4 72K","HSM SafeNet Luna SA-1700","LibTomCrypt 1.17","Libgcrypt 1.6.0 & 1.6.5 & 1.7.6","Libgcrypt 1.6.0 FIPS & 1.6.5 FIPS","Nettle 3.2 & 3.3","Oberthur Cosmo 64","OpenSSL FIPS 2.0.12 & 2.0.14","PGPSDK 4","WolfSSL 2.0rc1 & 3.9.0 & 3.10.2","cryptlib 3.4.3 & 3.4.3.1"],"Group 12":["Bouncy Castle 1.53 (Java)","Cryptix JCE 20050328","FlexiProvider 1.7p7","HSM Utimaco Security Server Se50","Nettle 2.0","PolarSSL 0.10.0","PuTTY 0.67","SunRsaSign OpenJDK 1.8.0","mbedTLS 1.3.19 & 2.2.1 & 2.4.2"],"Group 11":["Bouncy Castle 1.54 (Java)","Crypto++ 5.6.0 & 5.6.3 & 5.6.5","Libgcrypt 1.7.6 FIPS","Microsoft CryptoAPI & CNG & .NET"],"Group 10":["NXP J2D081 & J2E145G","YubiKey NEO"],"Group  6":["Oberthur Cosmo Dual 72K"],"Group  5":["NXP J2A080 & J2A081 & J3A081 & JCOP 41 V2.2.1"],"Group  4":["Gemalto GXP E64"],"Group  3":["GNU Crypto 2.0.1"],"Group  2":["G&D SmartCafe 4.x & 6.0"],"Group  1":["G&D SmartCafe 3.2"],"Group  9":["Infineon JTOP 80K","YubiKey 4 & 4 Nano"],"Group  8":["PGPSDK 4 FIPS"],"Group  7":["OpenSSL 0.9.7 & 1.0.2g & 1.0.2k & 1.1.0e"]},"frequencies":{"1|1|000110":887,"2|1|100011":2008,"2|1|101101":1212,"1|1|000111":1006,"2|1|101100":1318,"2|1|100010":2083,"2|0|000000":581,"2|0|000001":621,"1|0|111010":8619,"1|0|111011":7037,"1|1|011010":45353,"1|1|011011":47722,"2|0|110100":698,"2|0|110101":697,"1|0|100001":53192,"1|0|100000":55477,"2|1|100000":2289,"1|1|000100":803,"2|1|100001":2172,"2|0|000011":725,"2|0|001101":1534,"2|0|001100":1433,"2|0|000010":711,"1|1|000101":875,"2|1|010101":2125,"2|0|011010":2479,"2|1|010100":2041,"2|0|011011":2562,"1|0|100010":51155,"1|0|101100":32557,"1|0|101101":30445,"1|0|100011":49818,"2|1|100110":1736,"1|1|110101":16811,"2|1|100111":1676,"2|0|000101":850,"2|0|000100":847,"1|0|111110":2406,"1|1|110100":18467,"1|0|111111":1134,"1|0|100101":45737,"2|0|110001":982,"2|0|110000":997,"1|0|010101":34442,"1|0|010100":32123,"2|0|011001":2279,"2|0|011000":2306,"1|0|100100":47250,"2|1|100100":1894,"2|1|100101":1908,"2|0|000110":907,"2|0|000111":986,"1|0|111000":11649,"1|0|111001":10263,"2|0|110111":574,"2|0|110110":569,"2|0|011111":2366,"2|0|011110":2257,"1|0|100111":41479,"1|0|100110":43572,"1|1|001001":5138,"1|0|001001":5020,"1|0|001000":2325,"1|1|001000":2418,"1|1|110001":23526,"1|1|110000":25257,"1|1|010000":22815,"2|0|011101":2345,"2|1|111111":429,"2|1|111110":171,"2|0|010010":1862,"2|0|011100":2471,"2|0|010011":1986,"1|1|010001":24871,"1|0|101010":35958,"1|0|101011":34126,"1|0|001010":7713,"1|1|001111":20527,"1|0|001011":10365,"1|1|001110":18004,"2|1|101011":1410,"2|1|101010":1438,"1|1|110111":13429,"1|1|110110":15122,"1|1|010010":27474,"1|1|010011":29771,"1|1|011100":49627,"2|0|010001":1871,"2|1|111001":377,"2|1|111000":472,"2|0|010000":1769,"1|1|011101":51405,"1|1|000011":764,"1|1|001100":12801,"1|1|001101":15343,"2|1|101001":1598,"1|1|000010":656,"2|1|101000":1562,"1|1|111110":2412,"1|1|111111":1162,"2|1|111010":350,"1|1|011110":53625,"1|1|011111":55135,"2|0|010111":2259,"2|1|001000":1084,"2|1|001001":1196,"2|1|111011":275,"2|0|010110":2232,"1|0|101111":27277,"1|1|100101":45502,"1|1|100100":47255,"1|0|101110":28992,"1|1|000000":564,"1|1|000001":679,"2|1|101111":1024,"2|1|101110":1126,"1|1|110010":22031,"1|1|111101":3969,"1|1|110011":20025,"1|1|111100":5495,"1|1|011000":40863,"1|1|011001":43546,"2|1|001010":1266,"2|0|010100":2084,"2|1|001011":1383,"2|0|010101":2153,"1|0|101001":38036,"1|0|101000":40136,"1|0|000110":905,"2|0|101101":1286,"2|0|100011":1923,"2|0|101100":1341,"2|0|100010":2116,"2|1|000001":645,"2|1|000000":579,"1|1|111011":6892,"1|0|000111":982,"1|1|111010":8514,"1|0|011011":47353,"2|1|110100":709,"1|0|011010":45361,"2|1|001100":1465,"2|1|110101":653,"2|1|001101":1513,"1|1|100001":53353,"1|1|100000":55173,"1|0|000000":545,"2|0|101111":1019,"2|0|101110":1142,"2|1|000111":954,"2|1|000110":919,"1|1|111000":11933,"1|0|000001":582,"1|1|111001":10255,"1|0|011000":41402,"2|1|001110":1642,"2|1|110111":567,"2|1|001111":1732,"2|1|110110":633,"1|0|011001":43137,"1|1|100111":41905,"1|1|100110":43401,"1|0|000011":785,"1|0|001100":13021,"1|0|000010":692,"2|0|101001":1523,"2|0|101000":1621,"1|0|001101":15219,"2|1|110001":938,"2|1|110000":1057,"0|0|101101":1,"2|1|011001":2416,"2|1|011000":2255,"1|1|010100":32603,"1|1|010101":34412,"1|1|101111":27098,"1|1|101110":28862,"2|0|101010":1462,"1|0|001111":20350,"1|1|001010":7496,"1|0|001110":17845,"1|1|001011":10264,"2|0|101011":1403,"2|1|000011":726,"2|1|000010":723,"1|1|010110":36458,"2|1|111101":187,"2|1|110010":870,"2|1|111100":242,"2|1|110011":811,"2|1|011010":2522,"2|1|011011":2438,"1|1|010111":38826,"1|1|101101":30347,"1|1|100011":49642,"1|1|101100":32618,"1|1|100010":51236,"1|0|110001":23538,"2|0|001011":1369,"2|0|001010":1227,"1|0|110000":25548,"2|0|111110":165,"2|0|111111":399,"1|1|101010":35996,"2|1|010010":1868,"2|1|011100":2505,"2|1|011101":2373,"1|0|010001":25203,"1|0|010000":22552,"2|1|010011":1972,"1|1|101011":34501,"1|0|111101":3954,"2|0|100101":1830,"2|0|100100":1930,"1|0|110010":21785,"1|0|110011":20327,"1|0|111100":5405,"2|0|110010":872,"2|0|111101":183,"2|0|110011":793,"2|0|111100":211,"2|1|011111":2311,"1|0|010111":38779,"1|0|010110":36348,"2|1|011110":2329,"1|1|101001":37975,"1|1|101000":39697,"1|0|110100":18559,"1|0|110101":16627,"2|0|100111":1629,"2|0|100110":1751,"2|1|000101":897,"2|0|001111":1660,"2|1|000100":853,"2|0|001110":1518,"1|0|011110":53495,"2|0|111011":293,"2|0|111010":314,"2|1|010111":2320,"1|0|011111":55752,"2|1|010110":2185,"1|0|110111":13307,"2|0|100001":2137,"2|0|100000":2298,"2|0|001001":1214,"2|0|001000":1062,"1|0|000101":865,"1|0|000100":779,"1|0|110110":15018,"1|0|010010":27498,"2|0|111000":458,"2|0|111001":409,"1|0|011101":51519,"2|1|010001":1821,"1|0|010011":29738,"1|0|011100":49410,"2|1|010000":1757}}
