{"probability":{"Group 13":"0.04684310082788071","Group 12":"0.3920252384830391","Group 11":"0.06352198949561962","Group 10":"0.0003114098496977932","Group  6":"0.0","Group  5":"0.0016577074308928976","Group  4":"0.014690166498316828","Group  3":"0.0","Group  2":"0.0","Group  1":"0.0","Group  9":"0.0012492573813801782","Group  8":"0.0","Group  7":"0.47970113003317283"},"groups":{"Group 13":["Botan 1.5.6 & 1.11.29 & 2.1.0","Feitian JavaCOS A22 & A40","Gemalto GCX4 72K","HSM SafeNet Luna SA-1700","LibTomCrypt 1.17","Libgcrypt 1.6.0 & 1.6.5 & 1.7.6","Libgcrypt 1.6.0 FIPS & 1.6.5 FIPS","Nettle 3.2 & 3.3","Oberthur Cosmo 64","OpenSSL FIPS 2.0.12 & 2.0.14","PGPSDK 4","WolfSSL 2.0rc1 & 3.9.0 & 3.10.2","cryptlib 3.4.3 & 3.4.3.1"],"Group 12":["Bouncy Castle 1.53 (Java)","Cryptix JCE 20050328","FlexiProvider 1.7p7","HSM Utimaco Security Server Se50","Nettle 2.0","PolarSSL 0.10.0","PuTTY 0.67","SunRsaSign OpenJDK 1.8.0","mbedTLS 1.3.19 & 2.2.1 & 2.4.2"],"Group 11":["Bouncy Castle 1.54 (Java)","Crypto++ 5.6.0 & 5.6.3 & 5.6.5","Libgcrypt 1.7.6 FIPS","Microsoft CryptoAPI & CNG & .NET"],"Group 10":["NXP J2D081 & J2E145G","YubiKey NEO"],"Group  6":["Oberthur Cosmo Dual 72K"],"Group  5":["NXP J2A080 & J2A081 & J3A081 & JCOP 41 V2.2.1"],"Group  4":["Gemalto GXP E64"],"Group  3":["GNU Crypto 2.0.1"],"Group  2":["G&D SmartCafe 4.x & 6.0"],"Group  1":["G&D SmartCafe 3.2"],"Group  9":["Infineon JTOP 80K","YubiKey 4 & 4 Nano"],"Group  8":["PGPSDK 4 FIPS"],"Group  7":["OpenSSL 0.9.7 & 1.0.2g & 1.0.2k & 1.1.0e"]},"frequencies":{"1|1|000110":6115,"2|1|100011":4111,"2|1|101101":2420,"1|1|000111":5936,"2|1|101100":2507,"2|1|100010":4240,"2|0|000000":6495,"2|0|000001":6524,"1|0|111010":3165,"1|0|111011":2558,"1|1|011010":18532,"1|1|011011":19167,"2|0|110100":1343,"2|0|110101":1225,"1|0|100001":20329,"1|0|100000":20886,"2|1|100000":4681,"1|1|000100":6268,"2|1|100001":4587,"2|0|000011":6175,"2|0|001101":5922,"2|0|001100":5766,"2|0|000010":6350,"1|1|000101":6175,"2|1|010101":5534,"2|0|011010":5239,"2|1|010100":5506,"2|0|011011":5250,"1|0|100010":19441,"1|0|101100":12194,"1|0|101101":11226,"1|0|100011":18712,"2|1|100110":3532,"1|1|110101":6261,"2|1|100111":3346,"2|0|000101":6195,"2|0|000100":6299,"1|0|111110":886,"1|1|110100":6772,"1|0|111111":264,"1|0|100101":17139,"2|0|110001":1754,"2|0|110000":1979,"1|0|010101":15775,"1|0|010100":15012,"2|0|011001":5336,"2|0|011000":5222,"1|0|100100":17985,"2|1|100100":3852,"2|1|100101":3699,"2|0|000110":6049,"2|0|000111":6114,"1|0|111000":4355,"1|0|111001":3670,"2|0|110111":979,"2|0|110110":1114,"2|0|011111":4907,"2|0|011110":4914,"1|0|100111":15803,"1|0|100110":16558,"1|1|001001":7105,"1|0|001001":7163,"1|0|001000":6270,"1|1|001000":6238,"1|1|110001":8770,"1|1|110000":9348,"1|1|010000":12277,"2|0|011101":5028,"2|1|111111":55,"2|1|111110":145,"2|0|010010":5659,"2|0|011100":5113,"2|0|010011":5694,"1|1|010001":12869,"1|0|101010":13631,"1|0|101011":12764,"1|0|001010":7959,"1|1|001111":11615,"1|0|001011":8548,"1|1|001110":10813,"2|1|101011":2621,"2|1|101010":2853,"1|1|110111":4883,"1|1|110110":5601,"1|1|010010":13577,"1|1|010011":14115,"1|1|011100":19508,"2|0|010001":5867,"2|1|111001":764,"2|1|111000":848,"2|0|010000":5888,"1|1|011101":19999,"1|1|000011":6268,"1|1|001100":9165,"1|1|001101":10267,"2|1|101001":2978,"1|1|000010":6289,"2|1|101000":3198,"1|1|111110":818,"1|1|111111":293,"2|1|111010":639,"1|1|011110":20672,"1|1|011111":21085,"2|0|010111":5468,"2|1|001000":5786,"2|1|001001":5847,"2|1|111011":559,"2|0|010110":5435,"1|0|101111":10015,"1|1|100101":17025,"1|1|100100":17752,"1|0|101110":10839,"1|1|000000":6712,"1|1|000001":6573,"2|1|101111":2103,"2|1|101110":2176,"1|1|110010":8270,"1|1|111101":1412,"1|1|110011":7481,"1|1|111100":2079,"1|1|011000":17446,"1|1|011001":18007,"2|1|001010":5940,"2|0|010100":5757,"2|1|001011":5858,"2|0|010101":5472,"1|0|101001":14252,"1|0|101000":14933,"1|0|000110":6178,"2|0|101101":2352,"2|0|100011":4120,"2|0|101100":2483,"2|0|100010":4439,"2|1|000001":6441,"2|1|000000":6567,"1|1|111011":2572,"1|0|000111":5938,"1|1|111010":3141,"1|0|011011":18914,"2|1|110100":1409,"1|0|011010":18490,"2|1|001100":5885,"2|1|110101":1242,"2|1|001101":5885,"1|1|100001":20382,"1|1|100000":21028,"1|0|000000":6563,"2|0|101111":2063,"2|0|101110":2168,"2|1|000111":5745,"2|1|000110":6031,"1|1|111000":4261,"1|0|000001":6630,"1|1|111001":3772,"1|0|011000":17329,"2|1|001110":5822,"2|1|110111":963,"2|1|001111":5852,"2|1|110110":1082,"1|0|011001":17884,"1|1|100111":15728,"1|1|100110":16416,"1|0|000011":6275,"1|0|001100":9483,"1|0|000010":6455,"2|0|101001":2960,"2|0|101000":3222,"1|0|001101":10031,"2|1|110001":1753,"2|1|110000":1881,"2|1|011001":5284,"2|1|011000":5438,"1|1|010100":14854,"1|1|010101":15616,"1|1|101111":10182,"1|1|101110":10901,"2|0|101010":2851,"1|0|001111":11647,"1|1|001010":7868,"1|0|001110":10760,"1|1|001011":8700,"2|0|101011":2616,"2|1|000011":6256,"2|1|000010":6323,"1|1|010110":16157,"2|1|111101":271,"2|1|110010":1644,"2|1|111100":391,"2|1|110011":1520,"2|1|011010":5270,"2|1|011011":5030,"1|1|010111":16909,"1|1|101101":11438,"1|1|100011":18414,"1|1|101100":12013,"1|1|100010":19493,"1|0|110001":8741,"2|0|001011":5926,"2|0|001010":6044,"1|0|110000":9359,"2|0|111110":165,"2|0|111111":64,"1|1|101010":13492,"2|1|010010":5721,"2|1|011100":5062,"2|1|011101":4981,"1|0|010001":12880,"1|0|010000":12207,"2|1|010011":5572,"1|1|101011":12862,"1|0|111101":1417,"2|0|100101":3687,"2|0|100100":3864,"1|0|110010":8156,"1|0|110011":7427,"1|0|111100":2036,"2|0|110010":1677,"2|0|111101":266,"2|0|110011":1507,"2|0|111100":406,"2|1|011111":4873,"1|0|010111":16900,"1|0|010110":16368,"2|1|011110":4900,"1|1|101001":14206,"1|1|101000":14647,"1|0|110100":6897,"1|0|110101":6142,"2|0|100111":3302,"2|0|100110":3427,"2|1|000101":6137,"2|0|001111":5873,"2|1|000100":6304,"2|0|001110":5711,"1|0|011110":20737,"2|0|111011":487,"2|0|111010":619,"2|1|010111":5377,"1|0|011111":21041,"2|1|010110":5501,"1|0|110111":5151,"2|0|100001":4448,"2|0|100000":4555,"2|0|001001":5901,"2|0|001000":5908,"1|0|000101":6065,"1|0|000100":6268,"1|0|110110":5549,"1|0|010010":13654,"2|0|111000":862,"2|0|111001":715,"1|0|011101":20064,"2|1|010001":5724,"1|0|010011":14339,"1|0|011100":19518,"2|1|010000":5790}}
