{"probability":{"Group 13":"0.07364191005696498","Group 12":"0.03354610622945523","Group 11":"0.12485146892566862","Group 10":"0.000007058979414095522","Group  6":"0.0004448277121961191","Group  5":"0.0","Group  4":"0.0036743363879797064","Group  3":"0.00009845537905387187","Group  2":"0.0","Group  1":"0.0","Group  9":"0.00033883794046572405","Group  8":"0.011000587700442344","Group  7":"0.7523964106883594"},"groups":{"Group 13":["Botan 1.5.6 & 1.11.29 & 2.1.0","Feitian JavaCOS A22 & A40","Gemalto GCX4 72K","HSM SafeNet Luna SA-1700","LibTomCrypt 1.17","Libgcrypt 1.6.0 & 1.6.5 & 1.7.6","Libgcrypt 1.6.0 FIPS & 1.6.5 FIPS","Nettle 3.2 & 3.3","Oberthur Cosmo 64","OpenSSL FIPS 2.0.12 & 2.0.14","PGPSDK 4","WolfSSL 2.0rc1 & 3.9.0 & 3.10.2","cryptlib 3.4.3 & 3.4.3.1"],"Group 12":["Bouncy Castle 1.53 (Java)","Cryptix JCE 20050328","FlexiProvider 1.7p7","HSM Utimaco Security Server Se50","Nettle 2.0","PolarSSL 0.10.0","PuTTY 0.67","SunRsaSign OpenJDK 1.8.0","mbedTLS 1.3.19 & 2.2.1 & 2.4.2"],"Group 11":["Bouncy Castle 1.54 (Java)","Crypto++ 5.6.0 & 5.6.3 & 5.6.5","Libgcrypt 1.7.6 FIPS","Microsoft CryptoAPI & CNG & .NET"],"Group 10":["NXP J2D081 & J2E145G","YubiKey NEO"],"Group  6":["Oberthur Cosmo Dual 72K"],"Group  5":["NXP J2A080 & J2A081 & J3A081 & JCOP 41 V2.2.1"],"Group  4":["Gemalto GXP E64"],"Group  3":["GNU Crypto 2.0.1"],"Group  2":["G&D SmartCafe 4.x & 6.0"],"Group  1":["G&D SmartCafe 3.2"],"Group  9":["Infineon JTOP 80K","YubiKey 4 & 4 Nano"],"Group  8":["PGPSDK 4 FIPS"],"Group  7":["OpenSSL 0.9.7 & 1.0.2g & 1.0.2k & 1.1.0e"]},"frequencies":{"1|1|000110":2257,"2|1|100011":5957,"2|1|101101":3736,"1|1|000111":2434,"2|1|101100":3963,"2|1|100010":6259,"2|0|000000":1667,"2|0|000001":1464,"1|0|111010":9380,"1|0|111011":7638,"1|1|011010":51126,"1|1|011011":52789,"2|0|110100":2221,"2|0|110101":2064,"1|0|100001":58648,"1|0|100000":60848,"2|1|100000":6834,"1|1|000100":1874,"2|1|100001":6441,"2|0|000011":1830,"2|0|001101":4128,"2|0|001100":3871,"2|0|000010":1741,"1|1|000101":2099,"2|1|010101":5973,"2|0|011010":7138,"2|1|010100":5820,"2|0|011011":7181,"1|0|100010":55794,"1|0|101100":35271,"1|0|101101":33711,"1|0|100011":53652,"2|1|100110":5272,"1|1|110101":18370,"2|1|100111":4994,"2|0|000101":2124,"2|0|000100":2000,"1|0|111110":2603,"1|1|110100":20247,"1|0|111111":909,"1|0|100101":49197,"2|0|110001":2884,"2|0|110000":2992,"1|0|010101":38657,"1|0|010100":36346,"2|0|011001":6815,"2|0|011000":6708,"1|0|100100":51766,"2|1|100100":5725,"2|1|100101":5506,"2|0|000110":2297,"2|0|000111":2410,"1|0|111000":13066,"1|0|111001":11245,"2|0|110111":1710,"2|0|110110":1864,"2|0|011111":6893,"2|0|011110":6971,"1|0|100111":45372,"1|0|100110":47826,"1|1|001001":6911,"1|0|001001":6797,"1|0|001000":4003,"1|1|001000":3934,"1|1|110001":25431,"1|1|110000":27873,"1|1|010000":25983,"2|0|011101":6838,"2|1|111111":214,"2|1|111110":353,"2|0|010010":5302,"2|0|011100":6926,"2|0|010011":5524,"1|1|010001":28968,"1|0|101010":39020,"1|0|101011":37519,"1|0|001010":9866,"1|1|001111":23322,"1|0|001011":12635,"1|1|001110":20733,"2|1|101011":4109,"2|1|101010":4386,"1|1|110111":14591,"1|1|110110":16354,"1|1|010010":31205,"1|1|010011":34006,"1|1|011100":54615,"2|0|010001":5050,"2|1|111001":1216,"2|1|111000":1510,"2|0|010000":4849,"1|1|011101":56610,"1|1|000011":1859,"1|1|001100":15313,"1|1|001101":17944,"2|1|101001":4523,"1|1|000010":1777,"2|1|101000":4894,"1|1|111110":2544,"1|1|111111":918,"2|1|111010":1117,"1|1|011110":58394,"1|1|011111":60443,"2|0|010111":6425,"2|1|001000":2624,"2|1|001001":2968,"2|1|111011":897,"2|0|010110":6204,"1|0|101111":29616,"1|1|100101":49665,"1|1|100100":51487,"1|0|101110":31550,"1|1|000000":1647,"1|1|000001":1555,"2|1|101111":3299,"2|1|101110":3615,"1|1|110010":23867,"1|1|111101":4354,"1|1|110011":21975,"1|1|111100":5957,"1|1|011000":46068,"1|1|011001":48120,"2|1|001010":3242,"2|0|010100":5786,"2|1|001011":3436,"2|0|010101":5974,"1|0|101001":41245,"1|0|101000":43627,"1|0|000110":2237,"2|0|101101":3706,"2|0|100011":5964,"2|0|101100":3894,"2|0|100010":6264,"2|1|000001":1597,"2|1|000000":1653,"1|1|111011":7670,"1|0|000111":2322,"1|1|111010":9624,"1|0|011011":52796,"2|1|110100":2239,"1|0|011010":50567,"2|1|001100":3804,"2|1|110101":2021,"2|1|001101":3946,"1|1|100001":58095,"1|1|100000":60530,"1|0|000000":1643,"2|0|101111":3376,"2|0|101110":3381,"2|1|000111":2428,"2|1|000110":2303,"1|1|111000":12951,"1|0|000001":1601,"1|1|111001":11153,"1|0|011000":45814,"2|1|001110":4279,"2|1|110111":1721,"2|1|001111":4764,"2|1|110110":1882,"1|0|011001":48359,"1|1|100111":45113,"1|1|100110":47467,"1|0|000011":1848,"1|0|001100":15485,"1|0|000010":1702,"2|0|101001":4527,"2|0|101000":4778,"1|0|001101":17649,"2|1|110001":2877,"2|1|110000":3053,"2|1|011001":6852,"2|1|011000":6610,"1|1|010100":36115,"1|1|010101":38752,"1|1|101111":29313,"1|1|101110":31097,"2|0|101010":4432,"1|0|001111":23395,"1|1|001010":9708,"1|0|001110":20781,"1|1|001011":12811,"2|0|101011":4257,"2|1|000011":1844,"2|1|000010":1706,"1|1|010110":41338,"2|1|111101":527,"2|1|110010":2706,"2|1|111100":715,"2|1|110011":2446,"2|1|011010":7156,"2|1|011011":6995,"1|1|010111":43988,"1|1|101101":33329,"1|1|100011":54238,"1|1|101100":35397,"1|1|100010":55975,"1|0|110001":25721,"2|0|001011":3520,"2|0|001010":3265,"1|0|110000":27901,"2|0|111110":365,"2|0|111111":213,"1|1|101010":39326,"2|1|010010":5281,"2|1|011100":7022,"2|1|011101":7135,"1|0|010001":28472,"1|0|010000":26096,"2|1|010011":5489,"1|1|101011":36994,"1|0|111101":4272,"2|0|100101":5440,"2|0|100100":5799,"1|0|110010":23861,"1|0|110011":21863,"1|0|111100":6042,"2|0|110010":2633,"2|0|111101":555,"2|0|110011":2535,"2|0|111100":713,"2|1|011111":6815,"1|0|010111":43371,"1|0|010110":41036,"2|1|011110":6941,"1|1|101001":41798,"1|1|101000":43038,"1|0|110100":20084,"1|0|110101":18512,"2|0|100111":5098,"2|0|100110":5437,"2|1|000101":2167,"2|0|001111":4375,"2|1|000100":1994,"2|0|001110":4217,"1|0|011110":59015,"2|0|111011":898,"2|0|111010":1096,"2|1|010111":6503,"1|0|011111":60757,"2|1|010110":6246,"1|0|110111":14790,"2|0|100001":6590,"2|0|100000":6822,"2|0|001001":2968,"2|0|001000":2630,"1|0|000101":2081,"1|0|000100":2074,"1|0|110110":16334,"1|0|010010":31141,"2|0|111000":1453,"2|0|111001":1213,"1|0|011101":56508,"2|1|010001":4982,"1|0|010011":34157,"1|0|011100":54160,"2|1|010000":4725}}
