{"probability":{"Group 13":"0.07870908744472528","Group 12":"0.02795044875710779","Group 11":"0.13300053350740274","Group 10":"0.0","Group  6":"0.0003155089326544156","Group  5":"0.0","Group  4":"0.00265489731902004","Group  3":"0.0000721195071742901","Group  2":"0.0","Group  1":"0.0","Group  9":"0.0001996612039520599","Group  8":"0.008041152411706385","Group  7":"0.7490565909162568"},"groups":{"Group 13":["Botan 1.5.6 & 1.11.29 & 2.1.0","Feitian JavaCOS A22 & A40","Gemalto GCX4 72K","HSM SafeNet Luna SA-1700","LibTomCrypt 1.17","Libgcrypt 1.6.0 & 1.6.5 & 1.7.6","Libgcrypt 1.6.0 FIPS & 1.6.5 FIPS","Nettle 3.2 & 3.3","Oberthur Cosmo 64","OpenSSL FIPS 2.0.12 & 2.0.14","PGPSDK 4","WolfSSL 2.0rc1 & 3.9.0 & 3.10.2","cryptlib 3.4.3 & 3.4.3.1"],"Group 12":["Bouncy Castle 1.53 (Java)","Cryptix JCE 20050328","FlexiProvider 1.7p7","HSM Utimaco Security Server Se50","Nettle 2.0","PolarSSL 0.10.0","PuTTY 0.67","SunRsaSign OpenJDK 1.8.0","mbedTLS 1.3.19 & 2.2.1 & 2.4.2"],"Group 11":["Bouncy Castle 1.54 (Java)","Crypto++ 5.6.0 & 5.6.3 & 5.6.5","Libgcrypt 1.7.6 FIPS","Microsoft CryptoAPI & CNG & .NET"],"Group 10":["NXP J2D081 & J2E145G","YubiKey NEO"],"Group  6":["Oberthur Cosmo Dual 72K"],"Group  5":["NXP J2A080 & J2A081 & J3A081 & JCOP 41 V2.2.1"],"Group  4":["Gemalto GXP E64"],"Group  3":["GNU Crypto 2.0.1"],"Group  2":["G&D SmartCafe 4.x & 6.0"],"Group  1":["G&D SmartCafe 3.2"],"Group  9":["Infineon JTOP 80K","YubiKey 4 & 4 Nano"],"Group  8":["PGPSDK 4 FIPS"],"Group  7":["OpenSSL 0.9.7 & 1.0.2g & 1.0.2k & 1.1.0e"]},"frequencies":{"1|1|000110":2363,"2|1|100011":6460,"2|1|101101":4063,"1|1|000111":2427,"2|1|101100":4250,"2|1|100010":6808,"2|0|000000":1470,"2|0|000001":1314,"1|0|111010":9808,"1|0|111011":8087,"1|1|011010":53704,"1|1|011011":55734,"2|0|110100":2376,"2|0|110101":2274,"1|0|100001":61456,"1|0|100000":63763,"2|1|100000":7390,"1|1|000100":1882,"2|1|100001":7060,"2|0|000011":1676,"2|0|001101":4200,"2|0|001100":3940,"2|0|000010":1529,"1|1|000101":2003,"2|1|010101":6368,"2|0|011010":7699,"2|1|010100":6162,"2|0|011011":7724,"1|0|100010":58880,"1|0|101100":37177,"1|0|101101":35452,"1|0|100011":56252,"2|1|100110":5829,"1|1|110101":19304,"2|1|100111":5400,"2|0|000101":2068,"2|0|000100":1936,"1|0|111110":2701,"1|1|110100":21279,"1|0|111111":1000,"1|0|100101":51860,"2|0|110001":3179,"2|0|110000":3303,"1|0|010101":40653,"1|0|010100":38227,"2|0|011001":7422,"2|0|011000":7201,"1|0|100100":54571,"2|1|100100":6217,"2|1|100101":5965,"2|0|000110":2209,"2|0|000111":2446,"1|0|111000":13761,"1|0|111001":11786,"2|0|110111":1819,"2|0|110110":2019,"2|0|011111":7506,"2|0|011110":7606,"1|0|100111":47744,"1|0|100110":50123,"1|1|001001":7120,"1|0|001001":7008,"1|0|001000":3959,"1|1|001000":4092,"1|1|110001":26769,"1|1|110000":28992,"1|1|010000":27419,"2|0|011101":7497,"2|1|111111":200,"2|1|111110":358,"2|0|010010":5629,"2|0|011100":7483,"2|0|010011":5898,"1|1|010001":30165,"1|0|101010":41028,"1|0|101011":39262,"1|0|001010":10169,"1|1|001111":24237,"1|0|001011":13121,"1|1|001110":21665,"2|1|101011":4589,"2|1|101010":4767,"1|1|110111":15393,"1|1|110110":17247,"1|1|010010":32853,"1|1|010011":35829,"1|1|011100":57580,"2|0|010001":5393,"2|1|111001":1339,"2|1|111000":1562,"2|0|010000":5063,"1|1|011101":59528,"1|1|000011":1733,"1|1|001100":15967,"1|1|001101":18822,"2|1|101001":5003,"1|1|000010":1536,"2|1|101000":5186,"1|1|111110":2733,"1|1|111111":957,"2|1|111010":1183,"1|1|011110":61384,"1|1|011111":63836,"2|0|010111":6738,"2|1|001000":2651,"2|1|001001":2995,"2|1|111011":935,"2|0|010110":6685,"1|0|101111":30988,"1|1|100101":52191,"1|1|100100":54536,"1|0|101110":33189,"1|1|000000":1463,"1|1|000001":1314,"2|1|101111":3594,"2|1|101110":3859,"1|1|110010":25189,"1|1|111101":4459,"1|1|110011":23087,"1|1|111100":6204,"1|1|011000":48261,"1|1|011001":50713,"2|1|001010":3236,"2|0|010100":6147,"2|1|001011":3498,"2|0|010101":6398,"1|0|101001":43487,"1|0|101000":45756,"1|0|000110":2192,"2|0|101101":3957,"2|0|100011":6523,"2|0|101100":4291,"2|0|100010":6878,"2|1|000001":1412,"2|1|000000":1515,"1|1|111011":8138,"1|0|000111":2334,"1|1|111010":10034,"1|0|011011":55218,"2|1|110100":2435,"1|0|011010":53323,"2|1|001100":3915,"2|1|110101":2212,"2|1|001101":4156,"1|1|100001":60747,"1|1|100000":63521,"1|0|000000":1487,"2|0|101111":3642,"2|0|101110":3638,"2|1|000111":2364,"2|1|000110":2220,"1|1|111000":13530,"1|0|000001":1413,"1|1|111001":11688,"1|0|011000":48155,"2|1|001110":4496,"2|1|110111":1834,"2|1|001111":4925,"2|1|110110":1996,"1|0|011001":50582,"1|1|100111":47279,"1|1|100110":49888,"1|0|000011":1752,"1|0|001100":16110,"1|0|000010":1570,"2|0|101001":4894,"2|0|101000":5265,"1|0|001101":18623,"2|1|110001":3141,"2|1|110000":3307,"2|1|011001":7496,"2|1|011000":7083,"1|1|010100":37852,"1|1|010101":40576,"1|1|101111":30706,"1|1|101110":33010,"2|0|101010":4792,"1|0|001111":24420,"1|1|001010":10120,"1|0|001110":21758,"1|1|001011":13300,"2|0|101011":4602,"2|1|000011":1722,"2|1|000010":1567,"1|1|010110":43309,"2|1|111101":568,"2|1|110010":2937,"2|1|111100":772,"2|1|110011":2593,"2|1|011010":7685,"2|1|011011":7643,"1|1|010111":45940,"1|1|101101":35075,"1|1|100011":57240,"1|1|101100":37292,"1|1|100010":58841,"1|0|110001":27026,"2|0|001011":3614,"2|0|001010":3349,"1|0|110000":29230,"2|0|111110":381,"2|0|111111":221,"1|1|101010":41618,"2|1|010010":5620,"2|1|011100":7718,"2|1|011101":7578,"1|0|010001":29931,"1|0|010000":27477,"2|1|010011":5906,"1|1|101011":38841,"1|0|111101":4478,"2|0|100101":5971,"2|0|100100":6359,"1|0|110010":25081,"1|0|110011":22884,"1|0|111100":6248,"2|0|110010":2854,"0|0|101010":1,"2|0|111101":573,"2|0|110011":2696,"2|0|111100":782,"2|1|011111":7364,"1|0|010111":45808,"1|0|010110":43162,"2|1|011110":7434,"1|1|101001":43844,"1|1|101000":45293,"1|0|110100":21219,"1|0|110101":19353,"2|0|100111":5534,"2|0|100110":5818,"2|1|000101":2043,"2|0|001111":4646,"2|1|000100":1923,"2|0|001110":4405,"1|0|011110":61867,"2|0|111011":947,"2|0|111010":1212,"2|1|010111":6952,"1|0|011111":64015,"2|1|010110":6658,"1|0|110111":15562,"2|0|100001":7156,"2|0|100000":7436,"2|0|001001":2987,"2|0|001000":2644,"1|0|000101":2028,"1|0|000100":1860,"1|0|110110":17256,"1|0|010010":32781,"2|0|111000":1578,"2|0|111001":1348,"1|0|011101":59471,"2|1|010001":5373,"1|0|010011":35608,"1|0|011100":57030,"2|1|010000":5011}}
