{"probability":{"Group 13":"0.08263836477301818","Group 12":"0.005007577809350675","Group 11":"0.0","Group 10":"0.000322251078861333","Group  6":"0.0","Group  5":"0.0","Group  4":"0.000280620329175368","Group  3":"0.0","Group  2":"0.00011203055671635213","Group  1":"0.00013320440254365883","Group  9":"0.00010773650933643352","Group  8":"0.0","Group  7":"0.911398214540998"},"groups":{"Group 13":["Botan 1.5.6 & 1.11.29 & 2.1.0","Feitian JavaCOS A22 & A40","Gemalto GCX4 72K","HSM SafeNet Luna SA-1700","LibTomCrypt 1.17","Libgcrypt 1.6.0 & 1.6.5 & 1.7.6","Libgcrypt 1.6.0 FIPS & 1.6.5 FIPS","Nettle 3.2 & 3.3","Oberthur Cosmo 64","OpenSSL FIPS 2.0.12 & 2.0.14","PGPSDK 4","WolfSSL 2.0rc1 & 3.9.0 & 3.10.2","cryptlib 3.4.3 & 3.4.3.1"],"Group 12":["Bouncy Castle 1.53 (Java)","Cryptix JCE 20050328","FlexiProvider 1.7p7","HSM Utimaco Security Server Se50","Nettle 2.0","PolarSSL 0.10.0","PuTTY 0.67","SunRsaSign OpenJDK 1.8.0","mbedTLS 1.3.19 & 2.2.1 & 2.4.2"],"Group 11":["Bouncy Castle 1.54 (Java)","Crypto++ 5.6.0 & 5.6.3 & 5.6.5","Libgcrypt 1.7.6 FIPS","Microsoft CryptoAPI & CNG & .NET"],"Group 10":["NXP J2D081 & J2E145G","YubiKey NEO"],"Group  6":["Oberthur Cosmo Dual 72K"],"Group  5":["NXP J2A080 & J2A081 & J3A081 & JCOP 41 V2.2.1"],"Group  4":["Gemalto GXP E64"],"Group  3":["GNU Crypto 2.0.1"],"Group  2":["G&D SmartCafe 4.x & 6.0"],"Group  1":["G&D SmartCafe 3.2"],"Group  9":["Infineon JTOP 80K","YubiKey 4 & 4 Nano"],"Group  8":["PGPSDK 4 FIPS"],"Group  7":["OpenSSL 0.9.7 & 1.0.2g & 1.0.2k & 1.1.0e"]},"frequencies":{"1|1|000110":25,"2|1|100011":261,"2|1|101101":172,"1|1|000111":15,"2|1|101100":193,"2|1|100010":262,"2|0|000000":14,"2|0|000001":16,"1|0|111010":1075,"1|0|111011":836,"1|1|011010":5470,"1|1|011011":5862,"2|0|110100":93,"2|0|110101":84,"1|0|100001":6551,"1|0|100000":6974,"2|1|100000":330,"1|1|000100":23,"2|1|100001":309,"2|0|000011":26,"2|0|001101":108,"2|0|001100":78,"2|0|000010":11,"1|1|000101":17,"2|1|010101":184,"2|0|011010":238,"2|1|010100":187,"2|0|011011":268,"1|0|100010":6333,"1|0|101100":3900,"1|0|101101":3836,"1|0|100011":6139,"2|1|100110":227,"1|1|110101":2058,"2|1|100111":182,"2|0|000101":17,"2|0|000100":16,"1|0|111110":303,"1|1|110100":2242,"1|0|111111":113,"1|0|100101":5802,"2|0|110001":121,"2|0|110000":133,"1|0|010101":4163,"1|0|010100":3815,"2|0|011001":229,"2|0|011000":229,"1|0|100100":5897,"2|1|100100":269,"2|1|100101":255,"2|0|000110":15,"2|0|000111":20,"1|0|111000":1402,"1|0|111001":1250,"2|0|110111":70,"2|0|110110":71,"2|0|011111":306,"2|0|011110":286,"1|0|100111":5257,"1|0|100110":5236,"1|1|001001":537,"1|0|001001":540,"1|0|001000":199,"1|1|001000":188,"1|1|110001":2990,"1|1|110000":2971,"1|1|010000":2863,"2|0|011101":306,"2|1|111111":4,"2|1|111110":14,"2|0|010010":149,"2|0|011100":247,"2|0|010011":163,"1|1|010001":2971,"1|0|101010":4396,"1|0|101011":4216,"1|0|001010":830,"1|1|001111":2414,"1|0|001011":1178,"1|1|001110":2163,"2|1|101011":188,"2|1|101010":197,"1|1|110111":1635,"1|1|110110":1891,"1|1|010010":3378,"1|1|010011":3551,"1|1|011100":5986,"2|0|010001":140,"2|1|111001":55,"2|1|111000":57,"2|0|010000":137,"1|1|011101":6338,"1|1|000011":21,"1|1|001100":1477,"1|1|001101":1691,"2|1|101001":233,"1|1|000010":19,"2|1|101000":251,"1|1|111110":282,"1|1|111111":86,"2|1|111010":50,"1|1|011110":6679,"1|1|011111":6895,"2|0|010111":211,"2|1|001000":20,"2|1|001001":36,"2|1|111011":36,"2|0|010110":206,"1|0|101111":3316,"1|1|100101":5602,"1|1|100100":5834,"1|0|101110":3463,"1|1|000000":16,"1|1|000001":18,"2|1|101111":173,"2|1|101110":165,"1|1|110010":2719,"1|1|111101":495,"1|1|110011":2603,"1|1|111100":672,"1|1|011000":5007,"1|1|011001":5248,"2|1|001010":49,"2|0|010100":201,"2|1|001011":76,"2|0|010101":205,"1|0|101001":4724,"1|0|101000":5035,"1|0|000110":20,"2|0|101101":193,"2|0|100011":258,"2|0|101100":168,"2|0|100010":278,"2|1|000001":13,"2|1|000000":17,"1|1|111011":870,"1|0|000111":14,"1|1|111010":1045,"1|0|011011":5789,"2|1|110100":98,"1|0|011010":5758,"2|1|001100":81,"2|1|110101":87,"2|1|001101":85,"1|1|100001":6711,"1|1|100000":6784,"1|0|000000":30,"2|0|101111":140,"2|0|101110":154,"2|1|000111":19,"2|1|000110":15,"1|1|111000":1437,"1|0|000001":24,"1|1|111001":1249,"1|0|011000":4994,"2|1|001110":118,"2|1|110111":79,"2|1|001111":122,"2|1|110110":68,"1|0|011001":5258,"1|1|100111":5209,"1|1|100110":5372,"1|0|000011":22,"1|0|001100":1553,"1|0|000010":15,"2|0|101001":212,"2|0|101000":223,"1|0|001101":1778,"2|1|110001":120,"2|1|110000":128,"2|1|011001":281,"2|1|011000":220,"1|1|010100":3843,"1|1|010101":4217,"1|1|101111":3319,"1|1|101110":3564,"2|0|101010":199,"1|0|001111":2353,"1|1|001010":853,"1|0|001110":2099,"1|1|001011":1160,"2|0|101011":191,"2|1|000011":20,"2|1|000010":25,"1|1|010110":4323,"2|1|111101":14,"2|1|110010":114,"2|1|111100":31,"2|1|110011":119,"2|1|011010":248,"2|1|011011":259,"1|1|010111":4726,"1|1|101101":3755,"1|1|100011":6169,"1|1|101100":3979,"1|1|100010":6457,"1|0|110001":2864,"2|0|001011":63,"2|0|001010":55,"1|0|110000":3101,"2|0|111110":8,"2|0|111111":4,"1|1|101010":4576,"2|1|010010":161,"2|1|011100":290,"2|1|011101":291,"1|0|010001":3105,"1|0|010000":2770,"2|1|010011":163,"1|1|101011":4141,"1|0|111101":467,"2|0|100101":237,"2|0|100100":251,"1|0|110010":2652,"1|0|110011":2529,"1|0|111100":652,"2|0|110010":109,"2|0|111101":28,"2|0|110011":107,"2|0|111100":35,"2|1|011111":334,"1|0|010111":4808,"1|0|010110":4508,"2|1|011110":277,"1|1|101001":4664,"1|1|101000":5042,"1|0|110100":2307,"1|0|110101":2097,"2|0|100111":221,"2|0|100110":267,"2|1|000101":19,"2|0|001111":127,"2|1|000100":14,"2|0|001110":102,"1|0|011110":6607,"2|0|111011":34,"2|0|111010":45,"2|1|010111":233,"1|0|011111":6793,"2|1|010110":198,"1|0|110111":1643,"2|0|100001":282,"2|0|100000":285,"2|0|001001":40,"2|0|001000":25,"1|0|000101":20,"1|0|000100":15,"1|0|110110":1838,"1|0|010010":3160,"2|0|111000":63,"2|0|111001":63,"1|0|011101":6216,"2|1|010001":148,"1|0|010011":3626,"1|0|011100":6079,"2|1|010000":126}}
