{"probability":{"Group 13":"0.05641258868104064","Group 12":"0.027305975642112693","Group 11":"0.05680121337231832","Group 10":"0.000048263843713943954","Group  6":"0.0003662958515919805","Group  5":"0.0000726434042741633","Group  4":"0.0031368605253317763","Group  3":"0.0001382967011562852","Group  2":"0.00006005345667791113","Group  1":"0.0","Group  9":"0.00038763154538675495","Group  8":"0.006272169282402756","Group  7":"0.8489980076939928"},"groups":{"Group 13":["Botan 1.5.6 & 1.11.29 & 2.1.0","Feitian JavaCOS A22 & A40","Gemalto GCX4 72K","HSM SafeNet Luna SA-1700","LibTomCrypt 1.17","Libgcrypt 1.6.0 & 1.6.5 & 1.7.6","Libgcrypt 1.6.0 FIPS & 1.6.5 FIPS","Nettle 3.2 & 3.3","Oberthur Cosmo 64","OpenSSL FIPS 2.0.12 & 2.0.14","PGPSDK 4","WolfSSL 2.0rc1 & 3.9.0 & 3.10.2","cryptlib 3.4.3 & 3.4.3.1"],"Group 12":["Bouncy Castle 1.53 (Java)","Cryptix JCE 20050328","FlexiProvider 1.7p7","HSM Utimaco Security Server Se50","Nettle 2.0","PolarSSL 0.10.0","PuTTY 0.67","SunRsaSign OpenJDK 1.8.0","mbedTLS 1.3.19 & 2.2.1 & 2.4.2"],"Group 11":["Bouncy Castle 1.54 (Java)","Crypto++ 5.6.0 & 5.6.3 & 5.6.5","Libgcrypt 1.7.6 FIPS","Microsoft CryptoAPI & CNG & .NET"],"Group 10":["NXP J2D081 & J2E145G","YubiKey NEO"],"Group  6":["Oberthur Cosmo Dual 72K"],"Group  5":["NXP J2A080 & J2A081 & J3A081 & JCOP 41 V2.2.1"],"Group  4":["Gemalto GXP E64"],"Group  3":["GNU Crypto 2.0.1"],"Group  2":["G&D SmartCafe 4.x & 6.0"],"Group  1":["G&D SmartCafe 3.2"],"Group  9":["Infineon JTOP 80K","YubiKey 4 & 4 Nano"],"Group  8":["PGPSDK 4 FIPS"],"Group  7":["OpenSSL 0.9.7 & 1.0.2g & 1.0.2k & 1.1.0e"]},"frequencies":{"1|1|000110":2410,"2|1|100011":6353,"2|1|101101":3904,"1|1|000111":2691,"2|1|101100":4137,"2|1|100010":6550,"2|0|000000":2242,"2|0|000001":1999,"1|0|111010":17289,"1|0|111011":14168,"1|1|011010":92722,"1|1|011011":97571,"2|0|110100":2308,"2|0|110101":2184,"1|0|100001":108599,"1|0|100000":113577,"2|1|100000":7337,"1|1|000100":2221,"2|1|100001":6895,"2|0|000011":2145,"2|0|001101":4252,"2|0|001100":4098,"2|0|000010":2036,"1|1|000101":2415,"2|1|010101":6261,"2|0|011010":7261,"2|1|010100":6038,"2|0|011011":7642,"1|0|100010":104133,"1|0|101100":66128,"1|0|101101":62382,"1|0|100011":100827,"2|1|100110":5672,"1|1|110101":34501,"2|1|100111":5391,"2|0|000101":2339,"2|0|000100":2260,"1|0|111110":4713,"1|1|110100":37479,"1|0|111111":1947,"1|0|100101":92901,"2|0|110001":3070,"2|0|110000":3179,"1|0|010101":70649,"1|0|010100":66063,"2|0|011001":7011,"2|0|011000":7036,"1|0|100100":96449,"2|1|100100":6035,"2|1|100101":6009,"2|0|000110":2521,"2|0|000111":2637,"1|0|111000":23719,"1|0|111001":20640,"2|0|110111":1781,"2|0|110110":1939,"2|0|011111":7473,"2|0|011110":7326,"1|0|100111":84949,"1|0|100110":88838,"1|1|001001":11071,"1|0|001001":10914,"1|0|001000":5503,"1|1|001000":5443,"1|1|110001":48036,"1|1|110000":51346,"1|1|010000":46905,"2|0|011101":7296,"2|1|111111":570,"2|1|111110":425,"2|0|010010":5449,"2|0|011100":7272,"2|0|010011":5716,"1|1|010001":51541,"1|0|101010":73093,"1|0|101011":69632,"1|0|001010":16400,"1|1|001111":41981,"1|0|001011":21560,"1|1|001110":37037,"2|1|101011":4435,"2|1|101010":4591,"1|1|110111":27676,"1|1|110110":30689,"1|1|010010":56886,"1|1|010011":61070,"1|1|011100":100897,"2|0|010001":5409,"2|1|111001":1246,"2|1|111000":1539,"2|0|010000":5027,"1|1|011101":104994,"1|1|000011":2134,"1|1|001100":26484,"1|1|001101":31659,"2|1|101001":4885,"1|1|000010":2045,"2|1|101000":5146,"1|1|111110":4826,"1|1|111111":2029,"2|1|111010":1065,"1|1|011110":108635,"1|1|011111":112782,"2|0|010111":6610,"2|1|001000":2851,"2|1|001001":3117,"2|1|111011":886,"2|0|010110":6428,"1|0|101111":55220,"1|1|100101":93012,"1|1|100100":96483,"1|0|101110":58857,"1|1|000000":2207,"1|1|000001":1964,"2|1|101111":3397,"2|1|101110":3784,"1|1|110010":44513,"1|1|111101":8057,"1|1|110011":40709,"1|1|111100":11061,"1|1|011000":83938,"1|1|011001":89237,"2|1|001010":3401,"2|0|010100":5972,"2|1|001011":3800,"2|0|010101":6316,"1|0|101001":76630,"1|0|101000":80789,"1|0|000110":2480,"2|0|101101":3949,"2|0|100011":6386,"2|0|101100":4156,"2|0|100010":6627,"2|1|000001":2012,"2|1|000000":2218,"1|1|111011":14175,"1|0|000111":2628,"1|1|111010":17557,"1|0|011011":96098,"2|1|110100":2303,"1|0|011010":92689,"2|1|001100":4029,"2|1|110101":2113,"2|1|001101":4210,"1|1|100001":108451,"1|1|100000":112589,"1|0|000000":2218,"2|0|101111":3478,"2|0|101110":3667,"2|1|000111":2596,"2|1|000110":2483,"1|1|111000":24217,"1|0|000001":1890,"1|1|111001":20749,"1|0|011000":83822,"2|1|001110":4431,"2|1|110111":1810,"2|1|001111":4830,"2|1|110110":1962,"1|0|011001":88455,"1|1|100111":84900,"1|1|100110":88464,"1|0|000011":2241,"1|0|001100":26702,"1|0|000010":2099,"2|0|101001":4818,"2|0|101000":5225,"1|0|001101":31545,"2|1|110001":2993,"2|1|110000":3190,"2|1|011001":7231,"0|1|000000":1,"2|1|011000":6862,"1|1|010100":65797,"1|1|010101":70363,"1|1|101111":54969,"1|1|101110":58778,"2|0|101010":4754,"1|0|001111":41935,"1|1|001010":16067,"1|0|001110":37036,"1|1|001011":21534,"2|0|101011":4392,"2|1|000011":2131,"2|1|000010":2086,"1|1|010110":74587,"2|1|111101":524,"2|1|110010":2702,"2|1|111100":707,"2|1|110011":2572,"2|1|011010":7409,"2|1|011011":7439,"1|1|010111":79450,"1|1|101101":61890,"1|1|100011":100840,"1|1|101100":66388,"1|1|100010":104442,"1|0|110001":47822,"2|0|001011":3777,"2|0|001010":3414,"1|0|110000":51989,"2|0|111110":389,"2|0|111111":553,"1|1|101010":73267,"2|1|010010":5503,"2|1|011100":7428,"2|1|011101":7263,"1|0|010001":51469,"1|0|010000":46574,"2|1|010011":5711,"1|1|101011":69572,"1|0|111101":7977,"2|0|100101":5857,"2|0|100100":6248,"1|0|110010":44441,"1|0|110011":40876,"1|0|111100":11078,"2|0|110010":2790,"2|0|111101":550,"2|0|110011":2663,"2|0|111100":713,"2|1|011111":7370,"1|0|010111":79654,"1|0|010110":75138,"2|1|011110":7384,"1|1|101001":77123,"1|1|101000":80531,"1|0|110100":37392,"1|0|110101":34074,"2|0|100111":5336,"2|0|100110":5651,"2|1|000101":2419,"2|0|001111":4722,"2|1|000100":2316,"2|0|001110":4393,"1|0|011110":109205,"2|0|111011":886,"2|0|111010":1071,"2|1|010111":6823,"1|0|011111":113313,"2|1|010110":6401,"1|0|110111":27433,"2|0|100001":7127,"2|0|100000":7247,"2|0|001001":3305,"2|0|001000":2881,"1|0|000101":2425,"1|0|000100":2279,"1|0|110110":30711,"1|0|010010":56205,"2|0|111000":1498,"2|0|111001":1290,"1|0|011101":105069,"2|1|010001":5301,"1|0|010011":61047,"1|0|011100":101199,"2|1|010000":4856}}
