{"probability":{"Group 13":"0.0","Group 12":"0.2935180752480346","Group 11":"0.1506122083336112","Group 10":"0.0","Group  6":"0.0","Group  5":"0.0014184801094067753","Group  4":"0.017104556000545154","Group  3":"0.0","Group  2":"0.000052173773345205646","Group  1":"0.0","Group  9":"0.0023670594074086046","Group  8":"0.0","Group  7":"0.5349274471276486"},"groups":{"Group 13":["Botan 1.5.6 & 1.11.29 & 2.1.0","Feitian JavaCOS A22 & A40","Gemalto GCX4 72K","HSM SafeNet Luna SA-1700","LibTomCrypt 1.17","Libgcrypt 1.6.0 & 1.6.5 & 1.7.6","Libgcrypt 1.6.0 FIPS & 1.6.5 FIPS","Nettle 3.2 & 3.3","Oberthur Cosmo 64","OpenSSL FIPS 2.0.12 & 2.0.14","PGPSDK 4","WolfSSL 2.0rc1 & 3.9.0 & 3.10.2","cryptlib 3.4.3 & 3.4.3.1"],"Group 12":["Bouncy Castle 1.53 (Java)","Cryptix JCE 20050328","FlexiProvider 1.7p7","HSM Utimaco Security Server Se50","Nettle 2.0","PolarSSL 0.10.0","PuTTY 0.67","SunRsaSign OpenJDK 1.8.0","mbedTLS 1.3.19 & 2.2.1 & 2.4.2"],"Group 11":["Bouncy Castle 1.54 (Java)","Crypto++ 5.6.0 & 5.6.3 & 5.6.5","Libgcrypt 1.7.6 FIPS","Microsoft CryptoAPI & CNG & .NET"],"Group 10":["NXP J2D081 & J2E145G","YubiKey NEO"],"Group  6":["Oberthur Cosmo Dual 72K"],"Group  5":["NXP J2A080 & J2A081 & J3A081 & JCOP 41 V2.2.1"],"Group  4":["Gemalto GXP E64"],"Group  3":["GNU Crypto 2.0.1"],"Group  2":["G&D SmartCafe 4.x & 6.0"],"Group  1":["G&D SmartCafe 3.2"],"Group  9":["Infineon JTOP 80K","YubiKey 4 & 4 Nano"],"Group  8":["PGPSDK 4 FIPS"],"Group  7":["OpenSSL 0.9.7 & 1.0.2g & 1.0.2k & 1.1.0e"]},"frequencies":{"1|1|000110":29503,"2|1|100011":21528,"2|1|101101":12641,"1|1|000111":29631,"2|1|101100":13522,"2|1|100010":22940,"2|0|000000":28594,"2|0|000001":28331,"1|0|111010":20045,"1|0|111011":16243,"1|1|011010":118013,"1|1|011011":121156,"2|0|110100":7611,"2|0|110101":6811,"1|0|100001":127645,"1|0|100000":132926,"2|1|100000":24922,"1|1|000100":29333,"2|1|100001":23700,"2|0|000011":28917,"2|0|001101":30732,"2|0|001100":30655,"2|0|000010":28811,"1|1|000101":29475,"2|1|010101":31193,"2|0|011010":30555,"2|1|010100":31228,"2|0|011011":30010,"1|0|100010":123196,"1|0|101100":77065,"1|0|101101":72610,"1|0|100011":118026,"2|1|100110":18820,"1|1|110101":39554,"2|1|100111":17785,"2|0|000101":29615,"2|0|000100":29135,"1|0|111110":5588,"1|1|110100":43497,"1|0|111111":2240,"1|0|100101":108860,"2|0|110001":9615,"2|0|110000":10708,"1|0|010101":97260,"1|0|010100":92999,"2|0|011001":31003,"2|0|011000":31012,"1|0|100100":113882,"2|1|100100":20648,"2|1|100101":19877,"2|0|000110":29360,"2|0|000111":29977,"1|0|111000":27816,"1|0|111001":24019,"2|0|110111":5403,"2|0|110110":6040,"2|0|011111":25850,"2|0|011110":26940,"1|0|100111":99364,"1|0|100110":103734,"1|1|001001":37784,"1|0|001001":38152,"1|0|001000":32735,"1|1|001000":32335,"1|1|110001":55701,"1|1|110000":59948,"1|1|010000":74238,"2|0|011101":27688,"2|1|111111":744,"2|1|111110":1009,"2|0|010010":31397,"2|0|011100":28911,"2|0|010011":31377,"1|1|010001":78881,"1|0|101010":85451,"1|0|101011":81070,"1|0|001010":43671,"1|1|001111":68984,"1|0|001011":48924,"1|1|001110":63724,"2|1|101011":14449,"2|1|101010":15273,"1|1|110111":31465,"1|1|110110":35767,"1|1|010010":83720,"1|1|010011":88390,"1|1|011100":124508,"2|0|010001":31301,"2|1|111001":4087,"2|1|111000":4682,"2|0|010000":31355,"1|1|011101":128149,"1|1|000011":29003,"1|1|001100":53645,"1|1|001101":58943,"2|1|101001":16077,"1|1|000010":28984,"2|1|101000":16901,"1|1|111110":5492,"1|1|111111":2278,"2|1|111010":3438,"1|1|011110":130949,"1|1|011111":134526,"2|0|010111":31263,"2|1|001000":29872,"2|1|001001":29860,"2|1|111011":2763,"2|0|010110":31330,"1|0|101111":64483,"1|1|100101":109258,"1|1|100100":113122,"1|0|101110":68012,"1|1|000000":28371,"1|1|000001":29076,"2|1|101111":11194,"2|1|101110":11879,"1|1|110010":51024,"1|1|111101":9340,"1|1|110011":47632,"1|1|111100":12717,"1|1|011000":110138,"1|1|011001":114216,"2|1|001010":30513,"2|0|010100":31641,"2|1|001011":30687,"2|0|010101":31224,"1|0|101001":90034,"1|0|101000":94986,"1|0|000110":29605,"2|0|101101":13045,"2|0|100011":21771,"2|0|101100":13763,"2|0|100010":22710,"2|1|000001":28440,"2|1|000000":28944,"1|1|111011":16546,"1|0|000111":29734,"1|1|111010":20222,"1|0|011011":121138,"2|1|110100":7381,"1|0|011010":118518,"2|1|001100":30704,"2|1|110101":6731,"2|1|001101":30721,"1|1|100001":128575,"1|1|100000":133444,"1|0|000000":28448,"2|0|101111":11208,"2|0|101110":11892,"2|1|000111":29322,"2|1|000110":29769,"1|1|111000":27958,"1|0|000001":28759,"1|1|111001":23853,"1|0|011000":110025,"2|1|001110":31215,"2|1|110111":5476,"2|1|001111":31467,"2|1|110110":6014,"1|0|011001":113916,"1|1|100111":99283,"1|1|100110":104044,"1|0|000011":29341,"1|0|001100":54025,"1|0|000010":28690,"2|0|101001":15955,"2|0|101000":17032,"1|0|001101":58732,"2|1|110001":9484,"2|1|110000":10447,"2|1|011001":30830,"2|1|011000":31136,"1|1|010100":92385,"1|1|010101":97226,"1|1|101111":63992,"1|1|101110":68488,"2|0|101010":15070,"1|0|001111":68657,"1|1|001010":43484,"1|0|001110":63751,"1|1|001011":48503,"2|0|101011":14334,"2|1|000011":29089,"2|1|000010":28968,"1|1|010110":101157,"2|1|111101":1617,"2|1|110010":8781,"2|1|111100":2139,"2|1|110011":8231,"2|1|011010":30509,"2|1|011011":29749,"1|1|010111":106029,"1|1|101101":72788,"1|1|100011":117690,"1|1|101100":76602,"1|1|100010":123452,"1|0|110001":56057,"2|0|001011":30662,"2|0|001010":30471,"1|0|110000":59746,"2|0|111110":1008,"2|0|111111":747,"1|1|101010":85510,"2|1|010010":31299,"2|1|011100":28763,"2|1|011101":27877,"1|0|010001":78168,"1|0|010000":73870,"2|1|010011":31184,"1|1|101011":81148,"1|0|111101":9195,"2|0|100101":19798,"2|0|100100":20708,"1|0|110010":51597,"1|0|110011":47666,"1|0|111100":12683,"2|0|110010":8787,"2|0|111101":1587,"2|0|110011":8186,"2|0|111100":2163,"2|1|011111":26078,"1|0|010111":105747,"1|0|010110":101451,"2|1|011110":26836,"1|1|101001":89974,"1|1|101000":94757,"1|0|110100":43467,"1|0|110101":39262,"2|0|100111":17657,"2|0|100110":18777,"2|1|000101":29497,"2|0|001111":31081,"2|1|000100":29287,"2|0|001110":30861,"1|0|011110":131337,"2|0|111011":2894,"2|0|111010":3472,"2|1|010111":31199,"1|0|011111":133704,"2|1|010110":31256,"1|0|110111":31746,"2|0|100001":23805,"2|0|100000":24866,"2|0|001001":29907,"2|0|001000":29832,"1|0|000101":29290,"1|0|000100":29188,"1|0|110110":35595,"1|0|010010":83737,"2|0|111000":4915,"2|0|111001":4104,"1|0|011101":127522,"2|1|010001":31172,"1|0|010011":88345,"1|0|011100":124576,"2|1|010000":31123}}
