{"probability":{"Group 13":"0.0","Group 12":"0.6615936856552695","Group 11":"0.0","Group 10":"0.0027395078990574196","Group  6":"0.0","Group  5":"0.0","Group  4":"0.014697849366639926","Group  3":"0.0","Group  2":"0.0","Group  1":"0.0006435344198013349","Group  9":"0.0058618269963221685","Group  8":"0.0","Group  7":"0.31446359566290966"},"groups":{"Group 13":["Botan 1.5.6 & 1.11.29 & 2.1.0","Feitian JavaCOS A22 & A40","Gemalto GCX4 72K","HSM SafeNet Luna SA-1700","LibTomCrypt 1.17","Libgcrypt 1.6.0 & 1.6.5 & 1.7.6","Libgcrypt 1.6.0 FIPS & 1.6.5 FIPS","Nettle 3.2 & 3.3","Oberthur Cosmo 64","OpenSSL FIPS 2.0.12 & 2.0.14","PGPSDK 4","WolfSSL 2.0rc1 & 3.9.0 & 3.10.2","cryptlib 3.4.3 & 3.4.3.1"],"Group 12":["Bouncy Castle 1.53 (Java)","Cryptix JCE 20050328","FlexiProvider 1.7p7","HSM Utimaco Security Server Se50","Nettle 2.0","PolarSSL 0.10.0","PuTTY 0.67","SunRsaSign OpenJDK 1.8.0","mbedTLS 1.3.19 & 2.2.1 & 2.4.2"],"Group 11":["Bouncy Castle 1.54 (Java)","Crypto++ 5.6.0 & 5.6.3 & 5.6.5","Libgcrypt 1.7.6 FIPS","Microsoft CryptoAPI & CNG & .NET"],"Group 10":["NXP J2D081 & J2E145G","YubiKey NEO"],"Group  6":["Oberthur Cosmo Dual 72K"],"Group  5":["NXP J2A080 & J2A081 & J3A081 & JCOP 41 V2.2.1"],"Group  4":["Gemalto GXP E64"],"Group  3":["GNU Crypto 2.0.1"],"Group  2":["G&D SmartCafe 4.x & 6.0"],"Group  1":["G&D SmartCafe 3.2"],"Group  9":["Infineon JTOP 80K","YubiKey 4 & 4 Nano"],"Group  8":["PGPSDK 4 FIPS"],"Group  7":["OpenSSL 0.9.7 & 1.0.2g & 1.0.2k & 1.1.0e"]},"frequencies":{"1|1|000110":19249,"2|1|100011":7179,"2|1|101101":3943,"1|1|000111":18784,"2|1|101100":4230,"2|1|100010":7704,"2|0|000000":21178,"2|0|000001":20426,"1|0|111010":4171,"1|0|111011":3502,"1|1|011010":28926,"1|1|011011":28740,"2|0|110100":2279,"2|0|110101":2003,"1|0|100001":28668,"1|0|100000":30053,"2|1|100000":8407,"1|1|000100":19741,"2|1|100001":8035,"2|0|000011":19963,"2|0|001101":16871,"2|0|001100":17321,"2|0|000010":20356,"1|1|000101":19631,"2|1|010101":13738,"2|0|011010":11352,"2|1|010100":14241,"2|0|011011":10900,"1|0|100010":27580,"1|0|101100":16876,"1|0|101101":15815,"1|0|100011":26241,"2|1|100110":6146,"1|1|110101":8438,"2|1|100111":5806,"2|0|000101":19665,"2|0|000100":19794,"1|0|111110":1193,"1|1|110100":9466,"1|0|111111":369,"1|0|100101":24227,"2|0|110001":2895,"2|0|110000":3239,"1|0|010101":27031,"1|0|010100":26699,"2|0|011001":11780,"2|0|011000":12336,"1|0|100100":25348,"2|1|100100":6793,"2|1|100101":6546,"2|0|000110":19202,"2|0|000111":19204,"1|0|111000":6005,"1|0|111001":5003,"2|0|110111":1558,"2|0|110110":1711,"2|0|011111":8988,"2|0|011110":9393,"1|0|100111":22124,"1|0|100110":23100,"1|1|001001":19644,"1|0|001001":19947,"1|0|001000":19220,"1|1|001000":19019,"1|1|110001":12036,"1|1|110000":13021,"1|1|010000":24538,"2|0|011101":9927,"2|1|111111":92,"2|1|111110":238,"2|0|010010":15233,"2|0|011100":10352,"2|0|010011":14646,"1|1|010001":24976,"1|0|101010":18574,"1|0|101011":17814,"1|0|001010":20662,"1|1|001111":23924,"1|0|001011":21249,"1|1|001110":23088,"2|1|101011":4546,"2|1|101010":4863,"1|1|110111":6628,"1|1|110110":7589,"1|1|010010":25513,"1|1|010011":26163,"1|1|011100":29513,"2|0|010001":15549,"2|1|111001":1213,"2|1|111000":1356,"2|0|010000":15980,"1|1|011101":29925,"1|1|000011":20070,"1|1|001100":21723,"1|1|001101":22627,"2|1|101001":5092,"1|1|000010":20546,"2|1|101000":5437,"1|1|111110":1133,"1|1|111111":371,"2|1|111010":1013,"1|1|011110":30269,"1|1|011111":30503,"2|0|010111":12895,"2|1|001000":18603,"2|1|001001":18216,"2|1|111011":784,"2|0|010110":13364,"1|0|101111":14054,"1|1|100101":24231,"1|1|100100":25019,"1|0|101110":14648,"1|1|000000":20965,"1|1|000001":20983,"2|1|101111":3404,"2|1|101110":3619,"1|1|110010":11172,"1|1|111101":2017,"1|1|110011":10346,"1|1|111100":2710,"1|1|011000":28019,"1|1|011001":28451,"2|1|001010":18254,"2|0|010100":14518,"2|1|001011":17558,"2|0|010101":13843,"1|0|101001":19796,"1|0|101000":20872,"1|0|000110":19365,"2|0|101101":4070,"2|0|100011":7256,"2|0|101100":4261,"2|0|100010":7682,"2|1|000001":20577,"2|1|000000":21273,"1|1|111011":3601,"1|0|000111":19069,"1|1|111010":4324,"1|0|011011":29317,"2|1|110100":2242,"1|0|011010":28719,"2|1|001100":17297,"2|1|110101":1902,"2|1|001101":16952,"1|1|100001":29003,"1|1|100000":30009,"1|0|000000":21103,"2|0|101111":3383,"2|0|101110":3611,"2|1|000111":18592,"2|1|000110":19311,"1|1|111000":5937,"1|0|000001":20832,"1|1|111001":5124,"1|0|011000":27878,"2|1|001110":16612,"2|1|110111":1649,"2|1|001111":16539,"2|1|110110":1768,"1|0|011001":28365,"1|1|100111":22051,"1|1|100110":23064,"1|0|000011":20326,"1|0|001100":22036,"1|0|000010":20196,"2|0|101001":5094,"2|0|101000":5471,"1|0|001101":22623,"2|1|110001":2865,"2|1|110000":3221,"2|1|011001":11718,"2|1|011000":12521,"1|1|010100":26441,"1|1|010101":26750,"1|1|101111":13900,"1|1|101110":14815,"2|0|101010":4744,"1|0|001111":23887,"1|1|001010":20726,"1|0|001110":22834,"1|1|001011":21226,"2|0|101011":4442,"2|1|000011":20167,"2|1|000010":20507,"1|1|010110":27419,"2|1|111101":445,"2|1|110010":2672,"2|1|111100":593,"2|1|110011":2473,"2|1|011010":11342,"2|1|011011":10779,"1|1|010111":27756,"1|1|101101":16090,"1|1|100011":26173,"1|1|101100":16597,"1|1|100010":27768,"1|0|110001":11957,"2|0|001011":17691,"2|0|001010":18132,"1|0|110000":13015,"2|0|111110":282,"2|0|111111":82,"1|1|101010":18876,"2|1|010010":15216,"2|1|011100":10382,"2|1|011101":9942,"1|0|010001":24784,"1|0|010000":24257,"2|1|010011":14746,"1|1|101011":17590,"1|0|111101":1953,"2|0|100101":6518,"2|0|100100":6833,"1|0|110010":11295,"1|0|110011":10259,"1|0|111100":2694,"2|0|110010":2548,"2|0|111101":435,"2|0|110011":2422,"2|0|111100":620,"2|1|011111":8965,"1|0|010111":27598,"1|0|010110":27312,"2|1|011110":9411,"1|1|101001":19621,"1|1|101000":21000,"1|0|110100":9456,"1|0|110101":8363,"2|0|100111":5684,"2|0|100110":5961,"2|1|000101":19671,"2|0|001111":16312,"2|1|000100":19904,"2|0|001110":16559,"1|0|011110":30228,"2|0|111011":838,"2|0|111010":1005,"2|1|010111":12852,"1|0|011111":30296,"2|1|010110":13354,"1|0|110111":6783,"2|0|100001":8075,"2|0|100000":8682,"2|0|001001":18316,"2|0|001000":18668,"1|0|000101":19535,"1|0|000100":19851,"1|0|110110":7605,"1|0|010010":25751,"2|0|111000":1372,"2|0|111001":1199,"1|0|011101":29542,"2|1|010001":15573,"1|0|010011":25888,"1|0|011100":29386,"2|1|010000":15837}}
