{"probability":{"Group 13":"0.04036219168349788","Group 12":"0.046064643199732365","Group 11":"0.1901862539642802","Group 10":"0.00009943688377764792","Group  6":"0.00021865289209198482","Group  5":"0.0","Group  4":"0.0031580738698998778","Group  3":"0.00014172569735484462","Group  2":"0.0","Group  1":"0.0","Group  9":"0.00006248742332933369","Group  8":"0.013826630876697945","Group  7":"0.7058799035093378"},"groups":{"Group 13":["Botan 1.5.6 & 1.11.29 & 2.1.0","Feitian JavaCOS A22 & A40","Gemalto GCX4 72K","HSM SafeNet Luna SA-1700","LibTomCrypt 1.17","Libgcrypt 1.6.0 & 1.6.5 & 1.7.6","Libgcrypt 1.6.0 FIPS & 1.6.5 FIPS","Nettle 3.2 & 3.3","Oberthur Cosmo 64","OpenSSL FIPS 2.0.12 & 2.0.14","PGPSDK 4","WolfSSL 2.0rc1 & 3.9.0 & 3.10.2","cryptlib 3.4.3 & 3.4.3.1"],"Group 12":["Bouncy Castle 1.53 (Java)","Cryptix JCE 20050328","FlexiProvider 1.7p7","HSM Utimaco Security Server Se50","Nettle 2.0","PolarSSL 0.10.0","PuTTY 0.67","SunRsaSign OpenJDK 1.8.0","mbedTLS 1.3.19 & 2.2.1 & 2.4.2"],"Group 11":["Bouncy Castle 1.54 (Java)","Crypto++ 5.6.0 & 5.6.3 & 5.6.5","Libgcrypt 1.7.6 FIPS","Microsoft CryptoAPI & CNG & .NET"],"Group 10":["NXP J2D081 & J2E145G","YubiKey NEO"],"Group  6":["Oberthur Cosmo Dual 72K"],"Group  5":["NXP J2A080 & J2A081 & J3A081 & JCOP 41 V2.2.1"],"Group  4":["Gemalto GXP E64"],"Group  3":["GNU Crypto 2.0.1"],"Group  2":["G&D SmartCafe 4.x & 6.0"],"Group  1":["G&D SmartCafe 3.2"],"Group  9":["Infineon JTOP 80K","YubiKey 4 & 4 Nano"],"Group  8":["PGPSDK 4 FIPS"],"Group  7":["OpenSSL 0.9.7 & 1.0.2g & 1.0.2k & 1.1.0e"]},"frequencies":{"1|1|000110":9389,"2|1|100011":18330,"2|1|101101":11556,"1|1|000111":9899,"2|1|101100":12287,"2|1|100010":19587,"2|0|000000":5854,"2|0|000001":6213,"1|0|111010":25131,"1|0|111011":20618,"1|1|011010":138329,"1|1|011011":143845,"2|0|110100":7019,"2|0|110101":6486,"1|0|100001":156724,"1|0|100000":162815,"2|1|100000":21042,"1|1|000100":7918,"2|1|100001":20331,"2|0|000011":7440,"2|0|001101":14627,"2|0|001100":14078,"2|0|000010":6756,"1|1|000101":8642,"2|1|010101":20530,"2|0|011010":23761,"2|1|010100":19714,"2|0|011011":23841,"1|0|100010":150251,"1|0|101100":95106,"1|0|101101":89602,"1|0|100011":144973,"2|1|100110":16479,"1|1|110101":49776,"2|1|100111":15665,"2|0|000101":8668,"2|0|000100":8009,"1|0|111110":7046,"1|1|110100":53915,"1|0|111111":2721,"1|0|100101":132740,"2|0|110001":9088,"2|0|110000":9554,"1|0|010101":106645,"1|0|010100":100082,"2|0|011001":23037,"2|0|011000":22708,"1|0|100100":139320,"2|1|100100":17909,"2|1|100101":17324,"2|0|000110":9166,"2|0|000111":9807,"1|0|111000":34615,"1|0|111001":30128,"2|0|110111":5232,"2|0|110110":5853,"2|0|011111":21622,"2|0|011110":21849,"1|0|100111":121730,"1|0|100110":127671,"1|1|001001":21995,"1|0|001001":21746,"1|0|001000":14078,"1|1|001000":14159,"1|1|110001":68824,"1|1|110000":74454,"1|1|010000":73106,"2|0|011101":22227,"2|1|111111":808,"2|1|111110":1117,"2|0|010010":18191,"2|0|011100":22716,"2|0|010011":19124,"1|1|010001":79869,"1|0|101010":105039,"1|0|101011":100376,"1|0|001010":29497,"1|1|001111":66051,"1|0|001011":36888,"1|1|001110":58763,"2|1|101011":13046,"2|1|101010":13705,"1|1|110111":39670,"1|1|110110":44404,"1|1|010010":86409,"1|1|010011":93210,"1|1|011100":148112,"2|0|010001":17729,"2|1|111001":3894,"2|1|111000":4634,"2|0|010000":16939,"1|1|011101":154066,"1|1|000011":7256,"1|1|001100":44116,"1|1|001101":51583,"2|1|101001":14392,"1|1|000010":6764,"2|1|101000":15057,"1|1|111110":6986,"1|1|111111":2802,"2|1|111010":3478,"1|1|011110":158083,"1|1|011111":162777,"2|0|010111":21870,"2|1|001000":10512,"2|1|001001":11502,"2|1|111011":2913,"2|0|010110":21596,"1|0|101111":79363,"1|1|100101":133330,"1|1|100100":139383,"1|0|101110":84681,"1|1|000000":5741,"1|1|000001":6160,"2|1|101111":10138,"2|1|101110":11126,"1|1|110010":63953,"1|1|111101":11584,"1|1|110011":59170,"1|1|111100":16442,"1|1|011000":126525,"1|1|011001":132370,"2|1|001010":12158,"2|0|010100":19664,"2|1|001011":13213,"2|0|010101":20570,"1|0|101001":111337,"1|0|101000":116917,"1|0|000110":9213,"2|0|101101":11670,"2|0|100011":18680,"2|0|101100":12378,"2|0|100010":19340,"2|1|000001":6306,"2|1|000000":5909,"1|1|111011":20771,"1|0|000111":9819,"1|1|111010":25496,"1|0|011011":142869,"2|1|110100":7024,"1|0|011010":138804,"2|1|001100":13871,"2|1|110101":6537,"2|1|001101":14583,"1|1|100001":156266,"1|1|100000":162552,"1|0|000000":5884,"2|0|101111":10388,"2|0|101110":10870,"2|1|000111":9821,"2|1|000110":9351,"1|1|111000":35177,"1|0|000001":6167,"1|1|111001":29987,"1|0|011000":126204,"2|1|001110":15352,"2|1|110111":5278,"2|1|001111":16254,"2|1|110110":5893,"1|0|011001":132474,"1|1|100111":121974,"1|1|100110":127377,"1|0|000011":7479,"1|0|001100":44404,"1|0|000010":6652,"2|0|101001":14262,"2|0|101000":15002,"1|0|001101":51083,"2|1|110001":8826,"2|1|110000":9612,"2|1|011001":23184,"2|1|011000":22605,"1|1|010100":99780,"1|1|010101":106523,"1|1|101111":79752,"1|1|101110":83855,"2|0|101010":13588,"1|0|001111":65997,"1|1|001010":29436,"1|0|001110":58862,"1|1|001011":36693,"2|0|101011":12965,"2|1|000011":7360,"2|1|000010":6643,"1|1|010110":112900,"2|1|111101":1710,"0|1|101010":1,"2|1|110010":8303,"2|1|111100":2220,"2|1|110011":7587,"2|1|011010":23804,"2|1|011011":23372,"1|1|010111":119896,"1|1|101101":89176,"1|1|100011":144954,"1|1|101100":95109,"1|1|100010":150344,"1|0|110001":69313,"2|0|001011":13151,"2|0|001010":12247,"1|0|110000":74008,"2|0|111110":1160,"0|0|101000":1,"2|0|111111":837,"1|1|101010":105980,"2|1|010010":18434,"2|1|011100":22973,"2|1|011101":22535,"1|0|010001":79575,"1|0|010000":72718,"2|1|010011":19019,"1|1|101011":100324,"1|0|111101":11643,"2|0|100101":17085,"2|0|100100":17825,"1|0|110010":64002,"1|0|110011":59089,"1|0|111100":16219,"2|0|110010":8285,"2|0|111101":1717,"2|0|110011":7781,"2|0|111100":2303,"2|1|011111":21378,"1|0|010111":119013,"1|0|010110":113097,"2|1|011110":21855,"1|1|101001":111224,"1|1|101000":116539,"1|0|110100":54026,"1|0|110101":49576,"2|0|100111":15828,"2|0|100110":16426,"2|1|000101":8645,"2|0|001111":16188,"2|1|000100":8099,"2|0|001110":15292,"1|0|011110":158629,"2|0|111011":2830,"2|0|111010":3377,"2|1|010111":22002,"1|0|011111":163980,"2|1|010110":21258,"1|0|110111":39564,"2|0|100001":20258,"2|0|100000":21072,"2|0|001001":11424,"2|0|001000":10728,"1|0|000101":8637,"1|0|000100":8017,"1|0|110110":44461,"1|0|010010":87044,"2|0|111000":4669,"2|0|111001":4036,"1|0|011101":153595,"2|1|010001":17676,"1|0|010011":93571,"1|0|011100":147843,"2|1|010000":17193}}
