{"probability":{"Group 13":"0.08330661405576224","Group 12":"0.03420874999551404","Group 11":"0.055901505701837856","Group 10":"0.0","Group  6":"0.0003784156192145336","Group  5":"0.0","Group  4":"0.0036152921142900986","Group  3":"0.0004379128931443449","Group  2":"0.0","Group  1":"0.0","Group  9":"0.0004167311658470677","Group  8":"0.004695347174729913","Group  7":"0.81703943127966"},"groups":{"Group 13":["Botan 1.5.6 & 1.11.29 & 2.1.0","Feitian JavaCOS A22 & A40","Gemalto GCX4 72K","HSM SafeNet Luna SA-1700","LibTomCrypt 1.17","Libgcrypt 1.6.0 & 1.6.5 & 1.7.6","Libgcrypt 1.6.0 FIPS & 1.6.5 FIPS","Nettle 3.2 & 3.3","Oberthur Cosmo 64","OpenSSL FIPS 2.0.12 & 2.0.14","PGPSDK 4","WolfSSL 2.0rc1 & 3.9.0 & 3.10.2","cryptlib 3.4.3 & 3.4.3.1"],"Group 12":["Bouncy Castle 1.53 (Java)","Cryptix JCE 20050328","FlexiProvider 1.7p7","HSM Utimaco Security Server Se50","Nettle 2.0","PolarSSL 0.10.0","PuTTY 0.67","SunRsaSign OpenJDK 1.8.0","mbedTLS 1.3.19 & 2.2.1 & 2.4.2"],"Group 11":["Bouncy Castle 1.54 (Java)","Crypto++ 5.6.0 & 5.6.3 & 5.6.5","Libgcrypt 1.7.6 FIPS","Microsoft CryptoAPI & CNG & .NET"],"Group 10":["NXP J2D081 & J2E145G","YubiKey NEO"],"Group  6":["Oberthur Cosmo Dual 72K"],"Group  5":["NXP J2A080 & J2A081 & J3A081 & JCOP 41 V2.2.1"],"Group  4":["Gemalto GXP E64"],"Group  3":["GNU Crypto 2.0.1"],"Group  2":["G&D SmartCafe 4.x & 6.0"],"Group  1":["G&D SmartCafe 3.2"],"Group  9":["Infineon JTOP 80K","YubiKey 4 & 4 Nano"],"Group  8":["PGPSDK 4 FIPS"],"Group  7":["OpenSSL 0.9.7 & 1.0.2g & 1.0.2k & 1.1.0e"]},"frequencies":{"1|1|000110":1585,"2|1|100011":4579,"2|1|101101":2875,"1|1|000111":1725,"2|1|101100":3058,"2|1|100010":4843,"2|0|000000":1708,"2|0|000001":1326,"1|0|111010":9883,"1|0|111011":8091,"1|1|011010":53309,"1|1|011011":55684,"2|0|110100":1712,"2|0|110101":1633,"1|0|100001":62240,"1|0|100000":64645,"2|1|100000":5269,"1|1|000100":1480,"2|1|100001":5025,"2|0|000011":1465,"2|0|001101":2926,"2|0|001100":2765,"2|0|000010":1340,"1|1|000101":1498,"2|1|010101":4333,"2|0|011010":5143,"2|1|010100":4210,"2|0|011011":5298,"1|0|100010":59720,"1|0|101100":37881,"1|0|101101":35743,"1|0|100011":57327,"2|1|100110":4145,"1|1|110101":19801,"2|1|100111":3901,"2|0|000101":1486,"2|0|000100":1443,"1|0|111110":2599,"1|1|110100":21587,"1|0|111111":940,"1|0|100101":52780,"2|0|110001":2198,"2|0|110000":2285,"1|0|010101":40478,"1|0|010100":37663,"2|0|011001":5017,"2|0|011000":4957,"1|0|100100":55315,"2|1|100100":4314,"2|1|100101":4240,"2|0|000110":1618,"2|0|000111":1716,"1|0|111000":13755,"1|0|111001":11805,"2|0|110111":1261,"2|0|110110":1438,"2|0|011111":5319,"2|0|011110":5305,"1|0|100111":48614,"1|0|100110":51041,"1|1|001001":6574,"1|0|001001":6450,"1|0|001000":3319,"1|1|001000":3248,"1|1|110001":27397,"1|1|110000":29373,"1|1|010000":26854,"2|0|011101":5208,"2|1|111111":149,"2|1|111110":256,"2|0|010010":3848,"2|0|011100":5184,"2|0|010011":3911,"1|1|010001":29869,"1|0|101010":42091,"1|0|101011":39883,"1|0|001010":9542,"1|1|001111":23832,"1|0|001011":12401,"1|1|001110":21344,"2|1|101011":3231,"2|1|101010":3392,"1|1|110111":15973,"1|1|110110":17388,"1|1|010010":32351,"1|1|010011":35145,"1|1|011100":57678,"2|0|010001":3697,"2|1|111001":965,"2|1|111000":1091,"2|0|010000":3448,"1|1|011101":60196,"1|1|000011":1449,"1|1|001100":15299,"1|1|001101":18234,"2|1|101001":3479,"1|1|000010":1385,"2|1|101000":3747,"1|1|111110":2766,"1|1|111111":935,"2|1|111010":739,"1|1|011110":61854,"0|0|000000":1,"1|1|011111":64681,"2|0|010111":4567,"2|1|001000":1751,"2|1|001001":2052,"2|1|111011":652,"2|0|010110":4462,"1|0|101111":31522,"1|1|100101":53104,"1|1|100100":55187,"1|0|101110":33720,"1|1|000000":1756,"1|1|000001":1341,"2|1|101111":2507,"2|1|101110":2732,"1|1|110010":25217,"1|1|111101":4512,"1|1|110011":23213,"1|1|111100":6245,"1|1|011000":48015,"1|1|011001":51084,"2|1|001010":2235,"2|0|010100":4181,"2|1|001011":2483,"2|0|010101":4402,"1|0|101001":43713,"1|0|101000":46196,"1|0|000110":1570,"2|0|101101":2830,"2|0|100011":4700,"2|0|101100":3055,"2|0|100010":4798,"2|1|000001":1325,"2|1|000000":1696,"1|1|111011":8262,"1|0|000111":1696,"1|1|111010":10150,"1|0|011011":55103,"2|1|110100":1683,"1|0|011010":53181,"2|1|001100":2650,"2|1|110101":1513,"2|1|001101":2817,"1|1|100001":62185,"1|1|100000":64644,"1|0|000000":1687,"2|0|101111":2632,"2|0|101110":2580,"2|1|000111":1691,"2|1|000110":1605,"1|1|111000":13709,"1|0|000001":1310,"1|1|111001":11895,"1|0|011000":47955,"2|1|001110":3040,"2|1|110111":1345,"2|1|001111":3349,"2|1|110110":1410,"1|0|011001":50821,"1|1|100111":48355,"1|1|100110":50463,"1|0|000011":1500,"1|0|001100":15267,"1|0|000010":1448,"2|0|101001":3562,"2|0|101000":3902,"1|0|001101":18240,"2|1|110001":2251,"2|1|110000":2317,"2|1|011001":5045,"0|1|000000":1,"2|1|011000":4887,"1|1|010100":37618,"1|1|010101":40341,"1|1|101111":31215,"1|1|101110":33459,"2|0|101010":3437,"1|0|001111":24001,"1|1|001010":9596,"1|0|001110":21456,"1|1|001011":12624,"2|0|101011":3216,"2|1|000011":1436,"2|1|000010":1413,"1|1|010110":42957,"2|1|111101":381,"2|1|110010":1980,"2|1|111100":499,"2|1|110011":1894,"2|1|011010":5205,"2|1|011011":5255,"1|1|010111":45854,"1|1|101101":35416,"1|1|100011":57886,"1|1|101100":38046,"1|1|100010":59843,"1|0|110001":27665,"2|0|001011":2526,"2|0|001010":2295,"1|0|110000":29719,"2|0|111110":239,"2|0|111111":157,"1|1|101010":42155,"2|1|010010":3832,"2|1|011100":5303,"2|1|011101":5280,"1|0|010001":29514,"1|0|010000":26877,"2|1|010011":3839,"1|1|101011":39527,"1|0|111101":4508,"2|0|100101":4244,"2|0|100100":4532,"1|0|110010":25634,"1|0|110011":23334,"1|0|111100":6348,"2|0|110010":2019,"2|0|111101":374,"2|0|110011":1958,"2|0|111100":531,"2|1|011111":5396,"1|0|010111":45632,"1|0|010110":43257,"2|1|011110":5375,"1|1|101001":44201,"1|1|101000":45668,"1|0|110100":21296,"1|0|110101":19688,"2|0|100111":3869,"2|0|100110":4154,"2|1|000101":1519,"2|0|001111":3215,"2|1|000100":1527,"2|0|001110":3040,"0|1|101100":1,"1|0|011110":62434,"2|0|111011":652,"2|0|111010":793,"2|1|010111":4796,"1|0|011111":64399,"2|1|010110":4490,"1|0|110111":15930,"2|0|100001":5203,"2|0|100000":5282,"2|0|001001":2173,"2|0|001000":1802,"1|0|000101":1598,"1|0|000100":1569,"1|0|110110":17603,"1|0|010010":32434,"2|0|111000":1118,"2|0|111001":930,"1|0|011101":60056,"2|1|010001":3630,"1|0|010011":35091,"1|0|011100":58084,"2|1|010000":3356}}
