{"probability":{"Group 13":"0.022766453609715732","Group 12":"0.025126579619062575","Group 11":"0.35631655414161995","Group 10":"0.00006439521350567162","Group  6":"0.0","Group  5":"0.0","Group  4":"0.001916419354686749","Group  3":"0.0","Group  2":"0.0","Group  1":"0.0","Group  9":"0.000023334178317163458","Group  8":"0.008371362790290661","Group  7":"0.5854149010928013"},"groups":{"Group 13":["Botan 1.5.6 & 1.11.29 & 2.1.0","Feitian JavaCOS A22 & A40","Gemalto GCX4 72K","HSM SafeNet Luna SA-1700","LibTomCrypt 1.17","Libgcrypt 1.6.0 & 1.6.5 & 1.7.6","Libgcrypt 1.6.0 FIPS & 1.6.5 FIPS","Nettle 3.2 & 3.3","Oberthur Cosmo 64","OpenSSL FIPS 2.0.12 & 2.0.14","PGPSDK 4","WolfSSL 2.0rc1 & 3.9.0 & 3.10.2","cryptlib 3.4.3 & 3.4.3.1"],"Group 12":["Bouncy Castle 1.53 (Java)","Cryptix JCE 20050328","FlexiProvider 1.7p7","HSM Utimaco Security Server Se50","Nettle 2.0","PolarSSL 0.10.0","PuTTY 0.67","SunRsaSign OpenJDK 1.8.0","mbedTLS 1.3.19 & 2.2.1 & 2.4.2"],"Group 11":["Bouncy Castle 1.54 (Java)","Crypto++ 5.6.0 & 5.6.3 & 5.6.5","Libgcrypt 1.7.6 FIPS","Microsoft CryptoAPI & CNG & .NET"],"Group 10":["NXP J2D081 & J2E145G","YubiKey NEO"],"Group  6":["Oberthur Cosmo Dual 72K"],"Group  5":["NXP J2A080 & J2A081 & J3A081 & JCOP 41 V2.2.1"],"Group  4":["Gemalto GXP E64"],"Group  3":["GNU Crypto 2.0.1"],"Group  2":["G&D SmartCafe 4.x & 6.0"],"Group  1":["G&D SmartCafe 3.2"],"Group  9":["Infineon JTOP 80K","YubiKey 4 & 4 Nano"],"Group  8":["PGPSDK 4 FIPS"],"Group  7":["OpenSSL 0.9.7 & 1.0.2g & 1.0.2k & 1.1.0e"]},"frequencies":{"1|1|000110":4815,"2|1|100011":11516,"2|1|101101":7170,"1|1|000111":5414,"2|1|101100":7577,"2|1|100010":12185,"2|0|000000":1364,"2|0|000001":2018,"1|0|111010":9737,"1|0|111011":8171,"1|1|011010":56041,"1|1|011011":57680,"2|0|110100":4374,"2|0|110101":3935,"1|0|100001":60990,"1|0|100000":63403,"2|1|100000":13189,"1|1|000100":3773,"2|1|100001":12727,"2|0|000011":3122,"2|0|001101":8687,"2|0|001100":8061,"2|0|000010":2609,"1|1|000101":4363,"2|1|010101":12981,"2|0|011010":15122,"2|1|010100":12535,"2|0|011011":15173,"1|0|100010":58689,"1|0|101100":37268,"1|0|101101":34773,"1|0|100011":56342,"2|1|100110":10128,"1|1|110101":19394,"2|1|100111":9862,"2|0|000101":4169,"2|0|000100":3740,"1|0|111110":2769,"1|1|110100":20872,"1|0|111111":1293,"1|0|100101":52029,"2|0|110001":5521,"2|0|110000":5915,"1|0|010101":43748,"1|0|010100":40953,"2|0|011001":15008,"2|0|011000":14528,"1|0|100100":54275,"2|1|100100":11196,"2|1|100101":10519,"2|0|000110":4767,"2|0|000111":5272,"1|0|111000":13391,"1|0|111001":11654,"2|0|110111":3154,"2|0|110110":3469,"2|0|011111":13490,"2|0|011110":13811,"1|0|100111":47433,"1|0|100110":50016,"1|1|001001":10201,"1|0|001001":10156,"1|0|001000":7050,"1|1|001000":7202,"1|1|110001":27044,"1|1|110000":28858,"1|1|010000":30298,"2|0|011101":14274,"2|1|111111":578,"2|1|111110":635,"2|0|010010":11498,"2|0|011100":14530,"2|0|010011":11820,"1|1|010001":32745,"1|0|101010":41045,"1|0|101011":39226,"1|0|001010":13033,"1|1|001111":27862,"1|0|001011":16233,"1|1|001110":24990,"2|1|101011":8033,"2|1|101010":8318,"1|1|110111":15314,"1|1|110110":17247,"1|1|010010":35684,"1|1|010011":38333,"1|1|011100":58991,"2|0|010001":10840,"2|1|111001":2326,"2|1|111000":2790,"2|0|010000":10361,"1|1|011101":60492,"1|1|000011":3238,"1|1|001100":18940,"1|1|001101":21769,"2|1|101001":8711,"1|1|000010":2552,"2|1|101000":9245,"1|1|111110":2873,"1|1|111111":1307,"2|1|111010":2043,"1|1|011110":62369,"1|1|011111":63669,"2|0|010111":13954,"2|1|001000":5760,"2|1|001001":6493,"2|1|111011":1627,"2|0|010110":13489,"1|0|101111":31260,"1|1|100101":52248,"1|1|100100":54142,"1|0|101110":32730,"1|1|000000":1421,"1|1|000001":2029,"2|1|101111":6338,"2|1|101110":6747,"1|1|110010":24922,"1|1|111101":4526,"1|1|110011":22989,"1|1|111100":6211,"1|1|011000":51025,"1|1|011001":53959,"2|1|001010":7110,"2|0|010100":12381,"2|1|001011":7802,"2|0|010101":12906,"1|0|101001":43323,"1|0|101000":45752,"1|0|000110":4691,"2|0|101101":7203,"2|0|100011":11676,"2|0|101100":7674,"2|0|100010":12105,"2|1|000001":1967,"2|1|000000":1486,"1|1|111011":7924,"1|0|000111":5238,"1|1|111010":9805,"1|0|011011":57589,"2|1|110100":4308,"1|0|011010":55905,"2|1|001100":8120,"2|1|110101":3968,"2|1|001101":8767,"1|1|100001":61001,"1|1|100000":63350,"1|0|000000":1403,"2|0|101111":6388,"2|0|101110":6703,"2|1|000111":5298,"2|1|000110":4711,"1|1|111000":13733,"1|0|000001":1998,"1|1|111001":11677,"1|0|011000":51585,"2|1|001110":9448,"2|1|110111":3120,"2|1|001111":9817,"2|1|110110":3546,"1|0|011001":53416,"1|1|100111":47904,"1|1|100110":49629,"1|0|000011":3108,"1|0|001100":19031,"1|0|000010":2617,"2|0|101001":8854,"2|0|101000":9359,"1|0|001101":21633,"2|1|110001":5419,"2|1|110000":5929,"2|1|011001":15156,"2|1|011000":14354,"1|1|010100":41181,"1|1|010101":43942,"1|1|101111":30992,"1|1|101110":33111,"2|0|101010":8410,"1|0|001111":27562,"1|1|001010":13131,"1|0|001110":24910,"1|1|001011":16148,"2|0|101011":8123,"2|1|000011":3109,"2|1|000010":2618,"1|1|010110":46130,"2|1|111101":925,"2|1|110010":5017,"2|1|111100":1327,"2|1|110011":4730,"2|1|011010":15271,"2|1|011011":14956,"1|1|010111":48668,"1|1|101101":34794,"1|1|100011":56691,"1|1|101100":37205,"1|1|100010":58989,"1|0|110001":26871,"2|0|001011":7667,"2|0|001010":7093,"1|0|110000":29137,"2|0|111110":596,"2|0|111111":557,"1|1|101010":41309,"2|1|010010":11343,"2|1|011100":14656,"2|1|011101":14237,"1|0|010001":33247,"1|0|010000":30327,"2|1|010011":11742,"1|1|101011":39441,"1|0|111101":4436,"2|0|100101":10525,"2|0|100100":11054,"1|0|110010":24894,"1|0|110011":23227,"1|0|111100":6214,"2|0|110010":5042,"2|0|111101":946,"2|0|110011":4699,"2|0|111100":1283,"2|1|011111":13371,"1|0|010111":48340,"1|0|010110":46353,"2|1|011110":13650,"1|1|101001":43612,"1|1|101000":45490,"1|0|110100":21281,"1|0|110101":18714,"2|0|100111":9509,"2|0|100110":10128,"2|1|000101":4309,"2|0|001111":9727,"2|1|000100":3689,"2|0|001110":9268,"1|0|011110":62089,"2|0|111011":1629,"2|0|111010":1954,"2|1|010111":14056,"1|0|011111":63827,"2|1|010110":13449,"1|0|110111":15271,"2|0|100001":12428,"2|0|100000":12857,"2|0|001001":6416,"2|0|001000":5813,"1|0|000101":4215,"1|0|000100":3689,"1|0|110110":17284,"1|0|010010":35849,"2|0|111000":2893,"2|0|111001":2497,"1|0|011101":60983,"2|1|010001":10911,"1|0|010011":38366,"1|0|011100":59289,"2|1|010000":10325}}
