{"probability":{"Group 13":"0.02479375957640364","Group 12":"0.5132161925546004","Group 11":"0.06660310454087771","Group 10":"0.00011551086803131146","Group  6":"0.0","Group  5":"0.002609689833968532","Group  4":"0.021248856888553148","Group  3":"0.0","Group  2":"0.0","Group  1":"0.0","Group  9":"0.0019052547912718038","Group  8":"0.0","Group  7":"0.3695076309462933"},"groups":{"Group 13":["Botan 1.5.6 & 1.11.29 & 2.1.0","Feitian JavaCOS A22 & A40","Gemalto GCX4 72K","HSM SafeNet Luna SA-1700","LibTomCrypt 1.17","Libgcrypt 1.6.0 & 1.6.5 & 1.7.6","Libgcrypt 1.6.0 FIPS & 1.6.5 FIPS","Nettle 3.2 & 3.3","Oberthur Cosmo 64","OpenSSL FIPS 2.0.12 & 2.0.14","PGPSDK 4","WolfSSL 2.0rc1 & 3.9.0 & 3.10.2","cryptlib 3.4.3 & 3.4.3.1"],"Group 12":["Bouncy Castle 1.53 (Java)","Cryptix JCE 20050328","FlexiProvider 1.7p7","HSM Utimaco Security Server Se50","Nettle 2.0","PolarSSL 0.10.0","PuTTY 0.67","SunRsaSign OpenJDK 1.8.0","mbedTLS 1.3.19 & 2.2.1 & 2.4.2"],"Group 11":["Bouncy Castle 1.54 (Java)","Crypto++ 5.6.0 & 5.6.3 & 5.6.5","Libgcrypt 1.7.6 FIPS","Microsoft CryptoAPI & CNG & .NET"],"Group 10":["NXP J2D081 & J2E145G","YubiKey NEO"],"Group  6":["Oberthur Cosmo Dual 72K"],"Group  5":["NXP J2A080 & J2A081 & J3A081 & JCOP 41 V2.2.1"],"Group  4":["Gemalto GXP E64"],"Group  3":["GNU Crypto 2.0.1"],"Group  2":["G&D SmartCafe 4.x & 6.0"],"Group  1":["G&D SmartCafe 3.2"],"Group  9":["Infineon JTOP 80K","YubiKey 4 & 4 Nano"],"Group  8":["PGPSDK 4 FIPS"],"Group  7":["OpenSSL 0.9.7 & 1.0.2g & 1.0.2k & 1.1.0e"]},"frequencies":{"1|1|000110":7969,"2|1|100011":4619,"2|1|101101":2689,"1|1|000111":7908,"2|1|101100":2881,"2|1|100010":4872,"2|0|000000":8647,"2|0|000001":8695,"1|0|111010":2706,"1|0|111011":2133,"1|1|011010":16725,"1|1|011011":17065,"2|0|110100":1567,"2|0|110101":1386,"1|0|100001":17515,"1|0|100000":18096,"2|1|100000":5418,"1|1|000100":8220,"2|1|100001":5190,"2|0|000011":8228,"2|0|001101":7480,"2|0|001100":7547,"2|0|000010":8422,"1|1|000101":8141,"2|1|010101":6803,"2|0|011010":6232,"2|1|010100":6919,"2|0|011011":6075,"1|0|100010":16791,"1|0|101100":10417,"1|0|101101":9485,"1|0|100011":16202,"2|1|100110":3963,"1|1|110101":5301,"2|1|100111":3915,"2|0|000101":8285,"2|0|000100":8317,"1|0|111110":715,"1|1|110100":5785,"1|0|111111":209,"1|0|100101":14850,"2|0|110001":1985,"2|0|110000":2236,"1|0|010101":14736,"1|0|010100":14221,"2|0|011001":6436,"2|0|011000":6416,"1|0|100100":15459,"2|1|100100":4432,"2|1|100101":4292,"2|0|000110":7921,"2|0|000111":8035,"1|0|111000":3652,"1|0|111001":3131,"2|0|110111":1104,"2|0|110110":1246,"2|0|011111":5577,"2|0|011110":5759,"1|0|100111":13608,"1|0|100110":14267,"1|1|001001":8643,"1|0|001001":8816,"1|0|001000":8120,"1|1|001000":8007,"1|1|110001":7511,"1|1|110000":8086,"1|1|010000":12289,"2|0|011101":5820,"2|1|111111":58,"2|1|111110":178,"2|0|010010":7123,"2|0|011100":6035,"2|0|010011":7285,"1|1|010001":12863,"1|0|101010":11663,"1|0|101011":11065,"1|0|001010":9277,"1|1|001111":12049,"1|0|001011":9871,"1|1|001110":11225,"2|1|101011":3060,"2|1|101010":3241,"1|1|110111":4288,"1|1|110110":4742,"1|1|010010":13186,"1|1|010011":13702,"1|1|011100":17347,"2|0|010001":7267,"2|1|111001":872,"2|1|111000":986,"2|0|010000":7413,"1|1|011101":17654,"1|1|000011":8350,"1|1|001100":10298,"1|1|001101":10919,"2|1|101001":3370,"1|1|000010":8366,"2|1|101000":3624,"1|1|111110":705,"1|1|111111":244,"2|1|111010":734,"1|1|011110":17974,"1|1|011111":18534,"2|0|010111":6555,"2|1|001000":7622,"2|1|001001":7603,"2|1|111011":562,"2|0|010110":6811,"1|0|101111":8681,"1|1|100101":14739,"1|1|100100":15401,"1|0|101110":9272,"1|1|000000":8894,"1|1|000001":8717,"2|1|101111":2412,"2|1|101110":2557,"1|1|110010":6989,"1|1|111101":1203,"1|1|110011":6379,"1|1|111100":1692,"1|1|011000":15940,"1|1|011001":16281,"2|1|001010":7648,"2|0|010100":7192,"2|1|001011":7544,"2|0|010101":6937,"1|0|101001":12326,"1|0|101000":12934,"1|0|000110":8091,"2|0|101101":2732,"2|0|100011":4740,"2|0|101100":2962,"2|0|100010":4961,"2|1|000001":8424,"2|1|000000":8794,"1|1|111011":2137,"1|0|000111":7984,"1|1|111010":2770,"1|0|011011":16938,"2|1|110100":1542,"1|0|011010":16659,"2|1|001100":7556,"2|1|110101":1385,"2|1|001101":7569,"1|1|100001":17716,"1|1|100000":18231,"1|0|000000":8724,"2|0|101111":2434,"2|0|101110":2481,"2|1|000111":7640,"2|1|000110":7982,"1|1|111000":3676,"1|0|000001":8650,"1|1|111001":3210,"1|0|011000":15892,"2|1|001110":7575,"2|1|110111":1124,"2|1|001111":7378,"2|1|110110":1247,"1|0|011001":16347,"1|1|100111":13580,"1|1|100110":14117,"1|0|000011":8364,"1|0|001100":10357,"1|0|000010":8554,"2|0|101001":3394,"2|0|101000":3661,"1|0|001101":10856,"2|1|110001":1947,"2|1|110000":2155,"2|1|011001":6411,"2|1|011000":6652,"1|1|010100":14258,"1|1|010101":14917,"1|1|101111":8531,"1|1|101110":9069,"2|0|101010":3132,"1|0|001111":11996,"1|1|001010":9168,"1|0|001110":11440,"1|1|001011":9827,"2|0|101011":2966,"2|1|000011":8447,"2|1|000010":8498,"1|1|010110":15282,"2|1|111101":298,"2|1|110010":1962,"2|1|111100":445,"2|1|110011":1717,"2|1|011010":6233,"2|1|011011":5961,"1|1|010111":15506,"1|1|101101":9764,"1|1|100011":16347,"1|1|101100":10270,"1|1|100010":16850,"1|0|110001":7411,"2|0|001011":7728,"2|0|001010":7844,"1|0|110000":8045,"2|0|111110":185,"2|0|111111":59,"1|1|101010":11491,"2|1|010010":7135,"2|1|011100":6074,"2|1|011101":5801,"1|0|010001":12818,"1|0|010000":12474,"2|1|010011":6969,"1|1|101011":10933,"1|0|111101":1224,"2|0|100101":4390,"2|0|100100":4410,"1|0|110010":6872,"1|0|110011":6383,"1|0|111100":1705,"2|0|110010":1892,"2|0|111101":302,"2|0|110011":1744,"2|0|111100":465,"2|1|011111":5702,"1|0|010111":15510,"1|0|010110":15284,"2|1|011110":5782,"1|1|101001":12237,"1|1|101000":12742,"1|0|110100":5770,"1|0|110101":5279,"2|0|100111":3872,"2|0|100110":3814,"2|1|000101":8071,"2|0|001111":7543,"2|1|000100":8275,"2|0|001110":7371,"1|0|011110":18098,"2|0|111011":540,"2|0|111010":707,"2|1|010111":6712,"1|0|011111":18560,"2|1|010110":6643,"1|0|110111":4250,"2|0|100001":5166,"2|0|100000":5475,"2|0|001001":7756,"2|0|001000":7776,"1|0|000101":8096,"1|0|000100":8303,"1|0|110110":4780,"1|0|010010":13437,"2|0|111000":978,"2|0|111001":827,"1|0|011101":17658,"2|1|010001":7234,"1|0|010011":13732,"1|0|011100":17129,"2|1|010000":7393}}
