{"probability":{"Group 13":"0.03934421718977962","Group 12":"0.02896028469335443","Group 11":"0.23176705446595247","Group 10":"0.000016547807172712214","Group  6":"0.00010710304013967684","Group  5":"0.0","Group  4":"0.0013030005011162803","Group  3":"0.00013190158627937194","Group  2":"0.0","Group  1":"0.0","Group  9":"0.00014602008170281434","Group  8":"0.005252711700674477","Group  7":"0.6929711589338282"},"groups":{"Group 13":["Botan 1.5.6 & 1.11.29 & 2.1.0","Feitian JavaCOS A22 & A40","Gemalto GCX4 72K","HSM SafeNet Luna SA-1700","LibTomCrypt 1.17","Libgcrypt 1.6.0 & 1.6.5 & 1.7.6","Libgcrypt 1.6.0 FIPS & 1.6.5 FIPS","Nettle 3.2 & 3.3","Oberthur Cosmo 64","OpenSSL FIPS 2.0.12 & 2.0.14","PGPSDK 4","WolfSSL 2.0rc1 & 3.9.0 & 3.10.2","cryptlib 3.4.3 & 3.4.3.1"],"Group 12":["Bouncy Castle 1.53 (Java)","Cryptix JCE 20050328","FlexiProvider 1.7p7","HSM Utimaco Security Server Se50","Nettle 2.0","PolarSSL 0.10.0","PuTTY 0.67","SunRsaSign OpenJDK 1.8.0","mbedTLS 1.3.19 & 2.2.1 & 2.4.2"],"Group 11":["Bouncy Castle 1.54 (Java)","Crypto++ 5.6.0 & 5.6.3 & 5.6.5","Libgcrypt 1.7.6 FIPS","Microsoft CryptoAPI & CNG & .NET"],"Group 10":["NXP J2D081 & J2E145G","YubiKey NEO"],"Group  6":["Oberthur Cosmo Dual 72K"],"Group  5":["NXP J2A080 & J2A081 & J3A081 & JCOP 41 V2.2.1"],"Group  4":["Gemalto GXP E64"],"Group  3":["GNU Crypto 2.0.1"],"Group  2":["G&D SmartCafe 4.x & 6.0"],"Group  1":["G&D SmartCafe 3.2"],"Group  9":["Infineon JTOP 80K","YubiKey 4 & 4 Nano"],"Group  8":["PGPSDK 4 FIPS"],"Group  7":["OpenSSL 0.9.7 & 1.0.2g & 1.0.2k & 1.1.0e"]},"frequencies":{"1|1|000110":7733,"2|1|100011":18358,"2|1|101101":11346,"1|1|000111":8314,"2|1|101100":12232,"2|1|100010":19421,"2|0|000000":3277,"2|0|000001":3821,"1|0|111010":22863,"1|0|111011":18680,"1|1|011010":127249,"1|1|011011":132162,"2|0|110100":6847,"2|0|110101":6352,"1|0|100001":143128,"1|0|100000":148727,"2|1|100000":21100,"1|1|000100":6091,"2|1|100001":20133,"2|0|000011":5502,"2|0|001101":13515,"2|0|001100":12950,"2|0|000010":4678,"1|1|000101":6803,"2|1|010101":20210,"2|0|011010":23701,"2|1|010100":19309,"2|0|011011":23539,"1|0|100010":137218,"1|0|101100":87457,"1|0|101101":82160,"1|0|100011":132587,"2|1|100110":16475,"1|1|110101":45121,"2|1|100111":15642,"2|0|000101":6873,"2|0|000100":6333,"1|0|111110":6337,"1|1|110100":49442,"1|0|111111":2452,"1|0|100101":121967,"2|0|110001":8914,"2|0|110000":9477,"1|0|010101":97699,"1|0|010100":91802,"2|0|011001":23045,"2|0|011000":22316,"1|0|100100":128005,"2|1|100100":17850,"2|1|100101":17206,"2|0|000110":7603,"2|0|000111":8400,"1|0|111000":31750,"1|0|111001":27417,"2|0|110111":5080,"2|0|110110":5708,"2|0|011111":21480,"2|0|011110":21883,"1|0|100111":111588,"1|0|100110":116763,"1|1|001001":19544,"1|0|001001":19606,"1|0|001000":12091,"1|1|001000":12500,"1|1|110001":63052,"1|1|110000":68026,"1|1|010000":66784,"2|0|011101":22339,"2|1|111111":744,"2|1|111110":960,"2|0|010010":17813,"2|0|011100":22918,"2|0|010011":18612,"1|1|010001":72687,"1|0|101010":96080,"1|0|101011":91699,"1|0|001010":26261,"1|1|001111":60069,"1|0|001011":33391,"1|1|001110":53959,"2|1|101011":12829,"2|1|101010":13526,"1|1|110111":36155,"1|1|110110":40642,"1|1|010010":79727,"1|1|010011":85848,"1|1|011100":136146,"2|0|010001":17016,"2|1|111001":3849,"2|1|111000":4529,"2|0|010000":16178,"1|1|011101":140456,"1|1|000011":5436,"1|1|001100":40094,"1|1|001101":46852,"2|1|101001":14176,"1|1|000010":4569,"2|1|101000":15051,"1|1|111110":6295,"1|1|111111":2517,"2|1|111010":3274,"1|1|011110":144464,"1|1|011111":149292,"2|0|010111":21445,"2|1|001000":9156,"2|1|001001":10221,"2|1|111011":2805,"2|0|010110":21115,"1|0|101111":72291,"1|1|100101":122333,"1|1|100100":127192,"1|0|101110":77197,"1|1|000000":3165,"1|1|000001":4020,"2|1|101111":10225,"2|1|101110":10954,"1|1|110010":58671,"1|1|111101":10591,"1|1|110011":53956,"1|1|111100":14520,"1|1|011000":115567,"1|1|011001":121723,"2|1|001010":11133,"2|0|010100":19197,"2|1|001011":11952,"2|0|010101":19929,"1|0|101001":101612,"1|0|101000":106933,"1|0|000110":7562,"2|0|101101":11467,"2|0|100011":18564,"2|0|101100":12136,"2|0|100010":19397,"2|1|000001":3981,"2|1|000000":3271,"1|1|111011":18845,"1|0|000111":8257,"1|1|111010":23143,"1|0|011011":131369,"2|1|110100":6812,"1|0|011010":127089,"2|1|001100":12982,"2|1|110101":6306,"2|1|001101":13733,"1|1|100001":142966,"1|1|100000":149221,"1|0|000000":3347,"2|0|101111":10182,"2|0|101110":10782,"2|1|000111":8288,"2|1|000110":7623,"1|1|111000":31814,"1|0|000001":3838,"1|1|111001":27084,"1|0|011000":115805,"2|1|001110":14431,"2|1|110111":5006,"2|1|001111":15549,"2|1|110110":5691,"1|0|011001":121722,"1|1|100111":111219,"1|1|100110":116661,"1|0|000011":5482,"1|0|001100":40298,"1|0|000010":4699,"2|0|101001":14136,"2|0|101000":15091,"1|0|001101":46612,"2|1|110001":8756,"2|1|110000":9572,"2|1|011001":23165,"2|1|011000":22365,"1|1|010100":91869,"1|1|010101":97581,"1|1|101111":72430,"1|1|101110":77121,"2|0|101010":13672,"1|0|001111":60446,"1|1|001010":26345,"1|0|001110":53826,"1|1|001011":33587,"2|0|101011":12989,"2|1|000011":5335,"2|1|000010":4749,"1|1|010110":103918,"2|1|111101":1496,"2|1|110010":8218,"2|1|111100":2041,"2|1|110011":7464,"2|1|011010":23840,"2|1|011011":23416,"1|1|010111":109751,"1|1|101101":81918,"1|1|100011":132858,"1|1|101100":87374,"1|1|100010":137755,"1|0|110001":62581,"2|0|001011":12061,"2|0|001010":11087,"1|0|110000":68105,"2|0|111110":997,"2|0|111111":765,"1|1|101010":97164,"2|1|010010":17664,"2|1|011100":22753,"2|1|011101":22366,"1|0|010001":72878,"1|0|010000":66848,"2|1|010011":18551,"1|1|101011":91195,"1|0|111101":10496,"2|0|100101":16842,"2|0|100100":17761,"1|0|110010":58597,"1|0|110011":54109,"1|0|111100":14532,"2|0|110010":8170,"2|0|111101":1612,"2|0|110011":7511,"2|0|111100":2137,"2|1|011111":21171,"1|0|010111":110031,"1|0|010110":103782,"2|1|011110":21611,"1|1|101001":102543,"1|1|101000":106322,"1|0|110100":49600,"1|0|110101":45395,"2|0|100111":15561,"2|0|100110":16545,"2|1|000101":6799,"2|0|001111":15091,"2|1|000100":6294,"2|0|001110":14532,"1|0|011110":144553,"2|0|111011":2659,"2|0|111010":3211,"2|1|010111":21720,"1|0|011111":149704,"2|1|010110":20891,"1|0|110111":36134,"2|0|100001":20114,"2|0|100000":21100,"2|0|001001":10356,"2|0|001000":9420,"1|0|000101":6938,"1|0|000100":6192,"1|0|110110":40457,"1|0|010010":79561,"2|0|111000":4413,"2|0|111001":3866,"1|0|011101":140843,"2|1|010001":17099,"1|0|010011":85597,"1|0|011100":135812,"2|1|010000":16086}}
