{"probability":{"Group 13":"0.1455088053855306","Group 12":"0.33885742698830834","Group 11":"0.04590333162610224","Group 10":"0.00004098219773847269","Group  6":"0.0","Group  5":"0.00025461720474891336","Group  4":"0.01148105053731536","Group  3":"0.0","Group  2":"0.00008857736434636641","Group  1":"0.0","Group  9":"0.0017814117836415656","Group  8":"0.0","Group  7":"0.4560837969122681"},"groups":{"Group 13":["Botan 1.5.6 & 1.11.29 & 2.1.0","Feitian JavaCOS A22 & A40","Gemalto GCX4 72K","HSM SafeNet Luna SA-1700","LibTomCrypt 1.17","Libgcrypt 1.6.0 & 1.6.5 & 1.7.6","Libgcrypt 1.6.0 FIPS & 1.6.5 FIPS","Nettle 3.2 & 3.3","Oberthur Cosmo 64","OpenSSL FIPS 2.0.12 & 2.0.14","PGPSDK 4","WolfSSL 2.0rc1 & 3.9.0 & 3.10.2","cryptlib 3.4.3 & 3.4.3.1"],"Group 12":["Bouncy Castle 1.53 (Java)","Cryptix JCE 20050328","FlexiProvider 1.7p7","HSM Utimaco Security Server Se50","Nettle 2.0","PolarSSL 0.10.0","PuTTY 0.67","SunRsaSign OpenJDK 1.8.0","mbedTLS 1.3.19 & 2.2.1 & 2.4.2"],"Group 11":["Bouncy Castle 1.54 (Java)","Crypto++ 5.6.0 & 5.6.3 & 5.6.5","Libgcrypt 1.7.6 FIPS","Microsoft CryptoAPI & CNG & .NET"],"Group 10":["NXP J2D081 & J2E145G","YubiKey NEO"],"Group  6":["Oberthur Cosmo Dual 72K"],"Group  5":["NXP J2A080 & J2A081 & J3A081 & JCOP 41 V2.2.1"],"Group  4":["Gemalto GXP E64"],"Group  3":["GNU Crypto 2.0.1"],"Group  2":["G&D SmartCafe 4.x & 6.0"],"Group  1":["G&D SmartCafe 3.2"],"Group  9":["Infineon JTOP 80K","YubiKey 4 & 4 Nano"],"Group  8":["PGPSDK 4 FIPS"],"Group  7":["OpenSSL 0.9.7 & 1.0.2g & 1.0.2k & 1.1.0e"]},"frequencies":{"1|1|000110":3426,"2|1|100011":3294,"2|1|101101":1996,"1|1|000111":3471,"2|1|101100":2156,"2|1|100010":3566,"2|0|000000":3882,"2|0|000001":3725,"1|0|111010":2207,"1|0|111011":1773,"1|1|011010":12356,"1|1|011011":12805,"2|0|110100":1224,"2|0|110101":1031,"1|0|100001":13964,"1|0|100000":14441,"2|1|100000":3833,"1|1|000100":3601,"2|1|100001":3740,"2|0|000011":3595,"2|0|001101":3728,"2|0|001100":3682,"2|0|000010":3762,"1|1|000101":3620,"2|1|010101":3920,"2|0|011010":4015,"2|1|010100":3938,"2|0|011011":3789,"1|0|100010":13457,"1|0|101100":8309,"1|0|101101":7784,"1|0|100011":12799,"2|1|100110":2813,"1|1|110101":4364,"2|1|100111":2825,"2|0|000101":3684,"2|0|000100":3737,"1|0|111110":602,"1|1|110100":4737,"1|0|111111":193,"1|0|100101":11833,"2|0|110001":1503,"2|0|110000":1586,"1|0|010101":10294,"1|0|010100":9853,"2|0|011001":3855,"2|0|011000":3977,"1|0|100100":12308,"2|1|100100":3088,"2|1|100101":3054,"2|0|000110":3428,"2|0|000111":3411,"1|0|111000":3033,"1|0|111001":2560,"2|0|110111":801,"2|0|110110":994,"2|0|011111":4064,"2|0|011110":3965,"1|0|100111":10637,"1|0|100110":11287,"1|1|001001":4210,"1|0|001001":4281,"1|0|001000":3779,"1|1|001000":3712,"1|1|110001":5993,"1|1|110000":6452,"1|1|010000":8034,"2|0|011101":4043,"2|1|111111":45,"2|1|111110":154,"2|0|010010":3866,"2|0|011100":3856,"2|0|010011":3864,"1|1|010001":8457,"1|0|101010":9213,"1|0|101011":8849,"1|0|001010":4894,"1|1|001111":7682,"1|0|001011":5493,"1|1|001110":6815,"2|1|101011":2253,"2|1|101010":2366,"1|1|110111":3377,"1|1|110110":3906,"1|1|010010":9000,"1|1|010011":9534,"1|1|011100":13385,"2|0|010001":3801,"2|1|111001":637,"2|1|111000":697,"2|0|010000":3830,"1|1|011101":13733,"1|1|000011":3661,"1|1|001100":6083,"1|1|001101":6538,"2|1|101001":2575,"1|1|000010":3759,"2|1|101000":2755,"1|1|111110":623,"1|1|111111":202,"2|1|111010":537,"1|1|011110":14071,"1|1|011111":14389,"2|0|010111":3964,"2|1|001000":3382,"2|1|001001":3529,"2|1|111011":446,"2|0|010110":4053,"1|0|101111":6835,"1|1|100101":11834,"1|1|100100":12196,"1|0|101110":7367,"1|1|000000":3803,"1|1|000001":3857,"2|1|101111":1756,"2|1|101110":1848,"1|1|110010":5684,"1|1|111101":973,"1|1|110011":5283,"1|1|111100":1365,"1|1|011000":11549,"1|1|011001":11935,"2|1|001010":3630,"2|0|010100":3917,"2|1|001011":3622,"2|0|010101":3973,"1|0|101001":9534,"1|0|101000":10406,"1|0|000110":3522,"2|0|101101":1999,"2|0|100011":3391,"2|0|101100":2146,"2|0|100010":3557,"2|1|000001":3805,"2|1|000000":3909,"1|1|111011":1811,"1|0|000111":3499,"1|1|111010":2104,"1|0|011011":12918,"2|1|110100":1138,"1|0|011010":12642,"2|1|001100":3582,"2|1|110101":1043,"2|1|001101":3677,"1|1|100001":13929,"1|1|100000":14389,"1|0|000000":3737,"2|0|101111":1790,"2|0|101110":1908,"2|1|000111":3367,"2|1|000110":3536,"1|1|111000":2972,"1|0|000001":3827,"1|1|111001":2588,"1|0|011000":11676,"2|1|001110":3746,"2|1|110111":863,"2|1|001111":3850,"2|1|110110":914,"1|0|011001":12094,"1|1|100111":10634,"1|1|100110":11305,"1|0|000011":3705,"1|0|001100":5920,"1|0|000010":3753,"2|0|101001":2464,"2|0|101000":2618,"1|0|001101":6445,"2|1|110001":1525,"2|1|110000":1578,"2|1|011001":4034,"2|1|011000":3943,"1|1|010100":9968,"1|1|010101":10374,"1|1|101111":6980,"1|1|101110":7478,"2|0|101010":2397,"1|0|001111":7617,"1|1|001010":4884,"1|0|001110":6983,"1|1|001011":5312,"2|0|101011":2221,"2|1|000011":3618,"2|1|000010":3794,"1|1|010110":10752,"2|1|111101":232,"2|1|110010":1389,"2|1|111100":322,"2|1|110011":1274,"2|1|011010":3976,"2|1|011011":3959,"1|1|010111":11167,"1|1|101101":7843,"1|1|100011":13054,"1|1|101100":8322,"1|1|100010":13330,"1|0|110001":6111,"2|0|001011":3622,"2|0|001010":3552,"1|0|110000":6315,"2|0|111110":155,"2|0|111111":48,"1|1|101010":9306,"2|1|010010":3976,"2|1|011100":3942,"2|1|011101":3887,"1|0|010001":8302,"1|0|010000":8051,"2|1|010011":3919,"1|1|101011":8760,"1|0|111101":1011,"2|0|100101":3073,"2|0|100100":3262,"1|0|110010":5591,"1|0|110011":5116,"1|0|111100":1405,"2|0|110010":1358,"2|0|111101":266,"2|0|110011":1314,"2|0|111100":320,"2|1|011111":3955,"1|0|010111":11167,"1|0|010110":10843,"2|1|011110":4003,"1|1|101001":9848,"1|1|101000":10439,"1|0|110100":4686,"1|0|110101":4172,"2|0|100111":2844,"2|0|100110":2856,"2|1|000101":3537,"2|0|001111":3830,"2|1|000100":3642,"2|0|001110":3760,"1|0|011110":14237,"2|0|111011":452,"2|0|111010":548,"2|1|010111":3903,"1|0|011111":14483,"2|1|010110":3861,"1|0|110111":3484,"2|0|100001":3650,"2|0|100000":3967,"2|0|001001":3481,"2|0|001000":3452,"1|0|000101":3527,"1|0|000100":3696,"1|0|110110":3995,"1|0|010010":8999,"2|0|111000":753,"2|0|111001":670,"1|0|011101":13613,"2|1|010001":3861,"1|0|010011":9227,"1|0|011100":13099,"2|1|010000":3821}}
