{"probability":{"Group 13":"0.09332934269717232","Group 12":"0.021278253183733196","Group 11":"0.06118315386533943","Group 10":"0.00011874734432616263","Group  6":"0.0007690006838780069","Group  5":"0.0","Group  4":"0.0036756392125209146","Group  3":"0.00031667500202181375","Group  2":"0.0","Group  1":"0.0","Group  9":"0.00048450483253713366","Group  8":"0.005583615349005493","Group  7":"0.8132610678294656"},"groups":{"Group 13":["Botan 1.5.6 & 1.11.29 & 2.1.0","Feitian JavaCOS A22 & A40","Gemalto GCX4 72K","HSM SafeNet Luna SA-1700","LibTomCrypt 1.17","Libgcrypt 1.6.0 & 1.6.5 & 1.7.6","Libgcrypt 1.6.0 FIPS & 1.6.5 FIPS","Nettle 3.2 & 3.3","Oberthur Cosmo 64","OpenSSL FIPS 2.0.12 & 2.0.14","PGPSDK 4","WolfSSL 2.0rc1 & 3.9.0 & 3.10.2","cryptlib 3.4.3 & 3.4.3.1"],"Group 12":["Bouncy Castle 1.53 (Java)","Cryptix JCE 20050328","FlexiProvider 1.7p7","HSM Utimaco Security Server Se50","Nettle 2.0","PolarSSL 0.10.0","PuTTY 0.67","SunRsaSign OpenJDK 1.8.0","mbedTLS 1.3.19 & 2.2.1 & 2.4.2"],"Group 11":["Bouncy Castle 1.54 (Java)","Crypto++ 5.6.0 & 5.6.3 & 5.6.5","Libgcrypt 1.7.6 FIPS","Microsoft CryptoAPI & CNG & .NET"],"Group 10":["NXP J2D081 & J2E145G","YubiKey NEO"],"Group  6":["Oberthur Cosmo Dual 72K"],"Group  5":["NXP J2A080 & J2A081 & J3A081 & JCOP 41 V2.2.1"],"Group  4":["Gemalto GXP E64"],"Group  3":["GNU Crypto 2.0.1"],"Group  2":["G&D SmartCafe 4.x & 6.0"],"Group  1":["G&D SmartCafe 3.2"],"Group  9":["Infineon JTOP 80K","YubiKey 4 & 4 Nano"],"Group  8":["PGPSDK 4 FIPS"],"Group  7":["OpenSSL 0.9.7 & 1.0.2g & 1.0.2k & 1.1.0e"]},"frequencies":{"1|1|000110":1039,"2|1|100011":4338,"2|1|101101":2703,"1|1|000111":1173,"2|1|101100":2843,"2|1|100010":4443,"2|0|000000":1204,"2|0|000001":754,"1|0|111010":8648,"1|0|111011":7118,"1|1|011010":46676,"1|1|011011":48649,"2|0|110100":1564,"2|0|110101":1525,"1|0|100001":54905,"1|0|100000":56933,"2|1|100000":5086,"1|1|000100":945,"2|1|100001":4703,"2|0|000011":891,"2|0|001101":2384,"2|0|001100":2252,"2|0|000010":834,"1|1|000101":1053,"2|1|010101":3896,"2|0|011010":4767,"2|1|010100":3722,"2|0|011011":4961,"1|0|100010":52491,"1|0|101100":33222,"1|0|101101":31263,"1|0|100011":50524,"2|1|100110":3779,"1|1|110101":17286,"2|1|100111":3607,"2|0|000101":1047,"2|0|000100":959,"1|0|111110":2305,"1|1|110100":18891,"1|0|111111":843,"1|0|100101":46421,"2|0|110001":2068,"2|0|110000":2184,"1|0|010101":35725,"1|0|010100":33134,"2|0|011001":4494,"2|0|011000":4477,"1|0|100100":48595,"2|1|100100":4077,"2|1|100101":4025,"2|0|000110":1125,"2|0|000111":1151,"1|0|111000":12126,"1|0|111001":10511,"2|0|110111":1165,"2|0|110110":1351,"2|0|011111":5072,"2|0|011110":4944,"1|0|100111":42958,"1|0|100110":45011,"1|1|001001":5403,"1|0|001001":5437,"1|0|001000":2532,"1|1|001000":2591,"1|1|110001":23970,"1|1|110000":26061,"1|1|010000":23572,"2|0|011101":4908,"2|1|111111":152,"2|1|111110":242,"2|0|010010":3416,"2|0|011100":4847,"2|0|010011":3495,"1|1|010001":26281,"1|0|101010":36844,"1|0|101011":35112,"1|0|001010":8280,"1|1|001111":20813,"1|0|001011":10702,"1|1|001110":18471,"2|1|101011":3073,"2|1|101010":3176,"1|1|110111":14158,"1|1|110110":15445,"1|1|010010":28356,"1|1|010011":30795,"1|1|011100":51019,"2|0|010001":3223,"2|1|111001":860,"2|1|111000":1033,"2|0|010000":3018,"1|1|011101":53126,"1|1|000011":916,"1|1|001100":13450,"1|1|001101":16069,"2|1|101001":3305,"1|1|000010":855,"2|1|101000":3575,"1|1|111110":2451,"1|1|111111":838,"2|1|111010":722,"1|1|011110":54622,"1|1|011111":56869,"2|0|010111":4212,"2|1|001000":1332,"2|1|001001":1590,"2|1|111011":645,"2|0|010110":4064,"1|0|101111":27777,"1|1|100101":46726,"1|1|100100":48682,"1|0|101110":29791,"1|1|000000":1162,"1|1|000001":770,"2|1|101111":2332,"2|1|101110":2584,"1|1|110010":22505,"1|1|111101":4011,"1|1|110011":20597,"1|1|111100":5522,"1|1|011000":42348,"1|1|011001":44605,"2|1|001010":1803,"2|0|010100":3752,"2|1|001011":2074,"2|0|010101":3863,"1|0|101001":38641,"1|0|101000":40786,"1|0|000110":1100,"2|0|101101":2707,"2|0|100011":4327,"2|0|101100":2764,"2|0|100010":4573,"2|1|000001":796,"2|1|000000":1196,"1|1|111011":7214,"1|0|000111":1213,"1|1|111010":8827,"1|0|011011":48490,"2|1|110100":1604,"1|0|011010":46709,"2|1|001100":2145,"2|1|110101":1465,"2|1|001101":2361,"1|1|100001":54445,"1|1|100000":56645,"1|0|000000":1193,"2|0|101111":2481,"2|0|101110":2592,"2|1|000111":1128,"2|1|000110":1113,"1|1|111000":12074,"1|0|000001":761,"1|1|111001":10402,"1|0|011000":42448,"2|1|001110":2578,"2|1|110111":1192,"2|1|001111":2795,"2|1|110110":1293,"1|0|011001":44766,"1|1|100111":42583,"1|1|100110":44186,"1|0|000011":911,"1|0|001100":13383,"1|0|000010":879,"2|0|101001":3322,"2|0|101000":3550,"1|0|001101":15709,"2|1|110001":2043,"2|1|110000":2235,"2|1|011001":4690,"0|1|000000":1,"2|1|011000":4460,"1|1|010100":33337,"1|1|010101":35374,"1|1|101111":27604,"1|1|101110":29657,"2|0|101010":3291,"1|0|001111":20898,"1|1|001010":8212,"1|0|001110":18423,"1|1|001011":10800,"2|0|101011":2939,"2|1|000011":919,"2|1|000010":808,"1|1|010110":37731,"2|1|111101":335,"2|1|110010":1852,"2|1|111100":456,"2|1|110011":1767,"2|1|011010":4813,"2|1|011011":4888,"1|1|010111":40109,"1|1|101101":31525,"1|1|100011":50541,"1|1|101100":33426,"1|1|100010":52723,"1|0|110001":24429,"2|0|001011":2081,"2|0|001010":1807,"1|0|110000":26025,"2|0|111110":232,"2|0|111111":164,"1|1|101010":37090,"2|1|010010":3465,"2|1|011100":4935,"2|1|011101":4869,"1|0|010001":26033,"1|0|010000":23572,"2|1|010011":3494,"1|1|101011":34779,"1|0|111101":3987,"2|0|100101":3934,"2|0|100100":4155,"1|0|110010":22490,"1|0|110011":20388,"1|0|111100":5555,"2|0|110010":1953,"2|0|111101":361,"2|0|110011":1801,"2|0|111100":498,"2|1|011111":5065,"1|0|010111":40283,"1|0|010110":37862,"2|1|011110":4900,"1|1|101001":38892,"1|1|101000":40057,"1|0|110100":18795,"1|0|110101":17347,"2|0|100111":3721,"2|0|100110":3899,"2|1|000101":1037,"2|0|001111":2640,"2|1|000100":983,"2|0|001110":2674,"1|0|011110":55048,"2|0|111011":601,"2|0|111010":748,"2|1|010111":4327,"1|0|011111":56870,"2|1|010110":4072,"1|0|110111":13640,"2|0|100001":4899,"2|0|100000":4914,"2|0|001001":1610,"2|0|001000":1285,"1|0|000101":1098,"1|0|000100":1002,"1|0|110110":15616,"1|0|010010":28315,"2|0|111000":1030,"2|0|111001":875,"1|0|011101":52563,"2|1|010001":3342,"1|0|010011":30796,"1|0|011100":51227,"2|1|010000":2964}}
