{"probability":{"Group 13":"0.15792100116542584","Group 12":"0.3361493929433983","Group 11":"0.05522730914455546","Group 10":"0.00033157299278194013","Group  6":"0.0","Group  5":"0.0004433770145101659","Group  4":"0.011252786409258163","Group  3":"0.0","Group  2":"0.0","Group  1":"0.0","Group  9":"0.0011004198344848255","Group  8":"0.0","Group  7":"0.43757414049558535"},"groups":{"Group 13":["Botan 1.5.6 & 1.11.29 & 2.1.0","Feitian JavaCOS A22 & A40","Gemalto GCX4 72K","HSM SafeNet Luna SA-1700","LibTomCrypt 1.17","Libgcrypt 1.6.0 & 1.6.5 & 1.7.6","Libgcrypt 1.6.0 FIPS & 1.6.5 FIPS","Nettle 3.2 & 3.3","Oberthur Cosmo 64","OpenSSL FIPS 2.0.12 & 2.0.14","PGPSDK 4","WolfSSL 2.0rc1 & 3.9.0 & 3.10.2","cryptlib 3.4.3 & 3.4.3.1"],"Group 12":["Bouncy Castle 1.53 (Java)","Cryptix JCE 20050328","FlexiProvider 1.7p7","HSM Utimaco Security Server Se50","Nettle 2.0","PolarSSL 0.10.0","PuTTY 0.67","SunRsaSign OpenJDK 1.8.0","mbedTLS 1.3.19 & 2.2.1 & 2.4.2"],"Group 11":["Bouncy Castle 1.54 (Java)","Crypto++ 5.6.0 & 5.6.3 & 5.6.5","Libgcrypt 1.7.6 FIPS","Microsoft CryptoAPI & CNG & .NET"],"Group 10":["NXP J2D081 & J2E145G","YubiKey NEO"],"Group  6":["Oberthur Cosmo Dual 72K"],"Group  5":["NXP J2A080 & J2A081 & J3A081 & JCOP 41 V2.2.1"],"Group  4":["Gemalto GXP E64"],"Group  3":["GNU Crypto 2.0.1"],"Group  2":["G&D SmartCafe 4.x & 6.0"],"Group  1":["G&D SmartCafe 3.2"],"Group  9":["Infineon JTOP 80K","YubiKey 4 & 4 Nano"],"Group  8":["PGPSDK 4 FIPS"],"Group  7":["OpenSSL 0.9.7 & 1.0.2g & 1.0.2k & 1.1.0e"]},"frequencies":{"1|1|000110":6313,"2|1|100011":6290,"2|1|101101":3818,"1|1|000111":6149,"2|1|101100":3940,"2|1|100010":6562,"2|0|000000":6722,"2|0|000001":6506,"1|0|111010":3865,"1|0|111011":3106,"1|1|011010":21651,"1|1|011011":22661,"2|0|110100":2221,"2|0|110101":2014,"1|0|100001":24104,"1|0|100000":25442,"2|1|100000":7343,"1|1|000100":6351,"2|1|100001":6952,"2|0|000011":6412,"2|0|001101":6618,"2|0|001100":6576,"2|0|000010":6538,"1|1|000101":6342,"2|1|010101":7149,"2|0|011010":7225,"2|1|010100":7158,"2|0|011011":7330,"1|0|100010":23203,"1|0|101100":14572,"1|0|101101":13427,"1|0|100011":22500,"2|1|100110":5601,"1|1|110101":7515,"2|1|100111":5177,"2|0|000101":6301,"2|0|000100":6241,"1|0|111110":1033,"1|1|110100":8039,"1|0|111111":343,"1|0|100101":20447,"2|0|110001":2850,"2|0|110000":3151,"1|0|010101":18096,"1|0|010100":17264,"2|0|011001":7408,"2|0|011000":7166,"1|0|100100":21666,"2|1|100100":6057,"2|1|100101":5739,"2|0|000110":6177,"2|0|000111":6260,"1|0|111000":5194,"1|0|111001":4503,"2|0|110111":1510,"2|0|110110":1785,"2|0|011111":7493,"2|0|011110":7241,"1|0|100111":18719,"1|0|100110":19594,"1|1|001001":7607,"1|0|001001":7478,"1|0|001000":6567,"1|1|001000":6471,"1|1|110001":10468,"1|1|110000":11325,"1|1|010000":13970,"2|0|011101":7266,"2|1|111111":88,"2|1|111110":269,"2|0|010010":7017,"2|0|011100":7314,"2|0|010011":7071,"1|1|010001":14907,"1|0|101010":16378,"1|0|101011":15306,"1|0|001010":8522,"1|1|001111":13268,"1|0|001011":9372,"1|1|001110":12173,"2|1|101011":4287,"2|1|101010":4443,"1|1|110111":6003,"1|1|110110":6653,"1|1|010010":15779,"1|1|010011":16775,"1|1|011100":23048,"2|0|010001":7025,"2|1|111001":1241,"2|1|111000":1359,"2|0|010000":6825,"1|1|011101":23708,"1|1|000011":6416,"1|1|001100":10260,"1|1|001101":11439,"2|1|101001":4696,"1|1|000010":6556,"2|1|101000":4936,"1|1|111110":1000,"1|1|111111":350,"2|1|111010":1035,"1|1|011110":24446,"1|1|011111":25339,"2|0|010111":7192,"2|1|001000":6182,"2|1|001001":6114,"2|1|111011":872,"2|0|010110":7242,"1|0|101111":12284,"1|1|100101":20725,"1|1|100100":21481,"1|0|101110":12901,"1|1|000000":6889,"1|1|000001":6805,"2|1|101111":3222,"2|1|101110":3624,"1|1|110010":9825,"1|1|111101":1711,"1|1|110011":9076,"1|1|111100":2438,"1|1|011000":20429,"1|1|011001":21103,"2|1|001010":6423,"2|0|010100":7236,"2|1|001011":6388,"2|0|010101":7287,"1|0|101001":17081,"1|0|101000":17825,"1|0|000110":6261,"2|0|101101":3698,"2|0|100011":6309,"2|0|101100":4099,"2|0|100010":6606,"2|1|000001":6628,"2|1|000000":6901,"1|1|111011":3036,"1|0|000111":6072,"1|1|111010":3769,"1|0|011011":22814,"2|1|110100":2288,"1|0|011010":21733,"2|1|001100":6652,"2|1|110101":1991,"2|1|001101":6746,"1|1|100001":24254,"1|1|100000":25227,"1|0|000000":6794,"2|0|101111":3304,"2|0|101110":3515,"2|1|000111":5984,"2|1|000110":6247,"1|1|111000":5320,"1|0|000001":6837,"1|1|111001":4492,"1|0|011000":20375,"2|1|001110":6675,"2|1|110111":1677,"2|1|001111":6850,"2|1|110110":1722,"1|0|011001":21049,"1|1|100111":18538,"1|1|100110":19831,"1|0|000011":6602,"1|0|001100":10509,"1|0|000010":6494,"2|0|101001":4786,"2|0|101000":5002,"1|0|001101":11344,"2|1|110001":2835,"2|1|110000":3120,"2|1|011001":7128,"2|1|011000":7305,"1|1|010100":17247,"1|1|010101":18034,"1|1|101111":12134,"1|1|101110":12877,"2|0|101010":4466,"1|0|001111":13101,"1|1|001010":8537,"1|0|001110":12192,"1|1|001011":9475,"2|0|101011":4204,"2|1|000011":6436,"2|1|000010":6444,"1|1|010110":18981,"2|1|111101":463,"2|1|110010":2569,"2|1|111100":646,"2|1|110011":2439,"2|1|011010":7393,"2|1|011011":7191,"1|1|010111":19729,"1|1|101101":13580,"1|1|100011":22188,"1|1|101100":14557,"1|1|100010":23266,"1|0|110001":10497,"2|0|001011":6274,"2|0|001010":6404,"1|0|110000":11149,"2|0|111110":259,"2|0|111111":90,"1|1|101010":16276,"2|1|010010":7086,"2|1|011100":7287,"2|1|011101":7337,"1|0|010001":14905,"1|0|010000":14241,"2|1|010011":7203,"1|1|101011":15094,"1|0|111101":1707,"2|0|100101":5781,"2|0|100100":6030,"1|0|110010":9646,"1|0|110011":8822,"1|0|111100":2387,"2|0|110010":2591,"2|0|111101":447,"2|0|110011":2395,"2|0|111100":618,"2|1|011111":7395,"1|0|010111":19563,"1|0|010110":18969,"2|1|011110":7428,"1|1|101001":16688,"1|1|101000":17937,"1|0|110100":8330,"1|0|110101":7338,"2|0|100111":5251,"2|0|100110":5501,"2|1|000101":6431,"2|0|001111":6875,"2|1|000100":6481,"2|0|001110":6605,"1|0|011110":24631,"2|0|111011":837,"2|0|111010":970,"2|1|010111":7227,"1|0|011111":25286,"2|1|010110":7293,"1|0|110111":5849,"2|0|100001":6948,"2|0|100000":7233,"2|0|001001":6315,"2|0|001000":6257,"1|0|000101":6249,"1|0|000100":6447,"1|0|110110":6714,"1|0|010010":15598,"2|0|111000":1348,"2|0|111001":1215,"1|0|011101":23878,"2|1|010001":6981,"1|0|010011":16534,"1|0|011100":23276,"2|1|010000":6881}}
