{"probability":{"Group 13":"0.047873169125121","Group 12":"0.02375757268824821","Group 11":"0.05789295500845139","Group 10":"0.000026225020196836642","Group  6":"0.00032774131648785176","Group  5":"0.0","Group  4":"0.002680296092314611","Group  3":"0.00004361005457292984","Group  2":"0.0","Group  1":"0.0","Group  9":"0.00032765302450872173","Group  8":"0.004708787652038771","Group  7":"0.8623619900180596"},"groups":{"Group 13":["Botan 1.5.6 & 1.11.29 & 2.1.0","Feitian JavaCOS A22 & A40","Gemalto GCX4 72K","HSM SafeNet Luna SA-1700","LibTomCrypt 1.17","Libgcrypt 1.6.0 & 1.6.5 & 1.7.6","Libgcrypt 1.6.0 FIPS & 1.6.5 FIPS","Nettle 3.2 & 3.3","Oberthur Cosmo 64","OpenSSL FIPS 2.0.12 & 2.0.14","PGPSDK 4","WolfSSL 2.0rc1 & 3.9.0 & 3.10.2","cryptlib 3.4.3 & 3.4.3.1"],"Group 12":["Bouncy Castle 1.53 (Java)","Cryptix JCE 20050328","FlexiProvider 1.7p7","HSM Utimaco Security Server Se50","Nettle 2.0","PolarSSL 0.10.0","PuTTY 0.67","SunRsaSign OpenJDK 1.8.0","mbedTLS 1.3.19 & 2.2.1 & 2.4.2"],"Group 11":["Bouncy Castle 1.54 (Java)","Crypto++ 5.6.0 & 5.6.3 & 5.6.5","Libgcrypt 1.7.6 FIPS","Microsoft CryptoAPI & CNG & .NET"],"Group 10":["NXP J2D081 & J2E145G","YubiKey NEO"],"Group  6":["Oberthur Cosmo Dual 72K"],"Group  5":["NXP J2A080 & J2A081 & J3A081 & JCOP 41 V2.2.1"],"Group  4":["Gemalto GXP E64"],"Group  3":["GNU Crypto 2.0.1"],"Group  2":["G&D SmartCafe 4.x & 6.0"],"Group  1":["G&D SmartCafe 3.2"],"Group  9":["Infineon JTOP 80K","YubiKey 4 & 4 Nano"],"Group  8":["PGPSDK 4 FIPS"],"Group  7":["OpenSSL 0.9.7 & 1.0.2g & 1.0.2k & 1.1.0e"]},"frequencies":{"1|1|000110":2539,"2|1|100011":6344,"2|1|101101":3982,"1|1|000111":2678,"2|1|101100":4246,"2|1|100010":6803,"2|0|000000":2071,"2|0|000001":1921,"1|0|111010":19516,"1|0|111011":16022,"1|1|011010":104432,"1|1|011011":109654,"2|0|110100":2327,"2|0|110101":2223,"1|0|100001":122412,"1|0|100000":127160,"2|1|100000":7469,"1|1|000100":2209,"2|1|100001":6993,"2|0|000011":2230,"2|0|001101":4326,"2|0|001100":4099,"2|0|000010":2002,"1|1|000101":2353,"2|1|010101":6479,"2|0|011010":7468,"2|1|010100":6201,"2|0|011011":7854,"1|0|100010":117853,"1|0|101100":74878,"1|0|101101":70246,"1|0|100011":112962,"2|1|100110":5721,"1|1|110101":38484,"2|1|100111":5375,"2|0|000101":2445,"2|0|000100":2428,"1|0|111110":5246,"1|1|110100":42371,"1|0|111111":2135,"1|0|100101":104530,"2|0|110001":3147,"2|0|110000":3247,"1|0|010101":79131,"1|0|010100":74062,"2|0|011001":7224,"2|0|011000":7148,"1|0|100100":109144,"2|1|100100":6168,"2|1|100101":6013,"2|0|000110":2465,"2|0|000111":2647,"1|0|111000":27203,"1|0|111001":23325,"2|0|110111":1803,"2|0|110110":1967,"2|0|011111":7429,"2|0|011110":7606,"1|0|100111":95360,"1|0|100110":99850,"1|1|001001":12012,"1|0|001001":11816,"1|0|001000":5827,"1|1|001000":5939,"1|1|110001":54095,"1|1|110000":57989,"1|1|010000":52606,"2|0|011101":7506,"2|1|111111":494,"2|1|111110":406,"2|0|010010":5633,"2|0|011100":7377,"2|0|010011":5805,"1|1|010001":57684,"1|0|101010":82280,"1|0|101011":78249,"1|0|001010":17926,"1|1|001111":46796,"1|0|001011":23770,"1|1|001110":41619,"2|1|101011":4477,"2|1|101010":4761,"1|1|110111":31027,"1|1|110110":34748,"1|1|010010":63649,"1|1|010011":69007,"1|1|011100":113910,"2|0|010001":5482,"2|1|111001":1329,"2|1|111000":1546,"2|0|010000":5088,"1|1|011101":118355,"1|1|000011":2104,"1|1|001100":29843,"1|1|001101":35476,"2|1|101001":4953,"1|1|000010":2058,"2|1|101000":5191,"1|1|111110":5304,"1|1|111111":2155,"2|1|111010":1082,"1|1|011110":122485,"1|1|011111":127066,"2|0|010111":6744,"2|1|001000":2863,"2|1|001001":3169,"2|1|111011":958,"2|0|010110":6644,"1|0|101111":61802,"1|1|100101":104576,"1|1|100100":109016,"1|0|101110":66405,"1|1|000000":2109,"1|1|000001":1977,"2|1|101111":3544,"2|1|101110":3814,"1|1|110010":49959,"1|1|111101":9031,"1|1|110011":46175,"1|1|111100":12426,"1|1|011000":94452,"1|1|011001":99821,"2|1|001010":3592,"2|0|010100":6218,"2|1|001011":3956,"2|0|010101":6452,"1|0|101001":86918,"1|0|101000":91430,"1|0|000110":2621,"2|0|101101":3942,"2|0|100011":6411,"2|0|101100":4220,"2|0|100010":6753,"2|1|000001":1846,"2|1|000000":2058,"1|1|111011":16089,"1|0|000111":2691,"1|1|111010":19760,"1|0|011011":108997,"2|1|110100":2406,"1|0|011010":104486,"2|1|001100":4083,"2|1|110101":2134,"2|1|001101":4322,"1|1|100001":122310,"1|1|100000":127411,"1|0|000000":2001,"2|0|101111":3531,"2|0|101110":3689,"2|1|000111":2687,"2|1|000110":2478,"1|1|111000":27128,"1|0|000001":1912,"1|1|111001":23257,"1|0|011000":94821,"2|1|001110":4512,"2|1|110111":1776,"2|1|001111":4981,"2|1|110110":1998,"1|0|011001":99514,"1|1|100111":94793,"1|1|100110":99689,"1|0|000011":2209,"1|0|001100":29869,"1|0|000010":2040,"2|0|101001":4957,"2|0|101000":5327,"1|0|001101":35240,"2|1|110001":3107,"2|1|110000":3317,"2|1|011001":7478,"2|1|011000":7040,"1|1|010100":74249,"1|1|010101":78691,"1|1|101111":62198,"1|1|101110":65991,"2|0|101010":4825,"1|0|001111":47361,"1|1|001010":17885,"1|0|001110":41689,"1|1|001011":24157,"2|0|101011":4649,"2|1|000011":2168,"2|1|000010":2081,"1|1|010110":84684,"2|1|111101":514,"2|1|110010":2786,"2|1|111100":716,"2|1|110011":2575,"2|1|011010":7598,"2|1|011011":7541,"1|1|010111":89446,"1|1|101101":69684,"1|1|100011":113768,"1|1|101100":74562,"1|1|100010":117786,"1|0|110001":53698,"2|0|001011":3756,"2|0|001010":3555,"1|0|110000":58220,"2|0|111110":389,"2|0|111111":506,"1|1|101010":82778,"2|1|010010":5675,"2|1|011100":7634,"2|1|011101":7436,"1|0|010001":57696,"1|0|010000":52228,"2|1|010011":5921,"1|1|101011":77971,"1|0|111101":8889,"2|0|100101":5957,"2|0|100100":6353,"1|0|110010":49933,"1|0|110011":46157,"1|0|111100":12373,"2|0|110010":2803,"2|0|111101":570,"2|0|110011":2702,"2|0|111100":720,"2|1|011111":7396,"1|0|010111":89726,"1|0|010110":84325,"2|1|011110":7507,"1|1|101001":87848,"1|1|101000":90704,"1|0|110100":42396,"1|0|110101":38728,"2|0|100111":5529,"2|0|100110":5795,"2|1|000101":2467,"2|0|001111":4780,"2|1|000100":2369,"2|0|001110":4592,"1|0|011110":122895,"2|0|111011":925,"2|0|111010":1058,"2|1|010111":6992,"1|0|011111":127456,"2|1|010110":6511,"1|0|110111":30940,"2|0|100001":7225,"2|0|100000":7430,"2|0|001001":3280,"2|0|001000":2939,"1|0|000101":2394,"1|0|000100":2191,"1|0|110110":34569,"1|0|010010":63395,"2|0|111000":1560,"2|0|111001":1337,"1|0|011101":118722,"2|1|010001":5353,"1|0|010011":68630,"1|0|011100":113436,"2|1|010000":5070}}
