{"probability":{"Group 13":"0.8520168834230644","Group 12":"0.0058729372578623824","Group 11":"0.0","Group 10":"0.001058831051089337","Group  6":"0.022391702441387502","Group  5":"0.0","Group  4":"0.0","Group  3":"0.00037460955394628297","Group  2":"0.00006342846899445582","Group  1":"0.0","Group  9":"0.0010215594020848457","Group  8":"0.005080597645098213","Group  7":"0.1121194507564726"},"groups":{"Group 13":["Botan 1.5.6 & 1.11.29 & 2.1.0","Feitian JavaCOS A22 & A40","Gemalto GCX4 72K","HSM SafeNet Luna SA-1700","LibTomCrypt 1.17","Libgcrypt 1.6.0 & 1.6.5 & 1.7.6","Libgcrypt 1.6.0 FIPS & 1.6.5 FIPS","Nettle 3.2 & 3.3","Oberthur Cosmo 64","OpenSSL FIPS 2.0.12 & 2.0.14","PGPSDK 4","WolfSSL 2.0rc1 & 3.9.0 & 3.10.2","cryptlib 3.4.3 & 3.4.3.1"],"Group 12":["Bouncy Castle 1.53 (Java)","Cryptix JCE 20050328","FlexiProvider 1.7p7","HSM Utimaco Security Server Se50","Nettle 2.0","PolarSSL 0.10.0","PuTTY 0.67","SunRsaSign OpenJDK 1.8.0","mbedTLS 1.3.19 & 2.2.1 & 2.4.2"],"Group 11":["Bouncy Castle 1.54 (Java)","Crypto++ 5.6.0 & 5.6.3 & 5.6.5","Libgcrypt 1.7.6 FIPS","Microsoft CryptoAPI & CNG & .NET"],"Group 10":["NXP J2D081 & J2E145G","YubiKey NEO"],"Group  6":["Oberthur Cosmo Dual 72K"],"Group  5":["NXP J2A080 & J2A081 & J3A081 & JCOP 41 V2.2.1"],"Group  4":["Gemalto GXP E64"],"Group  3":["GNU Crypto 2.0.1"],"Group  2":["G&D SmartCafe 4.x & 6.0"],"Group  1":["G&D SmartCafe 3.2"],"Group  9":["Infineon JTOP 80K","YubiKey 4 & 4 Nano"],"Group  8":["PGPSDK 4 FIPS"],"Group  7":["OpenSSL 0.9.7 & 1.0.2g & 1.0.2k & 1.1.0e"]},"frequencies":{"1|1|000110":266,"2|1|100011":24358,"2|1|101101":15464,"1|1|000111":252,"2|1|101100":16103,"0|0|011111":1,"0|1|111000":4,"0|1|111001":2,"2|1|100010":25615,"2|0|000000":266,"2|0|000001":301,"1|0|111010":5739,"1|0|111011":4578,"1|1|011010":28208,"1|1|011011":29758,"0|1|100111":1,"2|0|110100":9709,"0|1|100110":3,"2|0|110101":8667,"1|0|100001":35118,"1|0|100000":36082,"2|1|100000":27657,"1|1|000100":278,"2|1|100001":26775,"0|0|011000":1,"0|0|011001":1,"0|1|111110":1,"0|1|111111":1,"2|0|000011":265,"2|0|001101":7947,"2|0|001100":6464,"2|0|000010":269,"1|1|000101":294,"0|0|000111":1,"0|0|000110":1,"2|1|010101":16984,"0|1|100100":2,"2|0|011010":23412,"0|1|100101":1,"2|1|010100":15841,"2|0|011011":25016,"1|0|100010":33673,"1|0|101100":21449,"1|0|101101":19993,"1|0|100011":32572,"2|1|100110":21774,"1|1|110101":10429,"2|1|100111":20451,"2|0|000101":272,"0|1|111101":1,"2|0|000100":280,"1|0|111110":1451,"1|1|110100":11679,"1|0|111111":523,"1|0|100101":29499,"2|0|110001":12358,"2|0|110000":13171,"0|1|110010":3,"1|0|010101":22204,"1|0|010100":20698,"2|0|011001":22734,"2|0|011000":21361,"1|0|100100":31154,"0|0|011101":2,"2|1|100100":23737,"2|1|100101":22943,"0|0|011100":2,"2|0|000110":301,"2|0|000111":282,"1|0|111000":7674,"1|0|111001":6652,"2|0|110111":7033,"0|0|110100":1,"0|1|110001":2,"2|0|110110":8024,"0|1|110000":2,"2|0|011111":29148,"2|0|011110":28181,"1|0|100111":27442,"1|0|100110":28861,"0|1|010101":2,"1|1|001001":2769,"1|0|001001":3012,"0|1|010100":1,"1|0|001000":1306,"1|1|001000":1125,"1|1|110001":14907,"1|1|110000":15965,"1|1|010000":14038,"0|0|001111":2,"2|0|011101":27428,"0|0|110110":1,"2|1|111111":432,"0|0|110111":1,"0|1|110111":1,"2|1|111110":1165,"2|0|010010":14265,"2|0|011100":25960,"2|0|010011":15536,"1|1|010001":15331,"1|0|101010":23839,"1|0|101011":22570,"1|0|001010":4795,"1|1|001111":12235,"1|0|001011":6429,"1|1|001110":10909,"2|1|101011":17274,"2|1|101010":18110,"1|1|110111":8615,"1|1|110110":9518,"1|1|010010":16766,"1|1|010011":18118,"1|1|011100":30573,"2|0|010001":12926,"0|1|110101":1,"2|1|111001":5230,"0|0|110001":1,"2|1|111000":5889,"2|0|010000":11746,"1|1|011101":32375,"1|1|000011":291,"1|1|001100":7711,"1|1|001101":9217,"2|1|101001":18932,"0|0|011011":2,"0|1|010000":1,"0|1|010001":4,"1|1|000010":282,"2|1|101000":20130,"1|1|111110":1449,"0|0|011010":6,"1|1|111111":531,"2|1|111010":4216,"1|1|011110":33350,"0|0|000000":1,"1|1|011111":35152,"2|0|010111":20364,"2|1|001000":925,"2|1|001001":2256,"0|0|110011":2,"0|0|111101":1,"2|1|111011":3564,"0|0|110010":1,"2|0|010110":19123,"1|0|101111":17807,"1|1|100101":28792,"1|1|100100":29960,"1|0|101110":18949,"1|1|000000":291,"1|1|000001":299,"2|1|101111":13626,"2|1|101110":14419,"1|1|110010":13942,"1|1|111101":2424,"1|1|110011":12739,"1|1|111100":3317,"1|1|011000":25786,"0|0|000011":1,"1|1|011001":27182,"2|1|001010":3652,"0|0|001100":1,"2|0|010100":16401,"2|1|001011":5016,"0|0|001101":2,"2|0|010101":17549,"0|0|100100":2,"0|0|100101":1,"1|0|101001":24890,"1|0|101000":26109,"1|0|000110":461,"0|1|011111":1,"2|0|101101":16096,"2|0|100011":26056,"2|0|101100":16930,"2|0|100010":26882,"2|1|000001":294,"2|1|000000":243,"0|1|011110":2,"1|1|111011":4297,"1|0|000111":429,"1|1|111010":5260,"1|0|011011":31144,"2|1|110100":9191,"1|0|011010":29683,"2|1|001100":6167,"2|1|110101":8348,"2|1|001101":7499,"1|1|100001":33792,"1|1|100000":34804,"1|0|000000":431,"0|1|011100":1,"2|0|101111":13962,"2|0|101110":15005,"2|1|000111":267,"2|1|000110":293,"1|1|111000":7492,"1|0|000001":500,"1|1|111001":6346,"1|0|011000":26573,"2|1|001110":8755,"2|1|110111":6677,"2|1|001111":9796,"0|0|100000":1,"2|1|110110":7531,"0|0|100001":3,"1|0|011001":28188,"1|1|100111":26151,"1|1|100110":27615,"1|0|000011":511,"1|0|001100":8339,"1|0|000010":479,"2|0|101001":19954,"2|0|101000":20716,"0|1|011011":1,"1|0|001101":9979,"2|1|110001":11756,"0|0|100010":3,"0|0|101100":1,"2|1|110000":12549,"2|1|011001":21307,"0|0|001010":1,"0|0|001011":1,"0|1|000000":1,"2|1|011000":20247,"1|1|010100":19832,"1|1|010101":21370,"1|1|101111":17071,"1|1|101110":18250,"2|0|101010":19086,"1|0|001111":13005,"1|1|001010":4552,"0|1|011001":1,"1|0|001110":11497,"1|1|001011":6196,"2|0|101011":18033,"2|1|000011":270,"2|1|000010":291,"0|1|011000":2,"1|1|010110":22740,"2|1|111101":1969,"0|0|101110":2,"0|1|101010":2,"2|1|110010":10980,"2|1|111100":2785,"0|0|101111":1,"2|1|110011":9884,"2|1|011010":22323,"0|1|000110":1,"2|1|011011":23362,"1|1|010111":24230,"1|1|101101":19284,"1|1|100011":31190,"1|1|101100":20560,"1|1|100010":32443,"1|0|110001":15412,"0|0|010101":1,"0|0|010100":2,"2|0|001011":5028,"2|0|001010":3774,"1|0|110000":16600,"0|1|101001":1,"2|0|111110":1249,"0|0|101000":1,"0|0|101001":1,"0|1|101000":2,"2|0|111111":462,"1|1|101010":22692,"2|1|010010":13317,"2|1|011100":24717,"2|1|011101":25462,"0|1|001111":1,"1|0|010001":15987,"1|0|010000":14674,"2|1|010011":14495,"1|1|101011":21535,"1|0|111101":2533,"0|0|010111":2,"2|0|100101":23775,"2|0|100100":24922,"1|0|110010":14326,"1|0|110011":13233,"1|0|111100":3540,"0|1|101111":1,"2|0|110010":11403,"0|1|001101":2,"0|0|101011":1,"2|0|111101":1968,"0|1|101110":1,"2|0|110011":10462,"2|0|111100":2833,"2|1|011111":27867,"0|1|000010":1,"1|0|010111":25286,"0|1|000011":1,"1|0|010110":23747,"2|1|011110":26476,"1|1|101001":23990,"1|1|101000":24890,"1|0|110100":11902,"1|0|110101":10849,"2|0|100111":21949,"2|0|100110":22928,"2|1|000101":293,"2|0|001111":10271,"2|1|000100":282,"2|0|001110":9251,"0|1|100010":1,"1|0|011110":35245,"2|0|111011":3662,"2|0|111010":4411,"0|1|100011":2,"2|1|010111":19015,"0|1|001011":1,"1|0|011111":36164,"2|1|010110":18100,"1|0|110111":8648,"0|1|111010":1,"2|0|100001":27860,"0|1|111011":1,"2|0|100000":29411,"2|0|001001":2374,"2|0|001000":932,"1|0|000101":471,"1|0|000100":452,"1|0|110110":9767,"1|0|010010":17612,"2|0|111000":6159,"0|1|100001":1,"2|0|111001":5184,"1|0|011101":33760,"2|1|010001":12066,"1|0|010011":19328,"1|0|011100":32666,"2|1|010000":10995}}
