{"probability":{"Group 13":"0.04113434602168737","Group 12":"0.0881389509211604","Group 11":"0.010853115979498312","Group 10":"0.00028647862437992374","Group  6":"0.00005454053450684497","Group  5":"0.0","Group  4":"0.0035725857150582544","Group  3":"0.0","Group  2":"0.0","Group  1":"0.0","Group  9":"0.00010011691323718528","Group  8":"0.0","Group  7":"0.8558598652904718"},"groups":{"Group 13":["Botan 1.5.6 & 1.11.29 & 2.1.0","Feitian JavaCOS A22 & A40","Gemalto GCX4 72K","HSM SafeNet Luna SA-1700","LibTomCrypt 1.17","Libgcrypt 1.6.0 & 1.6.5 & 1.7.6","Libgcrypt 1.6.0 FIPS & 1.6.5 FIPS","Nettle 3.2 & 3.3","Oberthur Cosmo 64","OpenSSL FIPS 2.0.12 & 2.0.14","PGPSDK 4","WolfSSL 2.0rc1 & 3.9.0 & 3.10.2","cryptlib 3.4.3 & 3.4.3.1"],"Group 12":["Bouncy Castle 1.53 (Java)","Cryptix JCE 20050328","FlexiProvider 1.7p7","HSM Utimaco Security Server Se50","Nettle 2.0","PolarSSL 0.10.0","PuTTY 0.67","SunRsaSign OpenJDK 1.8.0","mbedTLS 1.3.19 & 2.2.1 & 2.4.2"],"Group 11":["Bouncy Castle 1.54 (Java)","Crypto++ 5.6.0 & 5.6.3 & 5.6.5","Libgcrypt 1.7.6 FIPS","Microsoft CryptoAPI & CNG & .NET"],"Group 10":["NXP J2D081 & J2E145G","YubiKey NEO"],"Group  6":["Oberthur Cosmo Dual 72K"],"Group  5":["NXP J2A080 & J2A081 & J3A081 & JCOP 41 V2.2.1"],"Group  4":["Gemalto GXP E64"],"Group  3":["GNU Crypto 2.0.1"],"Group  2":["G&D SmartCafe 4.x & 6.0"],"Group  1":["G&D SmartCafe 3.2"],"Group  9":["Infineon JTOP 80K","YubiKey 4 & 4 Nano"],"Group  8":["PGPSDK 4 FIPS"],"Group  7":["OpenSSL 0.9.7 & 1.0.2g & 1.0.2k & 1.1.0e"]},"frequencies":{"1|1|000110":223,"2|1|100011":191,"2|1|101101":120,"1|1|000111":218,"2|1|101100":148,"2|1|100010":233,"2|0|000000":252,"2|0|000001":220,"1|0|111010":772,"1|0|111011":646,"1|1|011010":4018,"1|1|011011":4203,"2|0|110100":72,"2|0|110101":79,"1|0|100001":4831,"1|0|100000":5143,"2|1|100000":239,"1|1|000100":263,"2|1|100001":226,"2|0|000011":225,"2|0|001101":222,"2|0|001100":231,"2|0|000010":219,"1|1|000101":219,"2|1|010101":250,"2|0|011010":224,"2|1|010100":263,"2|0|011011":270,"1|0|100010":4657,"1|0|101100":2812,"1|0|101101":2815,"1|0|100011":4425,"2|1|100110":155,"1|1|110101":1480,"2|1|100111":166,"2|0|000101":236,"2|0|000100":237,"1|0|111110":194,"1|1|110100":1633,"1|0|111111":66,"1|0|100101":4148,"2|0|110001":114,"2|0|110000":109,"1|0|010101":3159,"1|0|010100":3007,"2|0|011001":256,"2|0|011000":250,"1|0|100100":4256,"2|1|100100":221,"2|1|100101":197,"2|0|000110":210,"2|0|000111":241,"1|0|111000":1059,"1|0|111001":941,"2|0|110111":42,"2|0|110110":64,"2|0|011111":226,"2|0|011110":224,"1|0|100111":3776,"1|0|100110":3915,"1|1|001001":579,"1|0|001001":578,"1|0|001000":333,"1|1|001000":330,"1|1|110001":2089,"1|1|110000":2321,"1|1|010000":2126,"2|0|011101":270,"2|1|111111":7,"2|1|111110":13,"2|0|010010":220,"2|0|011100":253,"2|0|010011":236,"1|1|010001":2391,"1|0|101010":3255,"1|0|101011":3130,"1|0|001010":788,"1|1|001111":1883,"1|0|001011":991,"1|1|001110":1601,"2|1|101011":151,"2|1|101010":159,"1|1|110111":1160,"1|1|110110":1297,"1|1|010010":2644,"1|1|010011":2753,"1|1|011100":4446,"2|0|010001":230,"2|1|111001":55,"2|1|111000":50,"2|0|010000":231,"1|1|011101":4720,"1|1|000011":226,"1|1|001100":1279,"1|1|001101":1468,"2|1|101001":193,"1|1|000010":229,"2|1|101000":158,"1|1|111110":202,"1|1|111111":64,"2|1|111010":32,"1|1|011110":4739,"1|1|011111":4939,"2|0|010111":252,"2|1|001000":221,"2|1|001001":212,"2|1|111011":29,"2|0|010110":277,"1|0|101111":2416,"1|1|100101":4185,"1|1|100100":4316,"1|0|101110":2647,"1|1|000000":238,"1|1|000001":255,"2|1|101111":128,"2|1|101110":123,"1|1|110010":1930,"1|1|111101":353,"1|1|110011":1785,"1|1|111100":455,"1|1|011000":3824,"1|1|011001":3878,"2|1|001010":239,"2|0|010100":231,"2|1|001011":228,"2|0|010101":243,"1|0|101001":3501,"1|0|101000":3573,"1|0|000110":236,"2|0|101101":128,"2|0|100011":208,"2|0|101100":151,"2|0|100010":214,"2|1|000001":208,"2|1|000000":259,"1|1|111011":601,"1|0|000111":193,"1|1|111010":806,"1|0|011011":4290,"2|1|110100":85,"1|0|011010":4056,"2|1|001100":219,"2|1|110101":53,"2|1|001101":222,"1|1|100001":5040,"1|1|100000":5001,"1|0|000000":202,"2|0|101111":121,"2|0|101110":91,"2|1|000111":199,"2|1|000110":188,"1|1|111000":1094,"1|0|000001":256,"1|1|111001":911,"1|0|011000":3703,"2|1|001110":267,"2|1|110111":59,"2|1|001111":254,"2|1|110110":60,"1|0|011001":3892,"1|1|100111":3769,"1|1|100110":3839,"1|0|000011":236,"1|0|001100":1251,"1|0|000010":230,"2|0|101001":189,"2|0|101000":173,"1|0|001101":1458,"2|1|110001":99,"2|1|110000":101,"2|1|011001":267,"2|1|011000":238,"1|1|010100":2982,"1|1|010101":3193,"1|1|101111":2389,"1|1|101110":2633,"2|0|101010":138,"1|0|001111":1955,"1|1|001010":831,"1|0|001110":1672,"1|1|001011":1039,"2|0|101011":144,"2|1|000011":214,"2|1|000010":221,"1|1|010110":3229,"2|1|111101":21,"2|1|110010":92,"2|1|111100":18,"2|1|110011":92,"2|1|011010":271,"2|1|011011":229,"1|1|010111":3509,"1|1|101101":2748,"1|1|100011":4485,"1|1|101100":2968,"1|1|100010":4549,"1|0|110001":2119,"2|0|001011":195,"2|0|001010":220,"1|0|110000":2246,"2|0|111110":14,"2|0|111111":3,"1|1|101010":3260,"2|1|010010":274,"2|1|011100":260,"2|1|011101":244,"1|0|010001":2278,"1|0|010000":2050,"2|1|010011":242,"1|1|101011":3085,"1|0|111101":351,"2|0|100101":210,"2|0|100100":231,"1|0|110010":1917,"1|0|110011":1746,"1|0|111100":487,"2|0|110010":86,"2|0|111101":19,"2|0|110011":82,"2|0|111100":20,"2|1|011111":289,"1|0|010111":3659,"1|0|010110":3328,"2|1|011110":287,"1|1|101001":3360,"1|1|101000":3660,"1|0|110100":1680,"1|0|110101":1477,"2|0|100111":187,"2|0|100110":179,"2|1|000101":230,"2|0|001111":260,"2|1|000100":203,"2|0|001110":238,"1|0|011110":4894,"2|0|111011":36,"2|0|111010":40,"2|1|010111":259,"1|0|011111":4957,"2|1|010110":279,"1|0|110111":1214,"2|0|100001":239,"2|0|100000":244,"2|0|001001":208,"2|0|001000":199,"1|0|000101":203,"1|0|000100":248,"1|0|110110":1346,"1|0|010010":2532,"2|0|111000":48,"2|0|111001":51,"1|0|011101":4593,"2|1|010001":235,"1|0|010011":2770,"1|0|011100":4437,"2|1|010000":229}}
