{"probability":{"Group 13":"0.1380639866132443","Group 12":"0.013460936130046747","Group 11":"0.1469535854281373","Group 10":"0.0","Group  6":"0.0002095135019677598","Group  5":"0.0","Group  4":"0.004086010559733056","Group  3":"0.0010443615415976896","Group  2":"0.0","Group  1":"0.0","Group  9":"0.0006274469114410103","Group  8":"0.014063947021903904","Group  7":"0.6814902122919282"},"groups":{"Group 13":["Botan 1.5.6 & 1.11.29 & 2.1.0","Feitian JavaCOS A22 & A40","Gemalto GCX4 72K","HSM SafeNet Luna SA-1700","LibTomCrypt 1.17","Libgcrypt 1.6.0 & 1.6.5 & 1.7.6","Libgcrypt 1.6.0 FIPS & 1.6.5 FIPS","Nettle 3.2 & 3.3","Oberthur Cosmo 64","OpenSSL FIPS 2.0.12 & 2.0.14","PGPSDK 4","WolfSSL 2.0rc1 & 3.9.0 & 3.10.2","cryptlib 3.4.3 & 3.4.3.1"],"Group 12":["Bouncy Castle 1.53 (Java)","Cryptix JCE 20050328","FlexiProvider 1.7p7","HSM Utimaco Security Server Se50","Nettle 2.0","PolarSSL 0.10.0","PuTTY 0.67","SunRsaSign OpenJDK 1.8.0","mbedTLS 1.3.19 & 2.2.1 & 2.4.2"],"Group 11":["Bouncy Castle 1.54 (Java)","Crypto++ 5.6.0 & 5.6.3 & 5.6.5","Libgcrypt 1.7.6 FIPS","Microsoft CryptoAPI & CNG & .NET"],"Group 10":["NXP J2D081 & J2E145G","YubiKey NEO"],"Group  6":["Oberthur Cosmo Dual 72K"],"Group  5":["NXP J2A080 & J2A081 & J3A081 & JCOP 41 V2.2.1"],"Group  4":["Gemalto GXP E64"],"Group  3":["GNU Crypto 2.0.1"],"Group  2":["G&D SmartCafe 4.x & 6.0"],"Group  1":["G&D SmartCafe 3.2"],"Group  9":["Infineon JTOP 80K","YubiKey 4 & 4 Nano"],"Group  8":["PGPSDK 4 FIPS"],"Group  7":["OpenSSL 0.9.7 & 1.0.2g & 1.0.2k & 1.1.0e"]},"frequencies":{"1|1|000110":1578,"2|1|100011":6763,"2|1|101101":4058,"1|1|000111":1725,"2|1|101100":4459,"2|1|100010":6872,"2|0|000000":1291,"2|0|000001":687,"1|0|111010":7096,"1|0|111011":5874,"1|1|011010":39567,"1|1|011011":41014,"2|0|110100":2546,"2|0|110101":2347,"1|0|100001":45216,"1|0|100000":46705,"2|1|100000":7705,"1|1|000100":1206,"2|1|100001":7350,"2|0|000011":1004,"2|0|001101":3788,"2|0|001100":3408,"2|0|000010":892,"1|1|000101":1290,"2|1|010101":6318,"2|0|011010":7498,"2|1|010100":5883,"2|0|011011":7713,"1|0|100010":43075,"1|0|101100":27203,"1|0|101101":25605,"1|0|100011":41364,"2|1|100110":6009,"1|1|110101":14256,"2|1|100111":5615,"2|0|000101":1410,"2|0|000100":1254,"1|0|111110":2009,"1|1|110100":15617,"1|0|111111":811,"1|0|100101":38155,"2|0|110001":3193,"2|0|110000":3339,"1|0|010101":30085,"1|0|010100":28093,"2|0|011001":7247,"2|0|011000":7069,"1|0|100100":39913,"2|1|100100":6482,"2|1|100101":6193,"2|0|000110":1582,"2|0|000111":1673,"1|0|111000":9993,"1|0|111001":8795,"2|0|110111":1815,"2|0|110110":2187,"2|0|011111":7670,"2|0|011110":7760,"1|0|100111":35463,"1|0|100110":36971,"1|1|001001":5218,"1|0|001001":5231,"1|0|001000":2836,"1|1|001000":2985,"1|1|110001":20044,"1|1|110000":21492,"1|1|010000":19998,"2|0|011101":7633,"2|1|111111":262,"2|1|111110":448,"2|0|010010":5169,"2|0|011100":7679,"2|0|010011":5417,"1|1|010001":22094,"1|0|101010":30370,"1|0|101011":29032,"1|0|001010":7588,"1|1|001111":17967,"1|0|001011":9583,"1|1|001110":15971,"2|1|101011":4626,"2|1|101010":4970,"1|1|110111":11360,"1|1|110110":12665,"1|1|010010":24201,"1|1|010011":26013,"1|1|011100":42309,"2|0|010001":5021,"2|1|111001":1390,"2|1|111000":1606,"2|0|010000":4552,"1|1|011101":43942,"1|1|000011":1035,"1|1|001100":11941,"1|1|001101":13830,"2|1|101001":5076,"1|1|000010":860,"2|1|101000":5475,"1|1|111110":2051,"1|1|111111":806,"2|1|111010":1187,"1|1|011110":45200,"1|1|011111":46876,"2|0|010111":6810,"2|1|001000":1898,"2|1|001001":2336,"2|1|111011":997,"2|0|010110":6379,"1|0|101111":22815,"1|1|100101":38436,"1|1|100100":39783,"1|0|101110":24578,"1|1|000000":1284,"1|1|000001":667,"2|1|101111":3671,"2|1|101110":3879,"1|1|110010":18514,"1|1|111101":3249,"1|1|110011":16813,"1|1|111100":4526,"1|1|011000":35711,"1|1|011001":37088,"2|1|001010":2755,"2|0|010100":5824,"2|1|001011":3070,"2|0|010101":6090,"1|0|101001":31959,"1|0|101000":33542,"1|0|000110":1520,"2|0|101101":4145,"2|0|100011":6727,"2|0|101100":4447,"2|0|100010":6948,"2|1|000001":655,"2|1|000000":1285,"1|1|111011":5921,"1|0|000111":1672,"1|1|111010":7380,"1|0|011011":40707,"2|1|110100":2505,"1|0|011010":39355,"2|1|001100":3374,"2|1|110101":2319,"2|1|001101":3531,"1|1|100001":44744,"1|1|100000":46856,"1|0|000000":1304,"2|0|101111":3884,"2|0|101110":3906,"2|1|000111":1696,"2|1|000110":1532,"1|1|111000":9886,"1|0|000001":658,"1|1|111001":8511,"1|0|011000":35605,"2|1|001110":4077,"2|1|110111":1901,"2|1|001111":4332,"2|1|110110":2080,"1|0|011001":37723,"1|1|100111":35136,"1|1|100110":36662,"1|0|000011":1044,"1|0|001100":12010,"1|0|000010":849,"2|0|101001":5212,"2|0|101000":5426,"1|0|001101":13738,"2|1|110001":3198,"2|1|110000":3486,"2|1|011001":7349,"2|1|011000":7000,"1|1|010100":28418,"1|1|010101":29772,"1|1|101111":22630,"1|1|101110":24531,"2|0|101010":5041,"1|0|001111":18122,"1|1|001010":7300,"1|0|001110":16185,"1|1|001011":9753,"2|0|101011":4577,"2|1|000011":996,"2|1|000010":836,"1|1|010110":32178,"2|1|111101":630,"2|1|110010":2988,"2|1|111100":781,"2|1|110011":2821,"2|1|011010":7591,"2|1|011011":7713,"1|1|010111":33806,"1|1|101101":25660,"1|1|100011":41659,"1|1|101100":27316,"1|1|100010":43361,"1|0|110001":20159,"2|0|001011":3062,"2|0|001010":2795,"1|0|110000":21615,"2|0|111110":426,"2|0|111111":256,"1|1|101010":30370,"2|1|010010":5462,"2|1|011100":7661,"2|1|011101":7498,"1|0|010001":22621,"1|0|010000":20166,"2|1|010011":5667,"1|1|101011":28617,"1|0|111101":3338,"2|0|100101":6128,"2|0|100100":6545,"1|0|110010":18717,"1|0|110011":17002,"1|0|111100":4729,"2|0|110010":3067,"2|0|111101":594,"2|0|110011":2719,"2|0|111100":773,"2|1|011111":7798,"1|0|010111":33677,"1|0|010110":32272,"2|1|011110":7392,"1|1|101001":32118,"1|1|101000":33367,"1|0|110100":15322,"1|0|110101":14255,"2|0|100111":5651,"2|0|100110":5850,"2|1|000101":1360,"2|0|001111":4371,"2|1|000100":1189,"2|0|001110":4076,"1|0|011110":45451,"2|0|111011":1030,"2|0|111010":1174,"2|1|010111":6928,"1|0|011111":46934,"2|1|010110":6350,"1|0|110111":11452,"2|0|100001":7445,"2|0|100000":7512,"2|0|001001":2404,"2|0|001000":1982,"1|0|000101":1347,"1|0|000100":1227,"1|0|110110":12852,"1|0|010010":24204,"2|0|111000":1603,"2|0|111001":1403,"1|0|011101":43618,"2|1|010001":5119,"1|0|010011":26024,"1|0|011100":42467,"2|1|010000":4681}}
