{"probability":{"Group 13":"0.07349401221783612","Group 12":"0.01906211404124033","Group 11":"0.022377543723877968","Group 10":"0.0","Group  6":"0.0005060524981901842","Group  5":"0.0","Group  4":"0.0015396530532962827","Group  3":"0.0","Group  2":"0.0","Group  1":"0.0","Group  9":"0.0006013680724504658","Group  8":"0.0","Group  7":"0.8824192563931085"},"groups":{"Group 13":["Botan 1.5.6 & 1.11.29 & 2.1.0","Feitian JavaCOS A22 & A40","Gemalto GCX4 72K","HSM SafeNet Luna SA-1700","LibTomCrypt 1.17","Libgcrypt 1.6.0 & 1.6.5 & 1.7.6","Libgcrypt 1.6.0 FIPS & 1.6.5 FIPS","Nettle 3.2 & 3.3","Oberthur Cosmo 64","OpenSSL FIPS 2.0.12 & 2.0.14","PGPSDK 4","WolfSSL 2.0rc1 & 3.9.0 & 3.10.2","cryptlib 3.4.3 & 3.4.3.1"],"Group 12":["Bouncy Castle 1.53 (Java)","Cryptix JCE 20050328","FlexiProvider 1.7p7","HSM Utimaco Security Server Se50","Nettle 2.0","PolarSSL 0.10.0","PuTTY 0.67","SunRsaSign OpenJDK 1.8.0","mbedTLS 1.3.19 & 2.2.1 & 2.4.2"],"Group 11":["Bouncy Castle 1.54 (Java)","Crypto++ 5.6.0 & 5.6.3 & 5.6.5","Libgcrypt 1.7.6 FIPS","Microsoft CryptoAPI & CNG & .NET"],"Group 10":["NXP J2D081 & J2E145G","YubiKey NEO"],"Group  6":["Oberthur Cosmo Dual 72K"],"Group  5":["NXP J2A080 & J2A081 & J3A081 & JCOP 41 V2.2.1"],"Group  4":["Gemalto GXP E64"],"Group  3":["GNU Crypto 2.0.1"],"Group  2":["G&D SmartCafe 4.x & 6.0"],"Group  1":["G&D SmartCafe 3.2"],"Group  9":["Infineon JTOP 80K","YubiKey 4 & 4 Nano"],"Group  8":["PGPSDK 4 FIPS"],"Group  7":["OpenSSL 0.9.7 & 1.0.2g & 1.0.2k & 1.1.0e"]},"frequencies":{"1|1|000110":358,"2|1|100011":1461,"2|1|101101":855,"1|1|000111":362,"2|1|101100":920,"2|1|100010":1434,"2|0|000000":285,"2|0|000001":293,"1|0|111010":4621,"1|0|111011":3748,"1|1|011010":24228,"1|1|011011":25289,"2|0|110100":495,"2|0|110101":510,"1|0|100001":28593,"1|0|100000":30229,"2|1|100000":1579,"1|1|000100":338,"2|1|100001":1472,"2|0|000011":340,"2|0|001101":697,"2|0|001100":724,"2|0|000010":313,"1|1|000101":395,"2|1|010101":1212,"2|0|011010":1429,"2|1|010100":1142,"2|0|011011":1522,"1|0|100010":27574,"1|0|101100":17465,"1|0|101101":16312,"1|0|100011":26675,"2|1|100110":1266,"1|1|110101":9202,"2|1|100111":1186,"2|0|000101":324,"2|0|000100":364,"1|0|111110":1299,"1|1|110100":9889,"1|0|111111":445,"1|0|100101":24502,"2|0|110001":639,"2|0|110000":670,"1|0|010101":18353,"1|0|010100":17111,"2|0|011001":1447,"2|0|011000":1316,"1|0|100100":25740,"2|1|100100":1353,"2|1|100101":1300,"2|0|000110":377,"2|0|000111":367,"1|0|111000":6411,"1|0|111001":5526,"2|0|110111":402,"2|0|110110":398,"2|0|011111":1574,"2|0|011110":1557,"1|0|100111":22470,"1|0|100110":23472,"1|1|001001":2599,"1|0|001001":2533,"1|0|001000":1058,"1|1|001000":1054,"1|1|110001":12753,"1|1|110000":13503,"1|1|010000":12088,"2|0|011101":1592,"2|1|111111":28,"2|1|111110":59,"2|0|010010":1039,"2|0|011100":1593,"2|0|010011":1127,"1|1|010001":13235,"1|0|101010":19197,"1|0|101011":18380,"1|0|001010":3951,"1|1|001111":10760,"1|0|001011":5441,"1|1|001110":9612,"2|1|101011":980,"2|1|101010":1043,"1|1|110111":7149,"1|1|110110":8083,"1|1|010010":14585,"1|1|010011":15988,"1|1|011100":26552,"2|0|010001":986,"2|1|111001":287,"2|1|111000":310,"2|0|010000":929,"1|1|011101":27794,"1|1|000011":331,"1|1|001100":6818,"1|1|001101":8300,"2|1|101001":1030,"1|1|000010":322,"2|1|101000":1075,"1|1|111110":1257,"1|1|111111":423,"2|1|111010":239,"1|1|011110":28587,"1|1|011111":29733,"2|0|010111":1293,"2|1|001000":413,"2|1|001001":506,"2|1|111011":199,"2|0|010110":1318,"1|0|101111":14545,"1|1|100101":24862,"1|1|100100":25486,"1|0|101110":15510,"1|1|000000":266,"1|1|000001":289,"2|1|101111":746,"2|1|101110":817,"1|1|110010":11911,"1|1|111101":2079,"1|1|110011":10957,"1|1|111100":2905,"1|1|011000":22037,"1|1|011001":23282,"2|1|001010":549,"2|0|010100":1154,"2|1|001011":595,"2|0|010101":1199,"1|0|101001":20329,"1|0|101000":21502,"1|0|000110":359,"2|0|101101":858,"2|0|100011":1460,"2|0|101100":890,"2|0|100010":1500,"2|1|000001":317,"2|1|000000":306,"1|1|111011":3882,"1|0|000111":377,"1|1|111010":4785,"1|0|011011":25232,"2|1|110100":564,"1|0|011010":24248,"2|1|001100":667,"2|1|110101":462,"2|1|001101":755,"1|1|100001":28839,"1|1|100000":30094,"1|0|000000":282,"2|0|101111":810,"2|0|101110":830,"2|1|000111":346,"2|1|000110":364,"1|1|111000":6317,"1|0|000001":285,"1|1|111001":5391,"1|0|011000":21970,"2|1|001110":845,"2|1|110111":341,"2|1|001111":893,"2|1|110110":386,"1|0|011001":23308,"1|1|100111":22320,"1|1|100110":23525,"1|0|000011":306,"1|0|001100":6596,"1|0|000010":317,"2|0|101001":1063,"2|0|101000":1136,"1|0|001101":8105,"2|1|110001":698,"2|1|110000":676,"2|1|011001":1451,"2|1|011000":1319,"1|1|010100":17121,"1|1|010101":18033,"1|1|101111":14747,"1|1|101110":15344,"2|0|101010":1038,"1|0|001111":10538,"1|1|001010":3966,"1|0|001110":9419,"1|1|001011":5314,"2|0|101011":1040,"2|1|000011":311,"2|1|000010":308,"1|1|010110":19650,"2|1|111101":110,"2|1|110010":564,"2|1|111100":126,"2|1|110011":588,"2|1|011010":1439,"2|1|011011":1463,"1|1|010111":20500,"1|1|101101":16335,"1|1|100011":26841,"1|1|101100":17434,"1|1|100010":27507,"1|0|110001":12534,"2|0|001011":593,"2|0|001010":538,"1|0|110000":13596,"2|0|111110":61,"2|0|111111":30,"1|1|101010":19525,"2|1|010010":1080,"2|1|011100":1519,"2|1|011101":1554,"1|0|010001":13380,"1|0|010000":12012,"2|1|010011":1116,"1|1|101011":18417,"1|0|111101":2076,"2|0|100101":1283,"2|0|100100":1432,"1|0|110010":11752,"1|0|110011":10842,"1|0|111100":2920,"2|0|110010":621,"2|0|111101":110,"2|0|110011":539,"2|0|111100":127,"2|1|011111":1622,"1|0|010111":20657,"1|0|010110":19815,"2|1|011110":1582,"1|1|101001":20253,"1|1|101000":21466,"1|0|110100":9890,"1|0|110101":9004,"2|0|100111":1184,"2|0|100110":1321,"2|1|000101":339,"2|0|001111":851,"2|1|000100":352,"2|0|001110":799,"1|0|011110":28750,"2|0|111011":196,"2|0|111010":210,"2|1|010111":1377,"1|0|011111":29694,"2|1|010110":1280,"1|0|110111":7230,"2|0|100001":1519,"2|0|100000":1588,"2|0|001001":489,"2|0|001000":383,"1|0|000101":344,"1|0|000100":326,"1|0|110110":7988,"1|0|010010":14737,"2|0|111000":315,"2|0|111001":267,"1|0|011101":27948,"2|1|010001":1026,"1|0|010011":15942,"1|0|011100":26658,"2|1|010000":966}}
