{"probability":{"Group 13":"0.09156911014672924","Group 12":"0.021556208260487635","Group 11":"0.058379761208098735","Group 10":"0.00020152126600845503","Group  6":"0.0004169911197625215","Group  5":"0.00003513265933653816","Group  4":"0.00477005415686188","Group  3":"0.0003213660721565621","Group  2":"0.0","Group  1":"0.0","Group  9":"0.0004873467732477577","Group  8":"0.005853329204843458","Group  7":"0.8164091791324672"},"groups":{"Group 13":["Botan 1.5.6 & 1.11.29 & 2.1.0","Feitian JavaCOS A22 & A40","Gemalto GCX4 72K","HSM SafeNet Luna SA-1700","LibTomCrypt 1.17","Libgcrypt 1.6.0 & 1.6.5 & 1.7.6","Libgcrypt 1.6.0 FIPS & 1.6.5 FIPS","Nettle 3.2 & 3.3","Oberthur Cosmo 64","OpenSSL FIPS 2.0.12 & 2.0.14","PGPSDK 4","WolfSSL 2.0rc1 & 3.9.0 & 3.10.2","cryptlib 3.4.3 & 3.4.3.1"],"Group 12":["Bouncy Castle 1.53 (Java)","Cryptix JCE 20050328","FlexiProvider 1.7p7","HSM Utimaco Security Server Se50","Nettle 2.0","PolarSSL 0.10.0","PuTTY 0.67","SunRsaSign OpenJDK 1.8.0","mbedTLS 1.3.19 & 2.2.1 & 2.4.2"],"Group 11":["Bouncy Castle 1.54 (Java)","Crypto++ 5.6.0 & 5.6.3 & 5.6.5","Libgcrypt 1.7.6 FIPS","Microsoft CryptoAPI & CNG & .NET"],"Group 10":["NXP J2D081 & J2E145G","YubiKey NEO"],"Group  6":["Oberthur Cosmo Dual 72K"],"Group  5":["NXP J2A080 & J2A081 & J3A081 & JCOP 41 V2.2.1"],"Group  4":["Gemalto GXP E64"],"Group  3":["GNU Crypto 2.0.1"],"Group  2":["G&D SmartCafe 4.x & 6.0"],"Group  1":["G&D SmartCafe 3.2"],"Group  9":["Infineon JTOP 80K","YubiKey 4 & 4 Nano"],"Group  8":["PGPSDK 4 FIPS"],"Group  7":["OpenSSL 0.9.7 & 1.0.2g & 1.0.2k & 1.1.0e"]},"frequencies":{"1|1|000110":1096,"2|1|100011":4434,"2|1|101101":2702,"1|1|000111":1248,"2|1|101100":2875,"2|1|100010":4467,"2|0|000000":1189,"2|0|000001":784,"1|0|111010":8942,"1|0|111011":7390,"1|1|011010":48174,"1|1|011011":50217,"2|0|110100":1576,"2|0|110101":1519,"1|0|100001":56526,"1|0|100000":58629,"2|1|100000":5038,"1|1|000100":979,"2|1|100001":4699,"2|0|000011":936,"2|0|001101":2426,"2|0|001100":2308,"2|0|000010":866,"1|1|000101":1041,"2|1|010101":3947,"2|0|011010":4746,"2|1|010100":3744,"2|0|011011":5011,"1|0|100010":53973,"1|0|101100":34139,"1|0|101101":32321,"1|0|100011":52071,"2|1|100110":3806,"1|1|110101":17740,"2|1|100111":3609,"2|0|000101":1048,"2|0|000100":995,"1|0|111110":2375,"1|1|110100":19551,"1|0|111111":867,"1|0|100101":47912,"2|0|110001":2073,"2|0|110000":2232,"1|0|010101":36934,"1|0|010100":34339,"2|0|011001":4547,"2|0|011000":4522,"1|0|100100":49998,"2|1|100100":4098,"2|1|100101":4082,"2|0|000110":1198,"2|0|000111":1197,"1|0|111000":12478,"1|0|111001":10829,"2|0|110111":1157,"2|0|110110":1341,"2|0|011111":5118,"2|0|011110":5000,"1|0|100111":44155,"1|0|100110":46344,"1|1|001001":5582,"1|0|001001":5594,"1|0|001000":2665,"1|1|001000":2678,"1|1|110001":24526,"1|1|110000":26792,"1|1|010000":24113,"2|0|011101":4983,"2|1|111111":145,"2|1|111110":241,"2|0|010010":3409,"2|0|011100":4930,"2|0|010011":3529,"1|1|010001":26922,"1|0|101010":37897,"1|0|101011":36009,"1|0|001010":8395,"1|1|001111":21337,"1|0|001011":11062,"1|1|001110":19132,"2|1|101011":3095,"2|1|101010":3182,"1|1|110111":14545,"1|1|110110":15837,"1|1|010010":29064,"1|1|010011":31748,"1|1|011100":52547,"2|0|010001":3268,"2|1|111001":858,"2|1|111000":1022,"2|0|010000":3027,"1|1|011101":54656,"1|1|000011":1002,"1|1|001100":13861,"1|1|001101":16403,"2|1|101001":3316,"1|1|000010":888,"2|1|101000":3562,"1|1|111110":2476,"1|1|111111":896,"2|1|111010":741,"1|1|011110":56085,"1|1|011111":58699,"2|0|010111":4266,"2|1|001000":1353,"2|1|001001":1595,"2|1|111011":645,"2|0|010110":4099,"1|0|101111":28726,"1|1|100101":48058,"1|1|100100":50212,"1|0|101110":30539,"1|1|000000":1177,"1|1|000001":843,"2|1|101111":2328,"2|1|101110":2580,"1|1|110010":23202,"1|1|111101":4146,"1|1|110011":21264,"1|1|111100":5699,"1|1|011000":43669,"1|1|011001":45898,"2|1|001010":1855,"2|0|010100":3865,"2|1|001011":2083,"2|0|010101":3892,"1|0|101001":39730,"1|0|101000":41824,"1|0|000110":1111,"2|0|101101":2709,"2|0|100011":4352,"2|0|101100":2810,"2|0|100010":4516,"2|1|000001":855,"2|1|000000":1206,"1|1|111011":7401,"1|0|000111":1230,"1|1|111010":9099,"1|0|011011":49783,"2|1|110100":1627,"1|0|011010":48141,"2|1|001100":2246,"2|1|110101":1488,"2|1|001101":2405,"1|1|100001":56204,"1|1|100000":58453,"1|0|000000":1222,"2|0|101111":2496,"2|0|101110":2543,"2|1|000111":1197,"2|1|000110":1114,"1|1|111000":12386,"1|0|000001":749,"1|1|111001":10630,"1|0|011000":43740,"2|1|001110":2600,"2|1|110111":1192,"2|1|001111":2869,"2|1|110110":1322,"1|0|011001":46049,"1|1|100111":43871,"1|1|100110":45643,"1|0|000011":981,"1|0|001100":13810,"1|0|000010":901,"2|0|101001":3324,"2|0|101000":3572,"1|0|001101":16149,"2|1|110001":2054,"2|1|110000":2228,"2|1|011001":4698,"0|1|000000":2,"2|1|011000":4499,"1|1|010100":34092,"1|1|010101":36528,"1|1|101111":28369,"1|1|101110":30481,"2|0|101010":3348,"1|0|001111":21531,"1|1|001010":8329,"1|0|001110":19051,"1|1|001011":11088,"2|0|101011":3007,"2|1|000011":921,"2|1|000010":852,"1|1|010110":38820,"2|1|111101":353,"2|1|110010":1874,"2|1|111100":455,"2|1|110011":1798,"2|1|011010":4822,"2|1|011011":4979,"1|1|010111":41488,"1|1|101101":32482,"1|1|100011":52123,"1|1|101100":34602,"1|1|100010":54384,"1|0|110001":24982,"2|0|001011":2036,"2|0|001010":1872,"1|0|110000":26841,"2|0|111110":224,"2|0|111111":150,"1|1|101010":38154,"2|1|010010":3532,"2|1|011100":5035,"2|1|011101":4926,"1|0|010001":27038,"1|0|010000":24177,"2|1|010011":3590,"1|1|101011":35748,"1|0|111101":4131,"2|0|100101":3997,"2|0|100100":4205,"1|0|110010":23144,"1|0|110011":20973,"1|0|111100":5757,"2|0|110010":1930,"2|0|111101":370,"2|0|110011":1849,"2|0|111100":480,"2|1|011111":5148,"1|0|010111":41316,"1|0|010110":39119,"2|1|011110":4980,"1|1|101001":39950,"1|1|101000":41350,"1|0|110100":19367,"1|0|110101":17791,"2|0|100111":3719,"2|0|100110":3933,"2|1|000101":1031,"2|0|001111":2702,"2|1|000100":981,"2|0|001110":2696,"1|0|011110":56491,"2|0|111011":613,"2|0|111010":757,"2|1|010111":4386,"1|0|011111":58837,"2|1|010110":4143,"1|0|110111":14147,"2|0|100001":4928,"2|0|100000":5058,"2|0|001001":1631,"2|0|001000":1403,"1|0|000101":1106,"1|0|000100":1011,"1|0|110110":15991,"1|0|010010":29125,"2|0|111000":1058,"2|0|111001":889,"1|0|011101":54125,"2|1|010001":3375,"1|0|010011":31782,"1|0|011100":52508,"2|1|010000":2963}}
