{"probability":{"Group 13":"0.04667967688387934","Group 12":"0.0505343933221899","Group 11":"0.011798267025409632","Group 10":"0.0001161896880366422","Group  6":"0.0","Group  5":"0.0004652930564117686","Group  4":"0.0","Group  3":"0.0001319557694774187","Group  2":"0.0","Group  1":"0.0","Group  9":"0.0003234928845467916","Group  8":"0.00785194998777534","Group  7":"0.8820987813822732"},"groups":{"Group 13":["Botan 1.5.6 & 1.11.29 & 2.1.0","Feitian JavaCOS A22 & A40","Gemalto GCX4 72K","HSM SafeNet Luna SA-1700","LibTomCrypt 1.17","Libgcrypt 1.6.0 & 1.6.5 & 1.7.6","Libgcrypt 1.6.0 FIPS & 1.6.5 FIPS","Nettle 3.2 & 3.3","Oberthur Cosmo 64","OpenSSL FIPS 2.0.12 & 2.0.14","PGPSDK 4","WolfSSL 2.0rc1 & 3.9.0 & 3.10.2","cryptlib 3.4.3 & 3.4.3.1"],"Group 12":["Bouncy Castle 1.53 (Java)","Cryptix JCE 20050328","FlexiProvider 1.7p7","HSM Utimaco Security Server Se50","Nettle 2.0","PolarSSL 0.10.0","PuTTY 0.67","SunRsaSign OpenJDK 1.8.0","mbedTLS 1.3.19 & 2.2.1 & 2.4.2"],"Group 11":["Bouncy Castle 1.54 (Java)","Crypto++ 5.6.0 & 5.6.3 & 5.6.5","Libgcrypt 1.7.6 FIPS","Microsoft CryptoAPI & CNG & .NET"],"Group 10":["NXP J2D081 & J2E145G","YubiKey NEO"],"Group  6":["Oberthur Cosmo Dual 72K"],"Group  5":["NXP J2A080 & J2A081 & J3A081 & JCOP 41 V2.2.1"],"Group  4":["Gemalto GXP E64"],"Group  3":["GNU Crypto 2.0.1"],"Group  2":["G&D SmartCafe 4.x & 6.0"],"Group  1":["G&D SmartCafe 3.2"],"Group  9":["Infineon JTOP 80K","YubiKey 4 & 4 Nano"],"Group  8":["PGPSDK 4 FIPS"],"Group  7":["OpenSSL 0.9.7 & 1.0.2g & 1.0.2k & 1.1.0e"]},"frequencies":{"1|1|000110":135,"2|1|100011":189,"2|1|101101":116,"1|1|000111":142,"2|1|101100":148,"2|1|100010":211,"2|0|000000":160,"2|0|000001":159,"1|0|111010":790,"1|0|111011":647,"1|1|011010":4242,"1|1|011011":4451,"2|0|110100":72,"2|0|110101":63,"1|0|100001":4933,"1|0|100000":5160,"2|1|100000":236,"1|1|000100":140,"2|1|100001":238,"2|0|000011":151,"2|0|001101":185,"2|0|001100":158,"2|0|000010":149,"1|1|000101":138,"2|1|010101":206,"2|0|011010":212,"2|1|010100":185,"2|0|011011":217,"1|0|100010":4663,"1|0|101100":3048,"1|0|101101":2862,"1|0|100011":4482,"2|1|100110":190,"1|1|110101":1594,"2|1|100111":167,"2|0|000101":138,"2|0|000100":127,"1|0|111110":216,"1|1|110100":1774,"1|0|111111":73,"1|0|100101":4264,"2|0|110001":103,"2|0|110000":78,"1|0|010101":3161,"1|0|010100":2979,"2|0|011001":202,"2|0|011000":191,"1|0|100100":4494,"2|1|100100":169,"2|1|100101":179,"2|0|000110":148,"2|0|000111":131,"1|0|111000":1116,"1|0|111001":951,"2|0|110111":51,"2|0|110110":62,"2|0|011111":243,"2|0|011110":218,"1|0|100111":3887,"1|0|100110":4118,"1|1|001001":509,"1|0|001001":521,"1|0|001000":292,"1|1|001000":283,"1|1|110001":2142,"1|1|110000":2289,"1|1|010000":2215,"2|0|011101":241,"2|1|111111":4,"2|1|111110":11,"2|0|010010":174,"2|0|011100":235,"2|0|010011":190,"1|1|010001":2449,"1|0|101010":3378,"1|0|101011":3244,"1|0|001010":740,"1|1|001111":1846,"1|0|001011":966,"1|1|001110":1725,"2|1|101011":136,"2|1|101010":138,"1|1|110111":1245,"1|1|110110":1431,"1|1|010010":2505,"1|1|010011":2916,"1|1|011100":4522,"2|0|010001":204,"2|1|111001":48,"2|1|111000":47,"2|0|010000":176,"1|1|011101":4748,"1|1|000011":152,"1|1|001100":1253,"1|1|001101":1509,"2|1|101001":145,"1|1|000010":148,"2|1|101000":155,"1|1|111110":210,"1|1|111111":78,"2|1|111010":43,"1|1|011110":4927,"1|1|011111":5236,"2|0|010111":226,"2|1|001000":139,"2|1|001001":161,"2|1|111011":23,"2|0|010110":198,"1|0|101111":2458,"1|1|100101":4267,"1|1|100100":4408,"1|0|101110":2751,"1|1|000000":149,"1|1|000001":139,"2|1|101111":117,"2|1|101110":124,"1|1|110010":1995,"1|1|111101":354,"1|1|110011":1920,"1|1|111100":482,"1|1|011000":3807,"1|1|011001":3900,"2|1|001010":139,"2|0|010100":210,"2|1|001011":165,"2|0|010101":222,"1|0|101001":3487,"1|0|101000":3740,"1|0|000110":151,"2|0|101101":130,"2|0|100011":191,"2|0|101100":136,"2|0|100010":209,"2|1|000001":128,"2|1|000000":166,"1|1|111011":667,"1|0|000111":133,"1|1|111010":785,"1|0|011011":4359,"2|1|110100":70,"1|0|011010":4180,"2|1|001100":178,"2|1|110101":84,"2|1|001101":156,"1|1|100001":4946,"1|1|100000":5184,"1|0|000000":167,"2|0|101111":101,"2|0|101110":105,"2|1|000111":129,"2|1|000110":133,"1|1|111000":1122,"1|0|000001":134,"1|1|111001":979,"1|0|011000":3761,"2|1|001110":187,"2|1|110111":46,"2|1|001111":166,"2|1|110110":52,"1|0|011001":4026,"1|1|100111":3854,"1|1|100110":4075,"1|0|000011":143,"1|0|001100":1215,"1|0|000010":158,"2|0|101001":142,"2|0|101000":163,"1|0|001101":1470,"2|1|110001":89,"2|1|110000":101,"2|1|011001":211,"2|1|011000":247,"1|1|010100":2979,"1|1|010101":3225,"1|1|101111":2521,"1|1|101110":2676,"2|0|101010":116,"1|0|001111":1881,"1|1|001010":723,"1|0|001110":1671,"1|1|001011":958,"2|0|101011":120,"2|1|000011":131,"2|1|000010":158,"1|1|010110":3309,"2|1|111101":19,"2|1|110010":75,"2|1|111100":23,"2|1|110011":75,"2|1|011010":220,"2|1|011011":215,"1|1|010111":3548,"1|1|101101":2889,"1|1|100011":4592,"1|1|101100":3003,"1|1|100010":4721,"1|0|110001":2220,"2|0|001011":170,"2|0|001010":166,"1|0|110000":2402,"2|0|111110":10,"2|0|111111":4,"1|1|101010":3342,"2|1|010010":201,"2|1|011100":220,"2|1|011101":213,"1|0|010001":2343,"1|0|010000":2096,"2|1|010011":203,"1|1|101011":3221,"1|0|111101":376,"2|0|100101":185,"2|0|100100":187,"1|0|110010":2019,"1|0|110011":1972,"1|0|111100":552,"2|0|110010":80,"2|0|111101":20,"2|0|110011":85,"2|0|111100":23,"2|1|011111":266,"1|0|010111":3715,"1|0|010110":3493,"2|1|011110":226,"1|1|101001":3470,"1|1|101000":3721,"1|0|110100":1752,"1|0|110101":1481,"2|0|100111":155,"2|0|100110":165,"2|1|000101":131,"2|0|001111":175,"2|1|000100":147,"2|0|001110":180,"1|0|011110":5055,"2|0|111011":21,"2|0|111010":29,"2|1|010111":218,"1|0|011111":5155,"2|1|010110":220,"1|0|110111":1266,"2|0|100001":221,"2|0|100000":215,"2|0|001001":149,"2|0|001000":137,"1|0|000101":160,"1|0|000100":152,"1|0|110110":1385,"1|0|010010":2569,"2|0|111000":49,"2|0|111001":46,"1|0|011101":4726,"2|1|010001":180,"1|0|010011":2769,"1|0|011100":4608,"2|1|010000":161}}
