{"probability":{"Group 13":"0.21921606331046825","Group 12":"0.18664750715684986","Group 11":"0.011473971930308942","Group 10":"0.0","Group  6":"0.0","Group  5":"0.0007461183301366307","Group  4":"0.008445540832608059","Group  3":"0.0","Group  2":"0.00006881972314821197","Group  1":"0.0","Group  9":"0.0016353920864604417","Group  8":"0.0030869671499372813","Group  7":"0.5686796194800824"},"groups":{"Group 13":["Botan 1.5.6 & 1.11.29 & 2.1.0","Feitian JavaCOS A22 & A40","Gemalto GCX4 72K","HSM SafeNet Luna SA-1700","LibTomCrypt 1.17","Libgcrypt 1.6.0 & 1.6.5 & 1.7.6","Libgcrypt 1.6.0 FIPS & 1.6.5 FIPS","Nettle 3.2 & 3.3","Oberthur Cosmo 64","OpenSSL FIPS 2.0.12 & 2.0.14","PGPSDK 4","WolfSSL 2.0rc1 & 3.9.0 & 3.10.2","cryptlib 3.4.3 & 3.4.3.1"],"Group 12":["Bouncy Castle 1.53 (Java)","Cryptix JCE 20050328","FlexiProvider 1.7p7","HSM Utimaco Security Server Se50","Nettle 2.0","PolarSSL 0.10.0","PuTTY 0.67","SunRsaSign OpenJDK 1.8.0","mbedTLS 1.3.19 & 2.2.1 & 2.4.2"],"Group 11":["Bouncy Castle 1.54 (Java)","Crypto++ 5.6.0 & 5.6.3 & 5.6.5","Libgcrypt 1.7.6 FIPS","Microsoft CryptoAPI & CNG & .NET"],"Group 10":["NXP J2D081 & J2E145G","YubiKey NEO"],"Group  6":["Oberthur Cosmo Dual 72K"],"Group  5":["NXP J2A080 & J2A081 & J3A081 & JCOP 41 V2.2.1"],"Group  4":["Gemalto GXP E64"],"Group  3":["GNU Crypto 2.0.1"],"Group  2":["G&D SmartCafe 4.x & 6.0"],"Group  1":["G&D SmartCafe 3.2"],"Group  9":["Infineon JTOP 80K","YubiKey 4 & 4 Nano"],"Group  8":["PGPSDK 4 FIPS"],"Group  7":["OpenSSL 0.9.7 & 1.0.2g & 1.0.2k & 1.1.0e"]},"frequencies":{"1|1|000110":1481,"2|1|100011":2325,"2|1|101101":1373,"1|1|000111":1396,"2|1|101100":1477,"2|1|100010":2483,"2|0|000000":1526,"2|0|000001":1493,"1|0|111010":1855,"1|0|111011":1523,"1|1|011010":10279,"1|1|011011":10543,"2|0|110100":793,"2|0|110101":843,"1|0|100001":11782,"1|0|100000":12109,"2|1|100000":2720,"1|1|000100":1444,"2|1|100001":2544,"2|0|000011":1434,"2|0|001101":1771,"2|0|001100":1733,"2|0|000010":1489,"1|1|000101":1450,"2|1|010101":2233,"2|0|011010":2430,"2|1|010100":2183,"2|0|011011":2588,"1|0|100010":11172,"1|0|101100":7150,"1|0|101101":6705,"1|0|100011":10879,"2|1|100110":1967,"1|1|110101":3659,"2|1|100111":1972,"2|0|000101":1388,"2|0|000100":1422,"1|0|111110":501,"1|1|110100":4032,"1|0|111111":153,"1|0|100101":10002,"2|0|110001":1105,"2|0|110000":1219,"1|0|010101":8115,"1|0|010100":7712,"2|0|011001":2415,"2|0|011000":2405,"1|0|100100":10355,"2|1|100100":2245,"2|1|100101":2068,"2|0|000110":1413,"2|0|000111":1428,"1|0|111000":2593,"1|0|111001":2280,"2|0|110111":610,"2|0|110110":677,"2|0|011111":2725,"2|0|011110":2700,"1|0|100111":9039,"1|0|100110":9525,"1|1|001001":2179,"1|0|001001":2142,"1|0|001000":1628,"1|1|001000":1583,"1|1|110001":5146,"1|1|110000":5550,"1|1|010000":5586,"2|0|011101":2610,"2|1|111111":33,"2|1|111110":105,"2|0|010010":2165,"2|0|011100":2588,"2|0|010011":2129,"1|1|010001":6295,"1|0|101010":7907,"1|0|101011":7398,"1|0|001010":2764,"1|1|001111":5182,"1|0|001011":3317,"1|1|001110":4868,"2|1|101011":1602,"2|1|101010":1726,"1|1|110111":2907,"1|1|110110":3305,"1|1|010010":6531,"1|1|010011":7166,"1|1|011100":11058,"2|0|010001":2009,"2|1|111001":471,"2|1|111000":533,"2|0|010000":1917,"1|1|011101":11351,"1|1|000011":1436,"1|1|001100":3754,"1|1|001101":4263,"2|1|101001":1708,"1|1|000010":1576,"2|1|101000":1910,"1|1|111110":525,"1|1|111111":155,"2|1|111010":379,"1|1|011110":11715,"1|1|011111":12196,"2|0|010111":2375,"2|1|001000":1417,"2|1|001001":1463,"2|1|111011":322,"2|0|010110":2305,"1|0|101111":5839,"1|1|100101":10051,"1|1|100100":10537,"1|0|101110":6531,"1|1|000000":1562,"1|1|000001":1549,"2|1|101111":1232,"2|1|101110":1278,"1|1|110010":4777,"1|1|111101":882,"1|1|110011":4357,"1|1|111100":1205,"1|1|011000":9572,"1|1|011001":9776,"2|1|001010":1564,"2|0|010100":2172,"2|1|001011":1639,"2|0|010101":2237,"1|0|101001":8467,"1|0|101000":8712,"1|0|000110":1410,"2|0|101101":1456,"2|0|100011":2416,"2|0|101100":1512,"2|0|100010":2380,"2|1|000001":1555,"2|1|000000":1523,"1|1|111011":1566,"1|0|000111":1377,"1|1|111010":1888,"1|0|011011":10634,"2|1|110100":825,"1|0|011010":10241,"2|1|001100":1711,"2|1|110101":750,"2|1|001101":1743,"1|1|100001":11875,"1|1|100000":12283,"1|0|000000":1569,"2|0|101111":1289,"2|0|101110":1355,"2|1|000111":1320,"2|1|000110":1381,"1|1|111000":2618,"1|0|000001":1485,"1|1|111001":2236,"1|0|011000":9429,"2|1|001110":1854,"2|1|110111":600,"2|1|001111":1920,"2|1|110110":733,"1|0|011001":9771,"1|1|100111":9127,"1|1|100110":9591,"1|0|000011":1509,"1|0|001100":3742,"1|0|000010":1519,"2|0|101001":1693,"2|0|101000":1800,"1|0|001101":4377,"2|1|110001":1099,"2|1|110000":1215,"2|1|011001":2359,"2|1|011000":2328,"1|1|010100":7538,"1|1|010101":7866,"1|1|101111":5786,"1|1|101110":6314,"2|0|101010":1658,"1|0|001111":5165,"1|1|001010":2732,"1|0|001110":4740,"1|1|001011":3238,"2|0|101011":1633,"2|1|000011":1477,"2|1|000010":1521,"1|1|010110":8474,"2|1|111101":174,"2|1|110010":1030,"2|1|111100":227,"2|1|110011":945,"2|1|011010":2387,"2|1|011011":2473,"1|1|010111":8939,"1|1|101101":6738,"1|1|100011":10891,"1|1|101100":7110,"1|1|100010":11495,"1|0|110001":5050,"2|0|001011":1625,"2|0|001010":1611,"1|0|110000":5487,"2|0|111110":105,"2|0|111111":33,"1|1|101010":7793,"2|1|010010":2160,"2|1|011100":2575,"2|1|011101":2569,"1|0|010001":6131,"1|0|010000":5628,"2|1|010011":2130,"1|1|101011":7473,"1|0|111101":813,"2|0|100101":2157,"2|0|100100":2240,"1|0|110010":4818,"1|0|110011":4530,"1|0|111100":1194,"2|0|110010":1015,"2|0|111101":177,"2|0|110011":942,"2|0|111100":250,"2|1|011111":2767,"1|0|010111":8801,"1|0|010110":8452,"2|1|011110":2625,"1|1|101001":8402,"1|1|101000":8699,"1|0|110100":4100,"1|0|110101":3672,"2|0|100111":1972,"2|0|100110":2016,"2|1|000101":1438,"2|0|001111":1865,"2|1|000100":1417,"2|0|001110":1795,"1|0|011110":12082,"2|0|111011":340,"2|0|111010":403,"2|1|010111":2322,"1|0|011111":12225,"2|1|010110":2233,"1|0|110111":2931,"2|0|100001":2551,"2|0|100000":2582,"2|0|001001":1471,"2|0|001000":1384,"1|0|000101":1430,"1|0|000100":1456,"1|0|110110":3211,"1|0|010010":6592,"2|0|111000":513,"2|0|111001":451,"1|0|011101":11518,"2|1|010001":2086,"1|0|010011":7113,"1|0|011100":11114,"2|1|010000":1982}}
