{"probability":{"Group 13":"0.012065349331667242","Group 12":"0.03337781305378977","Group 11":"0.26852452285847944","Group 10":"0.0002822184793459556","Group  6":"0.00047544733696579315","Group  5":"0.0","Group  4":"0.0018121850605580959","Group  3":"0.0","Group  2":"0.0","Group  1":"0.0","Group  9":"0.000039191740235267266","Group  8":"0.0016608704262520775","Group  7":"0.6817624017127063"},"groups":{"Group 13":["Botan 1.5.6 & 1.11.29 & 2.1.0","Feitian JavaCOS A22 & A40","Gemalto GCX4 72K","HSM SafeNet Luna SA-1700","LibTomCrypt 1.17","Libgcrypt 1.6.0 & 1.6.5 & 1.7.6","Libgcrypt 1.6.0 FIPS & 1.6.5 FIPS","Nettle 3.2 & 3.3","Oberthur Cosmo 64","OpenSSL FIPS 2.0.12 & 2.0.14","PGPSDK 4","WolfSSL 2.0rc1 & 3.9.0 & 3.10.2","cryptlib 3.4.3 & 3.4.3.1"],"Group 12":["Bouncy Castle 1.53 (Java)","Cryptix JCE 20050328","FlexiProvider 1.7p7","HSM Utimaco Security Server Se50","Nettle 2.0","PolarSSL 0.10.0","PuTTY 0.67","SunRsaSign OpenJDK 1.8.0","mbedTLS 1.3.19 & 2.2.1 & 2.4.2"],"Group 11":["Bouncy Castle 1.54 (Java)","Crypto++ 5.6.0 & 5.6.3 & 5.6.5","Libgcrypt 1.7.6 FIPS","Microsoft CryptoAPI & CNG & .NET"],"Group 10":["NXP J2D081 & J2E145G","YubiKey NEO"],"Group  6":["Oberthur Cosmo Dual 72K"],"Group  5":["NXP J2A080 & J2A081 & J3A081 & JCOP 41 V2.2.1"],"Group  4":["Gemalto GXP E64"],"Group  3":["GNU Crypto 2.0.1"],"Group  2":["G&D SmartCafe 4.x & 6.0"],"Group  1":["G&D SmartCafe 3.2"],"Group  9":["Infineon JTOP 80K","YubiKey 4 & 4 Nano"],"Group  8":["PGPSDK 4 FIPS"],"Group  7":["OpenSSL 0.9.7 & 1.0.2g & 1.0.2k & 1.1.0e"]},"frequencies":{"1|1|000110":5411,"2|1|100011":11571,"2|1|101101":7202,"1|1|000111":5981,"2|1|101100":7609,"2|1|100010":12129,"2|0|000000":2128,"2|0|000001":2695,"1|0|111010":14158,"1|0|111011":11539,"1|1|011010":78656,"1|1|011011":81772,"2|0|110100":4318,"2|0|110101":3885,"1|0|100001":88272,"1|0|100000":91584,"2|1|100000":12955,"1|1|000100":4280,"2|1|100001":12559,"2|0|000011":3852,"2|0|001101":9112,"2|0|001100":8714,"2|0|000010":3213,"1|1|000101":4848,"2|1|010101":13277,"2|0|011010":15540,"2|1|010100":12618,"2|0|011011":15365,"1|0|100010":85314,"1|0|101100":53833,"1|0|101101":50484,"1|0|100011":81879,"2|1|100110":10192,"1|1|110101":27692,"2|1|100111":9838,"2|0|000101":4820,"2|0|000100":4272,"1|0|111110":3760,"1|1|110100":30459,"1|0|111111":1425,"1|0|100101":75146,"2|0|110001":5509,"2|0|110000":5871,"1|0|010101":60985,"1|0|010100":57599,"2|0|011001":14972,"2|0|011000":14815,"1|0|100100":78067,"2|1|100100":11109,"2|1|100101":10828,"2|0|000110":5328,"2|0|000111":5854,"1|0|111000":19295,"1|0|111001":16901,"2|0|110111":3163,"2|0|110110":3523,"2|0|011111":13497,"2|0|011110":13905,"1|0|100111":68790,"1|0|100110":71752,"1|1|001001":12811,"1|0|001001":12813,"1|0|001000":8403,"1|1|001000":8458,"1|1|110001":38738,"1|1|110000":42014,"1|1|010000":42084,"2|0|011101":14253,"2|1|111111":392,"2|1|111110":555,"2|0|010010":11765,"2|0|011100":14738,"2|0|010011":12240,"1|1|010001":45863,"1|0|101010":59246,"1|0|101011":56501,"1|0|001010":17043,"1|1|001111":38228,"1|0|001011":21258,"1|1|001110":33986,"2|1|101011":8002,"2|1|101010":8543,"1|1|110111":22119,"1|1|110110":25168,"1|1|010010":49621,"1|1|010011":53290,"1|1|011100":83973,"2|0|010001":11265,"2|1|111001":2277,"2|1|111000":2851,"2|0|010000":10961,"1|1|011101":87559,"1|1|000011":3732,"1|1|001100":25719,"1|1|001101":29436,"2|1|101001":8999,"1|1|000010":3309,"2|1|101000":9227,"1|1|111110":3834,"1|1|111111":1522,"2|1|111010":2054,"1|1|011110":89538,"1|1|011111":91971,"2|0|010111":14355,"2|1|001000":6366,"2|1|001001":7061,"2|1|111011":1692,"2|0|010110":13741,"1|0|101111":44624,"1|1|100101":75100,"1|1|100100":78684,"1|0|101110":47694,"1|1|000000":2106,"1|1|000001":2692,"2|1|101111":6249,"2|1|101110":6938,"1|1|110010":35935,"1|1|111101":6387,"1|1|110011":33598,"1|1|111100":9041,"1|1|011000":72528,"1|1|011001":75792,"2|1|001010":7636,"2|0|010100":12773,"2|1|001011":8223,"2|0|010101":13217,"1|0|101001":62500,"1|0|101000":65680,"1|0|000110":5446,"2|0|101101":7408,"2|0|100011":11621,"2|0|101100":7699,"2|0|100010":12016,"2|1|000001":2726,"2|1|000000":2120,"1|1|111011":11507,"1|0|000111":5975,"1|1|111010":14126,"1|0|011011":81493,"2|1|110100":4214,"1|0|011010":79259,"2|1|001100":8723,"2|1|110101":3870,"2|1|001101":9123,"1|1|100001":88863,"1|1|100000":91837,"1|0|000000":2113,"2|0|101111":6314,"2|0|101110":6766,"2|1|000111":5916,"2|1|000110":5558,"1|1|111000":19646,"1|0|000001":2628,"1|1|111001":16714,"1|0|011000":72678,"2|1|001110":9850,"2|1|110111":3194,"2|1|001111":10301,"2|1|110110":3557,"1|0|011001":75599,"1|1|100111":68711,"1|1|100110":72039,"1|0|000011":3944,"1|0|001100":25450,"1|0|000010":3194,"2|0|101001":8984,"2|0|101000":9375,"1|0|001101":29750,"2|1|110001":5580,"2|1|110000":5857,"2|1|011001":15011,"2|1|011000":14824,"1|1|010100":57080,"1|1|010101":60954,"1|1|101111":44802,"1|1|101110":47409,"2|0|101010":8441,"1|0|001111":37942,"1|1|001010":17038,"1|0|001110":34181,"1|1|001011":21160,"2|0|101011":8105,"2|1|000011":3804,"2|1|000010":3155,"1|1|010110":64440,"2|1|111101":906,"2|1|110010":5054,"2|1|111100":1216,"2|1|110011":4575,"2|1|011010":15404,"2|1|011011":14883,"1|1|010111":68247,"1|1|101101":49961,"1|1|100011":81853,"1|1|101100":53419,"1|1|100010":84680,"1|0|110001":38706,"2|0|001011":8195,"2|0|001010":7647,"1|0|110000":41941,"2|0|111110":579,"2|0|111111":392,"1|1|101010":59898,"2|1|010010":11762,"2|1|011100":14734,"2|1|011101":14457,"1|0|010001":45591,"1|0|010000":41795,"2|1|010011":12301,"1|1|101011":56477,"1|0|111101":6334,"2|0|100101":10669,"2|0|100100":11267,"1|0|110010":35964,"1|0|110011":33269,"1|0|111100":9116,"2|0|110010":5088,"2|0|111101":924,"2|0|110011":4793,"2|0|111100":1282,"2|1|011111":13534,"1|0|010111":68697,"1|0|010110":64817,"2|1|011110":13648,"1|1|101001":62878,"1|1|101000":65921,"1|0|110100":30508,"1|0|110101":27652,"2|0|100111":9918,"2|0|100110":10438,"2|1|000101":4922,"2|0|001111":10241,"2|1|000100":4409,"2|0|001110":9906,"1|0|011110":89751,"2|0|111011":1612,"2|0|111010":2024,"2|1|010111":14187,"1|0|011111":92494,"2|1|010110":13735,"1|0|110111":22400,"2|0|100001":12722,"2|0|100000":13016,"2|0|001001":7085,"2|0|001000":6477,"1|0|000101":4879,"1|0|000100":4413,"1|0|110110":24965,"1|0|010010":49698,"2|0|111000":2851,"2|0|111001":2310,"1|0|011101":87173,"2|1|010001":11401,"1|0|010011":53719,"1|0|011100":83967,"2|1|010000":10963}}
