{"probability":{"Group 13":"0.05263166723689131","Group 12":"0.04470610899186553","Group 11":"0.28607100537129265","Group 10":"0.00024042902554943064","Group  6":"0.0002590140556457483","Group  5":"0.0","Group  4":"0.0023425486402174154","Group  3":"0.0","Group  2":"0.0","Group  1":"0.0","Group  9":"0.000292024834032355","Group  8":"0.007527046414091638","Group  7":"0.6059301554304137"},"groups":{"Group 13":["Botan 1.5.6 & 1.11.29 & 2.1.0","Feitian JavaCOS A22 & A40","Gemalto GCX4 72K","HSM SafeNet Luna SA-1700","LibTomCrypt 1.17","Libgcrypt 1.6.0 & 1.6.5 & 1.7.6","Libgcrypt 1.6.0 FIPS & 1.6.5 FIPS","Nettle 3.2 & 3.3","Oberthur Cosmo 64","OpenSSL FIPS 2.0.12 & 2.0.14","PGPSDK 4","WolfSSL 2.0rc1 & 3.9.0 & 3.10.2","cryptlib 3.4.3 & 3.4.3.1"],"Group 12":["Bouncy Castle 1.53 (Java)","Cryptix JCE 20050328","FlexiProvider 1.7p7","HSM Utimaco Security Server Se50","Nettle 2.0","PolarSSL 0.10.0","PuTTY 0.67","SunRsaSign OpenJDK 1.8.0","mbedTLS 1.3.19 & 2.2.1 & 2.4.2"],"Group 11":["Bouncy Castle 1.54 (Java)","Crypto++ 5.6.0 & 5.6.3 & 5.6.5","Libgcrypt 1.7.6 FIPS","Microsoft CryptoAPI & CNG & .NET"],"Group 10":["NXP J2D081 & J2E145G","YubiKey NEO"],"Group  6":["Oberthur Cosmo Dual 72K"],"Group  5":["NXP J2A080 & J2A081 & J3A081 & JCOP 41 V2.2.1"],"Group  4":["Gemalto GXP E64"],"Group  3":["GNU Crypto 2.0.1"],"Group  2":["G&D SmartCafe 4.x & 6.0"],"Group  1":["G&D SmartCafe 3.2"],"Group  9":["Infineon JTOP 80K","YubiKey 4 & 4 Nano"],"Group  8":["PGPSDK 4 FIPS"],"Group  7":["OpenSSL 0.9.7 & 1.0.2g & 1.0.2k & 1.1.0e"]},"frequencies":{"1|1|000110":9599,"2|1|100011":22317,"2|1|101101":13722,"1|1|000111":10564,"2|1|101100":14520,"2|1|100010":23276,"2|0|000000":4509,"2|0|000001":5371,"1|0|111010":20126,"1|0|111011":16642,"1|1|011010":113817,"1|1|011011":117812,"2|0|110100":8367,"2|0|110101":7647,"1|0|100001":126042,"1|0|100000":131429,"2|1|100000":25472,"1|1|000100":7980,"2|1|100001":24422,"2|0|000011":7070,"2|0|001101":16472,"2|0|001100":15628,"2|0|000010":6313,"1|1|000101":8929,"2|1|010101":24368,"2|0|011010":28174,"2|1|010100":23289,"2|0|011011":28257,"1|0|100010":120819,"1|0|101100":76499,"1|0|101101":71866,"1|0|100011":116352,"2|1|100110":19608,"1|1|110101":39817,"2|1|100111":18899,"2|0|000101":8664,"2|0|000100":8165,"1|0|111110":5530,"1|1|110100":43196,"1|0|111111":2340,"1|0|100101":107129,"2|0|110001":10632,"2|0|110000":11388,"1|0|010101":89082,"1|0|010100":83293,"2|0|011001":27743,"2|0|011000":27150,"1|0|100100":111807,"2|1|100100":21512,"2|1|100101":20402,"2|0|000110":9658,"2|0|000111":10484,"1|0|111000":27612,"1|0|111001":24078,"2|0|110111":5984,"2|0|110110":6824,"2|0|011111":26173,"2|0|011110":26377,"1|0|100111":98406,"1|0|100110":103210,"1|1|001001":20368,"1|0|001001":20343,"1|0|001000":13791,"1|1|001000":13836,"1|1|110001":55365,"1|1|110000":59744,"1|1|010000":61514,"2|0|011101":27088,"2|1|111111":905,"2|1|111110":1237,"2|0|010010":21351,"2|0|011100":27318,"2|0|010011":22134,"1|1|010001":67080,"1|0|101010":85074,"1|0|101011":80834,"1|0|001010":26523,"1|1|001111":56040,"1|0|001011":32531,"1|1|001110":50149,"2|1|101011":15512,"2|1|101010":16252,"1|1|110111":31918,"1|1|110110":35565,"1|1|010010":72623,"1|1|010011":77989,"1|1|011100":121095,"2|0|010001":20574,"2|1|111001":4576,"2|1|111000":5313,"2|0|010000":19632,"1|1|011101":124673,"1|1|000011":7241,"1|1|001100":38469,"1|1|001101":44171,"2|1|101001":17041,"1|1|000010":6230,"2|1|101000":18055,"1|1|111110":5753,"1|1|111111":2397,"2|1|111010":3905,"1|1|011110":127842,"1|1|011111":131299,"2|0|010111":26020,"2|1|001000":11363,"2|1|001001":12528,"2|1|111011":3175,"2|0|010110":25089,"1|0|101111":63896,"1|1|100101":107955,"1|1|100100":111849,"1|0|101110":68049,"1|1|000000":4469,"1|1|000001":5432,"2|1|101111":12190,"2|1|101110":12933,"1|1|110010":51693,"1|1|111101":9299,"1|1|110011":47496,"1|1|111100":12776,"1|1|011000":103701,"1|1|011001":109262,"2|1|001010":13759,"2|0|010100":23419,"2|1|001011":15009,"2|0|010101":24381,"1|0|101001":89401,"1|0|101000":93983,"1|0|000110":9760,"2|0|101101":13875,"2|0|100011":22468,"2|0|101100":14658,"2|0|100010":23359,"2|1|000001":5242,"2|1|000000":4467,"1|1|111011":16556,"1|0|000111":10409,"1|1|111010":20355,"1|0|011011":117230,"2|1|110100":8305,"1|0|011010":113529,"2|1|001100":15699,"2|1|110101":7559,"2|1|001101":16699,"1|1|100001":125372,"1|1|100000":130601,"1|0|000000":4524,"2|0|101111":12388,"2|0|101110":13043,"2|1|000111":10458,"2|1|000110":9584,"1|1|111000":28060,"1|0|000001":5355,"1|1|111001":24086,"1|0|011000":104428,"2|1|001110":18018,"2|1|110111":6070,"2|1|001111":18779,"2|1|110110":6852,"1|0|011001":109077,"1|1|100111":98545,"1|1|100110":102531,"1|0|000011":7205,"1|0|001100":38756,"1|0|000010":6302,"2|0|101001":17071,"2|0|101000":18157,"1|0|001101":44066,"2|1|110001":10545,"2|1|110000":11447,"2|1|011001":27980,"2|1|011000":26839,"1|1|010100":83735,"1|1|010101":88875,"1|1|101111":63902,"1|1|101110":68363,"2|0|101010":16406,"1|0|001111":55768,"1|1|001010":26395,"1|0|001110":49980,"1|1|001011":32500,"2|0|101011":15445,"2|1|000011":7154,"2|1|000010":6290,"1|1|010110":93974,"2|1|111101":1809,"2|1|110010":9707,"2|1|111100":2520,"2|1|110011":9206,"2|1|011010":28480,"2|1|011011":28163,"1|1|010111":99061,"1|1|101101":72224,"1|1|100011":116544,"1|1|101100":76795,"1|1|100010":121511,"1|0|110001":55745,"2|0|001011":14762,"2|0|001010":13754,"1|0|110000":59967,"2|0|111110":1131,"2|0|111111":903,"1|1|101010":85247,"2|1|010010":21554,"2|1|011100":27445,"2|1|011101":26827,"1|0|010001":67272,"1|0|010000":61421,"2|1|010011":22238,"1|1|101011":80536,"1|0|111101":9203,"2|0|100101":20366,"2|0|100100":21470,"1|0|110010":51569,"1|0|110011":47314,"1|0|111100":12986,"2|0|110010":9877,"2|0|111101":1885,"2|0|110011":9010,"2|0|111100":2521,"2|1|011111":25887,"1|0|010111":99109,"1|0|010110":94108,"2|1|011110":26185,"1|1|101001":89779,"1|1|101000":93203,"1|0|110100":43605,"1|0|110101":39313,"2|0|100111":18647,"2|0|100110":19492,"2|1|000101":8884,"2|0|001111":18580,"2|1|000100":8029,"2|0|001110":17726,"1|0|011110":128414,"2|0|111011":3214,"2|0|111010":3844,"2|1|010111":26253,"1|0|011111":131899,"2|1|010110":25188,"1|0|110111":31369,"2|0|100001":24417,"2|0|100000":25241,"2|0|001001":12540,"2|0|001000":11371,"1|0|000101":8644,"1|0|000100":8043,"1|0|110110":35668,"1|0|010010":72633,"2|0|111000":5440,"2|0|111001":4647,"1|0|011101":124725,"2|1|010001":20722,"1|0|010011":77975,"1|0|011100":121160,"2|1|010000":19799}}
