{"probability":{"Group 13":"0.08711389686666712","Group 12":"0.10695485221146374","Group 11":"0.029945193856315472","Group 10":"0.0","Group  6":"0.0","Group  5":"0.000695327954778721","Group  4":"0.0018059814358392552","Group  3":"0.0","Group  2":"0.0","Group  1":"0.0","Group  9":"0.0","Group  8":"0.00020843611934055067","Group  7":"0.7732763115555952"},"groups":{"Group 13":["Botan 1.5.6 & 1.11.29 & 2.1.0","Feitian JavaCOS A22 & A40","Gemalto GCX4 72K","HSM SafeNet Luna SA-1700","LibTomCrypt 1.17","Libgcrypt 1.6.0 & 1.6.5 & 1.7.6","Libgcrypt 1.6.0 FIPS & 1.6.5 FIPS","Nettle 3.2 & 3.3","Oberthur Cosmo 64","OpenSSL FIPS 2.0.12 & 2.0.14","PGPSDK 4","WolfSSL 2.0rc1 & 3.9.0 & 3.10.2","cryptlib 3.4.3 & 3.4.3.1"],"Group 12":["Bouncy Castle 1.53 (Java)","Cryptix JCE 20050328","FlexiProvider 1.7p7","HSM Utimaco Security Server Se50","Nettle 2.0","PolarSSL 0.10.0","PuTTY 0.67","SunRsaSign OpenJDK 1.8.0","mbedTLS 1.3.19 & 2.2.1 & 2.4.2"],"Group 11":["Bouncy Castle 1.54 (Java)","Crypto++ 5.6.0 & 5.6.3 & 5.6.5","Libgcrypt 1.7.6 FIPS","Microsoft CryptoAPI & CNG & .NET"],"Group 10":["NXP J2D081 & J2E145G","YubiKey NEO"],"Group  6":["Oberthur Cosmo Dual 72K"],"Group  5":["NXP J2A080 & J2A081 & J3A081 & JCOP 41 V2.2.1"],"Group  4":["Gemalto GXP E64"],"Group  3":["GNU Crypto 2.0.1"],"Group  2":["G&D SmartCafe 4.x & 6.0"],"Group  1":["G&D SmartCafe 3.2"],"Group  9":["Infineon JTOP 80K","YubiKey 4 & 4 Nano"],"Group  8":["PGPSDK 4 FIPS"],"Group  7":["OpenSSL 0.9.7 & 1.0.2g & 1.0.2k & 1.1.0e"]},"frequencies":{"1|1|000110":744,"2|1|100011":1047,"2|1|101101":683,"1|1|000111":731,"2|1|101100":652,"2|1|100010":1148,"2|0|000000":844,"2|0|000001":807,"1|0|111010":2017,"1|0|111011":1614,"1|1|011010":10515,"1|1|011011":11118,"2|0|110100":369,"2|0|110101":320,"1|0|100001":12445,"1|0|100000":12876,"2|1|100000":1179,"1|1|000100":794,"2|1|100001":1170,"2|0|000011":737,"2|0|001101":925,"2|0|001100":861,"2|0|000010":797,"1|1|000101":778,"2|1|010101":1066,"2|0|011010":1111,"2|1|010100":1049,"2|0|011011":1155,"1|0|100010":11747,"1|0|101100":7549,"1|0|101101":6961,"1|0|100011":11193,"2|1|100110":905,"1|1|110101":3846,"2|1|100111":876,"2|0|000101":783,"2|0|000100":754,"1|0|111110":596,"1|1|110100":4281,"1|0|111111":144,"1|0|100101":10679,"2|0|110001":442,"2|0|110000":507,"1|0|010101":8122,"1|0|010100":7725,"2|0|011001":1147,"2|0|011000":1102,"1|0|100100":10773,"2|1|100100":1022,"2|1|100101":929,"2|0|000110":762,"2|0|000111":777,"1|0|111000":2733,"1|0|111001":2307,"2|0|110111":293,"2|0|110110":322,"2|0|011111":1195,"2|0|011110":1200,"1|0|100111":9728,"1|0|100110":10168,"1|1|001001":1636,"1|0|001001":1629,"1|0|001000":1022,"1|1|001000":1006,"1|1|110001":5474,"1|1|110000":5825,"1|1|010000":5723,"2|0|011101":1160,"2|1|111111":15,"2|1|111110":31,"2|0|010010":962,"2|0|011100":1160,"2|0|010011":1094,"1|1|010001":6133,"1|0|101010":8249,"1|0|101011":8069,"1|0|001010":2242,"1|1|001111":4987,"1|0|001011":2752,"1|1|001110":4443,"2|1|101011":704,"2|1|101010":763,"1|1|110111":3129,"1|1|110110":3476,"1|1|010010":6598,"1|1|010011":7139,"1|1|011100":11316,"2|0|010001":923,"2|1|111001":205,"2|1|111000":229,"2|0|010000":963,"1|1|011101":11881,"1|1|000011":777,"1|1|001100":3263,"1|1|001101":3964,"2|1|101001":738,"1|1|000010":811,"2|1|101000":786,"1|1|111110":568,"1|1|111111":174,"2|1|111010":169,"1|1|011110":12337,"1|1|011111":12653,"2|0|010111":1137,"2|1|001000":719,"2|1|001001":782,"2|1|111011":151,"2|0|010110":1108,"1|0|101111":6298,"1|1|100101":10444,"1|1|100100":11045,"1|0|101110":6710,"1|1|000000":836,"1|1|000001":754,"2|1|101111":548,"2|1|101110":600,"1|1|110010":4967,"1|1|111101":903,"1|1|110011":4711,"1|1|111100":1165,"1|1|011000":9781,"1|1|011001":10159,"2|1|001010":813,"2|0|010100":1053,"2|1|001011":833,"2|0|010101":1025,"1|0|101001":8707,"1|0|101000":9066,"1|0|000110":729,"2|0|101101":635,"2|0|100011":1038,"2|0|101100":696,"2|0|100010":1041,"2|1|000001":812,"2|1|000000":822,"1|1|111011":1669,"1|0|000111":711,"1|1|111010":2026,"1|0|011011":11109,"2|1|110100":378,"1|0|011010":10606,"2|1|001100":840,"2|1|110101":345,"2|1|001101":895,"1|1|100001":12304,"1|1|100000":13039,"1|0|000000":775,"2|0|101111":547,"2|0|101110":603,"2|1|000111":713,"2|1|000110":730,"1|1|111000":2749,"1|0|000001":778,"1|1|111001":2347,"1|0|011000":9665,"2|1|001110":933,"2|1|110111":272,"2|1|001111":899,"2|1|110110":293,"1|0|011001":10158,"1|1|100111":9701,"1|1|100110":10030,"1|0|000011":792,"1|0|001100":3354,"1|0|000010":729,"2|0|101001":800,"2|0|101000":847,"1|0|001101":3969,"2|1|110001":519,"2|1|110000":515,"2|1|011001":1128,"2|1|011000":1144,"1|1|010100":7834,"1|1|010101":8117,"1|1|101111":6186,"1|1|101110":6795,"2|0|101010":741,"1|0|001111":5029,"1|1|001010":2281,"1|0|001110":4391,"1|1|001011":2723,"2|0|101011":757,"2|1|000011":755,"2|1|000010":799,"1|1|010110":8627,"2|1|111101":73,"2|1|110010":467,"2|1|111100":106,"2|1|110011":409,"2|1|011010":1163,"2|1|011011":1092,"1|1|010111":8947,"1|1|101101":7169,"1|1|100011":11575,"1|1|101100":7482,"1|1|100010":12009,"1|0|110001":5458,"2|0|001011":821,"2|0|001010":811,"1|0|110000":5949,"2|0|111110":37,"2|0|111111":20,"1|1|101010":8323,"2|1|010010":1005,"2|1|011100":1161,"2|1|011101":1163,"1|0|010001":6139,"1|0|010000":5577,"2|1|010011":1059,"1|1|101011":7756,"1|0|111101":904,"2|0|100101":972,"2|0|100100":1027,"1|0|110010":4923,"1|0|110011":4646,"1|0|111100":1251,"2|0|110010":392,"2|0|111101":82,"2|0|110011":405,"2|0|111100":119,"2|1|011111":1156,"1|0|010111":9265,"1|0|010110":8742,"2|1|011110":1186,"1|1|101001":8771,"1|1|101000":9189,"1|0|110100":4313,"1|0|110101":3902,"2|0|100111":871,"2|0|100110":914,"2|1|000101":719,"2|0|001111":883,"2|1|000100":748,"2|0|001110":898,"1|0|011110":12541,"2|0|111011":155,"2|0|111010":165,"2|1|010111":1121,"1|0|011111":12889,"2|1|010110":1104,"1|0|110111":2976,"2|0|100001":1190,"2|0|100000":1189,"2|0|001001":802,"2|0|001000":747,"1|0|000101":779,"1|0|000100":733,"1|0|110110":3510,"1|0|010010":6620,"2|0|111000":259,"2|0|111001":215,"1|0|011101":11743,"2|1|010001":908,"1|0|010011":7124,"1|0|011100":11413,"2|1|010000":918}}
