{"probability":{"Group 13":"0.01751531559217457","Group 12":"0.016322281263867762","Group 11":"0.0569456375131631","Group 10":"0.0002844077683639785","Group  6":"0.00025172345691109146","Group  5":"0.0","Group  4":"0.0005432310579971134","Group  3":"0.0","Group  2":"0.000009760158805259478","Group  1":"0.0","Group  9":"0.00038681078269651076","Group  8":"0.005981027293768474","Group  7":"0.9017598051122523"},"groups":{"Group 13":["Botan 1.5.6 & 1.11.29 & 2.1.0","Feitian JavaCOS A22 & A40","Gemalto GCX4 72K","HSM SafeNet Luna SA-1700","LibTomCrypt 1.17","Libgcrypt 1.6.0 & 1.6.5 & 1.7.6","Libgcrypt 1.6.0 FIPS & 1.6.5 FIPS","Nettle 3.2 & 3.3","Oberthur Cosmo 64","OpenSSL FIPS 2.0.12 & 2.0.14","PGPSDK 4","WolfSSL 2.0rc1 & 3.9.0 & 3.10.2","cryptlib 3.4.3 & 3.4.3.1"],"Group 12":["Bouncy Castle 1.53 (Java)","Cryptix JCE 20050328","FlexiProvider 1.7p7","HSM Utimaco Security Server Se50","Nettle 2.0","PolarSSL 0.10.0","PuTTY 0.67","SunRsaSign OpenJDK 1.8.0","mbedTLS 1.3.19 & 2.2.1 & 2.4.2"],"Group 11":["Bouncy Castle 1.54 (Java)","Crypto++ 5.6.0 & 5.6.3 & 5.6.5","Libgcrypt 1.7.6 FIPS","Microsoft CryptoAPI & CNG & .NET"],"Group 10":["NXP J2D081 & J2E145G","YubiKey NEO"],"Group  6":["Oberthur Cosmo Dual 72K"],"Group  5":["NXP J2A080 & J2A081 & J3A081 & JCOP 41 V2.2.1"],"Group  4":["Gemalto GXP E64"],"Group  3":["GNU Crypto 2.0.1"],"Group  2":["G&D SmartCafe 4.x & 6.0"],"Group  1":["G&D SmartCafe 3.2"],"Group  9":["Infineon JTOP 80K","YubiKey 4 & 4 Nano"],"Group  8":["PGPSDK 4 FIPS"],"Group  7":["OpenSSL 0.9.7 & 1.0.2g & 1.0.2k & 1.1.0e"]},"frequencies":{"1|1|000110":961,"2|1|100011":2013,"2|1|101101":1207,"1|1|000111":1094,"2|1|101100":1391,"2|1|100010":2055,"2|0|000000":640,"2|0|000001":699,"1|0|111010":9363,"1|0|111011":7686,"1|1|011010":49704,"1|1|011011":52691,"2|0|110100":702,"2|0|110101":688,"1|0|100001":58707,"1|0|100000":61288,"2|1|100000":2294,"1|1|000100":936,"2|1|100001":2240,"2|0|000011":844,"2|0|001101":1621,"2|0|001100":1492,"2|0|000010":801,"1|1|000101":975,"2|1|010101":2226,"2|0|011010":2564,"2|1|010100":2128,"2|0|011011":2629,"1|0|100010":56499,"1|0|101100":36234,"1|0|101101":33670,"1|0|100011":54743,"2|1|100110":1795,"1|1|110101":18644,"2|1|100111":1662,"2|0|000101":950,"2|0|000100":952,"1|0|111110":2536,"1|1|110100":20319,"1|0|111111":1184,"1|0|100101":50776,"2|0|110001":997,"2|0|110000":979,"1|0|010101":37928,"1|0|010100":35626,"2|0|011001":2405,"2|0|011000":2445,"1|0|100100":52272,"2|1|100100":1928,"2|1|100101":1896,"2|0|000110":957,"2|0|000111":1070,"1|0|111000":12954,"1|0|111001":11315,"2|0|110111":588,"2|0|110110":610,"2|0|011111":2417,"2|0|011110":2335,"1|0|100111":46058,"1|0|100110":47936,"1|1|001001":5579,"1|0|001001":5480,"1|0|001000":2558,"1|1|001000":2713,"1|1|110001":26225,"1|1|110000":27941,"1|1|010000":25123,"2|0|011101":2359,"2|1|111111":405,"2|1|111110":156,"2|0|010010":1920,"2|0|011100":2482,"2|0|010011":2079,"1|1|010001":27584,"1|0|101010":39718,"1|0|101011":37680,"1|0|001010":8539,"1|1|001111":22762,"1|0|001011":11496,"1|1|001110":19962,"2|1|101011":1372,"2|1|101010":1453,"1|1|110111":14925,"1|1|110110":16670,"1|1|010010":30571,"1|1|010011":32817,"1|1|011100":54787,"2|0|010001":1935,"2|1|111001":379,"2|1|111000":491,"2|0|010000":1810,"1|1|011101":57028,"1|1|000011":815,"1|1|001100":14264,"1|1|001101":16832,"2|1|101001":1592,"1|1|000010":753,"2|1|101000":1607,"1|1|111110":2618,"1|1|111111":1255,"2|1|111010":339,"1|1|011110":59061,"1|1|011111":60976,"2|0|010111":2326,"2|1|001000":1157,"2|1|001001":1264,"2|1|111011":276,"2|0|010110":2316,"1|0|101111":29904,"1|1|100101":50513,"1|1|100100":52191,"1|0|101110":31873,"1|1|000000":638,"1|1|000001":781,"2|1|101111":1074,"2|1|101110":1185,"1|1|110010":24041,"1|1|111101":4340,"1|1|110011":22276,"1|1|111100":6071,"1|1|011000":45063,"1|1|011001":48058,"2|1|001010":1378,"2|0|010100":2122,"2|1|001011":1448,"2|0|010101":2231,"1|0|101001":41946,"1|0|101000":44256,"1|0|000110":1059,"2|0|101101":1298,"2|0|100011":1995,"2|0|101100":1370,"2|0|100010":2109,"2|1|000001":763,"2|1|000000":658,"1|1|111011":7687,"1|0|000111":1111,"1|1|111010":9421,"1|0|011011":52288,"2|1|110100":742,"1|0|011010":50041,"2|1|001100":1538,"2|1|110101":644,"2|1|001101":1630,"1|1|100001":59456,"1|1|100000":61121,"1|0|000000":615,"2|0|101111":1070,"2|0|101110":1153,"2|1|000111":1083,"2|1|000110":986,"1|1|111000":13210,"1|0|000001":697,"1|1|111001":11216,"1|0|011000":45876,"2|1|001110":1671,"2|1|110111":526,"2|1|001111":1790,"2|1|110110":644,"1|0|011001":47924,"1|1|100111":46080,"1|1|100110":48444,"1|0|000011":881,"1|0|001100":14243,"1|0|000010":800,"2|0|101001":1592,"2|0|101000":1586,"1|0|001101":16899,"2|1|110001":922,"2|1|110000":1089,"2|1|011001":2545,"2|1|011000":2368,"1|1|010100":35943,"1|1|010101":37835,"1|1|101111":30114,"1|1|101110":31841,"2|0|101010":1545,"1|0|001111":22767,"1|1|001010":8316,"1|0|001110":19888,"1|1|001011":11357,"2|0|101011":1465,"2|1|000011":844,"2|1|000010":770,"1|1|010110":40305,"2|1|111101":166,"2|1|110010":849,"2|1|111100":243,"2|1|110011":808,"2|1|011010":2581,"2|1|011011":2534,"1|1|010111":42887,"1|1|101101":33629,"1|1|100011":54806,"1|1|101100":36155,"1|1|100010":56699,"1|0|110001":25761,"2|0|001011":1426,"2|0|001010":1354,"1|0|110000":28012,"2|0|111110":169,"2|0|111111":370,"1|1|101010":39767,"2|1|010010":1979,"2|1|011100":2498,"2|1|011101":2382,"1|0|010001":27501,"1|0|010000":25001,"2|1|010011":2088,"1|1|101011":37833,"1|0|111101":4328,"2|0|100101":1914,"2|0|100100":1942,"1|0|110010":24107,"1|0|110011":22481,"1|0|111100":6038,"2|0|110010":914,"2|0|111101":178,"2|0|110011":815,"2|0|111100":206,"2|1|011111":2335,"1|0|010111":43207,"1|0|010110":40515,"2|1|011110":2385,"1|1|101001":42130,"1|1|101000":44145,"1|0|110100":20434,"1|0|110101":18444,"2|0|100111":1691,"2|0|100110":1748,"2|1|000101":980,"2|0|001111":1728,"2|1|000100":947,"2|0|001110":1599,"1|0|011110":59297,"2|0|111011":278,"2|0|111010":326,"2|1|010111":2398,"1|0|011111":61351,"2|1|010110":2195,"1|0|110111":14837,"2|0|100001":2171,"2|0|100000":2335,"2|0|001001":1278,"2|0|001000":1185,"1|0|000101":957,"1|0|000100":885,"1|0|110110":16841,"1|0|010010":30346,"2|0|111000":471,"2|0|111001":440,"1|0|011101":57232,"2|1|010001":1821,"1|0|010011":32826,"1|0|011100":54834,"2|1|010000":1838}}
