{"probability":{"Group 13":"0.4256315717126695","Group 12":"0.16255139376135344","Group 11":"0.023604393003295233","Group 10":"0.0","Group  6":"0.0","Group  5":"0.0001284566795329181","Group  4":"0.005122066663185577","Group  3":"0.00019710229201477683","Group  2":"0.0","Group  1":"0.0","Group  9":"0.0009435808259414083","Group  8":"0.0036183578269643013","Group  7":"0.37820307723504276"},"groups":{"Group 13":["Botan 1.5.6 & 1.11.29 & 2.1.0","Feitian JavaCOS A22 & A40","Gemalto GCX4 72K","HSM SafeNet Luna SA-1700","LibTomCrypt 1.17","Libgcrypt 1.6.0 & 1.6.5 & 1.7.6","Libgcrypt 1.6.0 FIPS & 1.6.5 FIPS","Nettle 3.2 & 3.3","Oberthur Cosmo 64","OpenSSL FIPS 2.0.12 & 2.0.14","PGPSDK 4","WolfSSL 2.0rc1 & 3.9.0 & 3.10.2","cryptlib 3.4.3 & 3.4.3.1"],"Group 12":["Bouncy Castle 1.53 (Java)","Cryptix JCE 20050328","FlexiProvider 1.7p7","HSM Utimaco Security Server Se50","Nettle 2.0","PolarSSL 0.10.0","PuTTY 0.67","SunRsaSign OpenJDK 1.8.0","mbedTLS 1.3.19 & 2.2.1 & 2.4.2"],"Group 11":["Bouncy Castle 1.54 (Java)","Crypto++ 5.6.0 & 5.6.3 & 5.6.5","Libgcrypt 1.7.6 FIPS","Microsoft CryptoAPI & CNG & .NET"],"Group 10":["NXP J2D081 & J2E145G","YubiKey NEO"],"Group  6":["Oberthur Cosmo Dual 72K"],"Group  5":["NXP J2A080 & J2A081 & J3A081 & JCOP 41 V2.2.1"],"Group  4":["Gemalto GXP E64"],"Group  3":["GNU Crypto 2.0.1"],"Group  2":["G&D SmartCafe 4.x & 6.0"],"Group  1":["G&D SmartCafe 3.2"],"Group  9":["Infineon JTOP 80K","YubiKey 4 & 4 Nano"],"Group  8":["PGPSDK 4 FIPS"],"Group  7":["OpenSSL 0.9.7 & 1.0.2g & 1.0.2k & 1.1.0e"]},"frequencies":{"1|1|000110":2974,"2|1|100011":9547,"2|1|101101":5946,"1|1|000111":2993,"2|1|101100":6277,"2|1|100010":10153,"2|0|000000":3471,"2|0|000001":3273,"1|0|111010":4204,"1|0|111011":3314,"1|1|011010":22356,"1|1|011011":23228,"2|0|110100":3585,"2|0|110101":3190,"1|0|100001":25817,"1|0|100000":26635,"2|1|100000":10908,"1|1|000100":3197,"2|1|100001":10420,"2|0|000011":3244,"2|0|001101":5216,"2|0|001100":4831,"2|0|000010":3340,"1|1|000101":3156,"2|1|010101":7960,"2|0|011010":9577,"2|1|010100":7573,"2|0|011011":9638,"1|0|100010":24640,"1|0|101100":15595,"1|0|101101":14488,"1|0|100011":23599,"2|1|100110":8364,"1|1|110101":7980,"2|1|100111":8070,"2|0|000101":3203,"2|0|000100":3185,"1|0|111110":1112,"1|1|110100":8866,"1|0|111111":338,"1|0|100101":21690,"2|0|110001":4542,"2|0|110000":4986,"1|0|010101":17647,"1|0|010100":16738,"2|0|011001":9223,"2|0|011000":9022,"1|0|100100":22563,"2|1|100100":9126,"2|1|100101":8690,"2|0|000110":3036,"2|0|000111":3013,"1|0|111000":5656,"1|0|111001":4921,"2|0|110111":2502,"2|0|110110":2923,"2|0|011111":10996,"2|0|011110":10561,"1|0|100111":20045,"1|0|100110":20954,"1|1|001001":4721,"1|0|001001":4792,"1|0|001000":3631,"1|1|001000":3520,"1|1|110001":11092,"1|1|110000":11973,"1|1|010000":12617,"2|0|011101":10574,"2|1|111111":143,"2|1|111110":492,"2|0|010010":7007,"2|0|011100":9856,"2|0|010011":7464,"1|1|010001":13604,"1|0|101010":17218,"1|0|101011":16260,"1|0|001010":5879,"1|1|001111":11377,"1|0|001011":7039,"1|1|001110":10321,"2|1|101011":6553,"2|1|101010":6886,"1|1|110111":6329,"1|1|110110":7122,"1|1|010010":14665,"1|1|010011":15604,"1|1|011100":24146,"2|0|010001":6606,"2|1|111001":1951,"2|1|111000":2266,"2|0|010000":6333,"1|1|011101":24952,"1|1|000011":3246,"1|1|001100":8154,"1|1|001101":9396,"2|1|101001":7367,"1|1|000010":3316,"2|1|101000":7732,"1|1|111110":1061,"1|1|111111":361,"2|1|111010":1675,"1|1|011110":25817,"1|1|011111":26767,"2|0|010111":8555,"2|1|001000":3162,"2|1|001001":3666,"2|1|111011":1380,"2|0|010110":8306,"1|0|101111":12721,"1|1|100101":22067,"1|1|100100":22602,"1|0|101110":13730,"1|1|000000":3303,"1|1|000001":3337,"2|1|101111":5243,"2|1|101110":5556,"1|1|110010":10552,"1|1|111101":1868,"1|1|110011":9739,"1|1|111100":2545,"1|1|011000":20459,"1|1|011001":21185,"2|1|001010":4105,"2|0|010100":7597,"2|1|001011":4545,"2|0|010101":8004,"1|0|101001":18170,"1|0|101000":19488,"1|0|000110":3108,"2|0|101101":5751,"2|0|100011":9588,"2|0|101100":6240,"2|0|100010":10043,"2|1|000001":3296,"2|1|000000":3464,"1|1|111011":3253,"1|0|000111":3105,"1|1|111010":4114,"1|0|011011":23242,"2|1|110100":3450,"1|0|011010":22439,"2|1|001100":4723,"2|1|110101":3185,"2|1|001101":5248,"1|1|100001":25738,"1|1|100000":26955,"1|0|000000":3331,"2|0|101111":5252,"2|0|101110":5574,"2|1|000111":2987,"2|1|000110":3144,"1|1|111000":5572,"1|0|000001":3345,"1|1|111001":4773,"1|0|011000":20208,"2|1|001110":5611,"2|1|110111":2615,"2|1|001111":6008,"2|1|110110":2878,"1|0|011001":21429,"1|1|100111":19444,"1|1|100110":20857,"1|0|000011":3270,"1|0|001100":8251,"1|0|000010":3279,"2|0|101001":7351,"2|0|101000":7523,"1|0|001101":9289,"2|1|110001":4466,"2|1|110000":4961,"2|1|011001":9337,"2|1|011000":9008,"1|1|010100":16427,"1|1|010101":17590,"1|1|101111":12769,"1|1|101110":13813,"2|0|101010":6972,"1|0|001111":11365,"1|1|001010":5937,"1|0|001110":10394,"1|1|001011":7033,"2|0|101011":6494,"2|1|000011":3199,"2|1|000010":3284,"1|1|010110":18292,"2|1|111101":744,"2|1|110010":4253,"2|1|111100":1018,"2|1|110011":3847,"2|1|011010":9523,"2|1|011011":9932,"1|1|010111":19567,"1|1|101101":14712,"1|1|100011":23748,"1|1|101100":15537,"1|1|100010":24909,"1|0|110001":11322,"2|0|001011":4479,"2|0|001010":4061,"1|0|110000":12278,"2|0|111110":427,"2|0|111111":142,"1|1|101010":17048,"2|1|010010":7036,"2|1|011100":9975,"2|1|011101":10275,"1|0|010001":13521,"1|0|010000":12523,"2|1|010011":7447,"1|1|101011":16290,"1|0|111101":1877,"2|0|100101":8705,"2|0|100100":9253,"1|0|110010":10407,"1|0|110011":9574,"1|0|111100":2572,"2|0|110010":4208,"2|0|111101":756,"2|0|110011":3934,"2|0|111100":1007,"2|1|011111":10963,"1|0|010111":19416,"1|0|010110":18553,"2|1|011110":10694,"1|1|101001":18226,"1|1|101000":19135,"1|0|110100":8975,"1|0|110101":7945,"2|0|100111":8029,"2|0|100110":8337,"2|1|000101":3116,"2|0|001111":5834,"2|1|000100":3198,"2|0|001110":5677,"1|0|011110":25997,"2|0|111011":1352,"2|0|111010":1571,"2|1|010111":8582,"1|0|011111":26506,"2|1|010110":8148,"1|0|110111":6472,"2|0|100001":10394,"2|0|100000":10839,"2|0|001001":3616,"2|0|001000":3212,"1|0|000101":3202,"1|0|000100":3196,"1|0|110110":7289,"1|0|010010":14555,"2|0|111000":2251,"2|0|111001":1977,"1|0|011101":25098,"2|1|010001":6695,"1|0|010011":15618,"1|0|011100":23837,"2|1|010000":6268}}
