{"probability":{"Group 13":"0.036932736945702156","Group 12":"0.033830616157723405","Group 11":"0.21935168242476097","Group 10":"0.00016526263179626074","Group  6":"0.0000556409052842712","Group  5":"0.00005520477714418112","Group  4":"0.002107009292804073","Group  3":"0.00004135503098808237","Group  2":"0.0","Group  1":"0.0","Group  9":"0.00013951553996131163","Group  8":"0.008621422595526401","Group  7":"0.6986995536983089"},"groups":{"Group 13":["Botan 1.5.6 & 1.11.29 & 2.1.0","Feitian JavaCOS A22 & A40","Gemalto GCX4 72K","HSM SafeNet Luna SA-1700","LibTomCrypt 1.17","Libgcrypt 1.6.0 & 1.6.5 & 1.7.6","Libgcrypt 1.6.0 FIPS & 1.6.5 FIPS","Nettle 3.2 & 3.3","Oberthur Cosmo 64","OpenSSL FIPS 2.0.12 & 2.0.14","PGPSDK 4","WolfSSL 2.0rc1 & 3.9.0 & 3.10.2","cryptlib 3.4.3 & 3.4.3.1"],"Group 12":["Bouncy Castle 1.53 (Java)","Cryptix JCE 20050328","FlexiProvider 1.7p7","HSM Utimaco Security Server Se50","Nettle 2.0","PolarSSL 0.10.0","PuTTY 0.67","SunRsaSign OpenJDK 1.8.0","mbedTLS 1.3.19 & 2.2.1 & 2.4.2"],"Group 11":["Bouncy Castle 1.54 (Java)","Crypto++ 5.6.0 & 5.6.3 & 5.6.5","Libgcrypt 1.7.6 FIPS","Microsoft CryptoAPI & CNG & .NET"],"Group 10":["NXP J2D081 & J2E145G","YubiKey NEO"],"Group  6":["Oberthur Cosmo Dual 72K"],"Group  5":["NXP J2A080 & J2A081 & J3A081 & JCOP 41 V2.2.1"],"Group  4":["Gemalto GXP E64"],"Group  3":["GNU Crypto 2.0.1"],"Group  2":["G&D SmartCafe 4.x & 6.0"],"Group  1":["G&D SmartCafe 3.2"],"Group  9":["Infineon JTOP 80K","YubiKey 4 & 4 Nano"],"Group  8":["PGPSDK 4 FIPS"],"Group  7":["OpenSSL 0.9.7 & 1.0.2g & 1.0.2k & 1.1.0e"]},"frequencies":{"1|1|000110":8186,"2|1|100011":18276,"2|1|101101":11646,"1|1|000111":8888,"2|1|101100":12227,"2|1|100010":19571,"2|0|000000":4053,"2|0|000001":4531,"1|0|111010":23799,"1|0|111011":19512,"1|1|011010":131728,"1|1|011011":136705,"0|1|100111":1,"2|0|110100":6940,"2|0|110101":6371,"1|0|100001":148782,"1|0|100000":154041,"2|1|100000":21095,"1|1|000100":6698,"2|1|100001":20162,"2|0|000011":5997,"2|0|001101":13907,"2|0|001100":13382,"2|0|000010":5407,"1|1|000101":7393,"2|1|010101":20279,"2|0|011010":23902,"2|1|010100":19557,"2|0|011011":23654,"1|0|100010":142138,"1|0|101100":89860,"1|0|101101":85229,"1|0|100011":137663,"2|1|100110":16255,"1|1|110101":47050,"2|1|100111":15779,"2|0|000101":7467,"2|0|000100":6896,"1|0|111110":6647,"1|1|110100":51351,"1|0|111111":2483,"1|0|100101":125968,"2|0|110001":8897,"2|0|110000":9477,"1|0|010101":101562,"1|0|010100":94985,"2|0|011001":23082,"2|0|011000":22446,"1|0|100100":132095,"2|1|100100":17786,"2|1|100101":16990,"2|0|000110":8153,"2|0|000111":8843,"1|0|111000":32856,"1|0|111001":28562,"2|0|110111":5161,"2|0|110110":5750,"2|0|011111":21522,"2|0|011110":22124,"1|0|100111":115790,"1|0|100110":121075,"1|1|001001":20500,"1|0|001001":20344,"1|0|001000":12759,"1|1|001000":13131,"1|1|110001":65235,"1|1|110000":70556,"1|1|010000":68963,"2|0|011101":22326,"2|1|111111":737,"2|1|111110":1036,"2|0|010010":17969,"2|0|011100":22768,"2|0|010011":18937,"1|1|010001":76013,"1|0|101010":99682,"1|0|101011":95114,"1|0|001010":27518,"1|1|001111":62393,"1|0|001011":34983,"1|1|001110":55600,"2|1|101011":12825,"2|1|101010":13511,"1|1|110111":37293,"1|1|110110":42158,"1|1|010010":82317,"1|1|010011":88766,"1|1|011100":140188,"2|0|010001":17240,"2|1|111001":3788,"2|1|111000":4511,"2|0|010000":16552,"1|1|011101":145762,"1|1|000011":5941,"1|1|001100":41627,"1|1|001101":48536,"2|1|101001":14191,"1|1|000010":5289,"2|1|101000":15058,"1|1|111110":6582,"1|1|111111":2640,"2|1|111010":3286,"1|1|011110":149871,"1|1|011111":154500,"2|0|010111":21787,"2|1|001000":9558,"2|1|001001":10736,"2|1|111011":2853,"2|0|010110":21263,"1|0|101111":75113,"1|1|100101":126436,"1|1|100100":132063,"1|0|101110":80088,"1|1|000000":4058,"1|1|000001":4714,"2|1|101111":10181,"2|1|101110":11076,"1|1|110010":60872,"1|1|111101":10974,"1|1|110011":56076,"1|1|111100":15211,"1|1|011000":120040,"1|1|011001":125779,"2|1|001010":11514,"2|0|010100":19314,"2|1|001011":12381,"2|0|010101":20188,"1|0|101001":104964,"1|0|101000":110765,"1|0|000110":8064,"2|0|101101":11528,"2|0|100011":18406,"2|0|101100":12071,"2|0|100010":19200,"2|1|000001":4660,"2|1|000000":4091,"1|1|111011":19547,"1|0|000111":8892,"1|1|111010":24219,"1|0|011011":136082,"2|1|110100":6747,"1|0|011010":131568,"2|1|001100":13287,"2|1|110101":6401,"2|1|001101":14059,"1|1|100001":148193,"1|1|100000":154335,"1|0|000000":3984,"2|0|101111":10321,"2|0|101110":10659,"2|1|000111":8803,"2|1|000110":8216,"1|1|111000":32889,"1|0|000001":4531,"1|1|111001":28291,"1|0|011000":119802,"2|1|001110":14662,"2|1|110111":5172,"2|1|001111":15773,"2|1|110110":5794,"1|0|011001":126102,"1|1|100111":114991,"1|1|100110":120762,"1|0|000011":6108,"1|0|001100":41986,"1|0|000010":5237,"2|0|101001":14020,"2|0|101000":14901,"1|0|001101":48555,"2|1|110001":8806,"2|1|110000":9640,"2|1|011001":23133,"2|1|011000":22452,"1|1|010100":95392,"1|1|010101":100992,"1|1|101111":75207,"1|1|101110":79754,"2|0|101010":13639,"1|0|001111":62898,"1|1|001010":27421,"1|0|001110":55816,"1|1|001011":34829,"2|0|101011":13036,"2|1|000011":6029,"2|1|000010":5355,"1|1|010110":107507,"2|1|111101":1571,"0|1|101010":1,"2|1|110010":8376,"2|1|111100":2066,"2|1|110011":7522,"2|1|011010":23790,"2|1|011011":23381,"1|1|010111":113912,"1|1|101101":84706,"1|1|100011":137815,"1|1|101100":90551,"1|1|100010":142839,"1|0|110001":65446,"2|0|001011":12402,"2|0|001010":11470,"1|0|110000":70490,"2|0|111110":1065,"2|0|111111":782,"1|1|101010":100474,"2|1|010010":17939,"2|1|011100":22891,"2|1|011101":22612,"1|0|010001":75618,"1|0|010000":69131,"2|1|010011":18787,"1|1|101011":94769,"1|0|111101":10947,"2|0|100101":16847,"2|0|100100":17726,"1|0|110010":60512,"1|0|110011":56055,"1|0|111100":15229,"2|0|110010":8255,"2|0|111101":1602,"2|0|110011":7557,"2|0|111100":2166,"2|1|011111":21211,"1|0|010111":113348,"1|0|010110":107397,"2|1|011110":21669,"1|1|101001":106328,"1|1|101000":110573,"1|0|110100":51200,"1|0|110101":46859,"2|0|100111":15653,"2|0|100110":16435,"2|1|000101":7456,"2|0|001111":15610,"2|1|000100":6902,"2|0|001110":14914,"1|0|011110":150229,"2|0|111011":2726,"2|0|111010":3188,"2|1|010111":21766,"1|0|011111":155244,"2|1|010110":21127,"1|0|110111":37255,"2|0|100001":20024,"2|0|100000":21315,"2|0|001001":10870,"2|0|001000":9841,"1|0|000101":7479,"1|0|000100":6852,"1|0|110110":41885,"1|0|010010":82435,"2|0|111000":4546,"2|0|111001":3909,"1|0|011101":145885,"2|1|010001":17395,"1|0|010011":89053,"1|0|011100":140275,"2|1|010000":16464}}
