{"probability":{"Group 13":"0.0036783071341094506","Group 12":"0.5356749314102207","Group 11":"0.07617984674528512","Group 10":"0.0","Group  6":"0.0","Group  5":"0.0020327616436637843","Group  4":"0.020991193580687833","Group  3":"0.0","Group  2":"0.0","Group  1":"0.0","Group  9":"0.001878514745045265","Group  8":"0.0","Group  7":"0.359564444740988"},"groups":{"Group 13":["Botan 1.5.6 & 1.11.29 & 2.1.0","Feitian JavaCOS A22 & A40","Gemalto GCX4 72K","HSM SafeNet Luna SA-1700","LibTomCrypt 1.17","Libgcrypt 1.6.0 & 1.6.5 & 1.7.6","Libgcrypt 1.6.0 FIPS & 1.6.5 FIPS","Nettle 3.2 & 3.3","Oberthur Cosmo 64","OpenSSL FIPS 2.0.12 & 2.0.14","PGPSDK 4","WolfSSL 2.0rc1 & 3.9.0 & 3.10.2","cryptlib 3.4.3 & 3.4.3.1"],"Group 12":["Bouncy Castle 1.53 (Java)","Cryptix JCE 20050328","FlexiProvider 1.7p7","HSM Utimaco Security Server Se50","Nettle 2.0","PolarSSL 0.10.0","PuTTY 0.67","SunRsaSign OpenJDK 1.8.0","mbedTLS 1.3.19 & 2.2.1 & 2.4.2"],"Group 11":["Bouncy Castle 1.54 (Java)","Crypto++ 5.6.0 & 5.6.3 & 5.6.5","Libgcrypt 1.7.6 FIPS","Microsoft CryptoAPI & CNG & .NET"],"Group 10":["NXP J2D081 & J2E145G","YubiKey NEO"],"Group  6":["Oberthur Cosmo Dual 72K"],"Group  5":["NXP J2A080 & J2A081 & J3A081 & JCOP 41 V2.2.1"],"Group  4":["Gemalto GXP E64"],"Group  3":["GNU Crypto 2.0.1"],"Group  2":["G&D SmartCafe 4.x & 6.0"],"Group  1":["G&D SmartCafe 3.2"],"Group  9":["Infineon JTOP 80K","YubiKey 4 & 4 Nano"],"Group  8":["PGPSDK 4 FIPS"],"Group  7":["OpenSSL 0.9.7 & 1.0.2g & 1.0.2k & 1.1.0e"]},"frequencies":{"1|1|000110":16274,"2|1|100011":8969,"2|1|101101":5079,"1|1|000111":16061,"2|1|101100":5433,"2|1|100010":9416,"2|0|000000":17651,"2|0|000001":17502,"1|0|111010":5125,"1|0|111011":4121,"1|1|011010":32038,"1|1|011011":32622,"2|0|110100":3029,"2|0|110101":2638,"1|0|100001":33391,"1|0|100000":34761,"2|1|100000":10400,"1|1|000100":16902,"2|1|100001":9943,"2|0|000011":16962,"2|0|001101":15107,"2|0|001100":15387,"2|0|000010":17107,"1|1|000101":16639,"2|1|010101":13655,"2|0|011010":12224,"2|1|010100":13826,"2|0|011011":12101,"1|0|100010":31833,"1|0|101100":19715,"1|0|101101":18474,"1|0|100011":30658,"2|1|100110":7643,"1|1|110101":10104,"2|1|100111":7395,"2|0|000101":16664,"2|0|000100":16642,"1|0|111110":1321,"1|1|110100":11015,"1|0|111111":421,"1|0|100101":28351,"2|0|110001":3781,"2|0|110000":4173,"1|0|010101":28604,"1|0|010100":27794,"2|0|011001":12609,"2|0|011000":12582,"1|0|100100":29488,"2|1|100100":8477,"2|1|100101":8172,"2|0|000110":16257,"2|0|000111":16287,"1|0|111000":7016,"1|0|111001":6008,"2|0|110111":2148,"2|0|110110":2382,"2|0|011111":10704,"2|0|011110":11008,"1|0|100111":25743,"1|0|100110":26878,"1|1|001001":17405,"1|0|001001":17774,"1|0|001000":16484,"1|1|001000":16230,"1|1|110001":14328,"1|1|110000":15307,"1|1|010000":24286,"2|0|011101":11419,"2|1|111111":104,"2|1|111110":350,"2|0|010010":14482,"2|0|011100":11691,"2|0|010011":14274,"1|1|010001":25176,"1|0|101010":22073,"1|0|101011":21148,"1|0|001010":18691,"1|1|001111":23676,"1|0|001011":19607,"1|1|001110":22362,"2|1|101011":5807,"2|1|101010":6225,"1|1|110111":8123,"1|1|110110":9103,"1|1|010010":25990,"1|1|010011":26898,"1|1|011100":33047,"2|0|010001":14555,"2|1|111001":1661,"2|1|111000":1890,"2|0|010000":14781,"1|1|011101":34045,"1|1|000011":16988,"1|1|001100":20408,"1|1|001101":21582,"2|1|101001":6521,"1|1|000010":17213,"2|1|101000":6833,"1|1|111110":1329,"1|1|111111":470,"2|1|111010":1389,"1|1|011110":34426,"1|1|011111":35366,"2|0|010111":12997,"2|1|001000":15784,"2|1|001001":15579,"2|1|111011":1091,"2|0|010110":13459,"1|0|101111":16471,"1|1|100101":28061,"1|1|100100":29196,"1|0|101110":17531,"1|1|000000":18084,"1|1|000001":17783,"2|1|101111":4573,"2|1|101110":4845,"1|1|110010":13289,"1|1|111101":2295,"1|1|110011":12052,"1|1|111100":3246,"1|1|011000":30669,"1|1|011001":31211,"2|1|001010":15664,"2|0|010100":14256,"2|1|001011":15244,"2|0|010101":13803,"1|0|101001":23421,"1|0|101000":24397,"1|0|000110":16447,"2|0|101101":5264,"2|0|100011":9130,"2|0|101100":5578,"2|0|100010":9463,"2|1|000001":17299,"2|1|000000":18024,"1|1|111011":4130,"1|0|000111":16158,"1|1|111010":5282,"1|0|011011":32473,"2|1|110100":2984,"1|0|011010":31965,"2|1|001100":15433,"2|1|110101":2652,"2|1|001101":15259,"1|1|100001":33670,"1|1|100000":34851,"1|0|000000":17764,"2|0|101111":4580,"2|0|101110":4735,"2|1|000111":15690,"2|1|000110":16276,"1|1|111000":6845,"1|0|000001":17620,"1|1|111001":5996,"1|0|011000":30558,"2|1|001110":15027,"2|1|110111":2199,"2|1|001111":15039,"2|1|110110":2360,"1|0|011001":31394,"1|1|100111":25775,"1|1|100110":26898,"1|0|000011":17198,"1|0|001100":20734,"1|0|000010":17124,"2|0|101001":6537,"2|0|101000":7002,"1|0|001101":21371,"2|1|110001":3749,"2|1|110000":4152,"2|1|011001":12439,"2|1|011000":13027,"1|1|010100":27685,"1|1|010101":28641,"1|1|101111":16300,"1|1|101110":17281,"2|0|101010":6018,"1|0|001111":23471,"1|1|001010":18542,"1|0|001110":22589,"1|1|001011":19540,"2|0|101011":5763,"2|1|000011":17065,"2|1|000010":17332,"1|1|010110":29299,"2|1|111101":606,"2|1|110010":3646,"2|1|111100":844,"2|1|110011":3262,"2|1|011010":12201,"2|1|011011":11727,"1|1|010111":30031,"1|1|101101":18615,"1|1|100011":30858,"1|1|101100":19629,"1|1|100010":31707,"1|0|110001":14116,"2|0|001011":15582,"2|0|001010":15828,"1|0|110000":15143,"2|0|111110":352,"2|0|111111":109,"1|1|101010":22133,"2|1|010010":14351,"2|1|011100":11708,"2|1|011101":11296,"1|0|010001":25059,"1|0|010000":24319,"2|1|010011":14034,"1|1|101011":20846,"1|0|111101":2289,"2|0|100101":8246,"2|0|100100":8445,"1|0|110010":13174,"1|0|110011":12078,"1|0|111100":3196,"2|0|110010":3558,"2|0|111101":606,"2|0|110011":3242,"2|0|111100":876,"2|1|011111":10842,"1|0|010111":30039,"1|0|010110":29218,"2|1|011110":11057,"1|1|101001":23290,"1|1|101000":24280,"1|0|110100":11054,"1|0|110101":9975,"2|0|100111":7275,"2|0|100110":7531,"2|1|000101":16668,"2|0|001111":14960,"2|1|000100":16884,"2|0|001110":14926,"1|0|011110":34682,"2|0|111011":1086,"2|0|111010":1336,"2|1|010111":13129,"1|0|011111":35361,"2|1|010110":13418,"1|0|110111":8042,"2|0|100001":9981,"2|0|100000":10406,"2|0|001001":15789,"2|0|001000":15799,"1|0|000101":16553,"1|0|000100":16839,"1|0|110110":9111,"1|0|010010":26350,"2|0|111000":1889,"2|0|111001":1612,"1|0|011101":33701,"2|1|010001":14526,"1|0|010011":26768,"1|0|011100":33028,"2|1|010000":14694}}
