{"probability":{"Group 13":"0.02225634992185705","Group 12":"0.01639469148144066","Group 11":"0.051541644864735094","Group 10":"0.0000623282582617664","Group  6":"0.000066736230432928","Group  5":"0.00005753419021641111","Group  4":"0.00274293462692255","Group  3":"0.0","Group  2":"0.00005691038008372835","Group  1":"0.0","Group  9":"0.0006013548652266098","Group  8":"0.007581733756007031","Group  7":"0.8986377814248161"},"groups":{"Group 13":["Botan 1.5.6 & 1.11.29 & 2.1.0","Feitian JavaCOS A22 & A40","Gemalto GCX4 72K","HSM SafeNet Luna SA-1700","LibTomCrypt 1.17","Libgcrypt 1.6.0 & 1.6.5 & 1.7.6","Libgcrypt 1.6.0 FIPS & 1.6.5 FIPS","Nettle 3.2 & 3.3","Oberthur Cosmo 64","OpenSSL FIPS 2.0.12 & 2.0.14","PGPSDK 4","WolfSSL 2.0rc1 & 3.9.0 & 3.10.2","cryptlib 3.4.3 & 3.4.3.1"],"Group 12":["Bouncy Castle 1.53 (Java)","Cryptix JCE 20050328","FlexiProvider 1.7p7","HSM Utimaco Security Server Se50","Nettle 2.0","PolarSSL 0.10.0","PuTTY 0.67","SunRsaSign OpenJDK 1.8.0","mbedTLS 1.3.19 & 2.2.1 & 2.4.2"],"Group 11":["Bouncy Castle 1.54 (Java)","Crypto++ 5.6.0 & 5.6.3 & 5.6.5","Libgcrypt 1.7.6 FIPS","Microsoft CryptoAPI & CNG & .NET"],"Group 10":["NXP J2D081 & J2E145G","YubiKey NEO"],"Group  6":["Oberthur Cosmo Dual 72K"],"Group  5":["NXP J2A080 & J2A081 & J3A081 & JCOP 41 V2.2.1"],"Group  4":["Gemalto GXP E64"],"Group  3":["GNU Crypto 2.0.1"],"Group  2":["G&D SmartCafe 4.x & 6.0"],"Group  1":["G&D SmartCafe 3.2"],"Group  9":["Infineon JTOP 80K","YubiKey 4 & 4 Nano"],"Group  8":["PGPSDK 4 FIPS"],"Group  7":["OpenSSL 0.9.7 & 1.0.2g & 1.0.2k & 1.1.0e"]},"frequencies":{"1|1|000110":918,"2|1|100011":2025,"2|1|101101":1227,"1|1|000111":1059,"2|1|101100":1409,"2|1|100010":2128,"2|0|000000":612,"2|0|000001":675,"1|0|111010":9067,"1|0|111011":7427,"1|1|011010":48343,"1|1|011011":51051,"2|0|110100":692,"2|0|110101":718,"1|0|100001":56930,"1|0|100000":59507,"2|1|100000":2327,"1|1|000100":888,"2|1|100001":2283,"2|0|000011":817,"2|0|001101":1634,"2|0|001100":1470,"2|0|000010":772,"1|1|000101":948,"2|1|010101":2209,"2|0|011010":2560,"2|1|010100":2123,"2|0|011011":2638,"1|0|100010":54735,"1|0|101100":34789,"1|0|101101":32597,"1|0|100011":53085,"2|1|100110":1839,"1|1|110101":18110,"2|1|100111":1713,"2|0|000101":926,"2|0|000100":916,"1|0|111110":2479,"1|1|110100":19736,"1|0|111111":1178,"1|0|100101":49189,"2|0|110001":998,"2|0|110000":1024,"1|0|010101":36770,"1|0|010100":34462,"2|0|011001":2393,"2|0|011000":2442,"1|0|100100":50766,"2|1|100100":1964,"2|1|100101":1928,"2|0|000110":960,"2|0|000111":1056,"1|0|111000":12437,"1|0|111001":10984,"2|0|110111":593,"2|0|110110":597,"2|0|011111":2459,"2|0|011110":2356,"1|0|100111":44399,"1|0|100110":46285,"1|1|001001":5503,"1|0|001001":5324,"1|0|001000":2471,"1|1|001000":2569,"1|1|110001":25495,"1|1|110000":27008,"1|1|010000":24380,"2|0|011101":2371,"2|1|111111":435,"2|1|111110":172,"2|0|010010":1938,"2|0|011100":2536,"2|0|010011":2054,"1|1|010001":26602,"1|0|101010":38348,"1|0|101011":36491,"1|0|001010":8258,"1|1|001111":21996,"1|0|001011":11159,"1|1|001110":19334,"2|1|101011":1385,"2|1|101010":1482,"1|1|110111":14361,"1|1|110110":16248,"1|1|010010":29509,"1|1|010011":31739,"1|1|011100":53201,"2|0|010001":1944,"2|1|111001":392,"2|1|111000":498,"2|0|010000":1830,"1|1|011101":55016,"1|1|000011":783,"1|1|001100":13757,"1|1|001101":16440,"2|1|101001":1610,"1|1|000010":756,"2|1|101000":1622,"1|1|111110":2562,"1|1|111111":1217,"2|1|111010":349,"1|1|011110":57342,"1|1|011111":59096,"2|0|010111":2321,"2|1|001000":1133,"2|1|001001":1235,"2|1|111011":282,"2|0|010110":2307,"1|0|101111":28827,"1|1|100101":48836,"1|1|100100":50647,"1|0|101110":30932,"1|1|000000":620,"1|1|000001":741,"2|1|101111":1081,"2|1|101110":1211,"1|1|110010":23249,"1|1|111101":4192,"1|1|110011":21549,"1|1|111100":5912,"1|1|011000":43984,"1|1|011001":46553,"2|1|001010":1370,"2|0|010100":2149,"2|1|001011":1423,"2|0|010101":2209,"1|0|101001":40526,"1|0|101000":42724,"1|0|000110":1033,"2|0|101101":1301,"2|0|100011":2044,"2|0|101100":1379,"2|0|100010":2127,"2|1|000001":740,"2|1|000000":653,"1|1|111011":7373,"1|0|000111":1069,"1|1|111010":9145,"1|0|011011":50689,"2|1|110100":749,"1|0|011010":48439,"2|1|001100":1536,"2|1|110101":641,"2|1|001101":1567,"1|1|100001":57527,"1|1|100000":59131,"1|0|000000":582,"2|0|101111":1091,"2|0|101110":1199,"2|1|000111":1045,"2|1|000110":933,"1|1|111000":12790,"1|0|000001":657,"1|1|111001":10892,"1|0|011000":44192,"2|1|001110":1678,"2|1|110111":563,"2|1|001111":1788,"2|1|110110":632,"1|0|011001":46193,"1|1|100111":44538,"1|1|100110":46811,"1|0|000011":878,"1|0|001100":13772,"1|0|000010":785,"2|0|101001":1564,"2|0|101000":1600,"1|0|001101":16232,"2|1|110001":943,"2|1|110000":1099,"2|1|011001":2559,"2|1|011000":2368,"1|1|010100":34809,"1|1|010101":36618,"1|1|101111":29062,"1|1|101110":30673,"2|0|101010":1566,"1|0|001111":21953,"1|1|001010":8113,"1|0|001110":19203,"1|1|001011":10925,"2|0|101011":1444,"2|1|000011":813,"2|1|000010":772,"1|1|010110":38882,"2|1|111101":175,"2|1|110010":850,"2|1|111100":246,"2|1|110011":809,"2|1|011010":2573,"2|1|011011":2560,"1|1|010111":41451,"1|1|101101":32473,"1|1|100011":53050,"1|1|101100":34838,"1|1|100010":54843,"1|0|110001":24862,"2|0|001011":1436,"2|0|001010":1329,"1|0|110000":27235,"2|0|111110":164,"2|0|111111":388,"1|1|101010":38500,"2|1|010010":1948,"2|1|011100":2536,"2|1|011101":2405,"1|0|010001":26766,"1|0|010000":24141,"2|1|010011":2037,"1|1|101011":36651,"1|0|111101":4175,"2|0|100101":1914,"2|0|100100":1987,"1|0|110010":23289,"1|0|110011":21654,"1|0|111100":5828,"2|0|110010":925,"2|0|111101":188,"2|0|110011":817,"2|0|111100":220,"2|1|011111":2337,"1|0|010111":41743,"1|0|010110":39209,"2|1|011110":2419,"1|1|101001":40764,"1|1|101000":42475,"1|0|110100":19811,"1|0|110101":17900,"2|0|100111":1719,"2|0|100110":1770,"2|1|000101":954,"2|0|001111":1736,"2|1|000100":896,"2|0|001110":1582,"1|0|011110":57425,"2|0|111011":305,"2|0|111010":320,"2|1|010111":2404,"1|0|011111":59489,"2|1|010110":2230,"1|0|110111":14260,"2|0|100001":2238,"2|0|100000":2358,"2|0|001001":1245,"2|0|001000":1158,"1|0|000101":924,"1|0|000100":853,"1|0|110110":16174,"1|0|010010":29397,"2|0|111000":467,"2|0|111001":442,"1|0|011101":55365,"2|1|010001":1852,"1|0|010011":31709,"1|0|011100":52918,"2|1|010000":1831}}
