{"probability":{"Group 13":"0.07162872547301755","Group 12":"0.025601779983395915","Group 11":"0.25471128379147445","Group 10":"0.0000016855771290448247","Group  6":"0.0","Group  5":"0.0","Group  4":"0.0030711225549571175","Group  3":"0.00019307296560125542","Group  2":"0.0","Group  1":"0.0","Group  9":"0.00029656148676492284","Group  8":"0.010005488179808156","Group  7":"0.6344902799878515"},"groups":{"Group 13":["Botan 1.5.6 & 1.11.29 & 2.1.0","Feitian JavaCOS A22 & A40","Gemalto GCX4 72K","HSM SafeNet Luna SA-1700","LibTomCrypt 1.17","Libgcrypt 1.6.0 & 1.6.5 & 1.7.6","Libgcrypt 1.6.0 FIPS & 1.6.5 FIPS","Nettle 3.2 & 3.3","Oberthur Cosmo 64","OpenSSL FIPS 2.0.12 & 2.0.14","PGPSDK 4","WolfSSL 2.0rc1 & 3.9.0 & 3.10.2","cryptlib 3.4.3 & 3.4.3.1"],"Group 12":["Bouncy Castle 1.53 (Java)","Cryptix JCE 20050328","FlexiProvider 1.7p7","HSM Utimaco Security Server Se50","Nettle 2.0","PolarSSL 0.10.0","PuTTY 0.67","SunRsaSign OpenJDK 1.8.0","mbedTLS 1.3.19 & 2.2.1 & 2.4.2"],"Group 11":["Bouncy Castle 1.54 (Java)","Crypto++ 5.6.0 & 5.6.3 & 5.6.5","Libgcrypt 1.7.6 FIPS","Microsoft CryptoAPI & CNG & .NET"],"Group 10":["NXP J2D081 & J2E145G","YubiKey NEO"],"Group  6":["Oberthur Cosmo Dual 72K"],"Group  5":["NXP J2A080 & J2A081 & J3A081 & JCOP 41 V2.2.1"],"Group  4":["Gemalto GXP E64"],"Group  3":["GNU Crypto 2.0.1"],"Group  2":["G&D SmartCafe 4.x & 6.0"],"Group  1":["G&D SmartCafe 3.2"],"Group  9":["Infineon JTOP 80K","YubiKey 4 & 4 Nano"],"Group  8":["PGPSDK 4 FIPS"],"Group  7":["OpenSSL 0.9.7 & 1.0.2g & 1.0.2k & 1.1.0e"]},"frequencies":{"1|1|000110":6711,"2|1|100011":18829,"2|1|101101":11646,"1|1|000111":7411,"2|1|101100":12357,"2|1|100010":19525,"2|0|000000":3097,"2|0|000001":3092,"1|0|111010":17952,"1|0|111011":14889,"1|1|011010":101352,"1|1|011011":104373,"2|0|110100":7058,"2|0|110101":6380,"1|0|100001":112903,"1|0|100000":117097,"2|1|100000":21398,"1|1|000100":5288,"2|1|100001":20416,"2|0|000011":4466,"2|0|001101":12833,"2|0|001100":11888,"2|0|000010":3886,"1|1|000101":6063,"2|1|010101":19600,"2|0|011010":23185,"2|1|010100":18840,"2|0|011011":23362,"1|0|100010":108103,"1|0|101100":68697,"1|0|101101":64262,"1|0|100011":104270,"2|1|100110":16443,"1|1|110101":35644,"2|1|100111":15723,"2|0|000101":5935,"2|0|000100":5309,"1|0|111110":5061,"1|1|110100":38708,"1|0|111111":2152,"1|0|100101":95892,"2|0|110001":8881,"2|0|110000":9424,"1|0|010101":78105,"1|0|010100":73293,"2|0|011001":22679,"2|0|011000":22045,"1|0|100100":100236,"2|1|100100":18004,"2|1|100101":17185,"2|0|000110":6700,"2|0|000111":7249,"1|0|111000":24844,"1|0|111001":21556,"2|0|110111":5010,"2|0|110110":5764,"2|0|011111":21682,"2|0|011110":22033,"1|0|100111":88007,"1|0|100110":92307,"1|1|001001":16255,"1|0|001001":16228,"1|0|001000":10378,"1|1|001000":10706,"1|1|110001":49968,"1|1|110000":53607,"1|1|010000":53304,"2|0|011101":22345,"2|1|111111":837,"2|1|111110":1105,"2|0|010010":17008,"2|0|011100":22602,"2|0|010011":17603,"1|1|010001":58236,"1|0|101010":75980,"1|0|101011":72282,"1|0|001010":21693,"1|1|001111":48220,"1|0|001011":27136,"1|1|001110":43090,"2|1|101011":13033,"2|1|101010":13572,"1|1|110111":28626,"1|1|110110":31918,"1|1|010010":63487,"1|1|010011":68284,"1|1|011100":107751,"2|0|010001":16177,"2|1|111001":3821,"2|1|111000":4532,"2|0|010000":15319,"1|1|011101":110428,"1|1|000011":4631,"1|1|001100":32711,"1|1|001101":37600,"2|1|101001":14122,"1|1|000010":3810,"2|1|101000":15010,"1|1|111110":5179,"1|1|111111":2210,"2|1|111010":3272,"1|1|011110":114457,"1|1|011111":117598,"2|0|010111":21210,"2|1|001000":7968,"2|1|001001":9057,"2|1|111011":2715,"2|0|010110":20273,"1|0|101111":57409,"1|1|100101":96512,"1|1|100100":99942,"1|0|101110":61008,"1|1|000000":3099,"1|1|000001":3069,"2|1|101111":10175,"2|1|101110":10878,"1|1|110010":46264,"1|1|111101":8297,"1|1|110011":42336,"1|1|111100":11376,"1|1|011000":91879,"1|1|011001":96533,"2|1|001010":10110,"2|0|010100":18579,"2|1|001011":11185,"2|0|010101":19407,"1|0|101001":80049,"1|0|101000":84003,"1|0|000110":6549,"2|0|101101":11579,"2|0|100011":18812,"2|0|101100":12238,"2|0|100010":19433,"2|1|000001":3060,"2|1|000000":3124,"1|1|111011":14817,"1|0|000111":7258,"1|1|111010":18268,"1|0|011011":103975,"2|1|110100":6947,"1|0|011010":100881,"2|1|001100":11929,"2|1|110101":6438,"2|1|001101":12721,"1|1|100001":112816,"1|1|100000":117367,"1|0|000000":3158,"2|0|101111":10415,"2|0|101110":10946,"2|1|000111":7280,"2|1|000110":6533,"1|1|111000":25221,"1|0|000001":3038,"1|1|111001":21429,"1|0|011000":92372,"2|1|001110":13898,"2|1|110111":5103,"2|1|001111":14601,"2|1|110110":5763,"1|0|011001":96268,"1|1|100111":88205,"1|1|100110":91925,"1|0|000011":4489,"1|0|001100":32665,"1|0|000010":3865,"2|0|101001":14380,"2|0|101000":15143,"1|0|001101":37527,"2|1|110001":8829,"2|1|110000":9591,"2|1|011001":22866,"2|1|011000":21702,"1|1|010100":73461,"1|1|010101":77994,"1|1|101111":57118,"1|1|101110":61184,"2|0|101010":13708,"1|0|001111":48272,"1|1|001010":21569,"1|0|001110":43298,"1|1|001011":27310,"2|0|101011":13010,"2|1|000011":4475,"2|1|000010":3801,"1|1|010110":83114,"2|1|111101":1614,"2|1|110010":8203,"2|1|111100":2145,"2|1|110011":7628,"2|1|011010":23282,"2|1|011011":23045,"1|1|010111":87408,"1|1|101101":64440,"1|1|100011":104404,"1|1|101100":68412,"1|1|100010":108436,"1|0|110001":49890,"2|0|001011":11037,"2|0|001010":10197,"1|0|110000":53629,"2|0|111110":1029,"2|0|111111":836,"1|1|101010":76335,"2|1|010010":17063,"2|1|011100":22565,"2|1|011101":22180,"1|0|010001":58902,"1|0|010000":53446,"2|1|010011":17822,"1|1|101011":72240,"1|0|111101":8282,"2|0|100101":17081,"2|0|100100":17895,"1|0|110010":46272,"1|0|110011":42452,"1|0|111100":11567,"2|0|110010":8276,"2|0|111101":1591,"2|0|110011":7586,"2|0|111100":2122,"2|1|011111":21489,"1|0|010111":87033,"1|0|010110":82974,"2|1|011110":21599,"1|1|101001":80655,"1|1|101000":83956,"1|0|110100":39018,"1|0|110101":35053,"2|0|100111":15516,"2|0|100110":16369,"2|1|000101":6083,"2|0|001111":14340,"2|1|000100":5185,"2|0|001110":13630,"1|0|011110":114229,"2|0|111011":2716,"2|0|111010":3213,"2|1|010111":21313,"1|0|011111":117727,"2|1|010110":20255,"1|0|110111":28253,"2|0|100001":20437,"2|0|100000":20909,"2|0|001001":9132,"2|0|001000":8074,"1|0|000101":5930,"1|0|000100":5247,"1|0|110110":31939,"1|0|010010":63342,"2|0|111000":4594,"2|0|111001":3979,"1|0|011101":111133,"2|1|010001":16352,"1|0|010011":68332,"1|0|011100":107784,"2|1|010000":15389}}
