{"probability":{"Group 13":"0.13782295709269193","Group 12":"0.07948506163605674","Group 11":"0.0","Group 10":"0.0002010928552539818","Group  6":"0.0","Group  5":"0.0010698176165757547","Group  4":"0.005652078636721172","Group  3":"0.0","Group  2":"0.0","Group  1":"0.0","Group  9":"0.0013863872584557037","Group  8":"0.0","Group  7":"0.7743826049042447"},"groups":{"Group 13":["Botan 1.5.6 & 1.11.29 & 2.1.0","Feitian JavaCOS A22 & A40","Gemalto GCX4 72K","HSM SafeNet Luna SA-1700","LibTomCrypt 1.17","Libgcrypt 1.6.0 & 1.6.5 & 1.7.6","Libgcrypt 1.6.0 FIPS & 1.6.5 FIPS","Nettle 3.2 & 3.3","Oberthur Cosmo 64","OpenSSL FIPS 2.0.12 & 2.0.14","PGPSDK 4","WolfSSL 2.0rc1 & 3.9.0 & 3.10.2","cryptlib 3.4.3 & 3.4.3.1"],"Group 12":["Bouncy Castle 1.53 (Java)","Cryptix JCE 20050328","FlexiProvider 1.7p7","HSM Utimaco Security Server Se50","Nettle 2.0","PolarSSL 0.10.0","PuTTY 0.67","SunRsaSign OpenJDK 1.8.0","mbedTLS 1.3.19 & 2.2.1 & 2.4.2"],"Group 11":["Bouncy Castle 1.54 (Java)","Crypto++ 5.6.0 & 5.6.3 & 5.6.5","Libgcrypt 1.7.6 FIPS","Microsoft CryptoAPI & CNG & .NET"],"Group 10":["NXP J2D081 & J2E145G","YubiKey NEO"],"Group  6":["Oberthur Cosmo Dual 72K"],"Group  5":["NXP J2A080 & J2A081 & J3A081 & JCOP 41 V2.2.1"],"Group  4":["Gemalto GXP E64"],"Group  3":["GNU Crypto 2.0.1"],"Group  2":["G&D SmartCafe 4.x & 6.0"],"Group  1":["G&D SmartCafe 3.2"],"Group  9":["Infineon JTOP 80K","YubiKey 4 & 4 Nano"],"Group  8":["PGPSDK 4 FIPS"],"Group  7":["OpenSSL 0.9.7 & 1.0.2g & 1.0.2k & 1.1.0e"]},"frequencies":{"1|1|000110":141,"2|1|100011":290,"2|1|101101":190,"1|1|000111":142,"2|1|101100":194,"2|1|100010":321,"2|0|000000":137,"2|0|000001":168,"1|0|111010":528,"1|0|111011":399,"1|1|011010":2755,"1|1|011011":2952,"2|0|110100":113,"2|0|110101":110,"1|0|100001":3333,"1|0|100000":3405,"2|1|100000":364,"1|1|000100":140,"2|1|100001":317,"2|0|000011":140,"2|0|001101":215,"2|0|001100":187,"2|0|000010":138,"1|1|000101":150,"2|1|010101":288,"2|0|011010":316,"2|1|010100":256,"2|0|011011":314,"1|0|100010":3158,"1|0|101100":1969,"1|0|101101":1904,"1|0|100011":2845,"2|1|100110":273,"1|1|110101":1004,"2|1|100111":239,"2|0|000101":154,"2|0|000100":137,"1|0|111110":128,"1|1|110100":1121,"1|0|111111":48,"1|0|100101":2706,"2|0|110001":151,"2|0|110000":140,"1|0|010101":2141,"1|0|010100":2017,"2|0|011001":297,"2|0|011000":314,"1|0|100100":2923,"2|1|100100":274,"2|1|100101":280,"2|0|000110":127,"2|0|000111":130,"1|0|111000":666,"1|0|111001":577,"2|0|110111":87,"2|0|110110":92,"2|0|011111":342,"2|0|011110":336,"1|0|100111":2607,"1|0|100110":2596,"1|1|001001":364,"1|0|001001":360,"1|0|001000":180,"1|1|001000":218,"1|1|110001":1419,"1|1|110000":1509,"1|1|010000":1400,"2|0|011101":365,"2|1|111111":2,"2|1|111110":19,"2|0|010010":239,"2|0|011100":315,"2|0|010011":268,"1|1|010001":1521,"1|0|101010":2226,"1|0|101011":2034,"1|0|001010":552,"1|1|001111":1202,"1|0|001011":702,"1|1|001110":1146,"2|1|101011":233,"2|1|101010":217,"1|1|110111":761,"1|1|110110":921,"1|1|010010":1725,"1|1|010011":1876,"1|1|011100":3015,"2|0|010001":218,"2|1|111001":62,"2|1|111000":59,"2|0|010000":216,"1|1|011101":3126,"1|1|000011":151,"1|1|001100":876,"1|1|001101":1008,"2|1|101001":197,"1|1|000010":145,"2|1|101000":259,"1|1|111110":141,"1|1|111111":48,"2|1|111010":53,"1|1|011110":3274,"1|1|011111":3357,"2|0|010111":252,"2|1|001000":127,"2|1|001001":156,"2|1|111011":33,"2|0|010110":302,"1|0|101111":1661,"1|1|100101":2711,"1|1|100100":2885,"1|0|101110":1760,"1|1|000000":132,"1|1|000001":158,"2|1|101111":170,"2|1|101110":149,"1|1|110010":1291,"1|1|111101":235,"1|1|110011":1233,"1|1|111100":313,"1|1|011000":2607,"1|1|011001":2553,"2|1|001010":181,"2|0|010100":270,"2|1|001011":158,"2|0|010101":278,"1|0|101001":2274,"1|0|101000":2434,"1|0|000110":162,"2|0|101101":196,"2|0|100011":312,"2|0|101100":210,"2|0|100010":293,"2|1|000001":156,"2|1|000000":132,"1|1|111011":423,"1|0|000111":140,"1|1|111010":562,"1|0|011011":2753,"2|1|110100":134,"1|0|011010":2799,"2|1|001100":195,"2|1|110101":112,"2|1|001101":197,"1|1|100001":3207,"1|1|100000":3405,"1|0|000000":163,"2|0|101111":178,"2|0|101110":166,"2|1|000111":138,"2|1|000110":136,"1|1|111000":712,"1|0|000001":151,"1|1|111001":625,"1|0|011000":2457,"2|1|001110":220,"2|1|110111":88,"2|1|001111":231,"2|1|110110":85,"1|0|011001":2561,"1|1|100111":2471,"1|1|100110":2690,"1|0|000011":132,"1|0|001100":845,"1|0|000010":149,"2|0|101001":231,"2|0|101000":254,"1|0|001101":975,"2|1|110001":162,"2|1|110000":151,"2|1|011001":287,"2|1|011000":278,"1|1|010100":2002,"1|1|010101":2096,"1|1|101111":1625,"1|1|101110":1752,"2|0|101010":241,"1|0|001111":1264,"1|1|001010":531,"1|0|001110":1121,"1|1|001011":658,"2|0|101011":224,"2|1|000011":135,"2|1|000010":152,"1|1|010110":2224,"2|1|111101":12,"2|1|110010":127,"2|1|111100":36,"2|1|110011":134,"2|1|011010":333,"2|1|011011":300,"1|1|010111":2343,"1|1|101101":1901,"1|1|100011":3016,"1|1|101100":1952,"1|1|100010":3126,"1|0|110001":1485,"2|0|001011":188,"2|0|001010":157,"1|0|110000":1547,"2|0|111110":17,"2|0|111111":7,"1|1|101010":2153,"2|1|010010":223,"2|1|011100":325,"2|1|011101":328,"1|0|010001":1527,"1|0|010000":1427,"2|1|010011":253,"1|1|101011":2039,"1|0|111101":206,"2|0|100101":271,"2|0|100100":299,"1|0|110010":1328,"1|0|110011":1180,"1|0|111100":328,"2|0|110010":133,"2|0|111101":28,"2|0|110011":123,"2|0|111100":31,"2|1|011111":360,"1|0|010111":2402,"1|0|010110":2199,"2|1|011110":380,"1|1|101001":2302,"1|1|101000":2437,"1|0|110100":1074,"1|0|110101":991,"2|0|100111":249,"2|0|100110":246,"2|1|000101":129,"2|0|001111":206,"2|1|000100":161,"2|0|001110":218,"1|0|011110":3294,"2|0|111011":42,"2|0|111010":56,"2|1|010111":296,"1|0|011111":3450,"2|1|010110":279,"1|0|110111":802,"2|0|100001":335,"2|0|100000":311,"2|0|001001":151,"2|0|001000":143,"1|0|000101":145,"1|0|000100":157,"1|0|110110":904,"1|0|010010":1676,"2|0|111000":70,"2|0|111001":65,"1|0|011101":3086,"2|1|010001":239,"1|0|010011":1886,"1|0|011100":3083,"2|1|010000":207}}
