{"probability":{"Group 13":"0.07417788764575543","Group 12":"0.05987399155453506","Group 11":"0.09947385258853803","Group 10":"0.0","Group  6":"0.0","Group  5":"0.0","Group  4":"0.00440864896355553","Group  3":"0.00031137278284959355","Group  2":"0.0","Group  1":"0.0","Group  9":"0.00011387749616651648","Group  8":"0.02838821977255991","Group  7":"0.73325214919604"},"groups":{"Group 13":["Botan 1.5.6 & 1.11.29 & 2.1.0","Feitian JavaCOS A22 & A40","Gemalto GCX4 72K","HSM SafeNet Luna SA-1700","LibTomCrypt 1.17","Libgcrypt 1.6.0 & 1.6.5 & 1.7.6","Libgcrypt 1.6.0 FIPS & 1.6.5 FIPS","Nettle 3.2 & 3.3","Oberthur Cosmo 64","OpenSSL FIPS 2.0.12 & 2.0.14","PGPSDK 4","WolfSSL 2.0rc1 & 3.9.0 & 3.10.2","cryptlib 3.4.3 & 3.4.3.1"],"Group 12":["Bouncy Castle 1.53 (Java)","Cryptix JCE 20050328","FlexiProvider 1.7p7","HSM Utimaco Security Server Se50","Nettle 2.0","PolarSSL 0.10.0","PuTTY 0.67","SunRsaSign OpenJDK 1.8.0","mbedTLS 1.3.19 & 2.2.1 & 2.4.2"],"Group 11":["Bouncy Castle 1.54 (Java)","Crypto++ 5.6.0 & 5.6.3 & 5.6.5","Libgcrypt 1.7.6 FIPS","Microsoft CryptoAPI & CNG & .NET"],"Group 10":["NXP J2D081 & J2E145G","YubiKey NEO"],"Group  6":["Oberthur Cosmo Dual 72K"],"Group  5":["NXP J2A080 & J2A081 & J3A081 & JCOP 41 V2.2.1"],"Group  4":["Gemalto GXP E64"],"Group  3":["GNU Crypto 2.0.1"],"Group  2":["G&D SmartCafe 4.x & 6.0"],"Group  1":["G&D SmartCafe 3.2"],"Group  9":["Infineon JTOP 80K","YubiKey 4 & 4 Nano"],"Group  8":["PGPSDK 4 FIPS"],"Group  7":["OpenSSL 0.9.7 & 1.0.2g & 1.0.2k & 1.1.0e"]},"frequencies":{"1|1|000110":4008,"2|1|100011":7289,"2|1|101101":4727,"1|1|000111":4211,"2|1|101100":4914,"2|1|100010":7925,"2|0|000000":3788,"2|0|000001":3505,"1|0|111010":11499,"1|0|111011":9548,"1|1|011010":62328,"1|1|011011":64895,"2|0|110100":2829,"2|0|110101":2720,"1|0|100001":71443,"1|0|100000":73958,"2|1|100000":8487,"1|1|000100":3695,"2|1|100001":8071,"2|0|000011":3647,"2|0|001101":5852,"2|0|001100":5638,"2|0|000010":3555,"1|1|000101":3835,"2|1|010101":7722,"2|0|011010":9159,"2|1|010100":7620,"2|0|011011":8962,"1|0|100010":68281,"1|0|101100":43446,"1|0|101101":41011,"1|0|100011":65334,"2|1|100110":6723,"1|1|110101":22743,"2|1|100111":6289,"2|0|000101":3883,"2|0|000100":3820,"1|0|111110":3317,"1|1|110100":24541,"1|0|111111":1340,"1|0|100101":60298,"2|0|110001":3685,"2|0|110000":3843,"1|0|010101":47270,"1|0|010100":44783,"2|0|011001":8668,"2|0|011000":8671,"1|0|100100":63301,"2|1|100100":7121,"2|1|100101":7030,"2|0|000110":4004,"2|0|000111":4104,"1|0|111000":15920,"1|0|111001":13727,"2|0|110111":2293,"2|0|110110":2496,"2|0|011111":8629,"2|0|011110":8666,"1|0|100111":55152,"1|0|100110":58206,"1|1|001001":9548,"1|0|001001":9465,"1|0|001000":5952,"1|1|001000":5882,"1|1|110001":31657,"1|1|110000":33807,"1|1|010000":32626,"2|0|011101":8618,"2|1|111111":412,"2|1|111110":586,"2|0|010010":6966,"2|0|011100":8733,"2|0|010011":7411,"1|1|010001":35595,"1|0|101010":47964,"1|0|101011":45919,"1|0|001010":13008,"1|1|001111":29133,"1|0|001011":16186,"1|1|001110":26312,"2|1|101011":5299,"2|1|101010":5596,"1|1|110111":18135,"1|1|110110":20089,"1|1|010010":38560,"1|1|010011":41832,"1|1|011100":66740,"2|0|010001":7027,"2|1|111001":1702,"2|1|111000":1983,"2|0|010000":6502,"1|1|011101":69402,"1|1|000011":3680,"1|1|001100":19548,"1|1|001101":22744,"2|1|101001":5803,"1|1|000010":3543,"2|1|101000":6063,"1|1|111110":3373,"1|1|111111":1262,"2|1|111010":1569,"1|1|011110":71531,"1|1|011111":74087,"2|0|010111":8299,"2|1|001000":4406,"2|1|001001":4671,"2|1|111011":1303,"2|0|010110":8246,"1|0|101111":36398,"1|1|100101":60789,"1|1|100100":63586,"1|0|101110":38664,"1|1|000000":3780,"1|1|000001":3452,"2|1|101111":4186,"2|1|101110":4491,"1|1|110010":29281,"1|1|111101":5441,"1|1|110011":26872,"1|1|111100":7474,"1|1|011000":56662,"1|1|011001":59213,"2|1|001010":4889,"2|0|010100":7509,"2|1|001011":5219,"2|0|010101":7860,"1|0|101001":50738,"1|0|101000":53390,"1|0|000110":3939,"2|0|101101":4706,"2|0|100011":7373,"2|0|101100":4955,"2|0|100010":7873,"2|1|000001":3569,"2|1|000000":3801,"1|1|111011":9579,"1|0|000111":4113,"1|1|111010":12007,"1|0|011011":64209,"2|1|110100":2985,"1|0|011010":61839,"2|1|001100":5575,"2|1|110101":2745,"2|1|001101":5734,"1|1|100001":71343,"1|1|100000":74012,"1|0|000000":3721,"2|0|101111":4146,"2|0|101110":4385,"2|1|000111":4159,"2|1|000110":4021,"1|1|111000":16093,"1|0|000001":3503,"1|1|111001":13895,"1|0|011000":56409,"2|1|001110":5967,"2|1|110111":2268,"2|1|001111":6474,"2|1|110110":2444,"1|0|011001":59232,"1|1|100111":55486,"1|1|100110":57990,"1|0|000011":3671,"1|0|001100":19748,"1|0|000010":3481,"2|0|101001":5688,"2|0|101000":5976,"1|0|001101":22498,"2|1|110001":3612,"2|1|110000":3891,"2|1|011001":8852,"2|1|011000":8604,"1|1|010100":44582,"1|1|010101":47594,"1|1|101111":36128,"1|1|101110":38203,"2|0|101010":5578,"1|0|001111":29335,"1|1|001010":12953,"1|0|001110":26148,"1|1|001011":16283,"2|0|101011":5261,"2|1|000011":3717,"2|1|000010":3435,"1|1|010110":50529,"2|1|111101":802,"2|1|110010":3519,"2|1|111100":1037,"2|1|110011":3135,"2|1|011010":8969,"2|1|011011":8976,"1|1|010111":53657,"1|1|101101":40562,"1|1|100011":66147,"1|1|101100":43402,"1|1|100010":68249,"1|0|110001":31822,"2|0|001011":5279,"2|0|001010":5033,"1|0|110000":33864,"2|0|111110":623,"2|0|111111":428,"1|1|101010":48073,"2|1|010010":7109,"2|1|011100":8835,"2|1|011101":8910,"1|0|010001":35547,"1|0|010000":32618,"2|1|010011":7290,"1|1|101011":45251,"1|0|111101":5404,"2|0|100101":6886,"2|0|100100":7118,"1|0|110010":29049,"1|0|110011":26910,"1|0|111100":7492,"2|0|110010":3395,"2|0|111101":833,"2|0|110011":3216,"2|0|111100":1034,"2|1|011111":8526,"1|0|010111":53373,"1|0|010110":50500,"2|1|011110":8762,"1|1|101001":50726,"1|1|101000":52644,"1|0|110100":24652,"1|0|110101":22807,"2|0|100111":6404,"2|0|100110":6700,"2|1|000101":3855,"2|0|001111":6315,"2|1|000100":3770,"2|0|001110":5861,"1|0|011110":72030,"2|0|111011":1287,"2|0|111010":1435,"2|1|010111":8336,"1|0|011111":74473,"2|1|010110":8301,"1|0|110111":18259,"2|0|100001":8245,"2|0|100000":8485,"2|0|001001":4641,"2|0|001000":4404,"1|0|000101":3799,"1|0|000100":3766,"1|0|110110":20520,"1|0|010010":38832,"2|0|111000":1952,"2|0|111001":1692,"1|0|011101":69193,"2|1|010001":6827,"1|0|010011":41902,"1|0|011100":66464,"2|1|010000":6685}}
