{"probability":{"Group 13":"0.048326527387416905","Group 12":"0.02287524204319892","Group 11":"0.05803988685693631","Group 10":"0.00008873547526230211","Group  6":"0.0003225138521031796","Group  5":"0.0","Group  4":"0.0026477853957480304","Group  3":"0.0","Group  2":"0.0","Group  1":"0.0","Group  9":"0.00031308658100604136","Group  8":"0.004705581556632685","Group  7":"0.8626806408516956"},"groups":{"Group 13":["Botan 1.5.6 & 1.11.29 & 2.1.0","Feitian JavaCOS A22 & A40","Gemalto GCX4 72K","HSM SafeNet Luna SA-1700","LibTomCrypt 1.17","Libgcrypt 1.6.0 & 1.6.5 & 1.7.6","Libgcrypt 1.6.0 FIPS & 1.6.5 FIPS","Nettle 3.2 & 3.3","Oberthur Cosmo 64","OpenSSL FIPS 2.0.12 & 2.0.14","PGPSDK 4","WolfSSL 2.0rc1 & 3.9.0 & 3.10.2","cryptlib 3.4.3 & 3.4.3.1"],"Group 12":["Bouncy Castle 1.53 (Java)","Cryptix JCE 20050328","FlexiProvider 1.7p7","HSM Utimaco Security Server Se50","Nettle 2.0","PolarSSL 0.10.0","PuTTY 0.67","SunRsaSign OpenJDK 1.8.0","mbedTLS 1.3.19 & 2.2.1 & 2.4.2"],"Group 11":["Bouncy Castle 1.54 (Java)","Crypto++ 5.6.0 & 5.6.3 & 5.6.5","Libgcrypt 1.7.6 FIPS","Microsoft CryptoAPI & CNG & .NET"],"Group 10":["NXP J2D081 & J2E145G","YubiKey NEO"],"Group  6":["Oberthur Cosmo Dual 72K"],"Group  5":["NXP J2A080 & J2A081 & J3A081 & JCOP 41 V2.2.1"],"Group  4":["Gemalto GXP E64"],"Group  3":["GNU Crypto 2.0.1"],"Group  2":["G&D SmartCafe 4.x & 6.0"],"Group  1":["G&D SmartCafe 3.2"],"Group  9":["Infineon JTOP 80K","YubiKey 4 & 4 Nano"],"Group  8":["PGPSDK 4 FIPS"],"Group  7":["OpenSSL 0.9.7 & 1.0.2g & 1.0.2k & 1.1.0e"]},"frequencies":{"1|1|000110":2455,"2|1|100011":6283,"2|1|101101":3958,"1|1|000111":2675,"2|1|101100":4212,"2|1|100010":6758,"2|0|000000":1983,"2|0|000001":1804,"1|0|111010":19403,"1|0|111011":15887,"1|1|011010":104044,"1|1|011011":108982,"2|0|110100":2342,"2|0|110101":2197,"1|0|100001":121725,"1|0|100000":126608,"2|1|100000":7399,"1|1|000100":2162,"2|1|100001":6959,"2|0|000011":2117,"2|0|001101":4260,"2|0|001100":4088,"2|0|000010":1942,"1|1|000101":2282,"2|1|010101":6376,"2|0|011010":7529,"2|1|010100":6190,"2|0|011011":7847,"1|0|100010":117362,"1|0|101100":74555,"1|0|101101":69625,"1|0|100011":112519,"2|1|100110":5690,"1|1|110101":38306,"2|1|100111":5385,"2|0|000101":2344,"2|0|000100":2293,"1|0|111110":5208,"1|1|110100":42033,"1|0|111111":2111,"1|0|100101":104067,"2|0|110001":3138,"2|0|110000":3253,"1|0|010101":78815,"1|0|010100":73535,"2|0|011001":7220,"2|0|011000":7142,"1|0|100100":108493,"2|1|100100":6080,"2|1|100101":5938,"2|0|000110":2376,"2|0|000111":2517,"1|0|111000":27105,"1|0|111001":23174,"2|0|110111":1817,"2|0|110110":1967,"2|0|011111":7446,"2|0|011110":7540,"1|0|100111":94958,"1|0|100110":99412,"1|1|001001":11883,"1|0|001001":11822,"1|0|001000":5723,"1|1|001000":5875,"1|1|110001":53811,"1|1|110000":57740,"1|1|010000":52301,"2|0|011101":7397,"2|1|111111":495,"2|1|111110":408,"2|0|010010":5534,"2|0|011100":7304,"2|0|010011":5766,"1|1|010001":57320,"1|0|101010":81733,"1|0|101011":77851,"1|0|001010":17842,"1|1|001111":46645,"1|0|001011":23670,"1|1|001110":41264,"2|1|101011":4443,"2|1|101010":4667,"1|1|110111":30772,"1|1|110110":34719,"1|1|010010":63357,"1|1|010011":68531,"1|1|011100":113049,"2|0|010001":5404,"2|1|111001":1278,"2|1|111000":1554,"2|0|010000":5035,"1|1|011101":117669,"1|1|000011":2060,"1|1|001100":29631,"1|1|001101":35170,"2|1|101001":4985,"1|1|000010":2003,"2|1|101000":5143,"1|1|111110":5299,"1|1|111111":2127,"2|1|111010":1075,"1|1|011110":121951,"1|1|011111":126542,"2|0|010111":6731,"2|1|001000":2824,"2|1|001001":3194,"2|1|111011":949,"2|0|010110":6638,"1|0|101111":61622,"1|1|100101":104121,"1|1|100100":108414,"1|0|101110":65942,"1|1|000000":2060,"1|1|000001":1955,"2|1|101111":3575,"2|1|101110":3786,"1|1|110010":49833,"1|1|111101":9042,"1|1|110011":45989,"1|1|111100":12408,"1|1|011000":93911,"1|1|011001":99549,"2|1|001010":3519,"2|0|010100":6184,"2|1|001011":3905,"2|0|010101":6427,"1|0|101001":86747,"1|0|101000":91191,"1|0|000110":2591,"2|0|101101":3963,"2|0|100011":6410,"2|0|101100":4221,"2|0|100010":6675,"2|1|000001":1793,"2|1|000000":1993,"1|1|111011":16033,"1|0|000111":2553,"1|1|111010":19672,"1|0|011011":108448,"2|1|110100":2393,"1|0|011010":103779,"2|1|001100":4065,"2|1|110101":2124,"2|1|001101":4331,"1|1|100001":121853,"1|1|100000":126867,"1|0|000000":1921,"2|0|101111":3520,"2|0|101110":3688,"2|1|000111":2594,"2|1|000110":2449,"1|1|111000":26988,"1|0|000001":1857,"1|1|111001":23125,"1|0|011000":94383,"2|1|001110":4460,"2|1|110111":1762,"2|1|001111":4930,"2|1|110110":1995,"1|0|011001":99297,"1|1|100111":94287,"1|1|100110":99350,"1|0|000011":2161,"1|0|001100":29640,"1|0|000010":1974,"2|0|101001":4967,"2|0|101000":5287,"1|0|001101":35025,"2|1|110001":3091,"2|1|110000":3308,"2|1|011001":7458,"2|1|011000":7001,"1|1|010100":73816,"1|1|010101":78454,"1|1|101111":61972,"1|1|101110":65686,"2|0|101010":4765,"1|0|001111":46967,"1|1|001010":17717,"1|0|001110":41506,"1|1|001011":23891,"2|0|101011":4622,"2|1|000011":2099,"2|1|000010":2002,"1|1|010110":84247,"2|1|111101":504,"2|1|110010":2768,"2|1|111100":703,"2|1|110011":2585,"2|1|011010":7556,"2|1|011011":7480,"1|1|010111":89144,"1|1|101101":69429,"1|1|100011":113149,"1|1|101100":74225,"1|1|100010":117043,"1|0|110001":53425,"2|0|001011":3691,"2|0|001010":3510,"1|0|110000":57921,"2|0|111110":377,"2|0|111111":506,"1|1|101010":82522,"2|1|010010":5619,"2|1|011100":7589,"2|1|011101":7506,"1|0|010001":57537,"1|0|010000":52036,"2|1|010011":5900,"1|1|101011":77722,"1|0|111101":8898,"2|0|100101":5894,"2|0|100100":6338,"1|0|110010":49595,"1|0|110011":45907,"1|0|111100":12397,"2|0|110010":2786,"2|0|111101":554,"2|0|110011":2705,"2|0|111100":718,"2|1|011111":7383,"1|0|010111":89181,"1|0|010110":83719,"2|1|011110":7478,"1|1|101001":87539,"1|1|101000":90363,"1|0|110100":42284,"1|0|110101":38627,"2|0|100111":5467,"2|0|100110":5737,"2|1|000101":2361,"2|0|001111":4720,"2|1|000100":2284,"2|0|001110":4533,"1|0|011110":122240,"2|0|111011":908,"2|0|111010":1064,"2|1|010111":6916,"1|0|011111":126864,"2|1|010110":6564,"1|0|110111":30827,"2|0|100001":7173,"2|0|100000":7458,"2|0|001001":3265,"2|0|001000":2881,"1|0|000101":2392,"1|0|000100":2240,"1|0|110110":34283,"1|0|010010":62929,"2|0|111000":1530,"2|0|111001":1334,"1|0|011101":118325,"2|1|010001":5322,"1|0|010011":68223,"1|0|011100":113104,"2|1|010000":5040}}
