{"probability":{"Group 13":"0.024322381624238946","Group 12":"0.025694077430158894","Group 11":"0.35626395557968393","Group 10":"0.00009296643322347695","Group  6":"0.0","Group  5":"0.0","Group  4":"0.002308034840127552","Group  3":"0.0","Group  2":"0.0","Group  1":"0.0","Group  9":"0.00013001477119230172","Group  8":"0.008565304458108111","Group  7":"0.5826232648632669"},"groups":{"Group 13":["Botan 1.5.6 & 1.11.29 & 2.1.0","Feitian JavaCOS A22 & A40","Gemalto GCX4 72K","HSM SafeNet Luna SA-1700","LibTomCrypt 1.17","Libgcrypt 1.6.0 & 1.6.5 & 1.7.6","Libgcrypt 1.6.0 FIPS & 1.6.5 FIPS","Nettle 3.2 & 3.3","Oberthur Cosmo 64","OpenSSL FIPS 2.0.12 & 2.0.14","PGPSDK 4","WolfSSL 2.0rc1 & 3.9.0 & 3.10.2","cryptlib 3.4.3 & 3.4.3.1"],"Group 12":["Bouncy Castle 1.53 (Java)","Cryptix JCE 20050328","FlexiProvider 1.7p7","HSM Utimaco Security Server Se50","Nettle 2.0","PolarSSL 0.10.0","PuTTY 0.67","SunRsaSign OpenJDK 1.8.0","mbedTLS 1.3.19 & 2.2.1 & 2.4.2"],"Group 11":["Bouncy Castle 1.54 (Java)","Crypto++ 5.6.0 & 5.6.3 & 5.6.5","Libgcrypt 1.7.6 FIPS","Microsoft CryptoAPI & CNG & .NET"],"Group 10":["NXP J2D081 & J2E145G","YubiKey NEO"],"Group  6":["Oberthur Cosmo Dual 72K"],"Group  5":["NXP J2A080 & J2A081 & J3A081 & JCOP 41 V2.2.1"],"Group  4":["Gemalto GXP E64"],"Group  3":["GNU Crypto 2.0.1"],"Group  2":["G&D SmartCafe 4.x & 6.0"],"Group  1":["G&D SmartCafe 3.2"],"Group  9":["Infineon JTOP 80K","YubiKey 4 & 4 Nano"],"Group  8":["PGPSDK 4 FIPS"],"Group  7":["OpenSSL 0.9.7 & 1.0.2g & 1.0.2k & 1.1.0e"]},"frequencies":{"1|1|000110":4710,"2|1|100011":11352,"2|1|101101":7073,"1|1|000111":5318,"2|1|101100":7438,"2|1|100010":11918,"2|0|000000":1365,"2|0|000001":1970,"1|0|111010":9410,"1|0|111011":7939,"1|1|011010":54423,"1|1|011011":55867,"2|0|110100":4254,"2|0|110101":3831,"1|0|100001":59321,"1|0|100000":61376,"2|1|100000":12930,"1|1|000100":3689,"2|1|100001":12469,"2|0|000011":3061,"2|0|001101":8504,"2|0|001100":7944,"2|0|000010":2560,"1|1|000101":4257,"2|1|010101":12686,"2|0|011010":14850,"2|1|010100":12364,"2|0|011011":14844,"1|0|100010":56912,"1|0|101100":36148,"1|0|101101":33687,"1|0|100011":54713,"2|1|100110":9870,"1|1|110101":18775,"2|1|100111":9657,"2|0|000101":4094,"2|0|000100":3669,"1|0|111110":2698,"1|1|110100":20228,"1|0|111111":1266,"1|0|100101":50478,"2|0|110001":5404,"2|0|110000":5762,"1|0|010101":42325,"1|0|010100":39890,"2|0|011001":14710,"2|0|011000":14220,"1|0|100100":52758,"2|1|100100":10953,"2|1|100101":10319,"2|0|000110":4672,"2|0|000111":5198,"1|0|111000":12949,"1|0|111001":11262,"2|0|110111":3042,"2|0|110110":3426,"2|0|011111":13220,"2|0|011110":13528,"1|0|100111":46071,"1|0|100110":48339,"1|1|001001":9946,"1|0|001001":9928,"1|0|001000":6877,"1|1|001000":7082,"1|1|110001":26222,"1|1|110000":28018,"1|1|010000":29428,"2|0|011101":13940,"2|1|111111":572,"2|1|111110":617,"2|0|010010":11154,"2|0|011100":14175,"2|0|010011":11547,"1|1|010001":31836,"1|0|101010":39878,"1|0|101011":37972,"1|0|001010":12620,"1|1|001111":26976,"1|0|001011":15781,"1|1|001110":24131,"2|1|101011":7905,"2|1|101010":8144,"1|1|110111":14969,"1|1|110110":16734,"1|1|010010":34692,"1|1|010011":37170,"1|1|011100":57342,"2|0|010001":10587,"2|1|111001":2288,"2|1|111000":2751,"2|0|010000":10112,"1|1|011101":58624,"1|1|000011":3153,"1|1|001100":18474,"1|1|001101":21043,"2|1|101001":8582,"1|1|000010":2518,"2|1|101000":9095,"1|1|111110":2756,"1|1|111111":1274,"2|1|111010":1981,"1|1|011110":60554,"1|1|011111":61718,"2|0|010111":13692,"2|1|001000":5662,"2|1|001001":6301,"2|1|111011":1595,"2|0|010110":13224,"1|0|101111":30201,"1|1|100101":50612,"1|1|100100":52492,"1|0|101110":31797,"1|1|000000":1411,"1|1|000001":1985,"2|1|101111":6175,"2|1|101110":6548,"1|1|110010":24057,"1|1|111101":4359,"1|1|110011":22278,"1|1|111100":6000,"1|1|011000":49447,"1|1|011001":52298,"2|1|001010":6954,"2|0|010100":12070,"2|1|001011":7581,"2|0|010101":12634,"1|0|101001":42064,"1|0|101000":44261,"1|0|000110":4580,"2|0|101101":7029,"2|0|100011":11414,"2|0|101100":7456,"2|0|100010":11797,"2|1|000001":1942,"2|1|000000":1442,"1|1|111011":7702,"1|0|000111":5133,"1|1|111010":9473,"1|0|011011":55766,"2|1|110100":4183,"1|0|011010":54166,"2|1|001100":7974,"2|1|110101":3882,"2|1|001101":8643,"1|1|100001":59379,"1|1|100000":61491,"1|0|000000":1376,"2|0|101111":6239,"2|0|101110":6575,"2|1|000111":5193,"2|1|000110":4596,"1|1|111000":13373,"1|0|000001":1937,"1|1|111001":11330,"1|0|011000":50029,"2|1|001110":9302,"2|1|110111":3049,"2|1|001111":9655,"2|1|110110":3499,"1|0|011001":51829,"1|1|100111":46401,"1|1|100110":48180,"1|0|000011":3023,"1|0|001100":18568,"1|0|000010":2553,"2|0|101001":8640,"2|0|101000":9117,"1|0|001101":21029,"2|1|110001":5349,"2|1|110000":5757,"2|1|011001":14822,"2|1|011000":14040,"1|1|010100":39939,"1|1|010101":42516,"1|1|101111":29989,"1|1|101110":32129,"2|0|101010":8149,"1|0|001111":26741,"1|1|001010":12730,"1|0|001110":24218,"1|1|001011":15785,"2|0|101011":7928,"2|1|000011":3031,"2|1|000010":2562,"1|1|010110":44807,"2|1|111101":916,"2|1|110010":4974,"2|1|111100":1316,"2|1|110011":4574,"2|1|011010":14977,"2|1|011011":14560,"1|1|010111":47240,"1|1|101101":33671,"1|1|100011":54810,"1|1|101100":35917,"1|1|100010":57162,"1|0|110001":26070,"2|0|001011":7503,"2|0|001010":6975,"1|0|110000":28269,"2|0|111110":580,"2|0|111111":551,"1|1|101010":40121,"2|1|010010":11078,"2|1|011100":14233,"2|1|011101":13906,"1|0|010001":32294,"1|0|010000":29515,"2|1|010011":11509,"1|1|101011":38274,"1|0|111101":4326,"2|0|100101":10323,"2|0|100100":10810,"1|0|110010":24058,"1|0|110011":22394,"1|0|111100":6018,"2|0|110010":4952,"2|0|111101":948,"2|0|110011":4596,"2|0|111100":1267,"2|1|011111":13054,"1|0|010111":46988,"1|0|010110":44944,"2|1|011110":13346,"1|1|101001":42268,"1|1|101000":44204,"1|0|110100":20719,"1|0|110101":18181,"2|0|100111":9266,"2|0|100110":9932,"2|1|000101":4220,"2|0|001111":9485,"2|1|000100":3588,"2|0|001110":9060,"1|0|011110":60207,"2|0|111011":1620,"2|0|111010":1955,"2|1|010111":13653,"1|0|011111":61857,"2|1|010110":13161,"1|0|110111":14792,"2|0|100001":12221,"2|0|100000":12631,"2|0|001001":6273,"2|0|001000":5688,"1|0|000101":4199,"1|0|000100":3596,"1|0|110110":16691,"1|0|010010":34757,"2|0|111000":2814,"2|0|111001":2434,"1|0|011101":59236,"2|1|010001":10717,"1|0|010011":37272,"1|0|011100":57475,"2|1|010000":10088}}
