{"probability":{"Group 13":"0.0068058425634905575","Group 12":"0.02905485797690977","Group 11":"0.3111402002296884","Group 10":"0.00004136954063900124","Group  6":"0.0","Group  5":"0.0","Group  4":"0.0013680524301411749","Group  3":"0.00013335633083430022","Group  2":"0.0","Group  1":"0.0","Group  9":"0.000021251684044840902","Group  8":"0.002807421096228468","Group  7":"0.6486276481480235"},"groups":{"Group 13":["Botan 1.5.6 & 1.11.29 & 2.1.0","Feitian JavaCOS A22 & A40","Gemalto GCX4 72K","HSM SafeNet Luna SA-1700","LibTomCrypt 1.17","Libgcrypt 1.6.0 & 1.6.5 & 1.7.6","Libgcrypt 1.6.0 FIPS & 1.6.5 FIPS","Nettle 3.2 & 3.3","Oberthur Cosmo 64","OpenSSL FIPS 2.0.12 & 2.0.14","PGPSDK 4","WolfSSL 2.0rc1 & 3.9.0 & 3.10.2","cryptlib 3.4.3 & 3.4.3.1"],"Group 12":["Bouncy Castle 1.53 (Java)","Cryptix JCE 20050328","FlexiProvider 1.7p7","HSM Utimaco Security Server Se50","Nettle 2.0","PolarSSL 0.10.0","PuTTY 0.67","SunRsaSign OpenJDK 1.8.0","mbedTLS 1.3.19 & 2.2.1 & 2.4.2"],"Group 11":["Bouncy Castle 1.54 (Java)","Crypto++ 5.6.0 & 5.6.3 & 5.6.5","Libgcrypt 1.7.6 FIPS","Microsoft CryptoAPI & CNG & .NET"],"Group 10":["NXP J2D081 & J2E145G","YubiKey NEO"],"Group  6":["Oberthur Cosmo Dual 72K"],"Group  5":["NXP J2A080 & J2A081 & J3A081 & JCOP 41 V2.2.1"],"Group  4":["Gemalto GXP E64"],"Group  3":["GNU Crypto 2.0.1"],"Group  2":["G&D SmartCafe 4.x & 6.0"],"Group  1":["G&D SmartCafe 3.2"],"Group  9":["Infineon JTOP 80K","YubiKey 4 & 4 Nano"],"Group  8":["PGPSDK 4 FIPS"],"Group  7":["OpenSSL 0.9.7 & 1.0.2g & 1.0.2k & 1.1.0e"]},"frequencies":{"1|1|000110":5173,"2|1|100011":11385,"2|1|101101":6988,"1|1|000111":5703,"2|1|101100":7618,"2|1|100010":12018,"2|0|000000":1734,"2|0|000001":2315,"1|0|111010":12183,"1|0|111011":9906,"1|1|011010":68959,"1|1|011011":71588,"2|0|110100":4206,"2|0|110101":3882,"1|0|100001":76398,"1|0|100000":79593,"2|1|100000":13054,"1|1|000100":3965,"2|1|100001":12490,"2|0|000011":3617,"2|0|001101":8899,"2|0|001100":8596,"2|0|000010":2899,"1|1|000101":4574,"2|1|010101":13320,"2|0|011010":15471,"2|1|010100":12576,"2|0|011011":15120,"1|0|100010":73188,"1|0|101100":46562,"1|0|101101":43668,"1|0|100011":71121,"2|1|100110":10162,"1|1|110101":24205,"2|1|100111":9765,"2|0|000101":4556,"2|0|000100":4085,"1|0|111110":3383,"1|1|110100":26475,"1|0|111111":1359,"1|0|100101":65446,"2|0|110001":5452,"2|0|110000":5857,"1|0|010101":53585,"1|0|010100":50360,"2|0|011001":14983,"2|0|011000":14462,"1|0|100100":68465,"2|1|100100":11050,"2|1|100101":10621,"2|0|000110":5190,"2|0|000111":5739,"1|0|111000":16785,"1|0|111001":14622,"2|0|110111":3123,"2|0|110110":3553,"2|0|011111":13287,"2|0|011110":13648,"1|0|100111":59728,"1|0|100110":62208,"1|1|001001":11709,"1|0|001001":11871,"1|0|001000":7775,"1|1|001000":8035,"1|1|110001":33705,"1|1|110000":36426,"1|1|010000":36799,"2|0|011101":14171,"2|1|111111":509,"2|1|111110":583,"2|0|010010":11663,"2|0|011100":14776,"2|0|010011":12350,"1|1|010001":40140,"1|0|101010":51572,"1|0|101011":48828,"1|0|001010":15235,"1|1|001111":33626,"1|0|001011":19203,"1|1|001110":30104,"2|1|101011":7958,"2|1|101010":8299,"1|1|110111":19296,"1|1|110110":21789,"1|1|010010":44047,"1|1|010011":46796,"1|1|011100":73567,"2|0|010001":11147,"2|1|111001":2395,"2|1|111000":2817,"2|0|010000":10631,"1|1|011101":75884,"1|1|000011":3468,"1|1|001100":22680,"1|1|001101":26406,"2|1|101001":8762,"1|1|000010":2803,"2|1|101000":9299,"1|1|111110":3340,"1|1|111111":1455,"2|1|111010":1975,"1|1|011110":77712,"1|1|011111":80013,"2|0|010111":14064,"2|1|001000":6293,"2|1|001001":7030,"2|1|111011":1755,"2|0|010110":13895,"1|0|101111":38526,"1|1|100101":65445,"1|1|100100":68026,"1|0|101110":41072,"1|1|000000":1729,"1|1|000001":2486,"2|1|101111":6377,"2|1|101110":6729,"1|1|110010":31367,"1|1|111101":5597,"1|1|110011":29061,"1|1|111100":7697,"1|1|011000":63216,"1|1|011001":66667,"2|1|001010":7589,"2|0|010100":12581,"2|1|001011":8123,"2|0|010101":13035,"1|0|101001":54346,"1|0|101000":57318,"1|0|000110":5172,"2|0|101101":7184,"2|0|100011":11493,"2|0|101100":7528,"2|0|100010":11985,"2|1|000001":2367,"2|1|000000":1751,"1|1|111011":10067,"1|0|000111":5712,"1|1|111010":12235,"1|0|011011":71410,"2|1|110100":4147,"1|0|011010":69175,"2|1|001100":8610,"2|1|110101":3859,"2|1|001101":9093,"1|1|100001":76660,"1|1|100000":79964,"1|0|000000":1740,"2|0|101111":6225,"2|0|101110":6744,"2|1|000111":5623,"2|1|000110":5159,"1|1|111000":16907,"1|0|000001":2268,"1|1|111001":14459,"1|0|011000":63536,"2|1|001110":9516,"2|1|110111":3031,"2|1|001111":10194,"2|1|110110":3501,"1|0|011001":66617,"1|1|100111":59551,"1|1|100110":62532,"1|0|000011":3557,"1|0|001100":22764,"1|0|000010":2926,"2|0|101001":8787,"2|0|101000":9245,"1|0|001101":26319,"2|1|110001":5345,"2|1|110000":5969,"2|1|011001":14945,"2|1|011000":14654,"1|1|010100":50811,"1|1|010101":53567,"1|1|101111":39189,"1|1|101110":41383,"2|0|101010":8504,"1|0|001111":33858,"1|1|001010":15342,"1|0|001110":30073,"1|1|001011":19191,"2|0|101011":8024,"2|1|000011":3415,"2|1|000010":2930,"1|1|010110":56938,"2|1|111101":889,"2|1|110010":5086,"2|1|111100":1217,"2|1|110011":4623,"2|1|011010":15404,"2|1|011011":15151,"1|1|010111":59824,"1|1|101101":43736,"1|1|100011":70787,"1|1|101100":46530,"1|1|100010":73728,"1|0|110001":33162,"2|0|001011":8034,"2|0|001010":7477,"1|0|110000":36181,"2|0|111110":589,"2|0|111111":515,"1|1|101010":51993,"2|1|010010":11600,"2|1|011100":14569,"2|1|011101":14087,"1|0|010001":40303,"1|0|010000":36931,"2|1|010011":12195,"1|1|101011":49035,"1|0|111101":5546,"2|0|100101":10358,"2|0|100100":10912,"1|0|110010":31199,"1|0|110011":29039,"1|0|111100":7755,"2|0|110010":5112,"2|0|111101":966,"2|0|110011":4614,"2|0|111100":1281,"2|1|011111":13054,"1|0|010111":60263,"1|0|010110":56966,"2|1|011110":13529,"1|1|101001":54912,"1|1|101000":57138,"1|0|110100":26577,"1|0|110101":24229,"2|0|100111":9555,"2|0|100110":10148,"2|1|000101":4597,"2|0|001111":10100,"2|1|000100":4080,"2|0|001110":9712,"1|0|011110":77591,"2|0|111011":1614,"2|0|111010":1887,"2|1|010111":14171,"1|0|011111":80128,"2|1|010110":13743,"1|0|110111":19128,"2|0|100001":12364,"2|0|100000":12985,"2|0|001001":7045,"2|0|001000":6501,"1|0|000101":4649,"1|0|000100":4054,"1|0|110110":21592,"1|0|010010":43726,"2|0|111000":2719,"2|0|111001":2379,"1|0|011101":76032,"2|1|010001":11164,"1|0|010011":47069,"1|0|011100":73775,"2|1|010000":10685}}
