{"probability":{"Group 13":"0.08759142940876967","Group 12":"0.03452816738031503","Group 11":"0.054332040300028084","Group 10":"0.0","Group  6":"0.0001527775651350543","Group  5":"0.0","Group  4":"0.004182571832904133","Group  3":"0.000284512168065702","Group  2":"0.00007802132407121247","Group  1":"0.0","Group  9":"0.0005309213685405131","Group  8":"0.005616878386176771","Group  7":"0.812702680265994"},"groups":{"Group 13":["Botan 1.5.6 & 1.11.29 & 2.1.0","Feitian JavaCOS A22 & A40","Gemalto GCX4 72K","HSM SafeNet Luna SA-1700","LibTomCrypt 1.17","Libgcrypt 1.6.0 & 1.6.5 & 1.7.6","Libgcrypt 1.6.0 FIPS & 1.6.5 FIPS","Nettle 3.2 & 3.3","Oberthur Cosmo 64","OpenSSL FIPS 2.0.12 & 2.0.14","PGPSDK 4","WolfSSL 2.0rc1 & 3.9.0 & 3.10.2","cryptlib 3.4.3 & 3.4.3.1"],"Group 12":["Bouncy Castle 1.53 (Java)","Cryptix JCE 20050328","FlexiProvider 1.7p7","HSM Utimaco Security Server Se50","Nettle 2.0","PolarSSL 0.10.0","PuTTY 0.67","SunRsaSign OpenJDK 1.8.0","mbedTLS 1.3.19 & 2.2.1 & 2.4.2"],"Group 11":["Bouncy Castle 1.54 (Java)","Crypto++ 5.6.0 & 5.6.3 & 5.6.5","Libgcrypt 1.7.6 FIPS","Microsoft CryptoAPI & CNG & .NET"],"Group 10":["NXP J2D081 & J2E145G","YubiKey NEO"],"Group  6":["Oberthur Cosmo Dual 72K"],"Group  5":["NXP J2A080 & J2A081 & J3A081 & JCOP 41 V2.2.1"],"Group  4":["Gemalto GXP E64"],"Group  3":["GNU Crypto 2.0.1"],"Group  2":["G&D SmartCafe 4.x & 6.0"],"Group  1":["G&D SmartCafe 3.2"],"Group  9":["Infineon JTOP 80K","YubiKey 4 & 4 Nano"],"Group  8":["PGPSDK 4 FIPS"],"Group  7":["OpenSSL 0.9.7 & 1.0.2g & 1.0.2k & 1.1.0e"]},"frequencies":{"1|1|000110":1572,"2|1|100011":4533,"2|1|101101":2772,"1|1|000111":1680,"2|1|101100":2953,"2|1|100010":4708,"2|0|000000":1630,"2|0|000001":1247,"1|0|111010":9400,"1|0|111011":7691,"1|1|011010":50676,"1|1|011011":52695,"2|0|110100":1629,"2|0|110101":1556,"1|0|100001":59078,"1|0|100000":61387,"2|1|100000":5155,"1|1|000100":1455,"2|1|100001":4882,"2|0|000011":1393,"2|0|001101":2745,"2|0|001100":2742,"2|0|000010":1363,"1|1|000101":1460,"2|1|010101":4244,"2|0|011010":5022,"2|1|010100":4083,"2|0|011011":5227,"1|0|100010":56505,"1|0|101100":35788,"1|0|101101":33781,"1|0|100011":54150,"2|1|100110":4077,"1|1|110101":18783,"2|1|100111":3781,"2|0|000101":1430,"2|0|000100":1435,"1|0|111110":2516,"1|1|110100":20416,"1|0|111111":909,"1|0|100101":50292,"2|0|110001":2149,"2|0|110000":2280,"1|0|010101":38709,"1|0|010100":35865,"2|0|011001":4803,"2|0|011000":4758,"1|0|100100":52525,"2|1|100100":4237,"2|1|100101":4169,"2|0|000110":1623,"2|0|000111":1581,"1|0|111000":13156,"1|0|111001":11240,"2|0|110111":1220,"2|0|110110":1408,"2|0|011111":5280,"2|0|011110":5178,"1|0|100111":46180,"1|0|100110":48380,"1|1|001001":6170,"1|0|001001":6165,"1|0|001000":3148,"1|1|001000":3099,"1|1|110001":25813,"1|1|110000":27902,"1|1|010000":25577,"2|0|011101":5061,"2|1|111111":153,"2|1|111110":250,"2|0|010010":3681,"2|0|011100":5053,"2|0|010011":3796,"1|1|010001":28345,"1|0|101010":39850,"1|0|101011":37657,"1|0|001010":9110,"1|1|001111":22517,"1|0|001011":11911,"1|1|001110":20211,"2|1|101011":3180,"2|1|101010":3286,"1|1|110111":15160,"1|1|110110":16482,"1|1|010010":30918,"1|1|010011":33309,"1|1|011100":54684,"2|0|010001":3546,"2|1|111001":918,"2|1|111000":1073,"2|0|010000":3392,"1|1|011101":57014,"1|1|000011":1411,"1|1|001100":14595,"1|1|001101":17480,"2|1|101001":3400,"1|1|000010":1413,"2|1|101000":3679,"1|1|111110":2634,"1|1|111111":905,"2|1|111010":752,"1|1|011110":59098,"1|1|011111":61592,"2|0|010111":4451,"2|1|001000":1783,"2|1|001001":1966,"2|1|111011":666,"2|0|010110":4434,"1|0|101111":30124,"1|1|100101":50575,"1|1|100100":52494,"1|0|101110":31883,"1|1|000000":1562,"1|1|000001":1304,"2|1|101111":2470,"2|1|101110":2689,"1|1|110010":24229,"1|1|111101":4319,"1|1|110011":21975,"1|1|111100":5911,"1|1|011000":45571,"1|1|011001":48368,"2|1|001010":2157,"2|0|010100":4042,"2|1|001011":2438,"2|0|010101":4278,"1|0|101001":41489,"1|0|101000":43862,"1|0|000110":1553,"2|0|101101":2794,"2|0|100011":4510,"2|0|101100":2956,"2|0|100010":4721,"2|1|000001":1254,"2|1|000000":1600,"1|1|111011":7852,"1|0|000111":1645,"1|1|111010":9602,"1|0|011011":52140,"2|1|110100":1630,"1|0|011010":50394,"2|1|001100":2541,"2|1|110101":1518,"2|1|001101":2787,"1|1|100001":58725,"1|1|100000":61262,"1|0|000000":1567,"2|0|101111":2572,"2|0|101110":2601,"2|1|000111":1581,"2|1|000110":1567,"1|1|111000":12996,"1|0|000001":1274,"1|1|111001":11302,"1|0|011000":45575,"2|1|001110":2959,"2|1|110111":1286,"2|1|001111":3248,"2|1|110110":1345,"1|0|011001":48129,"1|1|100111":46045,"1|1|100110":47878,"1|0|000011":1369,"1|0|001100":14624,"1|0|000010":1368,"2|0|101001":3477,"2|0|101000":3777,"1|0|001101":17298,"2|1|110001":2170,"2|1|110000":2264,"2|1|011001":5011,"0|1|000000":1,"2|1|011000":4759,"1|1|010100":35702,"1|1|010101":38394,"1|1|101111":29636,"1|1|101110":31896,"2|0|101010":3367,"1|0|001111":22809,"1|1|001010":9068,"1|0|001110":20340,"1|1|001011":12003,"2|0|101011":3094,"2|1|000011":1372,"2|1|000010":1363,"1|1|010110":40581,"2|1|111101":369,"2|1|110010":1939,"2|1|111100":480,"2|1|110011":1857,"2|1|011010":5044,"2|1|011011":5112,"1|1|010111":43442,"1|1|101101":33695,"1|1|100011":54845,"1|1|101100":35952,"1|1|100010":56758,"1|0|110001":26100,"2|0|001011":2346,"2|0|001010":2166,"1|0|110000":28053,"2|0|111110":243,"2|0|111111":152,"1|1|101010":40046,"2|1|010010":3700,"2|1|011100":5164,"2|1|011101":5115,"1|0|010001":28038,"1|0|010000":25376,"2|1|010011":3792,"1|1|101011":37475,"1|0|111101":4355,"2|0|100101":4083,"2|0|100100":4468,"1|0|110010":24257,"1|0|110011":22061,"1|0|111100":6095,"2|0|110010":1996,"2|0|111101":393,"2|0|110011":1929,"2|0|111100":501,"2|1|011111":5279,"1|0|010111":43307,"1|0|010110":41083,"2|1|011110":5143,"1|1|101001":41967,"1|1|101000":43324,"1|0|110100":20230,"1|0|110101":18530,"2|0|100111":3798,"2|0|100110":4069,"2|1|000101":1470,"2|0|001111":3108,"2|1|000100":1420,"2|0|001110":3029,"1|0|011110":59439,"2|0|111011":622,"2|0|111010":779,"2|1|010111":4598,"1|0|011111":61274,"2|1|010110":4333,"1|0|110111":15018,"2|0|100001":5085,"2|0|100000":5178,"2|0|001001":1968,"2|0|001000":1761,"1|0|000101":1605,"1|0|000100":1470,"1|0|110110":16629,"1|0|010010":30590,"2|0|111000":1095,"2|0|111001":908,"1|0|011101":56911,"2|1|010001":3630,"1|0|010011":33373,"1|0|011100":54978,"2|1|010000":3279}}
