{"probability":{"Group 13":"0.00913261084784194","Group 12":"0.016783979009136942","Group 11":"0.11276148011706932","Group 10":"0.0","Group  6":"0.0018768160914274736","Group  5":"0.0","Group  4":"0.0021150119959932176","Group  3":"0.0","Group  2":"0.00032193211297867414","Group  1":"0.0","Group  9":"0.0008491081666434057","Group  8":"0.0","Group  7":"0.856159061658909"},"groups":{"Group 13":["Botan 1.5.6 & 1.11.29 & 2.1.0","Feitian JavaCOS A22 & A40","Gemalto GCX4 72K","HSM SafeNet Luna SA-1700","LibTomCrypt 1.17","Libgcrypt 1.6.0 & 1.6.5 & 1.7.6","Libgcrypt 1.6.0 FIPS & 1.6.5 FIPS","Nettle 3.2 & 3.3","Oberthur Cosmo 64","OpenSSL FIPS 2.0.12 & 2.0.14","PGPSDK 4","WolfSSL 2.0rc1 & 3.9.0 & 3.10.2","cryptlib 3.4.3 & 3.4.3.1"],"Group 12":["Bouncy Castle 1.53 (Java)","Cryptix JCE 20050328","FlexiProvider 1.7p7","HSM Utimaco Security Server Se50","Nettle 2.0","PolarSSL 0.10.0","PuTTY 0.67","SunRsaSign OpenJDK 1.8.0","mbedTLS 1.3.19 & 2.2.1 & 2.4.2"],"Group 11":["Bouncy Castle 1.54 (Java)","Crypto++ 5.6.0 & 5.6.3 & 5.6.5","Libgcrypt 1.7.6 FIPS","Microsoft CryptoAPI & CNG & .NET"],"Group 10":["NXP J2D081 & J2E145G","YubiKey NEO"],"Group  6":["Oberthur Cosmo Dual 72K"],"Group  5":["NXP J2A080 & J2A081 & J3A081 & JCOP 41 V2.2.1"],"Group  4":["Gemalto GXP E64"],"Group  3":["GNU Crypto 2.0.1"],"Group  2":["G&D SmartCafe 4.x & 6.0"],"Group  1":["G&D SmartCafe 3.2"],"Group  9":["Infineon JTOP 80K","YubiKey 4 & 4 Nano"],"Group  8":["PGPSDK 4 FIPS"],"Group  7":["OpenSSL 0.9.7 & 1.0.2g & 1.0.2k & 1.1.0e"]},"frequencies":{"1|1|000110":95,"2|1|100011":255,"2|1|101101":141,"1|1|000111":116,"2|1|101100":169,"2|1|100010":223,"2|0|000000":42,"2|0|000001":47,"1|0|111010":697,"1|0|111011":561,"1|1|011010":3776,"1|1|011011":4099,"2|0|110100":87,"2|0|110101":67,"1|0|100001":4489,"1|0|100000":4627,"2|1|100000":283,"1|1|000100":85,"2|1|100001":273,"2|0|000011":68,"2|0|001101":185,"2|0|001100":162,"2|0|000010":64,"1|1|000101":120,"2|1|010101":267,"2|0|011010":299,"2|1|010100":264,"2|0|011011":304,"1|0|100010":4406,"1|0|101100":2789,"1|0|101101":2693,"1|0|100011":4189,"2|1|100110":207,"1|1|110101":1408,"2|1|100111":195,"2|0|000101":103,"2|0|000100":92,"1|0|111110":211,"1|1|110100":1517,"1|0|111111":64,"1|0|100101":3815,"2|0|110001":109,"2|0|110000":110,"1|0|010101":2919,"1|0|010100":2746,"2|0|011001":305,"2|0|011000":276,"1|0|100100":4079,"2|1|100100":218,"2|1|100101":205,"2|0|000110":103,"2|0|000111":138,"1|0|111000":1051,"1|0|111001":859,"2|0|110111":62,"2|0|110110":68,"2|0|011111":293,"2|0|011110":286,"1|0|100111":3586,"1|0|100110":3676,"1|1|001001":503,"1|0|001001":472,"1|0|001000":258,"1|1|001000":243,"1|1|110001":2060,"1|1|110000":2156,"1|1|010000":2024,"2|0|011101":302,"2|1|111111":7,"2|1|111110":6,"2|0|010010":253,"2|0|011100":304,"2|0|010011":246,"1|1|010001":2168,"1|0|101010":3054,"1|0|101011":2946,"1|0|001010":709,"1|1|001111":1713,"1|0|001011":914,"1|1|001110":1550,"2|1|101011":153,"2|1|101010":180,"1|1|110111":1142,"1|1|110110":1258,"1|1|010010":2337,"1|1|010011":2571,"1|1|011100":4282,"2|0|010001":262,"2|1|111001":51,"2|1|111000":60,"2|0|010000":219,"1|1|011101":4421,"1|1|000011":70,"1|1|001100":1108,"1|1|001101":1300,"2|1|101001":171,"1|1|000010":69,"2|1|101000":202,"1|1|111110":207,"1|1|111111":69,"2|1|111010":35,"1|1|011110":4527,"1|1|011111":4662,"2|0|010111":296,"2|1|001000":134,"2|1|001001":155,"2|1|111011":36,"2|0|010110":274,"1|0|101111":2181,"1|1|100101":3864,"1|1|100100":4013,"1|0|101110":2418,"1|1|000000":45,"1|1|000001":56,"2|1|101111":135,"2|1|101110":154,"1|1|110010":1866,"1|1|111101":320,"1|1|110011":1761,"1|1|111100":406,"1|1|011000":3522,"1|1|011001":3804,"2|1|001010":150,"2|0|010100":257,"2|1|001011":210,"2|0|010101":265,"1|0|101001":3248,"1|0|101000":3340,"1|0|000110":113,"2|0|101101":173,"2|0|100011":241,"2|0|101100":146,"2|0|100010":244,"2|1|000001":57,"2|1|000000":48,"1|1|111011":580,"1|0|000111":105,"1|1|111010":738,"1|0|011011":4070,"2|1|110100":82,"1|0|011010":3954,"2|1|001100":184,"2|1|110101":88,"2|1|001101":218,"1|1|100001":4435,"1|1|100000":4600,"1|0|000000":44,"2|0|101111":137,"2|0|101110":129,"2|1|000111":130,"2|1|000110":106,"1|1|111000":986,"1|0|000001":54,"1|1|111001":859,"1|0|011000":3513,"2|1|001110":195,"2|1|110111":64,"2|1|001111":206,"2|1|110110":68,"1|0|011001":3570,"1|1|100111":3488,"1|1|100110":3713,"1|0|000011":84,"1|0|001100":1162,"1|0|000010":73,"2|0|101001":177,"2|0|101000":179,"1|0|001101":1370,"2|1|110001":105,"2|1|110000":118,"2|1|011001":268,"2|1|011000":312,"1|1|010100":2865,"1|1|010101":2957,"1|1|101111":2276,"1|1|101110":2379,"2|0|101010":135,"1|0|001111":1734,"1|1|001010":734,"1|0|001110":1580,"1|1|001011":916,"2|0|101011":152,"2|1|000011":83,"2|1|000010":59,"1|1|010110":3145,"2|1|111101":20,"2|1|110010":101,"2|1|111100":25,"2|1|110011":94,"2|1|011010":311,"2|1|011011":291,"1|1|010111":3360,"1|1|101101":2668,"1|1|100011":4119,"1|1|101100":2734,"1|1|100010":4362,"1|0|110001":2003,"2|0|001011":157,"2|0|001010":162,"1|0|110000":2110,"2|0|111110":20,"2|0|111111":6,"1|1|101010":3047,"2|1|010010":239,"2|1|011100":301,"2|1|011101":283,"1|0|010001":2092,"1|0|010000":1880,"2|1|010011":248,"1|1|101011":2847,"1|0|111101":293,"2|0|100101":220,"2|0|100100":249,"1|0|110010":1886,"1|0|110011":1649,"1|0|111100":444,"2|0|110010":94,"2|0|111101":17,"2|0|110011":109,"2|0|111100":37,"2|1|011111":252,"1|0|010111":3377,"1|0|010110":3055,"2|1|011110":257,"1|1|101001":3234,"1|1|101000":3450,"1|0|110100":1618,"1|0|110101":1401,"2|0|100111":204,"2|0|100110":199,"2|1|000101":95,"2|0|001111":209,"2|1|000100":88,"2|0|001110":208,"1|0|011110":4593,"2|0|111011":41,"2|0|111010":31,"2|1|010111":309,"1|0|011111":4877,"2|1|010110":291,"1|0|110111":1086,"2|0|100001":247,"2|0|100000":270,"2|0|001001":132,"2|0|001000":138,"1|0|000101":108,"1|0|000100":81,"1|0|110110":1255,"1|0|010010":2394,"2|0|111000":59,"2|0|111001":55,"1|0|011101":4370,"2|1|010001":242,"1|0|010011":2564,"1|0|011100":4401,"2|1|010000":235}}
