{"probability":{"Group 13":"0.08304225829866786","Group 12":"0.0","Group 11":"0.0","Group 10":"0.00037096722136316677","Group  6":"0.0","Group  5":"0.001116590263865401","Group  4":"0.0","Group  3":"0.0","Group  2":"0.0","Group  1":"0.0","Group  9":"0.0003257375314069938","Group  8":"0.007179056405899975","Group  7":"0.9079653902787966"},"groups":{"Group 13":["Botan 1.5.6 & 1.11.29 & 2.1.0","Feitian JavaCOS A22 & A40","Gemalto GCX4 72K","HSM SafeNet Luna SA-1700","LibTomCrypt 1.17","Libgcrypt 1.6.0 & 1.6.5 & 1.7.6","Libgcrypt 1.6.0 FIPS & 1.6.5 FIPS","Nettle 3.2 & 3.3","Oberthur Cosmo 64","OpenSSL FIPS 2.0.12 & 2.0.14","PGPSDK 4","WolfSSL 2.0rc1 & 3.9.0 & 3.10.2","cryptlib 3.4.3 & 3.4.3.1"],"Group 12":["Bouncy Castle 1.53 (Java)","Cryptix JCE 20050328","FlexiProvider 1.7p7","HSM Utimaco Security Server Se50","Nettle 2.0","PolarSSL 0.10.0","PuTTY 0.67","SunRsaSign OpenJDK 1.8.0","mbedTLS 1.3.19 & 2.2.1 & 2.4.2"],"Group 11":["Bouncy Castle 1.54 (Java)","Crypto++ 5.6.0 & 5.6.3 & 5.6.5","Libgcrypt 1.7.6 FIPS","Microsoft CryptoAPI & CNG & .NET"],"Group 10":["NXP J2D081 & J2E145G","YubiKey NEO"],"Group  6":["Oberthur Cosmo Dual 72K"],"Group  5":["NXP J2A080 & J2A081 & J3A081 & JCOP 41 V2.2.1"],"Group  4":["Gemalto GXP E64"],"Group  3":["GNU Crypto 2.0.1"],"Group  2":["G&D SmartCafe 4.x & 6.0"],"Group  1":["G&D SmartCafe 3.2"],"Group  9":["Infineon JTOP 80K","YubiKey 4 & 4 Nano"],"Group  8":["PGPSDK 4 FIPS"],"Group  7":["OpenSSL 0.9.7 & 1.0.2g & 1.0.2k & 1.1.0e"]},"frequencies":{"1|1|000110":5,"2|1|100011":114,"2|1|101101":70,"1|1|000111":4,"2|1|101100":68,"2|1|100010":118,"2|0|000000":6,"2|0|000001":5,"1|0|111010":414,"1|0|111011":348,"1|1|011010":2190,"1|1|011011":2266,"2|0|110100":43,"2|0|110101":32,"1|0|100001":2646,"1|0|100000":2697,"2|1|100000":133,"1|1|000100":7,"2|1|100001":120,"2|0|000011":9,"2|0|001101":42,"2|0|001100":32,"2|0|000010":6,"1|1|000101":6,"2|1|010101":75,"2|0|011010":121,"2|1|010100":71,"2|0|011011":121,"1|0|100010":2624,"1|0|101100":1622,"1|0|101101":1511,"1|0|100011":2384,"2|1|100110":93,"1|1|110101":852,"2|1|100111":93,"2|0|000101":5,"2|0|000100":6,"1|0|111110":133,"1|1|110100":980,"1|0|111111":35,"1|0|100101":2317,"2|0|110001":46,"2|0|110000":69,"1|0|010101":1633,"1|0|010100":1549,"2|0|011001":93,"2|0|011000":86,"1|0|100100":2352,"2|1|100100":116,"2|1|100101":123,"2|0|000110":5,"2|0|000111":10,"1|0|111000":592,"1|0|111001":476,"2|0|110111":31,"2|0|110110":35,"2|0|011111":106,"2|0|011110":126,"1|0|100111":2065,"1|0|100110":2100,"1|1|001001":219,"1|0|001001":212,"1|0|001000":68,"1|1|001000":64,"1|1|110001":1151,"1|1|110000":1262,"1|1|010000":1112,"2|0|011101":125,"2|1|111111":2,"2|1|111110":6,"2|0|010010":61,"2|0|011100":90,"2|0|010011":76,"1|1|010001":1238,"1|0|101010":1805,"1|0|101011":1695,"1|0|001010":297,"1|1|001111":969,"1|0|001011":485,"1|1|001110":827,"2|1|101011":77,"2|1|101010":76,"1|1|110111":680,"1|1|110110":788,"1|1|010010":1304,"1|1|010011":1446,"1|1|011100":2513,"2|0|010001":66,"2|1|111001":27,"2|1|111000":28,"2|0|010000":66,"1|1|011101":2503,"1|1|000011":5,"1|1|001100":601,"1|1|001101":690,"2|1|101001":75,"1|1|000010":4,"2|1|101000":91,"1|1|111110":119,"1|1|111111":26,"2|1|111010":21,"1|1|011110":2661,"1|1|011111":2726,"2|0|010111":78,"2|1|001000":7,"2|1|001001":19,"2|1|111011":17,"2|0|010110":85,"1|0|101111":1350,"1|1|100101":2220,"1|1|100100":2398,"1|0|101110":1470,"1|1|000000":5,"1|1|000001":6,"2|1|101111":75,"2|1|101110":80,"1|1|110010":1119,"1|1|111101":185,"1|1|110011":1013,"1|1|111100":252,"1|1|011000":2001,"1|1|011001":2107,"2|1|001010":16,"2|0|010100":90,"2|1|001011":26,"2|0|010101":88,"1|0|101001":1839,"1|0|101000":2034,"1|0|000110":3,"2|0|101101":73,"2|0|100011":112,"2|0|101100":68,"2|0|100010":100,"2|1|000001":3,"2|1|000000":3,"1|1|111011":352,"1|0|000111":2,"1|1|111010":437,"1|0|011011":2346,"2|1|110100":41,"1|0|011010":2205,"2|1|001100":36,"2|1|110101":33,"2|1|001101":27,"1|1|100001":2599,"1|1|100000":2702,"1|0|000000":5,"2|0|101111":54,"2|0|101110":53,"2|1|000111":4,"2|1|000110":6,"1|1|111000":540,"1|0|000001":9,"1|1|111001":524,"1|0|011000":2024,"2|1|001110":57,"2|1|110111":31,"2|1|001111":59,"2|1|110110":38,"1|0|011001":2112,"1|1|100111":2101,"1|1|100110":2190,"1|0|000011":9,"1|0|001100":631,"1|0|000010":11,"2|0|101001":106,"2|0|101000":94,"1|0|001101":734,"2|1|110001":57,"2|1|110000":52,"2|1|011001":102,"2|1|011000":89,"1|1|010100":1633,"1|1|010101":1660,"1|1|101111":1323,"1|1|101110":1456,"2|0|101010":92,"1|0|001111":934,"1|1|001010":339,"1|0|001110":900,"1|1|001011":472,"2|0|101011":85,"2|1|000011":14,"2|1|000010":8,"1|1|010110":1730,"2|1|111101":7,"2|1|110010":51,"2|1|111100":14,"2|1|110011":51,"2|1|011010":109,"2|1|011011":109,"1|1|010111":1875,"1|1|101101":1572,"1|1|100011":2471,"1|1|101100":1611,"1|1|100010":2584,"1|0|110001":1175,"2|0|001011":22,"2|0|001010":19,"1|0|110000":1260,"2|0|111110":4,"2|0|111111":3,"1|1|101010":1879,"2|1|010010":54,"2|1|011100":108,"2|1|011101":118,"1|0|010001":1273,"1|0|010000":1151,"2|1|010011":75,"1|1|101011":1702,"1|0|111101":176,"2|0|100101":84,"2|0|100100":121,"1|0|110010":1081,"1|0|110011":1040,"1|0|111100":261,"2|0|110010":56,"2|0|111101":9,"2|0|110011":44,"2|0|111100":15,"2|1|011111":127,"1|0|010111":1895,"1|0|010110":1744,"2|1|011110":111,"1|1|101001":1948,"1|1|101000":1970,"1|0|110100":941,"1|0|110101":841,"2|0|100111":96,"2|0|100110":125,"2|1|000101":6,"2|0|001111":52,"2|1|000100":5,"2|0|001110":49,"1|0|011110":2655,"2|0|111011":16,"2|0|111010":20,"2|1|010111":83,"1|0|011111":2748,"2|1|010110":91,"1|0|110111":698,"2|0|100001":120,"2|0|100000":122,"2|0|001001":15,"2|0|001000":9,"1|0|000101":7,"1|0|000100":2,"1|0|110110":729,"1|0|010010":1399,"2|0|111000":26,"2|0|111001":10,"1|0|011101":2520,"2|1|010001":66,"1|0|010011":1425,"1|0|011100":2426,"2|1|010000":53}}
