{"probability":{"Group 13":"0.009228094919497998","Group 12":"0.02168235491729292","Group 11":"0.11084808007206608","Group 10":"0.0","Group  6":"0.0","Group  5":"0.0","Group  4":"0.004663047263605386","Group  3":"0.0","Group  2":"0.00002461575355784495","Group  1":"0.0","Group  9":"0.0009320129367308037","Group  8":"0.006748191741445596","Group  7":"0.8458736023958033"},"groups":{"Group 13":["Botan 1.5.6 & 1.11.29 & 2.1.0","Feitian JavaCOS A22 & A40","Gemalto GCX4 72K","HSM SafeNet Luna SA-1700","LibTomCrypt 1.17","Libgcrypt 1.6.0 & 1.6.5 & 1.7.6","Libgcrypt 1.6.0 FIPS & 1.6.5 FIPS","Nettle 3.2 & 3.3","Oberthur Cosmo 64","OpenSSL FIPS 2.0.12 & 2.0.14","PGPSDK 4","WolfSSL 2.0rc1 & 3.9.0 & 3.10.2","cryptlib 3.4.3 & 3.4.3.1"],"Group 12":["Bouncy Castle 1.53 (Java)","Cryptix JCE 20050328","FlexiProvider 1.7p7","HSM Utimaco Security Server Se50","Nettle 2.0","PolarSSL 0.10.0","PuTTY 0.67","SunRsaSign OpenJDK 1.8.0","mbedTLS 1.3.19 & 2.2.1 & 2.4.2"],"Group 11":["Bouncy Castle 1.54 (Java)","Crypto++ 5.6.0 & 5.6.3 & 5.6.5","Libgcrypt 1.7.6 FIPS","Microsoft CryptoAPI & CNG & .NET"],"Group 10":["NXP J2D081 & J2E145G","YubiKey NEO"],"Group  6":["Oberthur Cosmo Dual 72K"],"Group  5":["NXP J2A080 & J2A081 & J3A081 & JCOP 41 V2.2.1"],"Group  4":["Gemalto GXP E64"],"Group  3":["GNU Crypto 2.0.1"],"Group  2":["G&D SmartCafe 4.x & 6.0"],"Group  1":["G&D SmartCafe 3.2"],"Group  9":["Infineon JTOP 80K","YubiKey 4 & 4 Nano"],"Group  8":["PGPSDK 4 FIPS"],"Group  7":["OpenSSL 0.9.7 & 1.0.2g & 1.0.2k & 1.1.0e"]},"frequencies":{"1|1|000110":150,"2|1|100011":303,"2|1|101101":166,"1|1|000111":159,"2|1|101100":188,"2|1|100010":306,"2|0|000000":103,"2|0|000001":90,"1|0|111010":888,"1|0|111011":703,"1|1|011010":4578,"1|1|011011":4977,"2|0|110100":100,"2|0|110101":117,"1|0|100001":5368,"1|0|100000":5695,"2|1|100000":335,"1|1|000100":147,"2|1|100001":324,"2|0|000011":102,"2|0|001101":248,"2|0|001100":246,"2|0|000010":113,"1|1|000101":166,"2|1|010101":344,"2|0|011010":409,"2|1|010100":318,"2|0|011011":384,"1|0|100010":5143,"1|0|101100":3298,"1|0|101101":3071,"1|0|100011":5036,"2|1|100110":267,"1|1|110101":1685,"2|1|100111":256,"2|0|000101":144,"2|0|000100":118,"1|0|111110":237,"1|1|110100":1924,"1|0|111111":67,"1|0|100101":4599,"2|0|110001":139,"2|0|110000":158,"1|0|010101":3574,"1|0|010100":3261,"2|0|011001":371,"2|0|011000":389,"1|0|100100":4772,"2|1|100100":263,"2|1|100101":278,"2|0|000110":165,"2|0|000111":158,"1|0|111000":1225,"1|0|111001":969,"2|0|110111":93,"2|0|110110":84,"2|0|011111":367,"2|0|011110":399,"1|0|100111":4162,"1|0|100110":4298,"1|1|001001":577,"1|0|001001":602,"1|0|001000":297,"1|1|001000":285,"1|1|110001":2399,"1|1|110000":2571,"1|1|010000":2466,"2|0|011101":357,"2|1|111111":7,"2|1|111110":9,"2|0|010010":305,"2|0|011100":401,"2|0|010011":318,"1|1|010001":2686,"1|0|101010":3740,"1|0|101011":3551,"1|0|001010":847,"1|1|001111":2108,"1|0|001011":1045,"1|1|001110":1870,"2|1|101011":200,"2|1|101010":210,"1|1|110111":1368,"1|1|110110":1520,"1|1|010010":2817,"1|1|010011":3014,"1|1|011100":5060,"2|0|010001":289,"2|1|111001":62,"2|1|111000":72,"2|0|010000":257,"1|1|011101":5299,"1|1|000011":103,"1|1|001100":1362,"1|1|001101":1627,"2|1|101001":204,"1|1|000010":111,"2|1|101000":232,"1|1|111110":240,"1|1|111111":65,"2|1|111010":44,"1|1|011110":5367,"1|1|011111":5741,"2|0|010111":382,"2|1|001000":201,"2|1|001001":208,"2|1|111011":40,"2|0|010110":340,"1|0|101111":2624,"1|1|100101":4587,"1|1|100100":4766,"1|0|101110":2988,"1|1|000000":86,"1|1|000001":92,"2|1|101111":188,"2|1|101110":176,"1|1|110010":2226,"1|1|111101":381,"1|1|110011":2065,"1|1|111100":580,"1|1|011000":4321,"1|1|011001":4491,"2|1|001010":193,"2|0|010100":317,"2|1|001011":253,"2|0|010101":344,"1|0|101001":3786,"1|0|101000":4055,"1|0|000110":153,"2|0|101101":190,"2|0|100011":291,"2|0|101100":207,"2|0|100010":303,"2|1|000001":97,"2|1|000000":73,"1|1|111011":687,"1|0|000111":171,"1|1|111010":893,"1|0|011011":4786,"2|1|110100":127,"1|0|011010":4735,"2|1|001100":278,"2|1|110101":94,"2|1|001101":237,"1|1|100001":5353,"1|1|100000":5496,"1|0|000000":78,"2|0|101111":148,"2|0|101110":150,"2|1|000111":179,"2|1|000110":150,"1|1|111000":1227,"1|0|000001":101,"1|1|111001":1061,"1|0|011000":4136,"2|1|001110":280,"2|1|110111":77,"2|1|001111":263,"2|1|110110":81,"1|0|011001":4398,"1|1|100111":4272,"1|1|100110":4471,"1|0|000011":115,"1|0|001100":1368,"1|0|000010":102,"2|0|101001":214,"2|0|101000":238,"1|0|001101":1693,"2|1|110001":138,"2|1|110000":133,"2|1|011001":396,"2|1|011000":420,"1|1|010100":3313,"1|1|010101":3585,"1|1|101111":2763,"1|1|101110":2856,"2|0|101010":202,"1|0|001111":2076,"1|1|001010":845,"1|0|001110":1973,"1|1|001011":1136,"2|0|101011":193,"2|1|000011":123,"2|1|000010":100,"1|1|010110":3782,"2|1|111101":31,"2|1|110010":121,"2|1|111100":31,"2|1|110011":112,"2|1|011010":376,"2|1|011011":382,"1|1|010111":4043,"1|1|101101":3056,"1|1|100011":4944,"1|1|101100":3310,"1|1|100010":5136,"1|0|110001":2349,"2|0|001011":212,"2|0|001010":197,"1|0|110000":2505,"2|0|111110":14,"2|0|111111":1,"1|1|101010":3651,"2|1|010010":337,"2|1|011100":366,"2|1|011101":311,"1|0|010001":2519,"1|0|010000":2298,"2|1|010011":336,"1|1|101011":3337,"1|0|111101":391,"2|0|100101":289,"2|0|100100":288,"1|0|110010":2203,"1|0|110011":1995,"1|0|111100":547,"2|0|110010":135,"2|0|111101":21,"2|0|110011":132,"2|0|111100":26,"2|1|011111":340,"1|0|010111":4060,"1|0|010110":3743,"2|1|011110":369,"1|1|101001":3844,"1|1|101000":4160,"1|0|110100":1967,"1|0|110101":1761,"2|0|100111":262,"2|0|100110":261,"2|1|000101":148,"2|0|001111":259,"2|1|000100":117,"2|0|001110":269,"1|0|011110":5543,"2|0|111011":49,"2|0|111010":52,"2|1|010111":351,"1|0|011111":5688,"2|1|010110":383,"1|0|110111":1396,"2|0|100001":321,"2|0|100000":347,"2|0|001001":181,"2|0|001000":180,"1|0|000101":141,"1|0|000100":129,"1|0|110110":1539,"1|0|010010":2864,"2|0|111000":70,"2|0|111001":59,"1|0|011101":5283,"2|1|010001":322,"1|0|010011":3054,"1|0|011100":4986,"2|1|010000":286}}
