{"probability":{"Group 13":"0.02441930631472678","Group 12":"0.01640600621175134","Group 11":"0.05213589965091806","Group 10":"0.00024250683357226793","Group  6":"0.0004834080486291865","Group  5":"0.0","Group  4":"0.0024573601942294424","Group  3":"0.0","Group  2":"0.0","Group  1":"0.0000025823166430566667","Group  9":"0.000577682093880464","Group  8":"0.007686855947804054","Group  7":"0.8955883923878455"},"groups":{"Group 13":["Botan 1.5.6 & 1.11.29 & 2.1.0","Feitian JavaCOS A22 & A40","Gemalto GCX4 72K","HSM SafeNet Luna SA-1700","LibTomCrypt 1.17","Libgcrypt 1.6.0 & 1.6.5 & 1.7.6","Libgcrypt 1.6.0 FIPS & 1.6.5 FIPS","Nettle 3.2 & 3.3","Oberthur Cosmo 64","OpenSSL FIPS 2.0.12 & 2.0.14","PGPSDK 4","WolfSSL 2.0rc1 & 3.9.0 & 3.10.2","cryptlib 3.4.3 & 3.4.3.1"],"Group 12":["Bouncy Castle 1.53 (Java)","Cryptix JCE 20050328","FlexiProvider 1.7p7","HSM Utimaco Security Server Se50","Nettle 2.0","PolarSSL 0.10.0","PuTTY 0.67","SunRsaSign OpenJDK 1.8.0","mbedTLS 1.3.19 & 2.2.1 & 2.4.2"],"Group 11":["Bouncy Castle 1.54 (Java)","Crypto++ 5.6.0 & 5.6.3 & 5.6.5","Libgcrypt 1.7.6 FIPS","Microsoft CryptoAPI & CNG & .NET"],"Group 10":["NXP J2D081 & J2E145G","YubiKey NEO"],"Group  6":["Oberthur Cosmo Dual 72K"],"Group  5":["NXP J2A080 & J2A081 & J3A081 & JCOP 41 V2.2.1"],"Group  4":["Gemalto GXP E64"],"Group  3":["GNU Crypto 2.0.1"],"Group  2":["G&D SmartCafe 4.x & 6.0"],"Group  1":["G&D SmartCafe 3.2"],"Group  9":["Infineon JTOP 80K","YubiKey 4 & 4 Nano"],"Group  8":["PGPSDK 4 FIPS"],"Group  7":["OpenSSL 0.9.7 & 1.0.2g & 1.0.2k & 1.1.0e"]},"frequencies":{"1|1|000110":903,"2|1|100011":2069,"2|1|101101":1237,"1|1|000111":1040,"2|1|101100":1427,"2|1|100010":2147,"2|0|000000":614,"2|0|000001":680,"1|0|111010":8903,"1|0|111011":7320,"1|1|011010":47497,"1|1|011011":50029,"2|0|110100":712,"2|0|110101":699,"1|0|100001":55736,"1|0|100000":58424,"2|1|100000":2386,"1|1|000100":876,"2|1|100001":2296,"2|0|000011":807,"2|0|001101":1639,"2|0|001100":1469,"2|0|000010":765,"1|1|000101":944,"2|1|010101":2224,"2|0|011010":2594,"2|1|010100":2117,"2|0|011011":2666,"1|0|100010":53521,"1|0|101100":34098,"1|0|101101":31971,"1|0|100011":52139,"2|1|100110":1886,"1|1|110101":17754,"2|1|100111":1748,"2|0|000101":919,"2|0|000100":888,"1|0|111110":2493,"1|1|110100":19290,"1|0|111111":1159,"1|0|100101":48208,"2|0|110001":1009,"2|0|110000":1047,"1|0|010101":36101,"1|0|010100":33648,"2|0|011001":2438,"2|0|011000":2432,"1|0|100100":49590,"2|1|100100":1994,"2|1|100101":1996,"2|0|000110":965,"2|0|000111":1056,"1|0|111000":12247,"1|0|111001":10736,"2|0|110111":597,"2|0|110110":617,"2|0|011111":2496,"2|0|011110":2385,"1|0|100111":43557,"1|0|100110":45438,"1|1|001001":5410,"1|0|001001":5232,"1|0|001000":2459,"1|1|001000":2586,"1|1|110001":24783,"1|1|110000":26428,"1|1|010000":23872,"2|0|011101":2406,"2|1|111111":431,"2|1|111110":170,"2|0|010010":1947,"2|0|011100":2519,"2|0|010011":2073,"1|1|010001":25939,"1|0|101010":37667,"1|0|101011":35805,"1|0|001010":8080,"1|1|001111":21627,"1|0|001011":10905,"1|1|001110":18921,"2|1|101011":1415,"2|1|101010":1523,"1|1|110111":14096,"1|1|110110":15808,"1|1|010010":29046,"1|1|010011":31073,"1|1|011100":51858,"2|0|010001":1944,"2|1|111001":393,"2|1|111000":494,"2|0|010000":1814,"1|1|011101":54020,"1|1|000011":791,"1|1|001100":13529,"1|1|001101":16027,"2|1|101001":1648,"1|1|000010":737,"2|1|101000":1678,"1|1|111110":2529,"1|1|111111":1207,"2|1|111010":353,"1|1|011110":56277,"1|1|011111":57816,"2|0|010111":2323,"2|1|001000":1148,"2|1|001001":1240,"2|1|111011":276,"2|0|010110":2331,"1|0|101111":28426,"1|1|100101":47882,"1|1|100100":49657,"1|0|101110":30282,"1|1|000000":600,"1|1|000001":725,"2|1|101111":1116,"2|1|101110":1204,"1|1|110010":22917,"1|1|111101":4147,"1|1|110011":21039,"1|1|111100":5790,"1|1|011000":42994,"1|1|011001":45674,"2|1|001010":1319,"2|0|010100":2152,"2|1|001011":1426,"2|0|010101":2265,"1|0|101001":39700,"1|0|101000":41838,"1|0|000110":1007,"2|0|101101":1322,"2|0|100011":2091,"2|0|101100":1395,"2|0|100010":2189,"2|1|000001":731,"2|1|000000":637,"1|1|111011":7196,"1|0|000111":1036,"1|1|111010":8907,"1|0|011011":49495,"2|1|110100":772,"1|0|011010":47625,"2|1|001100":1533,"2|1|110101":675,"2|1|001101":1603,"1|1|100001":56276,"1|1|100000":57876,"1|0|000000":589,"2|0|101111":1080,"2|0|101110":1228,"2|1|000111":1020,"2|1|000110":926,"1|1|111000":12518,"1|0|000001":652,"1|1|111001":10742,"1|0|011000":43285,"2|1|001110":1660,"2|1|110111":559,"2|1|001111":1767,"2|1|110110":657,"1|0|011001":45266,"1|1|100111":43621,"1|1|100110":45703,"1|0|000011":858,"1|0|001100":13424,"1|0|000010":772,"2|0|101001":1589,"2|0|101000":1632,"1|0|001101":15980,"2|1|110001":945,"2|1|110000":1122,"2|1|011001":2555,"2|1|011000":2369,"1|1|010100":33950,"1|1|010101":35796,"1|1|101111":28553,"1|1|101110":30112,"2|0|101010":1561,"1|0|001111":21521,"1|1|001010":7881,"1|0|001110":18810,"1|1|001011":10749,"2|0|101011":1481,"2|1|000011":788,"2|1|000010":759,"1|1|010110":38113,"2|1|111101":170,"2|1|110010":885,"2|1|111100":243,"2|1|110011":834,"2|1|011010":2634,"2|1|011011":2563,"1|1|010111":40454,"1|1|101101":31713,"1|1|100011":51904,"1|1|101100":34119,"1|1|100010":53731,"1|0|110001":24350,"2|0|001011":1432,"2|0|001010":1301,"1|0|110000":26606,"2|0|111110":168,"2|0|111111":402,"1|1|101010":37667,"2|1|010010":1990,"2|1|011100":2534,"2|1|011101":2451,"1|0|010001":26266,"1|0|010000":23736,"2|1|010011":2068,"1|1|101011":35887,"1|0|111101":4175,"2|0|100101":1978,"2|0|100100":2011,"1|0|110010":22706,"1|0|110011":21122,"1|0|111100":5661,"2|0|110010":942,"2|0|111101":190,"2|0|110011":839,"2|0|111100":227,"2|1|011111":2406,"1|0|010111":40843,"1|0|010110":38398,"2|1|011110":2468,"1|1|101001":39909,"1|1|101000":41544,"1|0|110100":19362,"1|0|110101":17617,"2|0|100111":1723,"2|0|100110":1827,"2|1|000101":968,"2|0|001111":1735,"2|1|000100":890,"2|0|001110":1571,"1|0|011110":56361,"2|0|111011":303,"2|0|111010":325,"2|1|010111":2439,"1|0|011111":58379,"2|1|010110":2251,"1|0|110111":13993,"2|0|100001":2302,"2|0|100000":2382,"2|0|001001":1256,"2|0|001000":1144,"1|0|000101":931,"1|0|000100":845,"1|0|110110":15847,"1|0|010010":28902,"2|0|111000":486,"2|0|111001":446,"1|0|011101":54351,"2|1|010001":1858,"1|0|010011":31048,"1|0|011100":51784,"2|1|010000":1831}}
