{"probability":{"Group 13":"0.010733071943421863","Group 12":"0.05776392149694449","Group 11":"0.1631531379324954","Group 10":"0.00039341076281112515","Group  6":"0.0","Group  5":"0.00009686808898905698","Group  4":"0.0035956233666641774","Group  3":"0.0","Group  2":"0.0","Group  1":"0.0","Group  9":"0.0006436257845381838","Group  8":"0.00805175817384565","Group  7":"0.7555685824502901"},"groups":{"Group 13":["Botan 1.5.6 & 1.11.29 & 2.1.0","Feitian JavaCOS A22 & A40","Gemalto GCX4 72K","HSM SafeNet Luna SA-1700","LibTomCrypt 1.17","Libgcrypt 1.6.0 & 1.6.5 & 1.7.6","Libgcrypt 1.6.0 FIPS & 1.6.5 FIPS","Nettle 3.2 & 3.3","Oberthur Cosmo 64","OpenSSL FIPS 2.0.12 & 2.0.14","PGPSDK 4","WolfSSL 2.0rc1 & 3.9.0 & 3.10.2","cryptlib 3.4.3 & 3.4.3.1"],"Group 12":["Bouncy Castle 1.53 (Java)","Cryptix JCE 20050328","FlexiProvider 1.7p7","HSM Utimaco Security Server Se50","Nettle 2.0","PolarSSL 0.10.0","PuTTY 0.67","SunRsaSign OpenJDK 1.8.0","mbedTLS 1.3.19 & 2.2.1 & 2.4.2"],"Group 11":["Bouncy Castle 1.54 (Java)","Crypto++ 5.6.0 & 5.6.3 & 5.6.5","Libgcrypt 1.7.6 FIPS","Microsoft CryptoAPI & CNG & .NET"],"Group 10":["NXP J2D081 & J2E145G","YubiKey NEO"],"Group  6":["Oberthur Cosmo Dual 72K"],"Group  5":["NXP J2A080 & J2A081 & J3A081 & JCOP 41 V2.2.1"],"Group  4":["Gemalto GXP E64"],"Group  3":["GNU Crypto 2.0.1"],"Group  2":["G&D SmartCafe 4.x & 6.0"],"Group  1":["G&D SmartCafe 3.2"],"Group  9":["Infineon JTOP 80K","YubiKey 4 & 4 Nano"],"Group  8":["PGPSDK 4 FIPS"],"Group  7":["OpenSSL 0.9.7 & 1.0.2g & 1.0.2k & 1.1.0e"]},"frequencies":{"1|1|000110":2982,"2|1|100011":4843,"2|1|101101":2966,"1|1|000111":3198,"2|1|101100":3088,"2|1|100010":4924,"2|0|000000":2131,"2|0|000001":2306,"1|0|111010":8530,"1|0|111011":7181,"1|1|011010":46918,"1|1|011011":49036,"2|0|110100":1755,"2|0|110101":1621,"1|0|100001":53980,"1|0|100000":55811,"2|1|100000":5382,"1|1|000100":2822,"2|1|100001":5332,"2|0|000011":2600,"2|0|001101":4328,"2|0|001100":4191,"2|0|000010":2415,"1|1|000101":2998,"2|1|010101":5667,"2|0|011010":6267,"2|1|010100":5447,"2|0|011011":6278,"1|0|100010":51496,"1|0|101100":32612,"1|0|101101":30563,"1|0|100011":49678,"2|1|100110":4246,"1|1|110101":16777,"2|1|100111":4026,"2|0|000101":2908,"2|0|000100":2918,"1|0|111110":2447,"1|1|110100":18430,"1|0|111111":1158,"1|0|100101":45690,"2|0|110001":2197,"2|0|110000":2454,"1|0|010101":36318,"1|0|010100":34171,"2|0|011001":6292,"2|0|011000":6223,"1|0|100100":47484,"2|1|100100":4619,"2|1|100101":4441,"2|0|000110":3141,"2|0|000111":3324,"1|0|111000":11654,"1|0|111001":10237,"2|0|110111":1280,"2|0|110110":1404,"2|0|011111":5741,"2|0|011110":5734,"1|0|100111":41761,"1|0|100110":43783,"1|1|001001":7321,"1|0|001001":7278,"1|0|001000":4656,"1|1|001000":4573,"1|1|110001":23677,"1|1|110000":25275,"1|1|010000":24857,"2|0|011101":5960,"2|1|111111":463,"2|1|111110":301,"2|0|010010":5146,"2|0|011100":6086,"2|0|010011":5247,"1|1|010001":27007,"1|0|101010":36097,"1|0|101011":34356,"1|0|001010":9878,"1|1|001111":22438,"1|0|001011":12607,"1|1|001110":20005,"2|1|101011":3382,"2|1|101010":3502,"1|1|110111":13630,"1|1|110110":15131,"1|1|010010":29669,"1|1|010011":31846,"1|1|011100":50514,"2|0|010001":5153,"2|1|111001":921,"2|1|111000":1134,"2|0|010000":4970,"1|1|011101":52546,"1|1|000011":2634,"1|1|001100":15047,"1|1|001101":17540,"2|1|101001":3658,"1|1|000010":2436,"2|1|101000":3861,"1|1|111110":2468,"1|1|111111":1183,"2|1|111010":856,"1|1|011110":54450,"1|1|011111":55776,"2|0|010111":5945,"2|1|001000":3508,"2|1|001001":3619,"2|1|111011":668,"2|0|010110":5713,"1|0|101111":27354,"1|1|100101":46034,"1|1|100100":47480,"1|0|101110":28734,"1|1|000000":2093,"1|1|000001":2327,"2|1|101111":2572,"2|1|101110":2634,"1|1|110010":22092,"1|1|111101":4006,"1|1|110011":20077,"1|1|111100":5463,"1|1|011000":42752,"1|1|011001":45222,"2|1|001010":3847,"2|0|010100":5650,"2|1|001011":4195,"2|0|010101":5697,"1|0|101001":38077,"1|0|101000":40254,"1|0|000110":3195,"2|0|101101":2994,"2|0|100011":4792,"2|0|101100":3127,"2|0|100010":4986,"2|1|000001":2173,"2|1|000000":2065,"1|1|111011":6988,"1|0|000111":3239,"1|1|111010":8537,"1|0|011011":48924,"2|1|110100":1734,"1|0|011010":46971,"2|1|001100":4375,"2|1|110101":1647,"2|1|001101":4421,"1|1|100001":53384,"1|1|100000":55499,"1|0|000000":2098,"2|0|101111":2508,"2|0|101110":2715,"2|1|000111":3288,"2|1|000110":3080,"1|1|111000":11966,"1|0|000001":2177,"1|1|111001":10223,"1|0|011000":43120,"2|1|001110":4655,"2|1|110111":1272,"2|1|001111":4940,"2|1|110110":1465,"1|0|011001":44753,"1|1|100111":42192,"1|1|100110":43592,"1|0|000011":2681,"1|0|001100":15310,"1|0|000010":2502,"2|0|101001":3615,"2|0|101000":3885,"1|0|001101":17476,"2|1|110001":2160,"2|1|110000":2329,"0|0|101101":1,"2|1|011001":6254,"2|1|011000":6132,"1|1|010100":34167,"1|1|010101":36449,"1|1|101111":27281,"1|1|101110":28998,"2|0|101010":3504,"1|0|001111":22601,"1|1|001010":9815,"1|0|001110":20119,"1|1|001011":12579,"2|0|101011":3384,"2|1|000011":2630,"2|1|000010":2453,"1|1|010110":38623,"2|1|111101":371,"2|1|110010":2115,"2|1|111100":556,"2|1|110011":1943,"2|1|011010":6407,"2|1|011011":6223,"1|1|010111":40509,"1|1|101101":30511,"1|1|100011":49765,"1|1|101100":32599,"1|1|100010":51720,"1|0|110001":23745,"2|0|001011":4092,"2|0|001010":3937,"1|0|110000":25467,"2|0|111110":279,"2|0|111111":427,"1|1|101010":36247,"2|1|010010":5196,"2|1|011100":6078,"2|1|011101":5899,"1|0|010001":27513,"1|0|010000":24638,"2|1|010011":5296,"1|1|101011":34618,"0|0|010110":1,"1|0|111101":3891,"2|0|100101":4371,"2|0|100100":4564,"1|0|110010":21725,"1|0|110011":20436,"1|0|111100":5531,"2|0|110010":2074,"2|0|111101":389,"2|0|110011":1959,"2|0|111100":515,"2|1|011111":5634,"1|0|010111":40660,"1|0|010110":38398,"2|1|011110":5674,"1|1|101001":38177,"1|1|101000":39878,"1|0|110100":18645,"1|0|110101":16430,"2|0|100111":4016,"2|0|100110":4220,"2|1|000101":2985,"2|0|001111":4827,"2|1|000100":2823,"2|0|001110":4389,"1|0|011110":53999,"2|0|111011":669,"2|0|111010":806,"2|1|010111":6062,"1|0|011111":56284,"2|1|010110":5829,"1|0|110111":13276,"2|0|100001":5275,"2|0|100000":5356,"2|0|001001":3652,"2|0|001000":3440,"1|0|000101":2918,"1|0|000100":2795,"1|0|110110":15232,"1|0|010010":29564,"2|0|111000":1153,"2|0|111001":942,"1|0|011101":52554,"2|1|010001":5071,"1|0|010011":31764,"1|0|011100":50601,"2|1|010000":4995}}
