{"probability":{"Group 13":"0.07998523814669647","Group 12":"0.07094555009488238","Group 11":"0.09686714433199191","Group 10":"0.000006624631672187479","Group  6":"0.00023456200760246437","Group  5":"0.0","Group  4":"0.005150853813290099","Group  3":"0.00040596128349178824","Group  2":"0.0","Group  1":"0.0","Group  9":"0.0","Group  8":"0.03498728376107426","Group  7":"0.7114167819292986"},"groups":{"Group 13":["Botan 1.5.6 & 1.11.29 & 2.1.0","Feitian JavaCOS A22 & A40","Gemalto GCX4 72K","HSM SafeNet Luna SA-1700","LibTomCrypt 1.17","Libgcrypt 1.6.0 & 1.6.5 & 1.7.6","Libgcrypt 1.6.0 FIPS & 1.6.5 FIPS","Nettle 3.2 & 3.3","Oberthur Cosmo 64","OpenSSL FIPS 2.0.12 & 2.0.14","PGPSDK 4","WolfSSL 2.0rc1 & 3.9.0 & 3.10.2","cryptlib 3.4.3 & 3.4.3.1"],"Group 12":["Bouncy Castle 1.53 (Java)","Cryptix JCE 20050328","FlexiProvider 1.7p7","HSM Utimaco Security Server Se50","Nettle 2.0","PolarSSL 0.10.0","PuTTY 0.67","SunRsaSign OpenJDK 1.8.0","mbedTLS 1.3.19 & 2.2.1 & 2.4.2"],"Group 11":["Bouncy Castle 1.54 (Java)","Crypto++ 5.6.0 & 5.6.3 & 5.6.5","Libgcrypt 1.7.6 FIPS","Microsoft CryptoAPI & CNG & .NET"],"Group 10":["NXP J2D081 & J2E145G","YubiKey NEO"],"Group  6":["Oberthur Cosmo Dual 72K"],"Group  5":["NXP J2A080 & J2A081 & J3A081 & JCOP 41 V2.2.1"],"Group  4":["Gemalto GXP E64"],"Group  3":["GNU Crypto 2.0.1"],"Group  2":["G&D SmartCafe 4.x & 6.0"],"Group  1":["G&D SmartCafe 3.2"],"Group  9":["Infineon JTOP 80K","YubiKey 4 & 4 Nano"],"Group  8":["PGPSDK 4 FIPS"],"Group  7":["OpenSSL 0.9.7 & 1.0.2g & 1.0.2k & 1.1.0e"]},"frequencies":{"1|1|000110":4468,"2|1|100011":7651,"2|1|101101":4902,"1|1|000111":4467,"2|1|101100":5090,"2|1|100010":8193,"2|0|000000":4400,"2|0|000001":3939,"1|0|111010":11092,"1|0|111011":9135,"1|1|011010":59170,"1|1|011011":61508,"2|0|110100":3000,"2|0|110101":2866,"1|0|100001":67695,"1|0|100000":70257,"2|1|100000":8793,"1|1|000100":4095,"2|1|100001":8264,"2|0|000011":4068,"2|0|001101":6183,"2|0|001100":5995,"2|0|000010":3998,"1|1|000101":4184,"2|1|010101":8002,"2|0|011010":9348,"2|1|010100":7942,"2|0|011011":9233,"1|0|100010":64696,"1|0|101100":40940,"1|0|101101":38924,"1|0|100011":61967,"2|1|100110":6873,"1|1|110101":21717,"2|1|100111":6410,"2|0|000101":4212,"2|0|000100":4227,"1|0|111110":3248,"1|1|110100":23357,"1|0|111111":1244,"1|0|100101":57319,"2|0|110001":3825,"2|0|110000":3986,"1|0|010101":45108,"1|0|010100":42911,"2|0|011001":9086,"2|0|011000":8817,"1|0|100100":60232,"2|1|100100":7411,"2|1|100101":7186,"2|0|000110":4340,"2|0|000111":4450,"1|0|111000":15356,"1|0|111001":13101,"2|0|110111":2362,"2|0|110110":2555,"2|0|011111":8796,"2|0|011110":8904,"1|0|100111":52481,"1|0|100110":55425,"1|1|001001":9448,"1|0|001001":9492,"1|0|001000":6194,"1|1|001000":6273,"1|1|110001":29893,"1|1|110000":32030,"1|1|010000":31247,"2|0|011101":8896,"2|1|111111":450,"2|1|111110":656,"2|0|010010":7366,"2|0|011100":8938,"2|0|010011":7669,"1|1|010001":34262,"1|0|101010":45578,"1|0|101011":43599,"1|0|001010":12861,"1|1|001111":28152,"1|0|001011":15925,"1|1|001110":25330,"2|1|101011":5417,"2|1|101010":5835,"1|1|110111":17109,"1|1|110110":19174,"1|1|010010":37074,"1|1|010011":39980,"1|1|011100":63460,"2|0|010001":7262,"2|1|111001":1757,"2|1|111000":2068,"2|0|010000":6898,"1|1|011101":65771,"1|1|000011":4091,"1|1|001100":18912,"1|1|001101":22149,"2|1|101001":5933,"1|1|000010":3996,"2|1|101000":6279,"1|1|111110":3211,"1|1|111111":1270,"2|1|111010":1597,"1|1|011110":67946,"1|1|011111":70139,"2|0|010111":8562,"2|1|001000":4755,"2|1|001001":4951,"2|1|111011":1368,"2|0|010110":8505,"1|0|101111":34577,"1|1|100101":57700,"1|1|100100":60098,"1|0|101110":36629,"1|1|000000":4403,"1|1|000001":3973,"2|1|101111":4238,"2|1|101110":4579,"1|1|110010":28044,"1|1|111101":5183,"1|1|110011":25624,"1|1|111100":7219,"1|1|011000":53750,"1|1|011001":56362,"2|1|001010":5264,"2|0|010100":7824,"2|1|001011":5610,"2|0|010101":8184,"1|0|101001":47959,"1|0|101000":50725,"1|0|000110":4462,"2|0|101101":4806,"2|0|100011":7583,"2|0|101100":5128,"2|0|100010":8112,"2|1|000001":4170,"2|1|000000":4469,"1|1|111011":9119,"1|0|000111":4507,"1|1|111010":11398,"1|0|011011":61353,"2|1|110100":3048,"1|0|011010":59129,"2|1|001100":5859,"2|1|110101":2827,"2|1|001101":6098,"1|1|100001":67321,"1|1|100000":70319,"1|0|000000":4298,"2|0|101111":4309,"2|0|101110":4525,"2|1|000111":4559,"2|1|000110":4516,"1|1|111000":15198,"1|0|000001":3971,"1|1|111001":13207,"1|0|011000":53600,"2|1|001110":6212,"2|1|110111":2369,"2|1|001111":6796,"2|1|110110":2526,"1|0|011001":56483,"1|1|100111":52455,"1|1|100110":54978,"1|0|000011":4128,"1|0|001100":19115,"1|0|000010":4056,"2|0|101001":5843,"2|0|101000":6227,"1|0|001101":21921,"2|1|110001":3822,"2|1|110000":4023,"2|1|011001":9168,"2|1|011000":8898,"1|1|010100":42606,"1|1|010101":45354,"1|1|101111":34228,"1|1|101110":36263,"2|0|101010":5749,"1|0|001111":28122,"1|1|001010":12685,"1|0|001110":25453,"1|1|001011":15926,"2|0|101011":5598,"2|1|000011":4221,"2|1|000010":3961,"1|1|010110":48278,"2|1|111101":835,"2|1|110010":3633,"2|1|111100":1138,"2|1|110011":3216,"2|1|011010":9221,"2|1|011011":9219,"1|1|010111":51356,"1|1|101101":38640,"1|1|100011":62543,"1|1|101100":40901,"1|1|100010":64666,"1|0|110001":30001,"2|0|001011":5568,"2|0|001010":5317,"1|0|110000":32250,"2|0|111110":619,"2|0|111111":476,"1|1|101010":45459,"2|1|010010":7467,"2|1|011100":9200,"2|1|011101":9110,"1|0|010001":33989,"1|0|010000":31322,"2|1|010011":7614,"1|1|101011":43019,"1|0|111101":5284,"2|0|100101":7064,"2|0|100100":7408,"1|0|110010":27829,"1|0|110011":25476,"1|0|111100":7206,"2|0|110010":3530,"2|0|111101":904,"2|0|110011":3341,"2|0|111100":1082,"2|1|011111":8709,"1|0|010111":50849,"1|0|010110":48091,"2|1|011110":8947,"1|1|101001":48301,"1|1|101000":49836,"1|0|110100":23479,"1|0|110101":21542,"2|0|100111":6626,"2|0|100110":6918,"2|1|000101":4155,"2|0|001111":6612,"2|1|000100":4187,"2|0|001110":6210,"1|0|011110":68143,"2|0|111011":1326,"2|0|111010":1525,"2|1|010111":8655,"1|0|011111":70624,"2|1|010110":8589,"1|0|110111":17471,"2|0|100001":8499,"2|0|100000":8740,"2|0|001001":5002,"2|0|001000":4692,"1|0|000101":4237,"1|0|000100":4199,"1|0|110110":19358,"1|0|010010":37010,"2|0|111000":2028,"2|0|111001":1751,"1|0|011101":65532,"2|1|010001":7023,"1|0|010011":40348,"1|0|011100":63014,"2|1|010000":6898}}
