{"probability":{"Group 13":"0.04535923781942385","Group 12":"0.054962918289899","Group 11":"0.004618775615334676","Group 10":"0.0006280513343938891","Group  6":"0.0008801354144404999","Group  5":"0.0","Group  4":"0.005089701207140676","Group  3":"0.0","Group  2":"0.00017314084052244539","Group  1":"0.0","Group  9":"0.0004165429940729245","Group  8":"0.003186565560463939","Group  7":"0.8846849309243079"},"groups":{"Group 13":["Botan 1.5.6 & 1.11.29 & 2.1.0","Feitian JavaCOS A22 & A40","Gemalto GCX4 72K","HSM SafeNet Luna SA-1700","LibTomCrypt 1.17","Libgcrypt 1.6.0 & 1.6.5 & 1.7.6","Libgcrypt 1.6.0 FIPS & 1.6.5 FIPS","Nettle 3.2 & 3.3","Oberthur Cosmo 64","OpenSSL FIPS 2.0.12 & 2.0.14","PGPSDK 4","WolfSSL 2.0rc1 & 3.9.0 & 3.10.2","cryptlib 3.4.3 & 3.4.3.1"],"Group 12":["Bouncy Castle 1.53 (Java)","Cryptix JCE 20050328","FlexiProvider 1.7p7","HSM Utimaco Security Server Se50","Nettle 2.0","PolarSSL 0.10.0","PuTTY 0.67","SunRsaSign OpenJDK 1.8.0","mbedTLS 1.3.19 & 2.2.1 & 2.4.2"],"Group 11":["Bouncy Castle 1.54 (Java)","Crypto++ 5.6.0 & 5.6.3 & 5.6.5","Libgcrypt 1.7.6 FIPS","Microsoft CryptoAPI & CNG & .NET"],"Group 10":["NXP J2D081 & J2E145G","YubiKey NEO"],"Group  6":["Oberthur Cosmo Dual 72K"],"Group  5":["NXP J2A080 & J2A081 & J3A081 & JCOP 41 V2.2.1"],"Group  4":["Gemalto GXP E64"],"Group  3":["GNU Crypto 2.0.1"],"Group  2":["G&D SmartCafe 4.x & 6.0"],"Group  1":["G&D SmartCafe 3.2"],"Group  9":["Infineon JTOP 80K","YubiKey 4 & 4 Nano"],"Group  8":["PGPSDK 4 FIPS"],"Group  7":["OpenSSL 0.9.7 & 1.0.2g & 1.0.2k & 1.1.0e"]},"frequencies":{"1|1|000110":354,"2|1|100011":469,"2|1|101101":262,"1|1|000111":317,"2|1|101100":292,"2|1|100010":483,"2|0|000000":387,"2|0|000001":376,"1|0|111010":1964,"1|0|111011":1566,"1|1|011010":10238,"1|1|011011":10530,"2|0|110100":159,"2|0|110101":142,"1|0|100001":12105,"1|0|100000":12625,"2|1|100000":526,"1|1|000100":404,"2|1|100001":508,"2|0|000011":345,"2|0|001101":380,"2|0|001100":375,"2|0|000010":406,"1|1|000101":309,"2|1|010101":466,"2|0|011010":507,"2|1|010100":450,"2|0|011011":551,"1|0|100010":11638,"1|0|101100":7280,"1|0|101101":6778,"1|0|100011":11248,"2|1|100110":429,"1|1|110101":3824,"2|1|100111":397,"2|0|000101":356,"2|0|000100":348,"1|0|111110":525,"1|1|110100":4222,"1|0|111111":178,"1|0|100101":10471,"2|0|110001":229,"2|0|110000":237,"1|0|010101":7981,"1|0|010100":7264,"2|0|011001":506,"2|0|011000":458,"1|0|100100":10723,"2|1|100100":438,"2|1|100101":411,"2|0|000110":312,"2|0|000111":354,"1|0|111000":2574,"1|0|111001":2268,"2|0|110111":147,"2|0|110110":147,"2|0|011111":609,"2|0|011110":550,"1|0|100111":9383,"1|0|100110":9670,"1|1|001001":1231,"1|0|001001":1236,"1|0|001000":646,"1|1|001000":620,"1|1|110001":5281,"1|1|110000":5669,"1|1|010000":5324,"2|0|011101":558,"2|1|111111":6,"2|1|111110":10,"2|0|010010":508,"2|0|011100":538,"2|0|010011":457,"1|1|010001":5760,"1|0|101010":8232,"1|0|101011":7799,"1|0|001010":1844,"1|1|001111":4691,"1|0|001011":2428,"1|1|001110":4055,"2|1|101011":311,"2|1|101010":359,"1|1|110111":3149,"1|1|110110":3439,"1|1|010010":6232,"1|1|010011":6789,"1|1|011100":11312,"2|0|010001":450,"2|1|111001":94,"2|1|111000":107,"2|0|010000":496,"1|1|011101":11738,"1|1|000011":369,"1|1|001100":3010,"1|1|001101":3469,"2|1|101001":355,"1|1|000010":339,"2|1|101000":401,"1|1|111110":496,"1|1|111111":154,"2|1|111010":72,"1|1|011110":11993,"1|1|011111":12632,"2|0|010111":522,"2|1|001000":352,"2|1|001001":372,"2|1|111011":63,"2|0|010110":493,"1|0|101111":6235,"1|1|100101":10304,"1|1|100100":10782,"1|0|101110":6408,"1|1|000000":370,"1|1|000001":404,"2|1|101111":279,"2|1|101110":280,"1|1|110010":4964,"1|1|111101":922,"1|1|110011":4561,"1|1|111100":1287,"1|1|011000":9298,"1|1|011001":9743,"2|1|001010":388,"2|0|010100":462,"2|1|001011":396,"2|0|010101":470,"1|0|101001":8374,"1|0|101000":9119,"1|0|000110":361,"2|0|101101":293,"2|0|100011":484,"2|0|101100":313,"2|0|100010":502,"2|1|000001":369,"2|1|000000":367,"1|1|111011":1632,"1|0|000111":369,"1|1|111010":1952,"1|0|011011":10708,"2|1|110100":164,"1|0|011010":10392,"2|1|001100":369,"2|1|110101":158,"2|1|001101":384,"1|1|100001":12115,"1|1|100000":12631,"1|0|000000":385,"2|0|101111":249,"2|0|101110":257,"2|1|000111":301,"2|1|000110":353,"1|1|111000":2704,"1|0|000001":349,"1|1|111001":2216,"1|0|011000":9372,"2|1|001110":404,"2|1|110111":120,"2|1|001111":416,"2|1|110110":132,"1|0|011001":9650,"1|1|100111":9363,"1|1|100110":9946,"1|0|000011":372,"1|0|001100":3086,"1|0|000010":367,"2|0|101001":345,"2|0|101000":372,"1|0|001101":3562,"2|1|110001":212,"2|1|110000":248,"2|1|011001":483,"2|1|011000":523,"1|1|010100":7242,"1|1|010101":7809,"1|1|101111":6132,"1|1|101110":6496,"2|0|101010":336,"1|0|001111":4668,"1|1|001010":1862,"1|0|001110":4075,"1|1|001011":2327,"2|0|101011":319,"2|1|000011":371,"2|1|000010":361,"1|1|010110":8368,"2|1|111101":29,"2|1|110010":173,"2|1|111100":53,"2|1|110011":172,"2|1|011010":516,"2|1|011011":502,"1|1|010111":8724,"1|1|101101":6859,"1|1|100011":10936,"1|1|101100":7398,"1|1|100010":11569,"1|0|110001":5356,"2|0|001011":418,"2|0|001010":352,"1|0|110000":5661,"2|0|111110":24,"2|0|111111":6,"1|1|101010":7966,"2|1|010010":413,"2|1|011100":545,"2|1|011101":558,"1|0|010001":5860,"1|0|010000":5103,"2|1|010011":465,"1|1|101011":7777,"1|0|111101":921,"2|0|100101":409,"2|0|100100":450,"1|0|110010":4884,"1|0|110011":4626,"1|0|111100":1229,"2|0|110010":190,"2|0|111101":26,"2|0|110011":174,"2|0|111100":57,"2|1|011111":552,"1|0|010111":8894,"1|0|010110":8212,"2|1|011110":513,"1|1|101001":8651,"1|1|101000":9017,"1|0|110100":4132,"1|0|110101":3854,"2|0|100111":384,"2|0|100110":392,"2|1|000101":364,"2|0|001111":453,"2|1|000100":361,"2|0|001110":423,"1|0|011110":12051,"2|0|111011":65,"2|0|111010":75,"2|1|010111":497,"1|0|011111":12627,"2|1|010110":545,"1|0|110111":3016,"2|0|100001":530,"2|0|100000":542,"2|0|001001":337,"2|0|001000":321,"1|0|000101":352,"1|0|000100":376,"1|0|110110":3380,"1|0|010010":6221,"2|0|111000":107,"2|0|111001":102,"1|0|011101":11813,"2|1|010001":440,"1|0|010011":6718,"1|0|011100":11031,"2|1|010000":461}}
