{"probability":{"Group 13":"0.0052706671405180795","Group 12":"0.015762638038273286","Group 11":"0.12630597225932189","Group 10":"0.0010129027806718843","Group  6":"0.0027198344957444056","Group  5":"0.0","Group  4":"0.0","Group  3":"0.0","Group  2":"0.00008899773579866423","Group  1":"0.0","Group  9":"0.0011727308328477854","Group  8":"0.0","Group  7":"0.847666256716824"},"groups":{"Group 13":["Botan 1.5.6 & 1.11.29 & 2.1.0","Feitian JavaCOS A22 & A40","Gemalto GCX4 72K","HSM SafeNet Luna SA-1700","LibTomCrypt 1.17","Libgcrypt 1.6.0 & 1.6.5 & 1.7.6","Libgcrypt 1.6.0 FIPS & 1.6.5 FIPS","Nettle 3.2 & 3.3","Oberthur Cosmo 64","OpenSSL FIPS 2.0.12 & 2.0.14","PGPSDK 4","WolfSSL 2.0rc1 & 3.9.0 & 3.10.2","cryptlib 3.4.3 & 3.4.3.1"],"Group 12":["Bouncy Castle 1.53 (Java)","Cryptix JCE 20050328","FlexiProvider 1.7p7","HSM Utimaco Security Server Se50","Nettle 2.0","PolarSSL 0.10.0","PuTTY 0.67","SunRsaSign OpenJDK 1.8.0","mbedTLS 1.3.19 & 2.2.1 & 2.4.2"],"Group 11":["Bouncy Castle 1.54 (Java)","Crypto++ 5.6.0 & 5.6.3 & 5.6.5","Libgcrypt 1.7.6 FIPS","Microsoft CryptoAPI & CNG & .NET"],"Group 10":["NXP J2D081 & J2E145G","YubiKey NEO"],"Group  6":["Oberthur Cosmo Dual 72K"],"Group  5":["NXP J2A080 & J2A081 & J3A081 & JCOP 41 V2.2.1"],"Group  4":["Gemalto GXP E64"],"Group  3":["GNU Crypto 2.0.1"],"Group  2":["G&D SmartCafe 4.x & 6.0"],"Group  1":["G&D SmartCafe 3.2"],"Group  9":["Infineon JTOP 80K","YubiKey 4 & 4 Nano"],"Group  8":["PGPSDK 4 FIPS"],"Group  7":["OpenSSL 0.9.7 & 1.0.2g & 1.0.2k & 1.1.0e"]},"frequencies":{"1|1|000110":106,"2|1|100011":245,"2|1|101101":155,"1|1|000111":126,"2|1|101100":165,"2|1|100010":242,"2|0|000000":59,"2|0|000001":50,"1|0|111010":695,"1|0|111011":552,"1|1|011010":3805,"1|1|011011":4180,"2|0|110100":95,"2|0|110101":77,"1|0|100001":4505,"1|0|100000":4741,"2|1|100000":285,"1|1|000100":97,"2|1|100001":296,"2|0|000011":77,"2|0|001101":196,"2|0|001100":181,"2|0|000010":75,"1|1|000101":124,"2|1|010101":270,"2|0|011010":318,"2|1|010100":280,"2|0|011011":319,"1|0|100010":4417,"1|0|101100":2801,"1|0|101101":2673,"1|0|100011":4242,"2|1|100110":226,"1|1|110101":1373,"2|1|100111":228,"2|0|000101":107,"2|0|000100":107,"1|0|111110":206,"1|1|110100":1564,"1|0|111111":65,"1|0|100101":3797,"2|0|110001":125,"2|0|110000":118,"1|0|010101":3012,"1|0|010100":2808,"2|0|011001":342,"2|0|011000":288,"1|0|100100":4066,"2|1|100100":245,"2|1|100101":231,"2|0|000110":101,"2|0|000111":145,"1|0|111000":1068,"1|0|111001":855,"2|0|110111":67,"2|0|110110":77,"2|0|011111":286,"2|0|011110":326,"1|0|100111":3586,"1|0|100110":3630,"1|1|001001":487,"1|0|001001":482,"1|0|001000":260,"1|1|001000":237,"1|1|110001":2074,"1|1|110000":2184,"1|1|010000":2018,"2|0|011101":327,"2|1|111111":4,"2|1|111110":9,"2|0|010010":250,"2|0|011100":309,"2|0|010011":258,"1|1|010001":2213,"1|0|101010":3055,"1|0|101011":3003,"1|0|001010":746,"1|1|001111":1675,"1|0|001011":931,"1|1|001110":1583,"2|1|101011":162,"2|1|101010":189,"1|1|110111":1156,"1|1|110110":1287,"1|1|010010":2299,"1|1|010011":2577,"1|1|011100":4229,"2|0|010001":266,"2|1|111001":55,"2|1|111000":57,"2|0|010000":225,"1|1|011101":4403,"1|1|000011":70,"1|1|001100":1111,"1|1|001101":1352,"2|1|101001":175,"1|1|000010":78,"2|1|101000":216,"1|1|111110":216,"1|1|111111":66,"2|1|111010":32,"1|1|011110":4496,"1|1|011111":4644,"2|0|010111":299,"2|1|001000":144,"2|1|001001":160,"2|1|111011":38,"2|0|010110":287,"1|0|101111":2209,"1|1|100101":3839,"1|1|100100":4114,"1|0|101110":2476,"1|1|000000":50,"1|1|000001":66,"2|1|101111":135,"2|1|101110":149,"1|1|110010":1893,"1|1|111101":328,"1|1|110011":1748,"1|1|111100":442,"1|1|011000":3484,"1|1|011001":3777,"2|1|001010":177,"2|0|010100":251,"2|1|001011":212,"2|0|010101":277,"1|0|101001":3182,"1|0|101000":3409,"1|0|000110":116,"2|0|101101":190,"2|0|100011":255,"2|0|101100":177,"2|0|100010":267,"2|1|000001":62,"2|1|000000":46,"1|1|111011":548,"1|0|000111":95,"1|1|111010":756,"1|0|011011":4105,"2|1|110100":81,"1|0|011010":3949,"2|1|001100":201,"2|1|110101":73,"2|1|001101":219,"1|1|100001":4448,"1|1|100000":4569,"1|0|000000":43,"2|0|101111":138,"2|0|101110":145,"2|1|000111":133,"2|1|000110":114,"1|1|111000":991,"1|0|000001":58,"1|1|111001":850,"1|0|011000":3533,"2|1|001110":218,"2|1|110111":68,"2|1|001111":233,"2|1|110110":82,"1|0|011001":3644,"1|1|100111":3549,"1|1|100110":3773,"1|0|000011":89,"1|0|001100":1200,"1|0|000010":66,"2|0|101001":193,"2|0|101000":194,"1|0|001101":1392,"2|1|110001":120,"2|1|110000":121,"2|1|011001":291,"2|1|011000":319,"1|1|010100":2837,"1|1|010101":3024,"1|1|101111":2319,"1|1|101110":2363,"2|0|101010":152,"1|0|001111":1778,"1|1|001010":739,"1|0|001110":1617,"1|1|001011":908,"2|0|101011":160,"2|1|000011":87,"2|1|000010":71,"1|1|010110":3185,"2|1|111101":24,"2|1|110010":110,"2|1|111100":19,"2|1|110011":101,"2|1|011010":329,"2|1|011011":320,"1|1|010111":3395,"1|1|101101":2683,"1|1|100011":4120,"1|1|101100":2679,"1|1|100010":4267,"1|0|110001":1957,"2|0|001011":175,"2|0|001010":161,"1|0|110000":2109,"2|0|111110":18,"2|0|111111":5,"1|1|101010":3042,"2|1|010010":257,"2|1|011100":323,"2|1|011101":306,"1|0|010001":2154,"1|0|010000":1990,"2|1|010011":258,"1|1|101011":2913,"1|0|111101":297,"2|0|100101":229,"2|0|100100":237,"1|0|110010":1851,"1|0|110011":1651,"1|0|111100":448,"2|0|110010":93,"2|0|111101":18,"2|0|110011":120,"2|0|111100":31,"2|1|011111":258,"1|0|010111":3324,"1|0|010110":3057,"2|1|011110":274,"1|1|101001":3217,"1|1|101000":3481,"1|0|110100":1592,"1|0|110101":1368,"2|0|100111":230,"2|0|100110":206,"2|1|000101":105,"2|0|001111":230,"2|1|000100":92,"2|0|001110":229,"1|0|011110":4503,"2|0|111011":40,"2|0|111010":39,"2|1|010111":336,"1|0|011111":4850,"2|1|010110":310,"1|0|110111":1104,"2|0|100001":278,"2|0|100000":289,"2|0|001001":135,"2|0|001000":154,"1|0|000101":105,"1|0|000100":96,"1|0|110110":1245,"1|0|010010":2399,"2|0|111000":51,"2|0|111001":59,"1|0|011101":4462,"2|1|010001":238,"1|0|010011":2597,"1|0|011100":4390,"2|1|010000":227}}
