{"probability":{"Group 13":"0.06157190085207544","Group 12":"0.06578137123391899","Group 11":"0.0035002628066703664","Group 10":"0.0","Group  6":"0.0","Group  5":"0.0","Group  4":"0.004649386698232591","Group  3":"0.0","Group  2":"0.00005440536182392984","Group  1":"0.0005891793567934472","Group  9":"0.0","Group  8":"0.0","Group  7":"0.8638534936904853"},"groups":{"Group 13":["Botan 1.5.6 & 1.11.29 & 2.1.0","Feitian JavaCOS A22 & A40","Gemalto GCX4 72K","HSM SafeNet Luna SA-1700","LibTomCrypt 1.17","Libgcrypt 1.6.0 & 1.6.5 & 1.7.6","Libgcrypt 1.6.0 FIPS & 1.6.5 FIPS","Nettle 3.2 & 3.3","Oberthur Cosmo 64","OpenSSL FIPS 2.0.12 & 2.0.14","PGPSDK 4","WolfSSL 2.0rc1 & 3.9.0 & 3.10.2","cryptlib 3.4.3 & 3.4.3.1"],"Group 12":["Bouncy Castle 1.53 (Java)","Cryptix JCE 20050328","FlexiProvider 1.7p7","HSM Utimaco Security Server Se50","Nettle 2.0","PolarSSL 0.10.0","PuTTY 0.67","SunRsaSign OpenJDK 1.8.0","mbedTLS 1.3.19 & 2.2.1 & 2.4.2"],"Group 11":["Bouncy Castle 1.54 (Java)","Crypto++ 5.6.0 & 5.6.3 & 5.6.5","Libgcrypt 1.7.6 FIPS","Microsoft CryptoAPI & CNG & .NET"],"Group 10":["NXP J2D081 & J2E145G","YubiKey NEO"],"Group  6":["Oberthur Cosmo Dual 72K"],"Group  5":["NXP J2A080 & J2A081 & J3A081 & JCOP 41 V2.2.1"],"Group  4":["Gemalto GXP E64"],"Group  3":["GNU Crypto 2.0.1"],"Group  2":["G&D SmartCafe 4.x & 6.0"],"Group  1":["G&D SmartCafe 3.2"],"Group  9":["Infineon JTOP 80K","YubiKey 4 & 4 Nano"],"Group  8":["PGPSDK 4 FIPS"],"Group  7":["OpenSSL 0.9.7 & 1.0.2g & 1.0.2k & 1.1.0e"]},"frequencies":{"1|1|000110":157,"2|1|100011":199,"2|1|101101":159,"1|1|000111":146,"2|1|101100":152,"2|1|100010":217,"2|0|000000":181,"2|0|000001":172,"1|0|111010":756,"1|0|111011":612,"1|1|011010":3967,"1|1|011011":4099,"2|0|110100":74,"2|0|110101":68,"1|0|100001":4559,"1|0|100000":4891,"2|1|100000":254,"1|1|000100":178,"2|1|100001":228,"2|0|000011":139,"2|0|001101":189,"2|0|001100":209,"2|0|000010":166,"1|1|000101":159,"2|1|010101":231,"2|0|011010":264,"2|1|010100":216,"2|0|011011":246,"1|0|100010":4564,"1|0|101100":2825,"1|0|101101":2624,"1|0|100011":4251,"2|1|100110":174,"1|1|110101":1413,"2|1|100111":181,"2|0|000101":130,"2|0|000100":147,"1|0|111110":203,"1|1|110100":1653,"1|0|111111":58,"1|0|100101":4056,"2|0|110001":117,"2|0|110000":107,"1|0|010101":3008,"1|0|010100":2901,"2|0|011001":246,"2|0|011000":239,"1|0|100100":4171,"2|1|100100":216,"2|1|100101":208,"2|0|000110":172,"2|0|000111":165,"1|0|111000":993,"1|0|111001":833,"2|0|110111":65,"2|0|110110":70,"2|0|011111":245,"2|0|011110":257,"1|0|100111":3661,"1|0|100110":3781,"1|1|001001":500,"1|0|001001":499,"1|0|001000":278,"1|1|001000":267,"1|1|110001":2113,"1|1|110000":2198,"1|1|010000":2025,"2|0|011101":260,"2|1|111111":4,"2|1|111110":6,"2|0|010010":193,"2|0|011100":229,"2|0|010011":238,"1|1|010001":2283,"1|0|101010":3175,"1|0|101011":2979,"1|0|001010":752,"1|1|001111":1827,"1|0|001011":896,"1|1|001110":1632,"2|1|101011":161,"2|1|101010":156,"1|1|110111":1187,"1|1|110110":1401,"1|1|010010":2442,"1|1|010011":2641,"1|1|011100":4334,"2|0|010001":205,"2|1|111001":40,"2|1|111000":66,"2|0|010000":197,"1|1|011101":4484,"1|1|000011":174,"1|1|001100":1138,"1|1|001101":1336,"2|1|101001":163,"1|1|000010":176,"2|1|101000":170,"1|1|111110":199,"1|1|111111":75,"2|1|111010":26,"1|1|011110":4678,"1|1|011111":4932,"2|0|010111":230,"2|1|001000":156,"2|1|001001":158,"2|1|111011":30,"2|0|010110":241,"1|0|101111":2436,"1|1|100101":3979,"1|1|100100":4222,"1|0|101110":2353,"1|1|000000":173,"1|1|000001":145,"2|1|101111":114,"2|1|101110":130,"1|1|110010":1872,"1|1|111101":319,"1|1|110011":1767,"1|1|111100":482,"1|1|011000":3489,"1|1|011001":3709,"2|1|001010":173,"2|0|010100":204,"2|1|001011":171,"2|0|010101":216,"1|0|101001":3344,"1|0|101000":3495,"1|0|000110":181,"2|0|101101":134,"2|0|100011":217,"2|0|101100":153,"2|0|100010":227,"2|1|000001":171,"2|1|000000":183,"1|1|111011":662,"1|0|000111":160,"1|1|111010":746,"1|0|011011":4130,"2|1|110100":82,"1|0|011010":3979,"2|1|001100":153,"2|1|110101":55,"2|1|001101":207,"1|1|100001":4755,"1|1|100000":4849,"1|0|000000":142,"2|0|101111":124,"2|0|101110":136,"2|1|000111":147,"2|1|000110":163,"1|1|111000":1039,"1|0|000001":149,"1|1|111001":878,"1|0|011000":3541,"2|1|001110":165,"2|1|110111":53,"2|1|001111":226,"2|1|110110":61,"1|0|011001":3915,"1|1|100111":3713,"1|1|100110":3666,"1|0|000011":163,"1|0|001100":1201,"1|0|000010":179,"2|0|101001":155,"2|0|101000":190,"1|0|001101":1392,"2|1|110001":109,"2|1|110000":130,"2|1|011001":246,"2|1|011000":243,"1|1|010100":2961,"1|1|010101":2997,"1|1|101111":2338,"1|1|101110":2524,"2|0|101010":161,"1|0|001111":1752,"1|1|001010":671,"1|0|001110":1589,"1|1|001011":971,"2|0|101011":151,"2|1|000011":147,"2|1|000010":165,"1|1|010110":3319,"2|1|111101":15,"2|1|110010":88,"2|1|111100":24,"2|1|110011":87,"2|1|011010":232,"2|1|011011":248,"1|1|010111":3472,"1|1|101101":2660,"1|1|100011":4392,"1|1|101100":2822,"1|1|100010":4605,"1|0|110001":2037,"2|0|001011":187,"2|0|001010":150,"1|0|110000":2174,"2|0|111110":13,"2|0|111111":3,"1|1|101010":3123,"2|1|010010":224,"2|1|011100":244,"2|1|011101":260,"1|0|010001":2208,"1|0|010000":1956,"2|1|010011":231,"1|1|101011":2978,"1|0|111101":370,"2|0|100101":213,"2|0|100100":215,"1|0|110010":1897,"1|0|110011":1689,"1|0|111100":471,"2|0|110010":100,"2|0|111101":16,"2|0|110011":80,"2|0|111100":19,"2|1|011111":277,"1|0|010111":3329,"1|0|010110":3215,"2|1|011110":281,"1|1|101001":3350,"1|1|101000":3532,"1|0|110100":1595,"1|0|110101":1456,"2|0|100111":178,"2|0|100110":188,"2|1|000101":165,"2|0|001111":180,"2|1|000100":138,"2|0|001110":207,"1|0|011110":4765,"2|0|111011":23,"2|0|111010":37,"2|1|010111":222,"1|0|011111":4900,"2|1|010110":222,"1|0|110111":1175,"2|0|100001":271,"2|0|100000":261,"2|0|001001":175,"2|0|001000":155,"1|0|000101":156,"1|0|000100":180,"1|0|110110":1388,"1|0|010010":2480,"2|0|111000":57,"2|0|111001":42,"1|0|011101":4466,"2|1|010001":212,"1|0|010011":2560,"1|0|011100":4205,"2|1|010000":219}}
