{"probability":{"Group 13":"0.1520708841162941","Group 12":"0.20396672540930216","Group 11":"0.034972284310655286","Group 10":"0.00014684856961539485","Group  6":"0.0","Group  5":"0.0006139169932778112","Group  4":"0.00682735644311779","Group  3":"0.0","Group  2":"0.0","Group  1":"0.0","Group  9":"0.0008421843230117688","Group  8":"0.0","Group  7":"0.6005597998347256"},"groups":{"Group 13":["Botan 1.5.6 & 1.11.29 & 2.1.0","Feitian JavaCOS A22 & A40","Gemalto GCX4 72K","HSM SafeNet Luna SA-1700","LibTomCrypt 1.17","Libgcrypt 1.6.0 & 1.6.5 & 1.7.6","Libgcrypt 1.6.0 FIPS & 1.6.5 FIPS","Nettle 3.2 & 3.3","Oberthur Cosmo 64","OpenSSL FIPS 2.0.12 & 2.0.14","PGPSDK 4","WolfSSL 2.0rc1 & 3.9.0 & 3.10.2","cryptlib 3.4.3 & 3.4.3.1"],"Group 12":["Bouncy Castle 1.53 (Java)","Cryptix JCE 20050328","FlexiProvider 1.7p7","HSM Utimaco Security Server Se50","Nettle 2.0","PolarSSL 0.10.0","PuTTY 0.67","SunRsaSign OpenJDK 1.8.0","mbedTLS 1.3.19 & 2.2.1 & 2.4.2"],"Group 11":["Bouncy Castle 1.54 (Java)","Crypto++ 5.6.0 & 5.6.3 & 5.6.5","Libgcrypt 1.7.6 FIPS","Microsoft CryptoAPI & CNG & .NET"],"Group 10":["NXP J2D081 & J2E145G","YubiKey NEO"],"Group  6":["Oberthur Cosmo Dual 72K"],"Group  5":["NXP J2A080 & J2A081 & J3A081 & JCOP 41 V2.2.1"],"Group  4":["Gemalto GXP E64"],"Group  3":["GNU Crypto 2.0.1"],"Group  2":["G&D SmartCafe 4.x & 6.0"],"Group  1":["G&D SmartCafe 3.2"],"Group  9":["Infineon JTOP 80K","YubiKey 4 & 4 Nano"],"Group  8":["PGPSDK 4 FIPS"],"Group  7":["OpenSSL 0.9.7 & 1.0.2g & 1.0.2k & 1.1.0e"]},"frequencies":{"1|1|000110":28964,"2|1|100011":37307,"2|1|101101":22647,"1|1|000111":28455,"2|1|101100":23629,"2|1|100010":39053,"2|0|000000":31310,"2|0|000001":31012,"1|0|111010":35835,"1|0|111011":28749,"1|1|011010":193589,"1|1|011011":201731,"2|0|110100":13411,"2|0|110101":12044,"1|0|100001":222628,"1|0|100000":230578,"2|1|100000":42719,"1|1|000100":29878,"2|1|100001":41141,"2|0|000011":29876,"2|0|001101":33222,"2|0|001100":32438,"2|0|000010":30394,"1|1|000101":29542,"2|1|010101":38945,"2|0|011010":40962,"2|1|010100":38228,"2|0|011011":41194,"1|0|100010":214072,"1|0|101100":134233,"1|0|101101":126604,"1|0|100011":205281,"2|1|100110":32650,"1|1|110101":69094,"2|1|100111":31244,"2|0|000101":29589,"2|0|000100":29483,"1|0|111110":9424,"1|1|110100":75901,"1|0|111111":3231,"1|0|100101":188847,"2|0|110001":17135,"2|0|110000":18529,"0|1|110010":2,"1|0|010101":154053,"1|0|010100":144767,"2|0|011001":41022,"2|0|011000":40277,"1|0|100100":197938,"2|1|100100":35432,"2|1|100101":33960,"2|0|000110":28740,"2|0|000111":28762,"1|0|111000":48842,"1|0|111001":42068,"2|0|110111":9516,"2|0|110110":10705,"2|0|011111":43497,"2|0|011110":42501,"1|0|100111":172863,"1|0|100110":180201,"1|1|001001":43311,"1|0|001001":43730,"1|0|001000":33335,"1|1|001000":33089,"1|1|110001":97421,"1|1|110000":104194,"1|1|010000":110428,"2|0|011101":42453,"2|1|111111":553,"2|1|111110":1770,"2|0|010010":37007,"2|0|011100":41597,"2|0|010011":37958,"1|1|010001":119089,"1|0|101010":149284,"1|0|101011":141077,"1|0|001010":53559,"1|1|001111":101055,"1|0|001011":63256,"1|1|001110":91489,"2|1|101011":25100,"2|1|101010":26359,"1|1|110111":54981,"1|1|110110":62017,"1|1|010010":127670,"1|1|010011":136954,"1|1|011100":208955,"2|0|010001":36350,"2|1|111001":7272,"2|1|111000":8377,"2|0|010000":35838,"1|1|011101":216368,"1|1|000011":29905,"1|1|001100":72864,"1|1|001101":82776,"2|1|101001":28152,"1|1|000010":30622,"2|1|101000":29287,"1|1|111110":9622,"1|1|111111":3159,"2|1|111010":6105,"1|1|011110":223599,"1|1|011111":231435,"2|0|010111":40057,"2|1|001000":28618,"2|1|001001":29630,"2|1|111011":5099,"2|0|010110":39635,"1|0|101111":111748,"1|1|100101":189961,"1|1|100100":197409,"1|0|101110":119258,"1|1|000000":31424,"1|1|000001":31324,"2|1|101111":19647,"2|1|101110":21167,"1|1|110010":90259,"1|1|111101":15898,"1|1|110011":82950,"1|1|111100":22467,"1|1|011000":177433,"1|1|011001":186077,"2|1|001010":30821,"2|0|010100":38771,"2|1|001011":31277,"2|0|010101":39068,"1|0|101001":156956,"1|0|101000":164045,"1|0|000110":29029,"2|0|101101":22397,"2|0|100011":37395,"2|0|101100":23815,"2|0|100010":39091,"2|1|000001":30813,"2|1|000000":31780,"1|1|111011":28605,"1|0|000111":28491,"1|1|111010":34980,"1|0|011011":201240,"2|1|110100":13317,"1|0|011010":194019,"2|1|001100":32463,"2|1|110101":12000,"2|1|001101":33353,"1|1|100001":221685,"1|1|100000":230954,"1|0|000000":31416,"2|0|101111":19779,"2|0|101110":21003,"2|1|000111":28129,"2|1|000110":29002,"1|1|111000":48487,"1|0|000001":31152,"1|1|111001":42134,"1|0|011000":177524,"2|1|001110":34130,"2|1|110111":9679,"2|1|001111":35047,"2|1|110110":10699,"1|0|011001":185837,"1|1|100111":172322,"1|1|100110":180681,"1|0|000011":30215,"1|0|001100":73075,"1|0|000010":30339,"2|0|101001":28160,"2|0|101000":29973,"1|0|001101":82475,"2|1|110001":16870,"2|1|110000":18782,"2|1|011001":40708,"2|1|011000":40728,"1|1|010100":144403,"1|1|010101":152543,"1|1|101111":112071,"1|1|101110":118891,"2|0|101010":26740,"1|0|001111":100796,"1|1|001010":53633,"1|0|001110":91477,"1|1|001011":63006,"2|0|101011":24944,"2|1|000011":30042,"2|1|000010":30631,"1|1|010110":161527,"2|1|111101":2744,"2|1|110010":15724,"2|1|111100":3813,"2|1|110011":14537,"2|1|011010":41383,"2|1|011011":41602,"1|1|010111":170287,"1|1|101101":126245,"1|1|100011":205045,"1|1|101100":134292,"1|1|100010":213096,"1|0|110001":97081,"2|0|001011":31603,"2|0|001010":31151,"1|0|110000":104770,"2|0|111110":1621,"2|0|111111":539,"1|1|101010":149433,"2|1|010010":37177,"2|1|011100":41883,"2|1|011101":42248,"1|0|010001":119238,"1|0|010000":110121,"2|1|010011":37644,"1|1|101011":141145,"1|0|111101":16061,"2|0|100101":34186,"2|0|100100":35914,"1|0|110010":90435,"1|0|110011":83367,"1|0|111100":22317,"2|0|110010":15685,"2|0|111101":2792,"2|0|110011":14710,"2|0|111100":3829,"2|1|011111":43262,"1|0|010111":169609,"1|0|010110":161657,"2|1|011110":43072,"1|1|101001":156485,"1|1|101000":164272,"1|0|110100":76176,"1|0|110101":68684,"2|0|100111":30887,"2|0|100110":32330,"2|1|000101":29364,"2|0|001111":34822,"2|1|000100":29974,"2|0|001110":33969,"1|0|011110":223819,"2|0|111011":5024,"2|0|111010":6002,"2|1|010111":40208,"1|0|011111":231691,"2|1|010110":39578,"1|0|110111":55300,"2|0|100001":41003,"2|0|100000":42446,"2|0|001001":29684,"2|0|001000":28624,"1|0|000101":29548,"1|0|000100":29772,"1|0|110110":62252,"1|0|010010":127745,"2|0|111000":8448,"2|0|111001":7244,"1|0|011101":216024,"2|1|010001":36492,"1|0|010011":136907,"1|0|011100":209123,"2|1|010000":35489}}
