{"probability":{"Group 13":"0.25975029428812835","Group 12":"0.0415023390826706","Group 11":"0.009780001590917258","Group 10":"0.0","Group  6":"0.0","Group  5":"0.0","Group  4":"0.0015907738649859917","Group  3":"0.0","Group  2":"0.0","Group  1":"0.0","Group  9":"0.0","Group  8":"0.0005686800851179681","Group  7":"0.6868079110881801"},"groups":{"Group 13":["Botan 1.5.6 & 1.11.29 & 2.1.0","Feitian JavaCOS A22 & A40","Gemalto GCX4 72K","HSM SafeNet Luna SA-1700","LibTomCrypt 1.17","Libgcrypt 1.6.0 & 1.6.5 & 1.7.6","Libgcrypt 1.6.0 FIPS & 1.6.5 FIPS","Nettle 3.2 & 3.3","Oberthur Cosmo 64","OpenSSL FIPS 2.0.12 & 2.0.14","PGPSDK 4","WolfSSL 2.0rc1 & 3.9.0 & 3.10.2","cryptlib 3.4.3 & 3.4.3.1"],"Group 12":["Bouncy Castle 1.53 (Java)","Cryptix JCE 20050328","FlexiProvider 1.7p7","HSM Utimaco Security Server Se50","Nettle 2.0","PolarSSL 0.10.0","PuTTY 0.67","SunRsaSign OpenJDK 1.8.0","mbedTLS 1.3.19 & 2.2.1 & 2.4.2"],"Group 11":["Bouncy Castle 1.54 (Java)","Crypto++ 5.6.0 & 5.6.3 & 5.6.5","Libgcrypt 1.7.6 FIPS","Microsoft CryptoAPI & CNG & .NET"],"Group 10":["NXP J2D081 & J2E145G","YubiKey NEO"],"Group  6":["Oberthur Cosmo Dual 72K"],"Group  5":["NXP J2A080 & J2A081 & J3A081 & JCOP 41 V2.2.1"],"Group  4":["Gemalto GXP E64"],"Group  3":["GNU Crypto 2.0.1"],"Group  2":["G&D SmartCafe 4.x & 6.0"],"Group  1":["G&D SmartCafe 3.2"],"Group  9":["Infineon JTOP 80K","YubiKey 4 & 4 Nano"],"Group  8":["PGPSDK 4 FIPS"],"Group  7":["OpenSSL 0.9.7 & 1.0.2g & 1.0.2k & 1.1.0e"]},"frequencies":{"1|1|000110":524,"2|1|100011":3333,"2|1|101101":2021,"1|1|000111":537,"2|1|101100":2312,"2|1|100010":3449,"2|0|000000":578,"2|0|000001":517,"1|0|111010":3409,"1|0|111011":2751,"1|1|011010":17695,"1|1|011011":18705,"2|0|110100":1297,"2|0|110101":1124,"1|0|100001":21036,"1|0|100000":21808,"2|1|100000":3781,"1|1|000100":531,"2|1|100001":3692,"2|0|000011":533,"2|0|001101":1327,"2|0|001100":1228,"2|0|000010":576,"1|1|000101":560,"2|1|010101":2572,"2|0|011010":3166,"2|1|010100":2362,"2|0|011011":3217,"1|0|100010":20200,"1|0|101100":12759,"1|0|101101":12012,"1|0|100011":19319,"2|1|100110":2945,"1|1|110101":6740,"2|1|100111":2856,"2|0|000101":542,"2|0|000100":469,"1|0|111110":894,"1|1|110100":7264,"1|0|111111":255,"1|0|100101":17733,"2|0|110001":1630,"2|0|110000":1719,"1|0|010101":13525,"1|0|010100":12567,"2|0|011001":3123,"2|0|011000":2907,"1|0|100100":18758,"2|1|100100":3181,"2|1|100101":3116,"2|0|000110":495,"2|0|000111":531,"1|0|111000":4644,"1|0|111001":4027,"2|0|110111":885,"2|0|110110":1053,"2|0|011111":3844,"2|0|011110":3726,"1|0|100111":16521,"1|0|100110":17152,"1|1|001001":2029,"1|0|001001":1981,"1|0|001000":1044,"1|1|001000":969,"1|1|110001":9161,"1|1|110000":10017,"1|1|010000":8922,"2|0|011101":3552,"2|1|111111":44,"2|1|111110":138,"2|0|010010":2066,"2|0|011100":3348,"2|0|010011":2233,"1|1|010001":9823,"1|0|101010":14104,"1|0|101011":13353,"1|0|001010":3047,"1|1|001111":7979,"1|0|001011":4074,"1|1|001110":6984,"2|1|101011":2301,"2|1|101010":2432,"1|1|110111":5268,"1|1|110110":5886,"1|1|010010":10762,"1|1|010011":11668,"1|1|011100":19652,"2|0|010001":2006,"2|1|111001":664,"2|1|111000":761,"2|0|010000":1881,"1|1|011101":20174,"1|1|000011":544,"1|1|001100":5192,"1|1|001101":6140,"2|1|101001":2585,"1|1|000010":548,"2|1|101000":2725,"1|1|111110":932,"1|1|111111":309,"2|1|111010":577,"1|1|011110":20965,"1|1|011111":22134,"2|0|010111":2848,"2|1|001000":560,"2|1|001001":784,"2|1|111011":486,"2|0|010110":2770,"1|0|101111":10748,"1|1|100101":18070,"1|1|100100":18800,"1|0|101110":11248,"1|1|000000":552,"1|1|000001":545,"2|1|101111":1851,"2|1|101110":1923,"1|1|110010":8534,"1|1|111101":1512,"1|1|110011":7922,"1|1|111100":2186,"1|1|011000":16142,"1|1|011001":17248,"2|1|001010":924,"2|0|010100":2467,"2|1|001011":1033,"2|0|010101":2510,"1|0|101001":14945,"1|0|101000":15919,"1|0|000110":486,"2|0|101101":2008,"2|0|100011":3376,"2|0|101100":2252,"2|0|100010":3487,"2|1|000001":523,"2|1|000000":542,"1|1|111011":2793,"1|0|000111":501,"1|1|111010":3300,"1|0|011011":18790,"2|1|110100":1221,"1|0|011010":18100,"2|1|001100":1207,"2|1|110101":1139,"2|1|001101":1329,"1|1|100001":20974,"1|1|100000":21848,"1|0|000000":500,"2|0|101111":1905,"2|0|101110":1942,"2|1|000111":511,"2|1|000110":498,"1|1|111000":4662,"1|0|000001":514,"1|1|111001":4004,"1|0|011000":16219,"2|1|001110":1545,"2|1|110111":928,"2|1|001111":1676,"2|1|110110":1018,"1|0|011001":17175,"1|1|100111":16512,"1|1|100110":16980,"1|0|000011":512,"1|0|001100":5087,"1|0|000010":563,"2|0|101001":2551,"2|0|101000":2695,"1|0|001101":5907,"2|1|110001":1569,"2|1|110000":1708,"2|1|011001":3053,"2|1|011000":2904,"1|1|010100":12508,"1|1|010101":13482,"1|1|101111":10719,"1|1|101110":11425,"2|0|101010":2397,"1|0|001111":8041,"1|1|001010":3057,"1|0|001110":7105,"1|1|001011":4133,"2|0|101011":2266,"2|1|000011":556,"2|1|000010":514,"1|1|010110":14465,"2|1|111101":268,"2|1|110010":1411,"2|1|111100":377,"2|1|110011":1345,"2|1|011010":3244,"2|1|011011":3347,"1|1|010111":15426,"1|1|101101":12109,"1|1|100011":19534,"1|1|101100":12765,"1|1|100010":20160,"1|0|110001":9328,"2|0|001011":1032,"2|0|001010":867,"1|0|110000":9934,"2|0|111110":144,"2|0|111111":52,"1|1|101010":14415,"2|1|010010":2094,"2|1|011100":3457,"2|1|011101":3630,"1|0|010001":9867,"1|0|010000":8907,"2|1|010011":2209,"1|1|101011":13561,"1|0|111101":1533,"2|0|100101":2996,"2|0|100100":3167,"1|0|110010":8382,"1|0|110011":7997,"1|0|111100":2162,"2|0|110010":1430,"2|0|111101":262,"2|0|110011":1414,"2|0|111100":377,"2|1|011111":3808,"1|0|010111":14993,"1|0|010110":14413,"2|1|011110":3737,"1|1|101001":15192,"1|1|101000":15930,"1|0|110100":7277,"1|0|110101":6645,"2|0|100111":2861,"2|0|100110":2889,"2|1|000101":502,"2|0|001111":1623,"2|1|000100":528,"2|0|001110":1545,"1|0|011110":21066,"2|0|111011":464,"2|0|111010":595,"2|1|010111":2713,"1|0|011111":22198,"2|1|010110":2727,"1|0|110111":5369,"2|0|100001":3623,"2|0|100000":3774,"2|0|001001":734,"2|0|001000":607,"1|0|000101":517,"1|0|000100":566,"1|0|110110":6055,"1|0|010010":10781,"2|0|111000":796,"2|0|111001":652,"1|0|011101":20306,"2|1|010001":1946,"1|0|010011":11853,"1|0|011100":19322,"2|1|010000":1790}}
