{"probability":{"Group 13":"0.06807258771463737","Group 12":"0.044188037439102566","Group 11":"0.019182730473537156","Group 10":"0.00027045564346836904","Group  6":"0.002419407535311381","Group  5":"0.00016486109662574346","Group  4":"0.00033299949418784625","Group  3":"0.0","Group  2":"0.0","Group  1":"0.0","Group  9":"0.000054633217713788096","Group  8":"0.0","Group  7":"0.8653142873854157"},"groups":{"Group 13":["Botan 1.5.6 & 1.11.29 & 2.1.0","Feitian JavaCOS A22 & A40","Gemalto GCX4 72K","HSM SafeNet Luna SA-1700","LibTomCrypt 1.17","Libgcrypt 1.6.0 & 1.6.5 & 1.7.6","Libgcrypt 1.6.0 FIPS & 1.6.5 FIPS","Nettle 3.2 & 3.3","Oberthur Cosmo 64","OpenSSL FIPS 2.0.12 & 2.0.14","PGPSDK 4","WolfSSL 2.0rc1 & 3.9.0 & 3.10.2","cryptlib 3.4.3 & 3.4.3.1"],"Group 12":["Bouncy Castle 1.53 (Java)","Cryptix JCE 20050328","FlexiProvider 1.7p7","HSM Utimaco Security Server Se50","Nettle 2.0","PolarSSL 0.10.0","PuTTY 0.67","SunRsaSign OpenJDK 1.8.0","mbedTLS 1.3.19 & 2.2.1 & 2.4.2"],"Group 11":["Bouncy Castle 1.54 (Java)","Crypto++ 5.6.0 & 5.6.3 & 5.6.5","Libgcrypt 1.7.6 FIPS","Microsoft CryptoAPI & CNG & .NET"],"Group 10":["NXP J2D081 & J2E145G","YubiKey NEO"],"Group  6":["Oberthur Cosmo Dual 72K"],"Group  5":["NXP J2A080 & J2A081 & J3A081 & JCOP 41 V2.2.1"],"Group  4":["Gemalto GXP E64"],"Group  3":["GNU Crypto 2.0.1"],"Group  2":["G&D SmartCafe 4.x & 6.0"],"Group  1":["G&D SmartCafe 3.2"],"Group  9":["Infineon JTOP 80K","YubiKey 4 & 4 Nano"],"Group  8":["PGPSDK 4 FIPS"],"Group  7":["OpenSSL 0.9.7 & 1.0.2g & 1.0.2k & 1.1.0e"]},"frequencies":{"1|1|000110":118,"2|1|100011":316,"2|1|101101":165,"1|1|000111":101,"2|1|101100":167,"2|1|100010":259,"2|0|000000":115,"2|0|000001":128,"1|0|111010":811,"1|0|111011":678,"1|1|011010":4200,"1|1|011011":4462,"2|0|110100":97,"2|0|110101":86,"1|0|100001":4990,"1|0|100000":5287,"2|1|100000":302,"1|1|000100":110,"2|1|100001":257,"2|0|000011":119,"2|0|001101":187,"2|0|001100":164,"2|0|000010":143,"1|1|000101":132,"2|1|010101":250,"2|0|011010":263,"2|1|010100":185,"2|0|011011":281,"1|0|100010":4861,"1|0|101100":3026,"1|0|101101":2816,"1|0|100011":4686,"2|1|100110":244,"1|1|110101":1621,"2|1|100111":213,"2|0|000101":126,"2|0|000100":120,"1|0|111110":187,"1|1|110100":1775,"1|0|111111":68,"1|0|100101":4338,"2|0|110001":116,"2|0|110000":136,"1|0|010101":3210,"1|0|010100":3101,"2|0|011001":258,"2|0|011000":254,"1|0|100100":4518,"2|1|100100":262,"2|1|100101":242,"2|0|000110":121,"2|0|000111":129,"1|0|111000":1068,"1|0|111001":931,"2|0|110111":72,"2|0|110110":89,"2|0|011111":307,"2|0|011110":307,"1|0|100111":3972,"1|0|100110":3880,"1|1|001001":530,"1|0|001001":482,"1|0|001000":240,"1|1|001000":232,"1|1|110001":2290,"1|1|110000":2437,"1|1|010000":2176,"2|0|011101":247,"2|1|111111":2,"2|1|111110":6,"2|0|010010":212,"2|0|011100":269,"2|0|010011":245,"1|1|010001":2471,"1|0|101010":3433,"1|0|101011":3248,"1|0|001010":690,"1|1|001111":1953,"1|0|001011":977,"1|1|001110":1639,"2|1|101011":180,"2|1|101010":196,"1|1|110111":1278,"1|1|110110":1481,"1|1|010010":2541,"1|1|010011":2840,"1|1|011100":4566,"2|0|010001":212,"2|1|111001":46,"2|1|111000":69,"2|0|010000":213,"1|1|011101":4959,"1|1|000011":128,"1|1|001100":1276,"1|1|001101":1435,"2|1|101001":201,"1|1|000010":144,"2|1|101000":194,"1|1|111110":216,"1|1|111111":70,"2|1|111010":36,"1|1|011110":5131,"1|1|011111":5338,"2|0|010111":279,"2|1|001000":107,"2|1|001001":135,"2|1|111011":35,"2|0|010110":267,"1|0|101111":2630,"1|1|100101":4402,"1|1|100100":4512,"1|0|101110":2766,"1|1|000000":127,"1|1|000001":143,"2|1|101111":135,"2|1|101110":160,"1|1|110010":2032,"1|1|111101":368,"1|1|110011":1823,"1|1|111100":491,"1|1|011000":3905,"1|1|011001":4046,"2|1|001010":144,"2|0|010100":236,"2|1|001011":161,"2|0|010101":239,"1|0|101001":3659,"1|0|101000":3871,"1|0|000110":121,"2|0|101101":169,"2|0|100011":269,"2|0|101100":163,"2|0|100010":266,"2|1|000001":131,"2|1|000000":127,"1|1|111011":644,"1|0|000111":110,"1|1|111010":839,"1|0|011011":4513,"2|1|110100":96,"1|0|011010":4324,"2|1|001100":149,"2|1|110101":77,"2|1|001101":159,"1|1|100001":4966,"1|1|100000":5167,"1|0|000000":117,"2|0|101111":160,"2|0|101110":165,"2|1|000111":116,"2|1|000110":110,"1|1|111000":1108,"1|0|000001":122,"1|1|111001":946,"1|0|011000":3815,"2|1|001110":176,"2|1|110111":64,"2|1|001111":207,"2|1|110110":79,"1|0|011001":4149,"1|1|100111":3899,"1|1|100110":4152,"1|0|000011":116,"1|0|001100":1274,"1|0|000010":113,"2|0|101001":200,"2|0|101000":210,"1|0|001101":1399,"2|1|110001":127,"2|1|110000":117,"2|1|011001":249,"2|1|011000":255,"1|1|010100":3119,"1|1|010101":3228,"1|1|101111":2610,"1|1|101110":2757,"2|0|101010":185,"1|0|001111":1949,"1|1|001010":801,"1|0|001110":1741,"1|1|001011":999,"2|0|101011":189,"2|1|000011":118,"2|1|000010":126,"1|1|010110":3400,"2|1|111101":20,"2|1|110010":122,"2|1|111100":33,"2|1|110011":116,"2|1|011010":285,"2|1|011011":277,"1|1|010111":3687,"1|1|101101":2943,"1|1|100011":4647,"1|1|101100":3049,"1|1|100010":4867,"1|0|110001":2237,"2|0|001011":164,"2|0|001010":146,"1|0|110000":2455,"2|0|111110":12,"2|0|111111":2,"1|1|101010":3358,"2|1|010010":215,"2|1|011100":316,"2|1|011101":274,"1|0|010001":2467,"1|0|010000":2127,"2|1|010011":229,"1|1|101011":3257,"1|0|111101":393,"2|0|100101":272,"2|0|100100":269,"1|0|110010":2125,"1|0|110011":1856,"1|0|111100":517,"2|0|110010":110,"2|0|111101":28,"2|0|110011":98,"2|0|111100":27,"2|1|011111":310,"1|0|010111":3836,"1|0|010110":3466,"2|1|011110":298,"1|1|101001":3594,"1|1|101000":3765,"1|0|110100":1800,"1|0|110101":1600,"2|0|100111":219,"2|0|100110":269,"2|1|000101":134,"2|0|001111":185,"2|1|000100":121,"2|0|001110":189,"1|0|011110":5187,"2|0|111011":33,"2|0|111010":43,"2|1|010111":256,"1|0|011111":5366,"2|1|010110":227,"1|0|110111":1294,"2|0|100001":278,"2|0|100000":278,"2|0|001001":129,"2|0|001000":136,"1|0|000101":133,"1|0|000100":126,"1|0|110110":1362,"1|0|010010":2524,"2|0|111000":73,"2|0|111001":56,"1|0|011101":4933,"2|1|010001":212,"1|0|010011":2938,"1|0|011100":4619,"2|1|010000":195}}
