{"probability":{"Group 13":"0.0","Group 12":"0.5668314347941739","Group 11":"0.0","Group 10":"0.0014783467973261291","Group  6":"0.0","Group  5":"0.0","Group  4":"0.02455429577414892","Group  3":"0.0","Group  2":"0.0","Group  1":"0.00016455914865807968","Group  9":"0.005034349224020964","Group  8":"0.0","Group  7":"0.40193701426167217"},"groups":{"Group 13":["Botan 1.5.6 & 1.11.29 & 2.1.0","Feitian JavaCOS A22 & A40","Gemalto GCX4 72K","HSM SafeNet Luna SA-1700","LibTomCrypt 1.17","Libgcrypt 1.6.0 & 1.6.5 & 1.7.6","Libgcrypt 1.6.0 FIPS & 1.6.5 FIPS","Nettle 3.2 & 3.3","Oberthur Cosmo 64","OpenSSL FIPS 2.0.12 & 2.0.14","PGPSDK 4","WolfSSL 2.0rc1 & 3.9.0 & 3.10.2","cryptlib 3.4.3 & 3.4.3.1"],"Group 12":["Bouncy Castle 1.53 (Java)","Cryptix JCE 20050328","FlexiProvider 1.7p7","HSM Utimaco Security Server Se50","Nettle 2.0","PolarSSL 0.10.0","PuTTY 0.67","SunRsaSign OpenJDK 1.8.0","mbedTLS 1.3.19 & 2.2.1 & 2.4.2"],"Group 11":["Bouncy Castle 1.54 (Java)","Crypto++ 5.6.0 & 5.6.3 & 5.6.5","Libgcrypt 1.7.6 FIPS","Microsoft CryptoAPI & CNG & .NET"],"Group 10":["NXP J2D081 & J2E145G","YubiKey NEO"],"Group  6":["Oberthur Cosmo Dual 72K"],"Group  5":["NXP J2A080 & J2A081 & J3A081 & JCOP 41 V2.2.1"],"Group  4":["Gemalto GXP E64"],"Group  3":["GNU Crypto 2.0.1"],"Group  2":["G&D SmartCafe 4.x & 6.0"],"Group  1":["G&D SmartCafe 3.2"],"Group  9":["Infineon JTOP 80K","YubiKey 4 & 4 Nano"],"Group  8":["PGPSDK 4 FIPS"],"Group  7":["OpenSSL 0.9.7 & 1.0.2g & 1.0.2k & 1.1.0e"]},"frequencies":{"1|1|000110":3408,"2|1|100011":1432,"2|1|101101":828,"1|1|000111":3370,"2|1|101100":879,"2|1|100010":1562,"2|0|000000":3787,"2|0|000001":3588,"1|0|111010":988,"1|0|111011":817,"1|1|011010":6551,"1|1|011011":6739,"2|0|110100":453,"2|0|110101":402,"1|0|100001":6980,"1|0|100000":7165,"2|1|100000":1674,"1|1|000100":3448,"2|1|100001":1594,"2|0|000011":3479,"2|0|001101":2945,"2|0|001100":3121,"2|0|000010":3682,"1|1|000101":3514,"2|1|010101":2589,"2|0|011010":2174,"2|1|010100":2561,"2|0|011011":2030,"1|0|100010":6597,"1|0|101100":4016,"1|0|101101":3798,"1|0|100011":6413,"2|1|100110":1216,"1|1|110101":2131,"2|1|100111":1180,"2|0|000101":3479,"2|0|000100":3542,"1|0|111110":250,"1|1|110100":2341,"1|0|111111":107,"1|0|100101":5943,"2|0|110001":581,"2|0|110000":643,"1|0|010101":6093,"1|0|010100":5709,"2|0|011001":2187,"2|0|011000":2270,"1|0|100100":6123,"2|1|100100":1347,"2|1|100101":1282,"2|0|000110":3353,"2|0|000111":3422,"1|0|111000":1571,"1|0|111001":1295,"2|0|110111":321,"2|0|110110":350,"2|0|011111":1741,"2|0|011110":1838,"1|0|100111":5393,"1|0|100110":5468,"1|1|001001":3504,"1|0|001001":3630,"1|0|001000":3471,"1|1|001000":3476,"1|1|110001":2965,"1|1|110000":3069,"1|1|010000":5132,"2|0|011101":1912,"2|1|111111":16,"2|1|111110":59,"2|0|010010":2751,"2|0|011100":1939,"2|0|010011":2694,"1|1|010001":5280,"1|0|101010":4730,"1|0|101011":4254,"1|0|001010":3912,"1|1|001111":4827,"1|0|001011":4141,"1|1|001110":4550,"2|1|101011":932,"2|1|101010":1012,"1|1|110111":1681,"1|1|110110":1890,"1|1|010010":5453,"1|1|010011":5672,"1|1|011100":7109,"2|0|010001":2872,"2|1|111001":246,"2|1|111000":251,"2|0|010000":2950,"1|1|011101":7034,"1|1|000011":3599,"1|1|001100":4257,"1|1|001101":4457,"2|1|101001":1077,"1|1|000010":3601,"2|1|101000":1111,"1|1|111110":287,"1|1|111111":90,"2|1|111010":182,"1|1|011110":7257,"1|1|011111":7256,"2|0|010111":2411,"2|1|001000":3167,"2|1|001001":3322,"2|1|111011":170,"2|0|010110":2478,"1|0|101111":3386,"1|1|100101":5855,"1|1|100100":6063,"1|0|101110":3588,"1|1|000000":3622,"1|1|000001":3668,"2|1|101111":686,"2|1|101110":734,"1|1|110010":2726,"1|1|111101":505,"1|1|110011":2568,"1|1|111100":661,"1|1|011000":6423,"1|1|011001":6375,"2|1|001010":3267,"2|0|010100":2626,"2|1|001011":3263,"2|0|010101":2478,"1|0|101001":4892,"1|0|101000":5113,"1|0|000110":3436,"2|0|101101":796,"2|0|100011":1426,"2|0|101100":884,"2|0|100010":1476,"2|1|000001":3597,"2|1|000000":3678,"1|1|111011":915,"1|0|000111":3289,"1|1|111010":1068,"1|0|011011":6688,"2|1|110100":464,"1|0|011010":6641,"2|1|001100":3073,"2|1|110101":365,"2|1|001101":3032,"1|1|100001":7065,"1|1|100000":7248,"1|0|000000":3693,"2|0|101111":705,"2|0|101110":727,"2|1|000111":3263,"2|1|000110":3374,"1|1|111000":1455,"1|0|000001":3598,"1|1|111001":1311,"1|0|011000":6417,"2|1|001110":3015,"2|1|110111":318,"2|1|001111":3031,"2|1|110110":365,"1|0|011001":6472,"1|1|100111":5287,"1|1|100110":5452,"1|0|000011":3610,"1|0|001100":4157,"1|0|000010":3617,"2|0|101001":988,"2|0|101000":1056,"1|0|001101":4516,"2|1|110001":580,"2|1|110000":671,"2|1|011001":2230,"2|1|011000":2354,"1|1|010100":5856,"1|1|010101":6015,"1|1|101111":3414,"1|1|101110":3598,"2|0|101010":961,"1|0|001111":4926,"1|1|001010":3856,"1|0|001110":4713,"1|1|001011":4046,"2|0|101011":892,"2|1|000011":3552,"2|1|000010":3686,"1|1|010110":5964,"2|1|111101":90,"2|1|110010":532,"2|1|111100":120,"2|1|110011":471,"2|1|011010":2139,"2|1|011011":2008,"1|1|010111":6139,"1|1|101101":3932,"1|1|100011":6378,"1|1|101100":4055,"1|1|100010":6694,"1|0|110001":2935,"2|0|001011":3211,"2|0|001010":3181,"1|0|110000":3212,"2|0|111110":65,"2|0|111111":18,"1|1|101010":4561,"2|1|010010":2730,"2|1|011100":1999,"2|1|011101":1784,"1|0|010001":5204,"1|0|010000":5097,"2|1|010011":2666,"1|1|101011":4349,"1|0|111101":514,"2|0|100101":1280,"2|0|100100":1359,"1|0|110010":2680,"1|0|110011":2557,"1|0|111100":655,"2|0|110010":505,"2|0|111101":82,"2|0|110011":502,"2|0|111100":140,"2|1|011111":1812,"1|0|010111":6178,"1|0|010110":6095,"2|1|011110":1829,"1|1|101001":4855,"1|1|101000":5127,"1|0|110100":2357,"1|0|110101":2097,"2|0|100111":1091,"2|0|100110":1186,"2|1|000101":3384,"2|0|001111":2840,"2|1|000100":3467,"2|0|001110":3029,"1|0|011110":7221,"2|0|111011":159,"2|0|111010":178,"2|1|010111":2423,"1|0|011111":7309,"2|1|010110":2446,"1|0|110111":1666,"2|0|100001":1582,"2|0|100000":1695,"2|0|001001":3121,"2|0|001000":3262,"1|0|000101":3429,"1|0|000100":3580,"1|0|110110":1887,"1|0|010010":5479,"2|0|111000":292,"2|0|111001":229,"1|0|011101":6833,"2|1|010001":2817,"1|0|010011":5509,"1|0|011100":6868,"2|1|010000":2942}}
