{"probability":{"Group 13":"0.041832499440033394","Group 12":"0.051858085244088074","Group 11":"0.20148088400396125","Group 10":"0.00022063245094210745","Group  6":"0.00034099218483264824","Group  5":"0.0","Group  4":"0.0032295554583179264","Group  3":"0.0","Group  2":"0.0","Group  1":"0.0","Group  9":"0.00008875718121771826","Group  8":"0.016327822921190144","Group  7":"0.6846207711154169"},"groups":{"Group 13":["Botan 1.5.6 & 1.11.29 & 2.1.0","Feitian JavaCOS A22 & A40","Gemalto GCX4 72K","HSM SafeNet Luna SA-1700","LibTomCrypt 1.17","Libgcrypt 1.6.0 & 1.6.5 & 1.7.6","Libgcrypt 1.6.0 FIPS & 1.6.5 FIPS","Nettle 3.2 & 3.3","Oberthur Cosmo 64","OpenSSL FIPS 2.0.12 & 2.0.14","PGPSDK 4","WolfSSL 2.0rc1 & 3.9.0 & 3.10.2","cryptlib 3.4.3 & 3.4.3.1"],"Group 12":["Bouncy Castle 1.53 (Java)","Cryptix JCE 20050328","FlexiProvider 1.7p7","HSM Utimaco Security Server Se50","Nettle 2.0","PolarSSL 0.10.0","PuTTY 0.67","SunRsaSign OpenJDK 1.8.0","mbedTLS 1.3.19 & 2.2.1 & 2.4.2"],"Group 11":["Bouncy Castle 1.54 (Java)","Crypto++ 5.6.0 & 5.6.3 & 5.6.5","Libgcrypt 1.7.6 FIPS","Microsoft CryptoAPI & CNG & .NET"],"Group 10":["NXP J2D081 & J2E145G","YubiKey NEO"],"Group  6":["Oberthur Cosmo Dual 72K"],"Group  5":["NXP J2A080 & J2A081 & J3A081 & JCOP 41 V2.2.1"],"Group  4":["Gemalto GXP E64"],"Group  3":["GNU Crypto 2.0.1"],"Group  2":["G&D SmartCafe 4.x & 6.0"],"Group  1":["G&D SmartCafe 3.2"],"Group  9":["Infineon JTOP 80K","YubiKey 4 & 4 Nano"],"Group  8":["PGPSDK 4 FIPS"],"Group  7":["OpenSSL 0.9.7 & 1.0.2g & 1.0.2k & 1.1.0e"]},"frequencies":{"1|1|000110":10021,"2|1|100011":19023,"2|1|101101":12125,"1|1|000111":10436,"2|1|101100":12845,"2|1|100010":20296,"2|0|000000":6484,"2|0|000001":6661,"1|0|111010":24193,"1|0|111011":19779,"1|1|011010":132496,"1|1|011011":138235,"2|0|110100":7268,"2|0|110101":6841,"1|0|100001":149851,"1|0|100000":155595,"2|1|100000":21878,"1|1|000100":8482,"2|1|100001":20919,"2|0|000011":7935,"2|0|001101":15274,"2|0|001100":14850,"2|0|000010":7299,"1|1|000101":9169,"2|1|010101":21300,"2|0|011010":24780,"2|1|010100":20553,"2|0|011011":24749,"1|0|100010":143351,"1|0|101100":90648,"1|0|101101":85828,"1|0|100011":138338,"2|1|100110":16943,"1|1|110101":47662,"2|1|100111":16250,"2|0|000101":9084,"2|0|000100":8701,"1|0|111110":6840,"1|1|110100":51674,"1|0|111111":2603,"1|0|100101":127036,"2|0|110001":9300,"2|0|110000":9906,"1|0|010101":102030,"1|0|010100":96756,"2|0|011001":24097,"2|0|011000":23449,"1|0|100100":133600,"2|1|100100":18520,"2|1|100101":17873,"2|0|000110":9754,"2|0|000111":10399,"1|0|111000":33210,"1|0|111001":28650,"2|0|110111":5537,"2|0|110110":6074,"2|0|011111":22195,"2|0|011110":22614,"1|0|100111":116572,"1|0|100110":122166,"1|1|001001":21830,"1|0|001001":21838,"1|0|001000":14366,"1|1|001000":14654,"1|1|110001":65858,"1|1|110000":70929,"1|1|010000":70850,"2|0|011101":23126,"2|1|111111":879,"2|1|111110":1202,"2|0|010010":19164,"2|0|011100":23489,"2|0|010011":20080,"1|1|010001":77161,"1|0|101010":100662,"1|0|101011":96095,"1|0|001010":29089,"1|1|001111":63960,"1|0|001011":36482,"1|1|001110":57246,"2|1|101011":13455,"2|1|101010":14290,"1|1|110111":37591,"1|1|110110":42585,"1|1|010010":83726,"1|1|010011":89800,"1|1|011100":141749,"2|0|010001":18493,"2|1|111001":4075,"2|1|111000":4890,"2|0|010000":17727,"1|1|011101":147046,"1|1|000011":7883,"1|1|001100":42993,"1|1|001101":50254,"2|1|101001":14753,"1|1|000010":7310,"2|1|101000":15682,"1|1|111110":6773,"1|1|111111":2705,"2|1|111010":3611,"1|1|011110":151062,"1|1|011111":155629,"2|0|010111":22830,"2|1|001000":11074,"2|1|001001":12178,"2|1|111011":3078,"2|0|010110":22375,"1|0|101111":76227,"1|1|100101":127603,"1|1|100100":133405,"1|0|101110":80844,"1|1|000000":6465,"1|1|000001":6774,"2|1|101111":10554,"2|1|101110":11483,"1|1|110010":61527,"1|1|111101":11140,"1|1|110011":56714,"1|1|111100":15759,"1|1|011000":121430,"1|1|011001":127271,"2|1|001010":13007,"2|0|010100":20539,"2|1|001011":13950,"2|0|010101":21398,"1|0|101001":106271,"1|0|101000":111895,"1|0|000110":9892,"2|0|101101":12064,"2|0|100011":19201,"2|0|101100":12699,"2|0|100010":20106,"2|1|000001":6882,"2|1|000000":6681,"1|1|111011":19846,"1|0|000111":10555,"1|1|111010":24347,"1|0|011011":137410,"2|1|110100":7208,"1|0|011010":133119,"2|1|001100":14656,"2|1|110101":6854,"2|1|001101":15348,"1|1|100001":149198,"1|1|100000":155752,"1|0|000000":6458,"2|0|101111":10667,"2|0|101110":11252,"2|1|000111":10483,"2|1|000110":9993,"1|1|111000":33605,"1|0|000001":6665,"1|1|111001":28876,"1|0|011000":120951,"2|1|001110":15958,"2|1|110111":5436,"2|1|001111":17145,"2|1|110110":6130,"1|0|011001":127079,"1|1|100111":116104,"1|1|100110":121874,"1|0|000011":8019,"1|0|001100":43292,"1|0|000010":7279,"2|0|101001":14695,"2|0|101000":15427,"1|0|001101":49934,"2|1|110001":9289,"2|1|110000":9930,"2|1|011001":24170,"2|1|011000":23649,"1|1|010100":96286,"1|1|010101":102123,"1|1|101111":75972,"1|1|101110":80309,"2|0|101010":14149,"1|0|001111":63947,"1|1|001010":29036,"1|0|001110":57519,"1|1|001011":36243,"2|0|101011":13589,"2|1|000011":8088,"2|1|000010":7214,"1|1|010110":108703,"2|1|111101":1758,"0|1|101010":1,"2|1|110010":8698,"2|1|111100":2378,"2|1|110011":7810,"2|1|011010":24671,"2|1|011011":24280,"1|1|010111":115426,"1|1|101101":85490,"1|1|100011":138421,"1|1|101100":90820,"1|1|100010":143358,"1|0|110001":65910,"2|0|001011":13864,"2|0|001010":12898,"1|0|110000":70967,"2|0|111110":1207,"2|0|111111":919,"1|1|101010":101155,"2|1|010010":19347,"2|1|011100":23904,"2|1|011101":23285,"1|0|010001":76935,"1|0|010000":70531,"2|1|010011":19887,"1|1|101011":95585,"1|0|111101":11256,"2|0|100101":17576,"2|0|100100":18457,"1|0|110010":61148,"1|0|110011":56344,"1|0|111100":15596,"2|0|110010":8579,"2|0|111101":1788,"2|0|110011":8034,"2|0|111100":2347,"2|1|011111":22063,"1|0|010111":114813,"1|0|010110":108617,"2|1|011110":22671,"1|1|101001":106882,"1|1|101000":111231,"1|0|110100":51816,"1|0|110101":47289,"2|0|100111":16236,"2|0|100110":17223,"2|1|000101":9087,"2|0|001111":16941,"2|1|000100":8640,"2|0|001110":16048,"1|0|011110":152065,"2|0|111011":2980,"2|0|111010":3429,"2|1|010111":22872,"1|0|011111":156804,"2|1|010110":22311,"1|0|110111":38136,"2|0|100001":20987,"2|0|100000":21887,"2|0|001001":12181,"2|0|001000":11159,"1|0|000101":9294,"1|0|000100":8551,"1|0|110110":42290,"1|0|010010":83848,"2|0|111000":4788,"2|0|111001":4120,"1|0|011101":146757,"2|1|010001":18390,"1|0|010011":90813,"1|0|011100":141575,"2|1|010000":17817}}
