{"probability":{"Group 13":"0.05791930523793468","Group 12":"0.023977065830535407","Group 11":"0.054849788885708545","Group 10":"0.0","Group  6":"0.0003235516624694606","Group  5":"0.0","Group  4":"0.00283511959032409","Group  3":"0.0","Group  2":"0.00007917880620564836","Group  1":"0.0","Group  9":"0.0003627769719812983","Group  8":"0.006451225415724313","Group  7":"0.8532019875991166"},"groups":{"Group 13":["Botan 1.5.6 & 1.11.29 & 2.1.0","Feitian JavaCOS A22 & A40","Gemalto GCX4 72K","HSM SafeNet Luna SA-1700","LibTomCrypt 1.17","Libgcrypt 1.6.0 & 1.6.5 & 1.7.6","Libgcrypt 1.6.0 FIPS & 1.6.5 FIPS","Nettle 3.2 & 3.3","Oberthur Cosmo 64","OpenSSL FIPS 2.0.12 & 2.0.14","PGPSDK 4","WolfSSL 2.0rc1 & 3.9.0 & 3.10.2","cryptlib 3.4.3 & 3.4.3.1"],"Group 12":["Bouncy Castle 1.53 (Java)","Cryptix JCE 20050328","FlexiProvider 1.7p7","HSM Utimaco Security Server Se50","Nettle 2.0","PolarSSL 0.10.0","PuTTY 0.67","SunRsaSign OpenJDK 1.8.0","mbedTLS 1.3.19 & 2.2.1 & 2.4.2"],"Group 11":["Bouncy Castle 1.54 (Java)","Crypto++ 5.6.0 & 5.6.3 & 5.6.5","Libgcrypt 1.7.6 FIPS","Microsoft CryptoAPI & CNG & .NET"],"Group 10":["NXP J2D081 & J2E145G","YubiKey NEO"],"Group  6":["Oberthur Cosmo Dual 72K"],"Group  5":["NXP J2A080 & J2A081 & J3A081 & JCOP 41 V2.2.1"],"Group  4":["Gemalto GXP E64"],"Group  3":["GNU Crypto 2.0.1"],"Group  2":["G&D SmartCafe 4.x & 6.0"],"Group  1":["G&D SmartCafe 3.2"],"Group  9":["Infineon JTOP 80K","YubiKey 4 & 4 Nano"],"Group  8":["PGPSDK 4 FIPS"],"Group  7":["OpenSSL 0.9.7 & 1.0.2g & 1.0.2k & 1.1.0e"]},"frequencies":{"1|1|000110":2314,"2|1|100011":6428,"2|1|101101":3921,"1|1|000111":2486,"2|1|101100":4286,"2|1|100010":6673,"2|0|000000":2038,"2|0|000001":1738,"1|0|111010":18019,"1|0|111011":14649,"1|1|011010":95731,"1|1|011011":100526,"2|0|110100":2383,"2|0|110101":2200,"1|0|100001":112180,"1|0|100000":116842,"2|1|100000":7407,"1|1|000100":2128,"2|1|100001":6876,"2|0|000011":1974,"2|0|001101":4117,"2|0|001100":3904,"2|0|000010":1925,"1|1|000101":2185,"2|1|010101":6271,"2|0|011010":7388,"2|1|010100":6007,"2|0|011011":7661,"1|0|100010":107655,"1|0|101100":68278,"1|0|101101":64129,"1|0|100011":103759,"2|1|100110":5736,"1|1|110101":35518,"2|1|100111":5384,"2|0|000101":2224,"2|0|000100":2150,"1|0|111110":4918,"1|1|110100":38632,"1|0|111111":2043,"1|0|100101":95986,"2|0|110001":3130,"2|0|110000":3267,"1|0|010101":72876,"1|0|010100":67603,"2|0|011001":7035,"2|0|011000":6906,"1|0|100100":99790,"2|1|100100":6126,"2|1|100101":6075,"2|0|000110":2391,"2|0|000111":2459,"1|0|111000":24710,"1|0|111001":21470,"2|0|110111":1745,"2|0|110110":1940,"2|0|011111":7625,"2|0|011110":7408,"1|0|100111":87740,"1|0|100110":91868,"1|1|001001":11181,"1|0|001001":11089,"1|0|001000":5364,"1|1|001000":5444,"1|1|110001":49401,"1|1|110000":52994,"1|1|010000":48318,"2|0|011101":7342,"2|1|111111":579,"2|1|111110":422,"2|0|010010":5424,"2|0|011100":7418,"2|0|010011":5709,"1|1|010001":53227,"1|0|101010":75846,"1|0|101011":71677,"1|0|001010":16677,"1|1|001111":42954,"1|0|001011":22011,"1|1|001110":38106,"2|1|101011":4525,"2|1|101010":4647,"1|1|110111":28526,"1|1|110110":31680,"1|1|010010":58457,"1|1|010011":62834,"1|1|011100":104342,"2|0|010001":5298,"2|1|111001":1260,"2|1|111000":1518,"2|0|010000":4981,"1|1|011101":108147,"1|1|000011":2014,"1|1|001100":27373,"1|1|001101":32559,"2|1|101001":4923,"1|1|000010":1906,"2|1|101000":5235,"1|1|111110":4961,"1|1|111111":2097,"2|1|111010":1097,"1|1|011110":112369,"1|1|011111":116603,"2|0|010111":6646,"2|1|001000":2669,"2|1|001001":3042,"2|1|111011":936,"2|0|010110":6487,"1|0|101111":57192,"1|1|100101":96089,"1|1|100100":99795,"1|0|101110":60754,"1|1|000000":2078,"1|1|000001":1845,"2|1|101111":3457,"2|1|101110":3736,"1|1|110010":46280,"1|1|111101":8278,"1|1|110011":41987,"1|1|111100":11393,"1|1|011000":86383,"1|1|011001":91749,"2|1|001010":3263,"2|0|010100":6104,"2|1|001011":3700,"2|0|010101":6244,"1|0|101001":79260,"1|0|101000":83672,"1|0|000110":2356,"2|0|101101":3965,"2|0|100011":6375,"2|0|101100":4193,"2|0|100010":6784,"2|1|000001":1754,"2|1|000000":2066,"1|1|111011":14682,"1|0|000111":2511,"1|1|111010":18092,"1|0|011011":99340,"2|1|110100":2338,"1|0|011010":95546,"2|1|001100":3853,"2|1|110101":2157,"2|1|001101":4211,"1|1|100001":112100,"1|1|100000":116206,"1|0|000000":2012,"2|0|101111":3581,"2|0|101110":3744,"2|1|000111":2427,"2|1|000110":2356,"1|1|111000":24865,"1|0|000001":1725,"1|1|111001":21456,"1|0|011000":86797,"2|1|001110":4422,"2|1|110111":1797,"2|1|001111":4819,"2|1|110110":1955,"1|0|011001":91190,"1|1|100111":87925,"1|1|100110":91317,"1|0|000011":2056,"1|0|001100":27600,"1|0|000010":1973,"2|0|101001":4943,"2|0|101000":5304,"1|0|001101":32242,"2|1|110001":3105,"2|1|110000":3300,"0|0|101101":1,"2|1|011001":7337,"0|1|000000":2,"2|1|011000":6957,"1|1|010100":67999,"1|1|010101":72746,"1|1|101111":56681,"1|1|101110":60793,"2|0|101010":4804,"1|0|001111":43110,"1|1|001010":16370,"1|0|001110":37904,"1|1|001011":22106,"2|0|101011":4425,"2|1|000011":2026,"2|1|000010":1966,"1|1|010110":76957,"2|1|111101":553,"2|1|110010":2797,"2|1|111100":723,"2|1|110011":2685,"2|1|011010":7533,"2|1|011011":7492,"1|1|010111":82165,"1|1|101101":64237,"1|1|100011":104119,"1|1|101100":68631,"1|1|100010":108023,"1|0|110001":49664,"2|0|001011":3608,"2|0|001010":3316,"1|0|110000":53643,"2|0|111110":393,"0|1|101000":1,"2|0|111111":570,"1|1|101010":75826,"2|1|010010":5448,"2|1|011100":7579,"2|1|011101":7410,"1|0|010001":53089,"1|0|010000":47795,"2|1|010011":5715,"1|1|101011":71669,"1|0|111101":8237,"2|0|100101":5951,"2|0|100100":6267,"1|0|110010":45954,"1|0|110011":42313,"1|0|111100":11524,"2|0|110010":2877,"2|0|111101":576,"2|0|110011":2637,"2|0|111100":712,"2|1|011111":7474,"1|0|010111":82127,"1|0|010110":77587,"2|1|011110":7469,"1|1|101001":79736,"1|1|101000":82825,"1|0|110100":38753,"1|0|110101":35056,"2|0|100111":5468,"2|0|100110":5766,"2|1|000101":2267,"2|0|001111":4591,"2|1|000100":2145,"2|0|001110":4378,"1|0|011110":112808,"2|0|111011":926,"2|0|111010":1066,"2|1|010111":6806,"1|0|011111":117285,"2|1|010110":6429,"1|0|110111":28206,"2|0|100001":7163,"2|0|100000":7358,"2|0|001001":3094,"2|0|001000":2723,"1|0|000101":2306,"1|0|000100":2107,"1|0|110110":31608,"1|0|010010":58073,"2|0|111000":1535,"2|0|111001":1292,"1|0|011101":108422,"2|1|010001":5298,"1|0|010011":62879,"1|0|011100":103988,"2|1|010000":4881}}
