{"probability":{"Group 13":"0.005103921698682703","Group 12":"0.20960127481427737","Group 11":"0.03692316362260999","Group 10":"0.00008713749957855758","Group  6":"0.0","Group  5":"0.0","Group  4":"0.007969955105261647","Group  3":"0.0","Group  2":"0.0","Group  1":"0.0","Group  9":"0.0005223457134396555","Group  8":"0.0","Group  7":"0.7397922015461502"},"groups":{"Group 13":["Botan 1.5.6 & 1.11.29 & 2.1.0","Feitian JavaCOS A22 & A40","Gemalto GCX4 72K","HSM SafeNet Luna SA-1700","LibTomCrypt 1.17","Libgcrypt 1.6.0 & 1.6.5 & 1.7.6","Libgcrypt 1.6.0 FIPS & 1.6.5 FIPS","Nettle 3.2 & 3.3","Oberthur Cosmo 64","OpenSSL FIPS 2.0.12 & 2.0.14","PGPSDK 4","WolfSSL 2.0rc1 & 3.9.0 & 3.10.2","cryptlib 3.4.3 & 3.4.3.1"],"Group 12":["Bouncy Castle 1.53 (Java)","Cryptix JCE 20050328","FlexiProvider 1.7p7","HSM Utimaco Security Server Se50","Nettle 2.0","PolarSSL 0.10.0","PuTTY 0.67","SunRsaSign OpenJDK 1.8.0","mbedTLS 1.3.19 & 2.2.1 & 2.4.2"],"Group 11":["Bouncy Castle 1.54 (Java)","Crypto++ 5.6.0 & 5.6.3 & 5.6.5","Libgcrypt 1.7.6 FIPS","Microsoft CryptoAPI & CNG & .NET"],"Group 10":["NXP J2D081 & J2E145G","YubiKey NEO"],"Group  6":["Oberthur Cosmo Dual 72K"],"Group  5":["NXP J2A080 & J2A081 & J3A081 & JCOP 41 V2.2.1"],"Group  4":["Gemalto GXP E64"],"Group  3":["GNU Crypto 2.0.1"],"Group  2":["G&D SmartCafe 4.x & 6.0"],"Group  1":["G&D SmartCafe 3.2"],"Group  9":["Infineon JTOP 80K","YubiKey 4 & 4 Nano"],"Group  8":["PGPSDK 4 FIPS"],"Group  7":["OpenSSL 0.9.7 & 1.0.2g & 1.0.2k & 1.1.0e"]},"frequencies":{"1|1|000110":1477,"2|1|100011":886,"2|1|101101":491,"1|1|000111":1557,"2|1|101100":571,"2|1|100010":954,"2|0|000000":1637,"2|0|000001":1590,"1|0|111010":1861,"1|0|111011":1483,"1|1|011010":10412,"1|1|011011":10847,"2|0|110100":292,"2|0|110101":242,"1|0|100001":12083,"1|0|100000":12458,"2|1|100000":1011,"1|1|000100":1534,"2|1|100001":954,"2|0|000011":1503,"2|0|001101":1425,"2|0|001100":1490,"2|0|000010":1643,"1|1|000101":1551,"2|1|010101":1309,"2|0|011010":1228,"2|1|010100":1260,"2|0|011011":1114,"1|0|100010":11612,"1|0|101100":7340,"1|0|101101":6952,"1|0|100011":11274,"2|1|100110":732,"1|1|110101":3728,"2|1|100111":728,"2|0|000101":1499,"2|0|000100":1484,"1|0|111110":503,"1|1|110100":4107,"1|0|111111":201,"1|0|100101":10353,"2|0|110001":358,"2|0|110000":408,"1|0|010101":8332,"1|0|010100":7874,"2|0|011001":1193,"2|0|011000":1202,"1|0|100100":10971,"2|1|100100":817,"2|1|100101":800,"2|0|000110":1449,"2|0|000111":1467,"1|0|111000":2676,"1|0|111001":2287,"2|0|110111":217,"2|0|110110":268,"2|0|011111":973,"2|0|011110":1079,"1|0|100111":9420,"1|0|100110":9807,"1|1|001001":2284,"1|0|001001":2270,"1|0|001000":1735,"1|1|001000":1774,"1|1|110001":5316,"1|1|110000":5638,"1|1|010000":6056,"2|0|011101":1105,"2|1|111111":8,"2|1|111110":45,"2|0|010010":1332,"2|0|011100":1098,"2|0|010011":1364,"1|1|010001":6388,"1|0|101010":8305,"1|0|101011":7648,"1|0|001010":2869,"1|1|001111":5444,"1|0|001011":3415,"1|1|001110":4906,"2|1|101011":597,"2|1|101010":605,"1|1|110111":3038,"1|1|110110":3456,"1|1|010010":6958,"1|1|010011":7488,"1|1|011100":11524,"2|0|010001":1305,"2|1|111001":144,"2|1|111000":174,"2|0|010000":1360,"1|1|011101":11806,"1|1|000011":1570,"1|1|001100":3961,"1|1|001101":4367,"2|1|101001":685,"1|1|000010":1537,"2|1|101000":704,"1|1|111110":547,"1|1|111111":151,"2|1|111010":114,"1|1|011110":12240,"1|1|011111":12703,"2|0|010111":1244,"2|1|001000":1404,"2|1|001001":1465,"2|1|111011":109,"2|0|010110":1297,"1|0|101111":6120,"1|1|100101":10232,"1|1|100100":10810,"1|0|101110":6424,"1|1|000000":1549,"1|1|000001":1627,"2|1|101111":438,"2|1|101110":448,"1|1|110010":4923,"1|1|111101":896,"1|1|110011":4568,"1|1|111100":1176,"1|1|011000":9803,"1|1|011001":10142,"2|1|001010":1418,"2|0|010100":1336,"2|1|001011":1416,"2|0|010101":1268,"1|0|101001":8560,"1|0|101000":9100,"1|0|000110":1477,"2|0|101101":520,"2|0|100011":856,"2|0|101100":539,"2|0|100010":904,"2|1|000001":1579,"2|1|000000":1696,"1|1|111011":1558,"1|0|000111":1451,"1|1|111010":1914,"1|0|011011":10964,"2|1|110100":316,"1|0|011010":10818,"2|1|001100":1358,"2|1|110101":272,"2|1|001101":1371,"1|1|100001":12189,"1|1|100000":12753,"1|0|000000":1580,"2|0|101111":472,"2|0|101110":443,"2|1|000111":1460,"2|1|000110":1505,"1|1|111000":2630,"1|0|000001":1587,"1|1|111001":2330,"1|0|011000":9745,"2|1|001110":1403,"2|1|110111":192,"2|1|001111":1437,"2|1|110110":226,"1|0|011001":10144,"1|1|100111":9408,"1|1|100110":9897,"1|0|000011":1523,"1|0|001100":3861,"1|0|000010":1561,"2|0|101001":628,"2|0|101000":664,"1|0|001101":4346,"2|1|110001":339,"2|1|110000":454,"2|1|011001":1201,"2|1|011000":1259,"1|1|010100":7961,"1|1|010101":8422,"1|1|101111":6266,"1|1|101110":6479,"2|0|101010":589,"1|0|001111":5446,"1|1|001010":2818,"1|0|001110":5066,"1|1|001011":3366,"2|0|101011":617,"2|1|000011":1571,"2|1|000010":1603,"1|1|010110":8691,"2|1|111101":64,"2|1|110010":311,"2|1|111100":82,"2|1|110011":318,"2|1|011010":1194,"2|1|011011":1101,"1|1|010111":9283,"1|1|101101":6925,"1|1|100011":11107,"1|1|101100":7257,"1|1|100010":11711,"1|0|110001":5308,"2|0|001011":1363,"2|0|001010":1441,"1|0|110000":5637,"2|0|111110":34,"2|0|111111":13,"1|1|101010":8096,"2|1|010010":1340,"2|1|011100":1089,"2|1|011101":1088,"1|0|010001":6402,"1|0|010000":5953,"2|1|010011":1298,"1|1|101011":7808,"1|0|111101":906,"2|0|100101":792,"2|0|100100":817,"1|0|110010":4849,"1|0|110011":4500,"1|0|111100":1247,"2|0|110010":333,"2|0|111101":57,"2|0|110011":309,"2|0|111100":93,"2|1|011111":1100,"1|0|010111":9095,"1|0|010110":8820,"2|1|011110":1072,"1|1|101001":8601,"1|1|101000":8912,"1|0|110100":4153,"1|0|110101":3774,"2|0|100111":668,"2|0|100110":749,"2|1|000101":1511,"2|0|001111":1341,"2|1|000100":1482,"2|0|001110":1403,"1|0|011110":12206,"2|0|111011":104,"2|0|111010":117,"2|1|010111":1239,"1|0|011111":12855,"2|1|010110":1284,"1|0|110111":3078,"2|0|100001":976,"2|0|100000":992,"2|0|001001":1345,"2|0|001000":1415,"1|0|000101":1458,"1|0|000100":1574,"1|0|110110":3428,"1|0|010010":6930,"2|0|111000":207,"2|0|111001":144,"1|0|011101":11710,"2|1|010001":1384,"1|0|010011":7501,"1|0|011100":11287,"2|1|010000":1409}}
