{"probability":{"Group 13":"0.015093863065934495","Group 12":"0.03743056115589183","Group 11":"0.2773619945245072","Group 10":"0.00014176352256564713","Group  6":"0.00019111921805835808","Group  5":"0.0","Group  4":"0.0026011488507747464","Group  3":"0.0","Group  2":"0.0","Group  1":"0.0","Group  9":"0.00017875988089859513","Group  8":"0.0005185272208489651","Group  7":"0.66648226256052"},"groups":{"Group 13":["Botan 1.5.6 & 1.11.29 & 2.1.0","Feitian JavaCOS A22 & A40","Gemalto GCX4 72K","HSM SafeNet Luna SA-1700","LibTomCrypt 1.17","Libgcrypt 1.6.0 & 1.6.5 & 1.7.6","Libgcrypt 1.6.0 FIPS & 1.6.5 FIPS","Nettle 3.2 & 3.3","Oberthur Cosmo 64","OpenSSL FIPS 2.0.12 & 2.0.14","PGPSDK 4","WolfSSL 2.0rc1 & 3.9.0 & 3.10.2","cryptlib 3.4.3 & 3.4.3.1"],"Group 12":["Bouncy Castle 1.53 (Java)","Cryptix JCE 20050328","FlexiProvider 1.7p7","HSM Utimaco Security Server Se50","Nettle 2.0","PolarSSL 0.10.0","PuTTY 0.67","SunRsaSign OpenJDK 1.8.0","mbedTLS 1.3.19 & 2.2.1 & 2.4.2"],"Group 11":["Bouncy Castle 1.54 (Java)","Crypto++ 5.6.0 & 5.6.3 & 5.6.5","Libgcrypt 1.7.6 FIPS","Microsoft CryptoAPI & CNG & .NET"],"Group 10":["NXP J2D081 & J2E145G","YubiKey NEO"],"Group  6":["Oberthur Cosmo Dual 72K"],"Group  5":["NXP J2A080 & J2A081 & J3A081 & JCOP 41 V2.2.1"],"Group  4":["Gemalto GXP E64"],"Group  3":["GNU Crypto 2.0.1"],"Group  2":["G&D SmartCafe 4.x & 6.0"],"Group  1":["G&D SmartCafe 3.2"],"Group  9":["Infineon JTOP 80K","YubiKey 4 & 4 Nano"],"Group  8":["PGPSDK 4 FIPS"],"Group  7":["OpenSSL 0.9.7 & 1.0.2g & 1.0.2k & 1.1.0e"]},"frequencies":{"1|1|000110":5600,"2|1|100011":11819,"2|1|101101":7279,"1|1|000111":6171,"2|1|101100":7817,"2|1|100010":12387,"2|0|000000":2220,"2|0|000001":2796,"1|0|111010":13551,"1|0|111011":11074,"1|1|011010":76127,"1|1|011011":79128,"2|0|110100":4377,"0|1|100110":1,"2|0|110101":3978,"1|0|100001":84808,"1|0|100000":88340,"2|1|100000":13184,"1|1|000100":4424,"2|1|100001":12869,"2|0|000011":3978,"2|0|001101":9293,"2|0|001100":8947,"2|0|000010":3349,"1|1|000101":4997,"2|1|010101":13509,"2|0|011010":15818,"2|1|010100":12922,"2|0|011011":15733,"1|0|100010":81880,"1|0|101100":51717,"1|0|101101":48544,"1|0|100011":78643,"2|1|100110":10417,"1|1|110101":26673,"2|1|100111":9985,"2|0|000101":5014,"2|0|000100":4426,"1|0|111110":3637,"1|1|110100":29345,"1|0|111111":1333,"1|0|100101":72603,"2|0|110001":5646,"2|0|110000":5986,"1|0|010101":58782,"1|0|010100":55408,"2|0|011001":15387,"2|0|011000":15078,"1|0|100100":75347,"2|1|100100":11425,"2|1|100101":11013,"2|0|000110":5502,"2|0|000111":6049,"1|0|111000":18474,"1|0|111001":16216,"2|0|110111":3258,"2|0|110110":3570,"2|0|011111":13710,"2|0|011110":14168,"1|0|100111":65861,"1|0|100110":69316,"1|1|001001":12726,"1|0|001001":12697,"1|0|001000":8487,"1|1|001000":8462,"1|1|110001":37297,"1|1|110000":40265,"1|1|010000":40954,"2|0|011101":14631,"2|1|111111":404,"2|1|111110":531,"2|0|010010":12012,"2|0|011100":15035,"2|0|010011":12483,"1|1|010001":44654,"1|0|101010":56934,"1|0|101011":54391,"1|0|001010":16806,"1|1|001111":36912,"1|0|001011":20964,"1|1|001110":33071,"2|1|101011":8167,"2|1|101010":8761,"1|1|110111":21169,"1|1|110110":24074,"1|1|010010":47785,"1|1|010011":51507,"1|1|011100":81431,"2|0|010001":11528,"2|1|111001":2363,"2|1|111000":2924,"2|0|010000":11153,"1|1|011101":84168,"1|1|000011":3856,"1|1|001100":24790,"1|1|001101":28922,"2|1|101001":9118,"1|1|000010":3426,"2|1|101000":9514,"1|1|111110":3716,"1|1|111111":1448,"2|1|111010":2113,"1|1|011110":86172,"1|1|011111":88556,"2|0|010111":14571,"2|1|001000":6492,"2|1|001001":7300,"2|1|111011":1775,"2|0|010110":14033,"1|0|101111":42736,"1|1|100101":72218,"1|1|100100":75742,"1|0|101110":45933,"1|1|000000":2220,"1|1|000001":2785,"2|1|101111":6370,"2|1|101110":7030,"1|1|110010":34777,"1|1|111101":6131,"1|1|110011":32233,"1|1|111100":8626,"1|1|011000":70153,"1|1|011001":73081,"2|1|001010":7848,"2|0|010100":13020,"2|1|001011":8441,"2|0|010101":13569,"1|0|101001":60396,"1|0|101000":63360,"1|0|000110":5572,"2|0|101101":7449,"2|0|100011":11908,"2|0|101100":7757,"2|0|100010":12354,"2|1|000001":2849,"2|1|000000":2232,"1|1|111011":11100,"1|0|000111":6172,"1|1|111010":13574,"1|0|011011":78582,"2|1|110100":4383,"0|1|000101":3,"1|0|011010":76571,"2|1|001100":8932,"2|1|110101":4026,"2|1|001101":9449,"1|1|100001":85303,"1|1|100000":88601,"1|0|000000":2252,"2|0|101111":6465,"2|0|101110":6931,"2|1|000111":6037,"2|1|000110":5651,"1|1|111000":18907,"1|0|000001":2788,"1|1|111001":16330,"1|0|011000":70022,"2|1|001110":10141,"2|1|110111":3221,"2|1|001111":10560,"2|1|110110":3670,"1|0|011001":72710,"1|1|100111":66111,"1|1|100110":69184,"1|0|000011":4042,"1|0|001100":24794,"1|0|000010":3401,"2|0|101001":9153,"2|0|101000":9544,"1|0|001101":28985,"2|1|110001":5653,"2|1|110000":6073,"2|1|011001":15277,"0|0|001011":2,"2|1|011000":15107,"1|1|010100":55515,"1|1|010101":59001,"1|1|101111":42873,"1|1|101110":45598,"2|0|101010":8610,"1|0|001111":36814,"1|1|001010":16687,"1|0|001110":32969,"1|1|001011":20905,"2|0|101011":8311,"2|1|000011":3925,"2|1|000010":3314,"1|1|010110":62376,"2|1|111101":920,"0|1|101010":1,"2|1|110010":5190,"2|1|111100":1239,"2|1|110011":4623,"2|1|011010":15717,"2|1|011011":15285,"1|1|010111":66212,"1|1|101101":47978,"1|1|100011":78842,"1|1|101100":51250,"1|1|100010":81454,"1|0|110001":37277,"2|0|001011":8461,"2|0|001010":7832,"1|0|110000":40202,"2|0|111110":595,"0|0|101000":1,"2|0|111111":402,"1|1|101010":57789,"2|1|010010":12047,"2|1|011100":15046,"2|1|011101":14659,"1|0|010001":44179,"1|0|010000":40382,"2|1|010011":12554,"1|1|101011":54658,"1|0|111101":6100,"2|0|100101":10895,"2|0|100100":11412,"1|0|110010":34630,"1|0|110011":31824,"1|0|111100":8683,"2|0|110010":5239,"2|0|111101":955,"2|0|110011":4882,"2|0|111100":1285,"2|1|011111":13795,"1|0|010111":66559,"1|0|010110":62732,"2|1|011110":14022,"1|1|101001":60403,"1|1|101000":63607,"1|0|110100":29418,"1|0|110101":26360,"2|0|100111":10129,"2|0|100110":10584,"2|1|000101":5031,"2|0|001111":10478,"2|1|000100":4523,"2|0|001110":10018,"1|0|011110":86717,"2|0|111011":1632,"0|1|101101":1,"2|0|111010":2025,"2|1|010111":14481,"1|0|011111":89077,"2|1|010110":13980,"1|0|110111":21301,"2|0|100001":12879,"2|0|100000":13407,"2|0|001001":7227,"2|0|001000":6667,"1|0|000101":5042,"1|0|000100":4513,"1|0|110110":23874,"1|0|010010":48202,"2|0|111000":2918,"2|0|111001":2397,"1|0|011101":83878,"2|1|010001":11688,"0|1|001000":4,"1|0|010011":51819,"1|0|011100":81116,"2|1|010000":11166}}
