{"probability":{"Group 13":"0.0","Group 12":"0.7633073348431613","Group 11":"0.0","Group 10":"0.0038070332397586435","Group  6":"0.0","Group  5":"0.0","Group  4":"0.004328810664638059","Group  3":"0.0","Group  2":"0.0","Group  1":"0.0007704307143836211","Group  9":"0.007004723867851138","Group  8":"0.0","Group  7":"0.2207816666702074"},"groups":{"Group 13":["Botan 1.5.6 & 1.11.29 & 2.1.0","Feitian JavaCOS A22 & A40","Gemalto GCX4 72K","HSM SafeNet Luna SA-1700","LibTomCrypt 1.17","Libgcrypt 1.6.0 & 1.6.5 & 1.7.6","Libgcrypt 1.6.0 FIPS & 1.6.5 FIPS","Nettle 3.2 & 3.3","Oberthur Cosmo 64","OpenSSL FIPS 2.0.12 & 2.0.14","PGPSDK 4","WolfSSL 2.0rc1 & 3.9.0 & 3.10.2","cryptlib 3.4.3 & 3.4.3.1"],"Group 12":["Bouncy Castle 1.53 (Java)","Cryptix JCE 20050328","FlexiProvider 1.7p7","HSM Utimaco Security Server Se50","Nettle 2.0","PolarSSL 0.10.0","PuTTY 0.67","SunRsaSign OpenJDK 1.8.0","mbedTLS 1.3.19 & 2.2.1 & 2.4.2"],"Group 11":["Bouncy Castle 1.54 (Java)","Crypto++ 5.6.0 & 5.6.3 & 5.6.5","Libgcrypt 1.7.6 FIPS","Microsoft CryptoAPI & CNG & .NET"],"Group 10":["NXP J2D081 & J2E145G","YubiKey NEO"],"Group  6":["Oberthur Cosmo Dual 72K"],"Group  5":["NXP J2A080 & J2A081 & J3A081 & JCOP 41 V2.2.1"],"Group  4":["Gemalto GXP E64"],"Group  3":["GNU Crypto 2.0.1"],"Group  2":["G&D SmartCafe 4.x & 6.0"],"Group  1":["G&D SmartCafe 3.2"],"Group  9":["Infineon JTOP 80K","YubiKey 4 & 4 Nano"],"Group  8":["PGPSDK 4 FIPS"],"Group  7":["OpenSSL 0.9.7 & 1.0.2g & 1.0.2k & 1.1.0e"]},"frequencies":{"1|1|000110":14083,"2|1|100011":4819,"2|1|101101":2596,"1|1|000111":13719,"2|1|101100":2737,"2|1|100010":5143,"2|0|000000":15370,"2|0|000001":14900,"1|0|111010":2084,"1|0|111011":1815,"1|1|011010":16227,"1|1|011011":15705,"2|0|110100":1516,"2|0|110101":1268,"1|0|100001":14840,"1|0|100000":15464,"2|1|100000":5678,"1|1|000100":14407,"2|1|100001":5351,"2|0|000011":14574,"2|0|001101":12211,"2|0|001100":12584,"2|0|000010":14777,"1|1|000101":14282,"2|1|010101":9714,"2|0|011010":7830,"2|1|010100":10170,"2|0|011011":7540,"1|0|100010":14430,"1|0|101100":8621,"1|0|101101":8088,"1|0|100011":13559,"2|1|100110":4084,"1|1|110101":4327,"2|1|100111":3899,"2|0|000101":14270,"2|0|000100":14226,"1|0|111110":582,"1|1|110100":4747,"1|0|111111":167,"1|0|100101":12303,"2|0|110001":1880,"2|0|110000":2107,"1|0|010101":15844,"1|0|010100":15948,"2|0|011001":8252,"2|0|011000":8664,"1|0|100100":13150,"2|1|100100":4545,"2|1|100101":4356,"2|0|000110":14038,"2|0|000111":13975,"1|0|111000":3032,"1|0|111001":2543,"2|0|110111":1017,"2|0|110110":1131,"2|0|011111":6033,"2|0|011110":6328,"1|0|100111":11314,"1|0|100110":11769,"1|1|001001":13857,"1|0|001001":14151,"1|0|001000":13786,"1|1|001000":13702,"1|1|110001":6105,"1|1|110000":6705,"1|1|010000":15499,"2|0|011101":6732,"2|1|111111":63,"2|1|111110":159,"2|0|010010":10909,"2|0|011100":7092,"2|0|010011":10405,"1|1|010001":15397,"1|0|101010":9558,"1|0|101011":9175,"1|0|001010":14239,"1|1|001111":15340,"1|0|001011":14357,"1|1|001110":15107,"2|1|101011":2975,"2|1|101010":3192,"1|1|110111":3367,"1|1|110110":3882,"1|1|010010":15586,"1|1|010011":15781,"1|1|011100":15699,"2|0|010001":10971,"2|1|111001":782,"2|1|111000":921,"2|0|010000":11399,"1|1|011101":16037,"1|1|000011":14592,"1|1|001100":14499,"1|1|001101":14844,"2|1|101001":3325,"1|1|000010":14925,"2|1|101000":3575,"1|1|111110":544,"1|1|111111":193,"2|1|111010":657,"1|1|011110":15972,"1|1|011111":15805,"2|0|010111":8980,"2|1|001000":13588,"2|1|001001":13202,"2|1|111011":507,"2|0|010110":9394,"1|0|101111":7334,"1|1|100101":12514,"1|1|100100":13112,"1|0|101110":7508,"1|1|000000":15369,"1|1|000001":15275,"2|1|101111":2164,"2|1|101110":2322,"1|1|110010":5784,"1|1|111101":1003,"1|1|110011":5273,"1|1|111100":1351,"1|1|011000":15772,"1|1|011001":15843,"2|1|001010":13262,"2|0|010100":10362,"2|1|001011":12635,"2|0|010101":9798,"1|0|101001":10090,"1|0|101000":10750,"1|0|000110":14089,"2|0|101101":2681,"2|0|100011":4844,"2|0|101100":2769,"2|0|100010":5080,"2|1|000001":14971,"2|1|000000":15612,"1|1|111011":1805,"1|0|000111":13895,"1|1|111010":2162,"1|0|011011":15988,"2|1|110100":1494,"1|0|011010":15817,"2|1|001100":12524,"2|1|110101":1257,"2|1|001101":12222,"1|1|100001":15116,"1|1|100000":15726,"1|0|000000":15441,"2|0|101111":2225,"2|0|101110":2356,"2|1|000111":13580,"2|1|000110":14094,"1|1|111000":3050,"1|0|000001":15168,"1|1|111001":2588,"1|0|011000":15782,"2|1|001110":11860,"2|1|110111":1060,"2|1|001111":11854,"2|1|110110":1170,"1|0|011001":15876,"1|1|100111":11365,"1|1|100110":11859,"1|0|000011":14796,"1|0|001100":14792,"1|0|000010":14633,"2|0|101001":3374,"2|0|101000":3608,"1|0|001101":14768,"2|1|110001":1879,"2|1|110000":2078,"2|1|011001":8120,"2|1|011000":8791,"1|1|010100":15780,"1|1|010101":15556,"1|1|101111":7007,"1|1|101110":7555,"2|0|101010":3135,"1|0|001111":15175,"1|1|001010":14333,"1|0|001110":14832,"1|1|001011":14495,"2|0|101011":2984,"2|1|000011":14765,"2|1|000010":14936,"1|1|010110":16043,"2|1|111101":311,"2|1|110010":1714,"2|1|111100":394,"2|1|110011":1628,"2|1|011010":7878,"2|1|011011":7457,"1|1|010111":15933,"1|1|101101":8191,"1|1|100011":13497,"1|1|101100":8513,"1|1|100010":14513,"1|0|110001":6137,"2|0|001011":12748,"2|0|001010":13240,"1|0|110000":6669,"2|0|111110":169,"2|0|111111":50,"1|1|101010":9747,"2|1|010010":10906,"2|1|011100":7134,"2|1|011101":6820,"1|0|010001":15194,"1|0|010000":15160,"2|1|010011":10515,"1|1|101011":8958,"1|0|111101":966,"2|0|100101":4297,"2|0|100100":4517,"1|0|110010":5762,"1|0|110011":5175,"1|0|111100":1375,"2|0|110010":1694,"2|0|111101":288,"2|0|110011":1525,"2|0|111100":388,"2|1|011111":5989,"1|0|010111":15767,"1|0|010110":15827,"2|1|011110":6325,"1|1|101001":10083,"1|1|101000":10817,"1|0|110100":4747,"1|0|110101":4273,"2|0|100111":3777,"2|0|100110":4011,"2|1|000101":14470,"2|0|001111":11715,"2|1|000100":14525,"2|0|001110":11916,"1|0|011110":16052,"2|0|111011":572,"2|0|111010":669,"2|1|010111":8970,"1|0|011111":15772,"2|1|010110":9483,"1|0|110111":3387,"2|0|100001":5396,"2|0|100000":5784,"2|0|001001":13370,"2|0|001000":13597,"1|0|000101":14253,"1|0|000100":14406,"1|0|110110":3860,"1|0|010010":15792,"2|0|111000":899,"2|0|111001":778,"1|0|011101":15845,"2|1|010001":11150,"1|0|010011":15661,"1|0|011100":15762,"2|1|010000":11265}}
