{"probability":{"Group 13":"0.0","Group 12":"0.5733747537943006","Group 11":"0.055607995195953816","Group 10":"0.00029635807215715003","Group  6":"0.0","Group  5":"0.0021185050872420935","Group  4":"0.025413693354758665","Group  3":"0.0","Group  2":"0.0","Group  1":"0.0","Group  9":"0.0030270581619423927","Group  8":"0.0","Group  7":"0.3401616363336454"},"groups":{"Group 13":["Botan 1.5.6 & 1.11.29 & 2.1.0","Feitian JavaCOS A22 & A40","Gemalto GCX4 72K","HSM SafeNet Luna SA-1700","LibTomCrypt 1.17","Libgcrypt 1.6.0 & 1.6.5 & 1.7.6","Libgcrypt 1.6.0 FIPS & 1.6.5 FIPS","Nettle 3.2 & 3.3","Oberthur Cosmo 64","OpenSSL FIPS 2.0.12 & 2.0.14","PGPSDK 4","WolfSSL 2.0rc1 & 3.9.0 & 3.10.2","cryptlib 3.4.3 & 3.4.3.1"],"Group 12":["Bouncy Castle 1.53 (Java)","Cryptix JCE 20050328","FlexiProvider 1.7p7","HSM Utimaco Security Server Se50","Nettle 2.0","PolarSSL 0.10.0","PuTTY 0.67","SunRsaSign OpenJDK 1.8.0","mbedTLS 1.3.19 & 2.2.1 & 2.4.2"],"Group 11":["Bouncy Castle 1.54 (Java)","Crypto++ 5.6.0 & 5.6.3 & 5.6.5","Libgcrypt 1.7.6 FIPS","Microsoft CryptoAPI & CNG & .NET"],"Group 10":["NXP J2D081 & J2E145G","YubiKey NEO"],"Group  6":["Oberthur Cosmo Dual 72K"],"Group  5":["NXP J2A080 & J2A081 & J3A081 & JCOP 41 V2.2.1"],"Group  4":["Gemalto GXP E64"],"Group  3":["GNU Crypto 2.0.1"],"Group  2":["G&D SmartCafe 4.x & 6.0"],"Group  1":["G&D SmartCafe 3.2"],"Group  9":["Infineon JTOP 80K","YubiKey 4 & 4 Nano"],"Group  8":["PGPSDK 4 FIPS"],"Group  7":["OpenSSL 0.9.7 & 1.0.2g & 1.0.2k & 1.1.0e"]},"frequencies":{"1|1|000110":8983,"2|1|100011":4615,"2|1|101101":2538,"1|1|000111":8828,"2|1|101100":2759,"2|1|100010":4854,"2|0|000000":9657,"2|0|000001":9479,"1|0|111010":2534,"1|0|111011":2048,"1|1|011010":16011,"1|1|011011":16444,"2|0|110100":1523,"2|0|110101":1322,"1|0|100001":16787,"1|0|100000":17361,"2|1|100000":5284,"1|1|000100":9387,"2|1|100001":5074,"2|0|000011":9394,"2|0|001101":8243,"2|0|001100":8381,"2|0|000010":9469,"1|1|000101":9162,"2|1|010101":7357,"2|0|011010":6406,"2|1|010100":7474,"2|0|011011":6428,"1|0|100010":15780,"1|0|101100":9725,"1|0|101101":9389,"1|0|100011":15291,"2|1|100110":3959,"1|1|110101":5045,"2|1|100111":3751,"2|0|000101":9121,"2|0|000100":9007,"1|0|111110":627,"1|1|110100":5421,"1|0|111111":226,"1|0|100101":14224,"2|0|110001":1900,"2|0|110000":2104,"1|0|010101":14691,"1|0|010100":14241,"2|0|011001":6632,"2|0|011000":6568,"1|0|100100":14620,"2|1|100100":4413,"2|1|100101":4152,"2|0|000110":8999,"2|0|000111":8952,"1|0|111000":3516,"1|0|111001":3001,"2|0|110111":1111,"2|0|110110":1214,"2|0|011111":5538,"2|0|011110":5645,"1|0|100111":12783,"1|0|100110":13277,"1|1|001001":9457,"1|0|001001":9631,"1|0|001000":9024,"1|1|001000":8859,"1|1|110001":7133,"1|1|110000":7645,"1|1|010000":12733,"2|0|011101":6003,"2|1|111111":51,"2|1|111110":155,"2|0|010010":7835,"2|0|011100":6077,"2|0|010011":7585,"1|1|010001":13097,"1|0|101010":10951,"1|0|101011":10532,"1|0|001010":10114,"1|1|001111":12421,"1|0|001011":10482,"1|1|001110":11860,"2|1|101011":2939,"2|1|101010":3173,"1|1|110111":3998,"1|1|110110":4546,"1|1|010010":13491,"1|1|010011":13917,"1|1|011100":16540,"2|0|010001":7850,"2|1|111001":870,"2|1|111000":956,"2|0|010000":7924,"1|1|011101":17021,"1|1|000011":9279,"1|1|001100":10834,"1|1|001101":11402,"2|1|101001":3336,"1|1|000010":9422,"2|1|101000":3405,"1|1|111110":639,"1|1|111111":233,"2|1|111010":687,"1|1|011110":17246,"1|1|011111":17677,"2|0|010111":6991,"2|1|001000":8736,"2|1|001001":8575,"2|1|111011":572,"2|0|010110":7195,"1|0|101111":8236,"1|1|100101":14079,"1|1|100100":14485,"1|0|101110":8635,"1|1|000000":9958,"1|1|000001":9764,"2|1|101111":2344,"2|1|101110":2456,"1|1|110010":6634,"1|1|111101":1153,"1|1|110011":5928,"1|1|111100":1633,"1|1|011000":15531,"1|1|011001":15717,"2|1|001010":8719,"2|0|010100":7710,"2|1|001011":8330,"2|0|010101":7410,"1|0|101001":11633,"1|0|101000":12013,"1|0|000110":9085,"2|0|101101":2711,"2|0|100011":4766,"2|0|101100":2850,"2|0|100010":4800,"2|1|000001":9654,"2|1|000000":9943,"1|1|111011":2028,"1|0|000111":8867,"1|1|111010":2623,"1|0|011011":16420,"2|1|110100":1511,"1|0|011010":16171,"2|1|001100":8511,"2|1|110101":1364,"2|1|001101":8326,"1|1|100001":16730,"1|1|100000":17433,"1|0|000000":9798,"2|0|101111":2280,"2|0|101110":2436,"2|1|000111":8618,"2|1|000110":8965,"1|1|111000":3373,"1|0|000001":9764,"1|1|111001":2933,"1|0|011000":15505,"2|1|001110":8124,"2|1|110111":1148,"2|1|001111":8225,"2|1|110110":1169,"1|0|011001":15946,"1|1|100111":12946,"1|1|100110":13264,"1|0|000011":9555,"1|0|001100":11079,"1|0|000010":9389,"2|0|101001":3334,"2|0|101000":3567,"1|0|001101":11180,"2|1|110001":1950,"2|1|110000":2142,"2|1|011001":6508,"2|1|011000":6836,"1|1|010100":14161,"1|1|010101":14672,"1|1|101111":8021,"1|1|101110":8508,"2|0|101010":3076,"1|0|001111":12293,"1|1|001010":10062,"1|0|001110":11879,"1|1|001011":10421,"2|0|101011":2930,"2|1|000011":9226,"2|1|000010":9475,"1|1|010110":14812,"2|1|111101":321,"2|1|110010":1792,"2|1|111100":429,"2|1|110011":1627,"2|1|011010":6382,"2|1|011011":6171,"1|1|010111":15256,"1|1|101101":9352,"1|1|100011":15242,"1|1|101100":9796,"1|1|100010":15657,"1|0|110001":7004,"2|0|001011":8404,"2|0|001010":8682,"1|0|110000":7469,"2|0|111110":176,"2|0|111111":60,"1|1|101010":11116,"2|1|010010":7755,"2|1|011100":6081,"2|1|011101":5890,"1|0|010001":13012,"1|0|010000":12708,"2|1|010011":7658,"1|1|101011":10321,"1|0|111101":1123,"2|0|100101":4188,"2|0|100100":4306,"1|0|110010":6669,"1|0|110011":6015,"1|0|111100":1594,"2|0|110010":1794,"2|0|111101":338,"2|0|110011":1639,"2|0|111100":453,"2|1|011111":5504,"1|0|010111":15251,"1|0|010110":14735,"2|1|011110":5693,"1|1|101001":11588,"1|1|101000":12123,"1|0|110100":5511,"1|0|110101":4890,"2|0|100111":3762,"2|0|100110":3951,"2|1|000101":9340,"2|0|001111":8040,"2|1|000100":9304,"2|0|001110":8123,"1|0|011110":17401,"2|0|111011":573,"2|0|111010":685,"2|1|010111":6982,"1|0|011111":17613,"2|1|010110":7263,"1|0|110111":4019,"2|0|100001":5138,"2|0|100000":5235,"2|0|001001":8682,"2|0|001000":8752,"1|0|000101":9092,"1|0|000100":9329,"1|0|110110":4563,"1|0|010010":13664,"2|0|111000":945,"2|0|111001":866,"1|0|011101":16951,"2|1|010001":7878,"1|0|010011":13655,"1|0|011100":16769,"2|1|010000":7903}}
