{"probability":{"Group 13":"0.07462906580016232","Group 12":"0.06740165315232133","Group 11":"0.09391787777216856","Group 10":"0.0","Group  6":"0.00010379156974301136","Group  5":"0.0","Group  4":"0.004614449070309073","Group  3":"0.0003896178067983442","Group  2":"0.0","Group  1":"0.0","Group  9":"0.000008557707022808299","Group  8":"0.03239215602792249","Group  7":"0.7265428310935521"},"groups":{"Group 13":["Botan 1.5.6 & 1.11.29 & 2.1.0","Feitian JavaCOS A22 & A40","Gemalto GCX4 72K","HSM SafeNet Luna SA-1700","LibTomCrypt 1.17","Libgcrypt 1.6.0 & 1.6.5 & 1.7.6","Libgcrypt 1.6.0 FIPS & 1.6.5 FIPS","Nettle 3.2 & 3.3","Oberthur Cosmo 64","OpenSSL FIPS 2.0.12 & 2.0.14","PGPSDK 4","WolfSSL 2.0rc1 & 3.9.0 & 3.10.2","cryptlib 3.4.3 & 3.4.3.1"],"Group 12":["Bouncy Castle 1.53 (Java)","Cryptix JCE 20050328","FlexiProvider 1.7p7","HSM Utimaco Security Server Se50","Nettle 2.0","PolarSSL 0.10.0","PuTTY 0.67","SunRsaSign OpenJDK 1.8.0","mbedTLS 1.3.19 & 2.2.1 & 2.4.2"],"Group 11":["Bouncy Castle 1.54 (Java)","Crypto++ 5.6.0 & 5.6.3 & 5.6.5","Libgcrypt 1.7.6 FIPS","Microsoft CryptoAPI & CNG & .NET"],"Group 10":["NXP J2D081 & J2E145G","YubiKey NEO"],"Group  6":["Oberthur Cosmo Dual 72K"],"Group  5":["NXP J2A080 & J2A081 & J3A081 & JCOP 41 V2.2.1"],"Group  4":["Gemalto GXP E64"],"Group  3":["GNU Crypto 2.0.1"],"Group  2":["G&D SmartCafe 4.x & 6.0"],"Group  1":["G&D SmartCafe 3.2"],"Group  9":["Infineon JTOP 80K","YubiKey 4 & 4 Nano"],"Group  8":["PGPSDK 4 FIPS"],"Group  7":["OpenSSL 0.9.7 & 1.0.2g & 1.0.2k & 1.1.0e"]},"frequencies":{"1|1|000110":4469,"2|1|100011":7642,"2|1|101101":4964,"1|1|000111":4556,"2|1|101100":5087,"2|1|100010":8217,"2|0|000000":4335,"2|0|000001":3909,"1|0|111010":11850,"1|0|111011":9781,"1|1|011010":63627,"1|1|011011":66272,"2|0|110100":2998,"2|0|110101":2888,"1|0|100001":72759,"1|0|100000":75563,"2|1|100000":8804,"1|1|000100":4220,"2|1|100001":8372,"2|0|000011":4107,"2|0|001101":6261,"2|0|001100":6036,"2|0|000010":4119,"1|1|000101":4301,"2|1|010101":8021,"2|0|011010":9407,"2|1|010100":8072,"2|0|011011":9301,"1|0|100010":69875,"1|0|101100":44240,"1|0|101101":41865,"1|0|100011":66879,"2|1|100110":6924,"1|1|110101":23165,"2|1|100111":6505,"2|0|000101":4269,"2|0|000100":4250,"1|0|111110":3440,"1|1|110100":25191,"1|0|111111":1375,"1|0|100101":61511,"2|0|110001":3859,"2|0|110000":4061,"1|0|010101":48514,"1|0|010100":45729,"2|0|011001":9021,"2|0|011000":8912,"1|0|100100":64823,"2|1|100100":7444,"2|1|100101":7220,"2|0|000110":4447,"2|0|000111":4518,"1|0|111000":16287,"1|0|111001":14088,"2|0|110111":2412,"2|0|110110":2561,"2|0|011111":8945,"2|0|011110":9001,"1|0|100111":56484,"1|0|100110":59437,"1|1|001001":9837,"1|0|001001":9885,"1|0|001000":6379,"1|1|001000":6390,"1|1|110001":32331,"1|1|110000":34416,"1|1|010000":33353,"2|0|011101":8994,"2|1|111111":438,"2|1|111110":649,"2|0|010010":7385,"2|0|011100":9058,"2|0|010011":7742,"1|1|010001":36589,"1|0|101010":48896,"1|0|101011":46760,"1|0|001010":13533,"1|1|001111":29971,"1|0|001011":17000,"1|1|001110":26948,"2|1|101011":5459,"2|1|101010":5818,"1|1|110111":18567,"1|1|110110":20587,"1|1|010010":39667,"1|1|010011":42798,"1|1|011100":68012,"2|0|010001":7374,"2|1|111001":1780,"2|1|111000":2085,"2|0|010000":7008,"1|1|011101":70656,"1|1|000011":4091,"1|1|001100":20145,"1|1|001101":23537,"2|1|101001":6034,"1|1|000010":4025,"2|1|101000":6286,"1|1|111110":3393,"1|1|111111":1301,"2|1|111010":1608,"1|1|011110":72960,"1|1|011111":75441,"2|0|010111":8720,"2|1|001000":4838,"2|1|001001":5051,"2|1|111011":1355,"2|0|010110":8549,"1|0|101111":37128,"1|1|100101":62068,"1|1|100100":64764,"1|0|101110":39805,"1|1|000000":4350,"1|1|000001":4035,"2|1|101111":4322,"2|1|101110":4623,"1|1|110010":30011,"1|1|111101":5548,"1|1|110011":27521,"1|1|111100":7670,"1|1|011000":57685,"1|1|011001":60728,"2|1|001010":5323,"2|0|010100":7835,"2|1|001011":5621,"2|0|010101":8296,"1|0|101001":51673,"1|0|101000":54292,"1|0|000110":4429,"2|0|101101":4837,"2|0|100011":7664,"2|0|101100":5184,"2|0|100010":8192,"2|1|000001":4194,"2|1|000000":4405,"1|1|111011":9749,"1|0|000111":4572,"1|1|111010":12345,"1|0|011011":65665,"2|1|110100":3078,"1|0|011010":63434,"2|1|001100":5936,"2|1|110101":2869,"2|1|001101":6188,"1|1|100001":72560,"1|1|100000":75340,"1|0|000000":4305,"2|0|101111":4331,"2|0|101110":4540,"2|1|000111":4576,"2|1|000110":4561,"1|1|111000":16339,"1|0|000001":4016,"1|1|111001":14200,"1|0|011000":57348,"2|1|001110":6239,"2|1|110111":2366,"2|1|001111":6880,"2|1|110110":2568,"1|0|011001":60600,"1|1|100111":56621,"1|1|100110":59012,"1|0|000011":4240,"1|0|001100":20444,"1|0|000010":4097,"2|0|101001":5896,"2|0|101000":6249,"1|0|001101":23235,"2|1|110001":3800,"2|1|110000":4029,"2|1|011001":9183,"2|1|011000":8931,"1|1|010100":45779,"1|1|010101":48620,"1|1|101111":36859,"1|1|101110":39121,"2|0|101010":5717,"1|0|001111":30017,"1|1|001010":13478,"1|0|001110":26960,"1|1|001011":16839,"2|0|101011":5550,"2|1|000011":4258,"2|1|000010":4021,"1|1|010110":51938,"2|1|111101":858,"2|1|110010":3653,"2|1|111100":1132,"2|1|110011":3307,"2|1|011010":9302,"2|1|011011":9236,"1|1|010111":54999,"1|1|101101":41434,"1|1|100011":67548,"1|1|101100":44045,"1|1|100010":69780,"1|0|110001":32403,"2|0|001011":5707,"2|0|001010":5378,"1|0|110000":34662,"2|0|111110":623,"2|0|111111":481,"1|1|101010":49158,"2|1|010010":7512,"2|1|011100":9229,"2|1|011101":9176,"1|0|010001":36381,"1|0|010000":33613,"2|1|010011":7641,"1|1|101011":46007,"1|0|111101":5663,"2|0|100101":7126,"2|0|100100":7414,"1|0|110010":29873,"1|0|110011":27497,"1|0|111100":7728,"2|0|110010":3549,"2|0|111101":876,"2|0|110011":3385,"2|0|111100":1100,"2|1|011111":8831,"1|0|010111":54462,"1|0|010110":51694,"2|1|011110":8974,"1|1|101001":51852,"1|1|101000":53776,"1|0|110100":25199,"1|0|110101":23158,"2|0|100111":6606,"2|0|100110":6816,"2|1|000101":4250,"2|0|001111":6662,"2|1|000100":4165,"2|0|001110":6286,"1|0|011110":73458,"2|0|111011":1339,"2|0|111010":1548,"2|1|010111":8758,"1|0|011111":75788,"2|1|010110":8679,"1|0|110111":18755,"2|0|100001":8563,"2|0|100000":8874,"2|0|001001":5028,"2|0|001000":4754,"1|0|000101":4275,"1|0|000100":4230,"1|0|110110":20822,"1|0|010010":39764,"2|0|111000":2090,"2|0|111001":1794,"1|0|011101":70474,"2|1|010001":7144,"1|0|010011":42918,"1|0|011100":67937,"2|1|010000":6965}}
