{"probability":{"Group 13":"0.03693189982574532","Group 12":"0.03327835737665722","Group 11":"0.22464243478479456","Group 10":"0.000111573206814546","Group  6":"0.0001757898528224197","Group  5":"0.0","Group  4":"0.002069355935340004","Group  3":"0.00003340920152506826","Group  2":"0.0","Group  1":"0.0","Group  9":"0.00014937741037752384","Group  8":"0.0053002898767214495","Group  7":"0.6973075125292018"},"groups":{"Group 13":["Botan 1.5.6 & 1.11.29 & 2.1.0","Feitian JavaCOS A22 & A40","Gemalto GCX4 72K","HSM SafeNet Luna SA-1700","LibTomCrypt 1.17","Libgcrypt 1.6.0 & 1.6.5 & 1.7.6","Libgcrypt 1.6.0 FIPS & 1.6.5 FIPS","Nettle 3.2 & 3.3","Oberthur Cosmo 64","OpenSSL FIPS 2.0.12 & 2.0.14","PGPSDK 4","WolfSSL 2.0rc1 & 3.9.0 & 3.10.2","cryptlib 3.4.3 & 3.4.3.1"],"Group 12":["Bouncy Castle 1.53 (Java)","Cryptix JCE 20050328","FlexiProvider 1.7p7","HSM Utimaco Security Server Se50","Nettle 2.0","PolarSSL 0.10.0","PuTTY 0.67","SunRsaSign OpenJDK 1.8.0","mbedTLS 1.3.19 & 2.2.1 & 2.4.2"],"Group 11":["Bouncy Castle 1.54 (Java)","Crypto++ 5.6.0 & 5.6.3 & 5.6.5","Libgcrypt 1.7.6 FIPS","Microsoft CryptoAPI & CNG & .NET"],"Group 10":["NXP J2D081 & J2E145G","YubiKey NEO"],"Group  6":["Oberthur Cosmo Dual 72K"],"Group  5":["NXP J2A080 & J2A081 & J3A081 & JCOP 41 V2.2.1"],"Group  4":["Gemalto GXP E64"],"Group  3":["GNU Crypto 2.0.1"],"Group  2":["G&D SmartCafe 4.x & 6.0"],"Group  1":["G&D SmartCafe 3.2"],"Group  9":["Infineon JTOP 80K","YubiKey 4 & 4 Nano"],"Group  8":["PGPSDK 4 FIPS"],"Group  7":["OpenSSL 0.9.7 & 1.0.2g & 1.0.2k & 1.1.0e"]},"frequencies":{"1|1|000110":6942,"2|1|100011":16104,"2|1|101101":10020,"1|1|000111":7714,"2|1|101100":10701,"2|1|100010":16930,"2|0|000000":3317,"2|0|000001":3673,"1|0|111010":20532,"1|0|111011":16689,"1|1|011010":114270,"1|1|011011":118417,"2|0|110100":5978,"2|0|110101":5477,"1|0|100001":128826,"1|0|100000":133629,"2|1|100000":18479,"1|1|000100":5547,"2|1|100001":17602,"2|0|000011":5069,"2|0|001101":12121,"2|0|001100":11601,"2|0|000010":4471,"1|1|000101":6291,"2|1|010101":17853,"2|0|011010":21053,"2|1|010100":17047,"2|0|011011":20724,"1|0|100010":122724,"1|0|101100":77868,"1|0|101101":73615,"1|0|100011":118783,"2|1|100110":14102,"1|1|110101":40535,"2|1|100111":13776,"2|0|000101":6347,"2|0|000100":5764,"1|0|111110":5694,"1|1|110100":44453,"1|0|111111":2103,"1|0|100101":108934,"2|0|110001":7741,"2|0|110000":8284,"1|0|010101":87766,"1|0|010100":82125,"2|0|011001":20071,"2|0|011000":19566,"1|0|100100":114012,"2|1|100100":15562,"2|1|100101":14946,"0|0|011100":1,"2|0|000110":6994,"2|0|000111":7595,"1|0|111000":28346,"1|0|111001":24731,"2|0|110111":4499,"2|0|110110":5014,"2|0|011111":18756,"2|0|011110":19274,"1|0|100111":100051,"1|0|100110":105049,"1|1|001001":17703,"1|0|001001":17596,"1|0|001000":11043,"1|1|001000":11294,"1|1|110001":56304,"1|1|110000":61361,"1|1|010000":59773,"2|0|011101":19513,"2|1|111111":633,"2|1|111110":882,"2|0|010010":15699,"2|0|011100":20031,"2|0|010011":16462,"1|1|010001":65892,"1|0|101010":86385,"1|0|101011":82581,"1|0|001010":23756,"1|1|001111":53971,"1|0|001011":30291,"1|1|001110":48162,"2|1|101011":11123,"2|1|101010":11740,"1|1|110111":32271,"1|1|110110":36349,"1|1|010010":71274,"1|1|010011":76754,"1|1|011100":121443,"2|0|010001":14955,"2|1|111001":3319,"2|1|111000":3931,"2|0|010000":14331,"1|1|011101":126124,"1|1|000011":5051,"1|1|001100":35784,"1|1|001101":42036,"2|1|101001":12356,"1|1|000010":4490,"2|1|101000":13246,"1|1|111110":5635,"1|1|111111":2211,"2|1|111010":2846,"1|1|011110":129656,"1|1|011111":133394,"2|0|010111":18965,"2|1|001000":8180,"2|1|001001":9249,"2|1|111011":2460,"2|0|010110":18538,"1|0|101111":64919,"1|1|100101":109448,"1|1|100100":114286,"1|0|101110":69223,"1|1|000000":3316,"1|1|000001":3924,"2|1|101111":8939,"2|1|101110":9619,"1|1|110010":52551,"1|1|111101":9425,"1|1|110011":48432,"1|1|111100":13120,"1|1|011000":104008,"1|1|011001":108781,"2|1|001010":9994,"2|0|010100":16995,"2|1|001011":10812,"2|0|010101":17750,"1|0|101001":90966,"1|0|101000":96228,"1|0|000110":6916,"2|0|101101":10074,"2|0|100011":16176,"2|0|101100":10532,"2|0|100010":16844,"2|1|000001":3790,"2|1|000000":3411,"1|1|111011":16885,"1|0|000111":7532,"1|1|111010":20802,"1|0|011011":117904,"2|1|110100":5904,"1|0|011010":113838,"2|1|001100":11420,"2|1|110101":5534,"2|1|001101":12073,"1|1|100001":128211,"1|1|100000":133789,"1|0|000000":3341,"2|0|101111":9030,"2|0|101110":9293,"2|1|000111":7551,"2|1|000110":7070,"1|1|111000":28505,"1|0|000001":3761,"1|1|111001":24420,"1|0|011000":103661,"2|1|001110":12845,"2|1|110111":4493,"2|1|001111":13862,"2|1|110110":4994,"1|0|011001":109065,"1|1|100111":99590,"1|1|100110":104743,"1|0|000011":5243,"1|0|001100":36189,"1|0|000010":4421,"2|0|101001":12286,"2|0|101000":12980,"1|0|001101":41725,"2|1|110001":7640,"2|1|110000":8364,"2|1|011001":20077,"2|1|011000":19536,"1|1|010100":82517,"1|1|010101":87546,"1|1|101111":64978,"1|1|101110":68744,"2|0|101010":11946,"1|0|001111":54421,"1|1|001010":23825,"1|0|001110":48243,"1|1|001011":30262,"2|0|101011":11416,"2|1|000011":5073,"2|1|000010":4443,"1|1|010110":93355,"2|1|111101":1332,"0|1|101010":1,"2|1|110010":7333,"2|1|111100":1789,"2|1|110011":6546,"2|1|011010":20778,"2|1|011011":20440,"1|1|010111":98497,"1|1|101101":73340,"1|1|100011":119119,"1|1|101100":78078,"1|1|100010":123690,"1|0|110001":56319,"2|0|001011":10799,"2|0|001010":9932,"1|0|110000":61251,"2|0|111110":900,"2|0|111111":639,"1|1|101010":86862,"2|1|010010":15566,"2|1|011100":19995,"2|1|011101":19763,"1|0|010001":65297,"1|0|010000":59688,"2|1|010011":16282,"1|1|101011":81833,"1|0|111101":9315,"2|0|100101":14730,"2|0|100100":15604,"1|0|110010":52371,"1|0|110011":48589,"1|0|111100":13122,"2|0|110010":7141,"2|0|111101":1379,"2|0|110011":6554,"2|0|111100":1831,"2|1|011111":18631,"1|0|010111":98358,"1|0|010110":93240,"2|1|011110":18969,"1|1|101001":92295,"1|1|101000":95736,"1|0|110100":44382,"1|0|110101":40510,"2|0|100111":13470,"2|0|100110":14596,"2|1|000101":6375,"2|0|001111":13550,"2|1|000100":5735,"2|0|001110":12950,"1|0|011110":130335,"2|0|111011":2353,"2|0|111010":2776,"2|1|010111":19219,"1|0|011111":134415,"2|1|010110":18454,"1|0|110111":32181,"2|0|100001":17549,"2|0|100000":18496,"2|0|001001":9264,"2|0|001000":8433,"1|0|000101":6320,"1|0|000100":5777,"1|0|110110":36004,"1|0|010010":71321,"2|0|111000":3910,"2|0|111001":3316,"1|0|011101":126113,"2|1|010001":15030,"1|0|010011":77271,"1|0|011100":121401,"2|1|010000":14326}}
