{"probability":{"Group 13":"0.10776662043884094","Group 12":"0.028267600674460356","Group 11":"0.1490324705760315","Group 10":"0.0003715372466520375","Group  6":"0.0009584789024586766","Group  5":"0.0","Group  4":"0.001165799760119542","Group  3":"0.0","Group  2":"0.0","Group  1":"0.0","Group  9":"0.00018163194274782566","Group  8":"0.008732064448742789","Group  7":"0.7035237960099463"},"groups":{"Group 13":["Botan 1.5.6 & 1.11.29 & 2.1.0","Feitian JavaCOS A22 & A40","Gemalto GCX4 72K","HSM SafeNet Luna SA-1700","LibTomCrypt 1.17","Libgcrypt 1.6.0 & 1.6.5 & 1.7.6","Libgcrypt 1.6.0 FIPS & 1.6.5 FIPS","Nettle 3.2 & 3.3","Oberthur Cosmo 64","OpenSSL FIPS 2.0.12 & 2.0.14","PGPSDK 4","WolfSSL 2.0rc1 & 3.9.0 & 3.10.2","cryptlib 3.4.3 & 3.4.3.1"],"Group 12":["Bouncy Castle 1.53 (Java)","Cryptix JCE 20050328","FlexiProvider 1.7p7","HSM Utimaco Security Server Se50","Nettle 2.0","PolarSSL 0.10.0","PuTTY 0.67","SunRsaSign OpenJDK 1.8.0","mbedTLS 1.3.19 & 2.2.1 & 2.4.2"],"Group 11":["Bouncy Castle 1.54 (Java)","Crypto++ 5.6.0 & 5.6.3 & 5.6.5","Libgcrypt 1.7.6 FIPS","Microsoft CryptoAPI & CNG & .NET"],"Group 10":["NXP J2D081 & J2E145G","YubiKey NEO"],"Group  6":["Oberthur Cosmo Dual 72K"],"Group  5":["NXP J2A080 & J2A081 & J3A081 & JCOP 41 V2.2.1"],"Group  4":["Gemalto GXP E64"],"Group  3":["GNU Crypto 2.0.1"],"Group  2":["G&D SmartCafe 4.x & 6.0"],"Group  1":["G&D SmartCafe 3.2"],"Group  9":["Infineon JTOP 80K","YubiKey 4 & 4 Nano"],"Group  8":["PGPSDK 4 FIPS"],"Group  7":["OpenSSL 0.9.7 & 1.0.2g & 1.0.2k & 1.1.0e"]},"frequencies":{"1|1|000110":2275,"2|1|100011":7499,"2|1|101101":4603,"1|1|000111":2516,"2|1|101100":4904,"2|1|100010":7703,"2|0|000000":1272,"2|0|000001":1396,"1|0|111010":9023,"1|0|111011":7472,"1|1|011010":49424,"1|1|011011":51433,"2|0|110100":2778,"2|0|110101":2661,"1|0|100001":56809,"1|0|100000":59205,"2|1|100000":8585,"1|1|000100":1907,"2|1|100001":8148,"2|0|000011":1863,"2|0|001101":4566,"2|0|001100":4249,"2|0|000010":1591,"1|1|000101":2124,"2|1|010101":7183,"2|0|011010":8558,"2|1|010100":6831,"2|0|011011":8763,"1|0|100010":54390,"1|0|101100":34390,"1|0|101101":32519,"1|0|100011":52203,"2|1|100110":6648,"1|1|110101":17988,"2|1|100111":6313,"2|0|000101":2109,"2|0|000100":1972,"1|0|111110":2410,"1|1|110100":19409,"1|0|111111":929,"1|0|100101":48023,"2|0|110001":3631,"2|0|110000":3835,"1|0|010101":38180,"1|0|010100":35413,"2|0|011001":8211,"2|0|011000":8066,"1|0|100100":50395,"2|1|100100":7101,"2|1|100101":6893,"2|0|000110":2294,"2|0|000111":2433,"1|0|111000":12518,"1|0|111001":10914,"2|0|110111":1992,"2|0|110110":2374,"2|0|011111":8741,"2|0|011110":8685,"1|0|100111":44474,"1|0|100110":46598,"1|1|001001":6823,"1|0|001001":6831,"1|0|001000":3880,"1|1|001000":3975,"1|1|110001":24823,"1|1|110000":27085,"1|1|010000":25420,"2|0|011101":8593,"2|1|111111":251,"2|1|111110":434,"2|0|010010":6126,"2|0|011100":8675,"2|0|010011":6357,"1|1|010001":28327,"1|0|101010":38347,"1|0|101011":36519,"1|0|001010":9845,"1|1|001111":23000,"1|0|001011":12289,"1|1|001110":20257,"2|1|101011":5163,"2|1|101010":5561,"1|1|110111":14446,"1|1|110110":16108,"1|1|010010":30707,"1|1|010011":33079,"1|1|011100":53588,"2|0|010001":5937,"2|1|111001":1539,"2|1|111000":1795,"2|0|010000":5515,"1|1|011101":55233,"1|1|000011":1805,"1|1|001100":15178,"1|1|001101":17684,"2|1|101001":5704,"1|1|000010":1636,"2|1|101000":6096,"1|1|111110":2577,"1|1|111111":975,"2|1|111010":1288,"1|1|011110":56859,"1|1|011111":59083,"2|0|010111":7756,"2|1|001000":2711,"2|1|001001":3174,"2|1|111011":1095,"2|0|010110":7457,"1|0|101111":28735,"1|1|100101":48442,"1|1|100100":50443,"1|0|101110":30912,"1|1|000000":1267,"1|1|000001":1434,"2|1|101111":4072,"2|1|101110":4490,"1|1|110010":23350,"1|1|111101":4215,"1|1|110011":21463,"1|1|111100":5704,"1|1|011000":44772,"1|1|011001":46939,"2|1|001010":3565,"2|0|010100":6838,"2|1|001011":3917,"2|0|010101":7147,"1|0|101001":40243,"1|0|101000":42255,"1|0|000110":2336,"2|0|101101":4654,"2|0|100011":7553,"2|0|101100":4905,"2|0|100010":7837,"2|1|000001":1429,"2|1|000000":1282,"1|1|111011":7566,"1|0|000111":2488,"1|1|111010":9274,"1|0|011011":51073,"2|1|110100":2866,"1|0|011010":49497,"2|1|001100":4181,"2|1|110101":2547,"2|1|001101":4471,"1|1|100001":56258,"1|1|100000":58709,"1|0|000000":1250,"2|0|101111":4293,"2|0|101110":4467,"2|1|000111":2398,"2|1|000110":2286,"1|1|111000":12501,"1|0|000001":1471,"1|1|111001":10901,"1|0|011000":44954,"2|1|001110":4982,"2|1|110111":2081,"2|1|001111":5234,"2|1|110110":2298,"1|0|011001":47366,"1|1|100111":44145,"1|1|100110":46110,"1|0|000011":1805,"1|0|001100":15123,"1|0|000010":1628,"2|0|101001":5807,"2|0|101000":6145,"1|0|001101":17608,"2|1|110001":3555,"2|1|110000":3983,"2|1|011001":8419,"2|1|011000":7952,"1|1|010100":35708,"1|1|010101":37718,"1|1|101111":28610,"1|1|101110":30906,"2|0|101010":5640,"1|0|001111":22889,"1|1|001010":9610,"1|0|001110":20326,"1|1|001011":12380,"2|0|101011":5129,"2|1|000011":1826,"2|1|000010":1624,"1|1|010110":40310,"2|1|111101":665,"2|1|110010":3244,"2|1|111100":849,"2|1|110011":3132,"2|1|011010":8636,"2|1|011011":8777,"1|1|010111":42717,"1|1|101101":32526,"1|1|100011":52470,"1|1|101100":34582,"1|1|100010":54714,"1|0|110001":25177,"2|0|001011":3885,"2|0|001010":3493,"1|0|110000":27042,"2|0|111110":426,"2|0|111111":270,"1|1|101010":38306,"2|1|010010":6301,"2|1|011100":8599,"2|1|011101":8491,"1|0|010001":28209,"1|0|010000":25514,"2|1|010011":6512,"1|1|101011":36043,"1|0|111101":4197,"2|0|100101":6844,"2|0|100100":7275,"1|0|110010":23384,"1|0|110011":21096,"1|0|111100":5856,"2|0|110010":3395,"2|0|111101":671,"2|0|110011":3035,"2|0|111100":886,"2|1|011111":8651,"1|0|010111":42806,"1|0|010110":40340,"2|1|011110":8538,"1|1|101001":40519,"1|1|101000":41797,"1|0|110100":19403,"1|0|110101":18005,"2|0|100111":6356,"2|0|100110":6581,"2|1|000101":2137,"2|0|001111":5195,"2|1|000100":1997,"2|0|001110":4933,"1|0|011110":57515,"2|0|111011":1119,"2|0|111010":1300,"2|1|010111":7876,"1|0|011111":59183,"2|1|010110":7398,"1|0|110111":14188,"2|0|100001":8302,"2|0|100000":8600,"2|0|001001":3151,"2|0|001000":2691,"1|0|000101":2106,"1|0|000100":2008,"1|0|110110":16166,"1|0|010010":30498,"2|0|111000":1794,"2|0|111001":1556,"1|0|011101":55135,"2|1|010001":5977,"1|0|010011":33129,"1|0|011100":53473,"2|1|010000":5567}}
