{"probability":{"Group 13":"0.0","Group 12":"0.36472914224641334","Group 11":"0.04120367043176157","Group 10":"0.0005862420284411946","Group  6":"0.0","Group  5":"0.001976362971804085","Group  4":"0.018529864429265127","Group  3":"0.0","Group  2":"0.0","Group  1":"0.0","Group  9":"0.0013928747306479325","Group  8":"0.0","Group  7":"0.5715818431616668"},"groups":{"Group 13":["Botan 1.5.6 & 1.11.29 & 2.1.0","Feitian JavaCOS A22 & A40","Gemalto GCX4 72K","HSM SafeNet Luna SA-1700","LibTomCrypt 1.17","Libgcrypt 1.6.0 & 1.6.5 & 1.7.6","Libgcrypt 1.6.0 FIPS & 1.6.5 FIPS","Nettle 3.2 & 3.3","Oberthur Cosmo 64","OpenSSL FIPS 2.0.12 & 2.0.14","PGPSDK 4","WolfSSL 2.0rc1 & 3.9.0 & 3.10.2","cryptlib 3.4.3 & 3.4.3.1"],"Group 12":["Bouncy Castle 1.53 (Java)","Cryptix JCE 20050328","FlexiProvider 1.7p7","HSM Utimaco Security Server Se50","Nettle 2.0","PolarSSL 0.10.0","PuTTY 0.67","SunRsaSign OpenJDK 1.8.0","mbedTLS 1.3.19 & 2.2.1 & 2.4.2"],"Group 11":["Bouncy Castle 1.54 (Java)","Crypto++ 5.6.0 & 5.6.3 & 5.6.5","Libgcrypt 1.7.6 FIPS","Microsoft CryptoAPI & CNG & .NET"],"Group 10":["NXP J2D081 & J2E145G","YubiKey NEO"],"Group  6":["Oberthur Cosmo Dual 72K"],"Group  5":["NXP J2A080 & J2A081 & J3A081 & JCOP 41 V2.2.1"],"Group  4":["Gemalto GXP E64"],"Group  3":["GNU Crypto 2.0.1"],"Group  2":["G&D SmartCafe 4.x & 6.0"],"Group  1":["G&D SmartCafe 3.2"],"Group  9":["Infineon JTOP 80K","YubiKey 4 & 4 Nano"],"Group  8":["PGPSDK 4 FIPS"],"Group  7":["OpenSSL 0.9.7 & 1.0.2g & 1.0.2k & 1.1.0e"]},"frequencies":{"1|1|000110":2674,"2|1|100011":1392,"2|1|101101":776,"1|1|000111":2619,"2|1|101100":927,"2|1|100010":1506,"2|0|000000":2986,"2|0|000001":2871,"1|0|111010":1668,"1|0|111011":1326,"1|1|011010":9443,"1|1|011011":9778,"2|0|110100":471,"2|0|110101":451,"1|0|100001":10658,"1|0|100000":11256,"2|1|100000":1586,"1|1|000100":2743,"2|1|100001":1590,"2|0|000011":2791,"2|0|001101":2529,"2|0|001100":2479,"2|0|000010":2852,"1|1|000101":2739,"2|1|010101":2158,"2|0|011010":2025,"2|1|010100":2204,"2|0|011011":1951,"1|0|100010":10157,"1|0|101100":6508,"1|0|101101":6077,"1|0|100011":9844,"2|1|100110":1229,"1|1|110101":3172,"2|1|100111":1097,"2|0|000101":2773,"2|0|000100":2892,"1|0|111110":501,"1|1|110100":3695,"1|0|111111":152,"1|0|100101":9236,"2|0|110001":623,"2|0|110000":693,"1|0|010101":7960,"1|0|010100":7668,"2|0|011001":1991,"2|0|011000":2069,"1|0|100100":9496,"2|1|100100":1326,"2|1|100101":1332,"2|0|000110":2682,"2|0|000111":2695,"1|0|111000":2271,"1|0|111001":1920,"2|0|110111":334,"2|0|110110":357,"2|0|011111":1743,"2|0|011110":1800,"1|0|100111":8383,"1|0|100110":8829,"1|1|001001":3358,"1|0|001001":3233,"1|0|001000":2912,"1|1|001000":2816,"1|1|110001":4638,"1|1|110000":4976,"1|1|010000":6070,"2|0|011101":1851,"2|1|111111":17,"2|1|111110":53,"2|0|010010":2342,"2|0|011100":1886,"2|0|010011":2316,"1|1|010001":6568,"1|0|101010":6989,"1|0|101011":6742,"1|0|001010":3760,"1|1|001111":5750,"1|0|001011":4185,"1|1|001110":5244,"2|1|101011":943,"2|1|101010":985,"1|1|110111":2544,"1|1|110110":2895,"1|1|010010":6865,"1|1|010011":7274,"1|1|011100":10443,"2|0|010001":2457,"2|1|111001":254,"2|1|111000":274,"2|0|010000":2372,"1|1|011101":10627,"1|1|000011":2793,"1|1|001100":4521,"1|1|001101":5032,"2|1|101001":1064,"1|1|000010":2906,"2|1|101000":1145,"1|1|111110":467,"1|1|111111":138,"2|1|111010":234,"1|1|011110":10924,"1|1|011111":11426,"2|0|010111":2196,"2|1|001000":2678,"2|1|001001":2560,"2|1|111011":166,"2|0|010110":2199,"1|0|101111":5274,"1|1|100101":9094,"1|1|100100":9198,"1|0|101110":5534,"1|1|000000":2903,"1|1|000001":2965,"2|1|101111":780,"2|1|101110":800,"1|1|110010":4174,"1|1|111101":794,"1|1|110011":4014,"1|1|111100":1059,"1|1|011000":9021,"1|1|011001":9465,"2|1|001010":2590,"2|0|010100":2287,"2|1|001011":2491,"2|0|010101":2256,"1|0|101001":7534,"1|0|101000":7775,"1|0|000110":2725,"2|0|101101":855,"2|0|100011":1438,"2|0|101100":894,"2|0|100010":1582,"2|1|000001":2928,"2|1|000000":2963,"1|1|111011":1384,"1|0|000111":2730,"1|1|111010":1673,"1|0|011011":10149,"2|1|110100":442,"1|0|011010":9736,"2|1|001100":2483,"2|1|110101":416,"2|1|001101":2504,"1|1|100001":10788,"1|1|100000":11061,"1|0|000000":2901,"2|0|101111":721,"2|0|101110":771,"2|1|000111":2610,"2|1|000110":2749,"1|1|111000":2269,"1|0|000001":2994,"1|1|111001":1950,"1|0|011000":8915,"2|1|001110":2531,"2|1|110111":370,"2|1|001111":2478,"2|1|110110":351,"1|0|011001":9269,"1|1|100111":8332,"1|1|100110":8855,"1|0|000011":2819,"1|0|001100":4589,"1|0|000010":2812,"2|0|101001":1048,"2|0|101000":1144,"1|0|001101":5057,"2|1|110001":604,"2|1|110000":719,"2|1|011001":2041,"2|1|011000":2082,"1|1|010100":7536,"1|1|010101":8025,"1|1|101111":5394,"1|1|101110":5692,"2|0|101010":962,"1|0|001111":5821,"1|1|001010":3760,"1|0|001110":5183,"1|1|001011":4091,"2|0|101011":888,"2|1|000011":2761,"2|1|000010":2860,"1|1|010110":8278,"2|1|111101":81,"2|1|110010":574,"2|1|111100":126,"2|1|110011":540,"2|1|011010":1960,"2|1|011011":1907,"1|1|010111":8721,"1|1|101101":6110,"1|1|100011":9764,"1|1|101100":6263,"1|1|100010":10212,"1|0|110001":4504,"2|0|001011":2543,"2|0|001010":2550,"1|0|110000":4891,"2|0|111110":64,"2|0|111111":21,"1|1|101010":7057,"2|1|010010":2319,"2|1|011100":1844,"2|1|011101":1884,"1|0|010001":6673,"1|0|010000":6180,"2|1|010011":2293,"1|1|101011":6696,"1|0|111101":766,"2|0|100101":1345,"2|0|100100":1397,"1|0|110010":4360,"1|0|110011":3922,"1|0|111100":1031,"2|0|110010":520,"2|0|111101":90,"2|0|110011":551,"2|0|111100":142,"2|1|011111":1755,"1|0|010111":8683,"1|0|010110":8397,"2|1|011110":1840,"1|1|101001":7402,"1|1|101000":7910,"1|0|110100":3669,"1|0|110101":3200,"2|0|100111":1153,"2|0|100110":1165,"2|1|000101":2697,"2|0|001111":2511,"2|1|000100":2804,"2|0|001110":2388,"1|0|011110":10855,"2|0|111011":169,"2|0|111010":215,"2|1|010111":2118,"1|0|011111":11182,"2|1|010110":2155,"1|0|110111":2657,"2|0|100001":1570,"2|0|100000":1733,"2|0|001001":2589,"2|0|001000":2599,"1|0|000101":2699,"1|0|000100":2813,"1|0|110110":2921,"1|0|010010":6952,"2|0|111000":282,"2|0|111001":255,"1|0|011101":10509,"2|1|010001":2395,"1|0|010011":7192,"1|0|011100":10374,"2|1|010000":2456}}
