{"probability":{"Group 13":"0.12324484424014585","Group 12":"0.347107370221442","Group 11":"0.05587370369060735","Group 10":"0.00007507025535177801","Group  6":"0.0","Group  5":"0.0006886989848207912","Group  4":"0.01113253974866193","Group  3":"0.0","Group  2":"0.0","Group  1":"0.0","Group  9":"0.0011835890360196665","Group  8":"0.0","Group  7":"0.46069418382295063"},"groups":{"Group 13":["Botan 1.5.6 & 1.11.29 & 2.1.0","Feitian JavaCOS A22 & A40","Gemalto GCX4 72K","HSM SafeNet Luna SA-1700","LibTomCrypt 1.17","Libgcrypt 1.6.0 & 1.6.5 & 1.7.6","Libgcrypt 1.6.0 FIPS & 1.6.5 FIPS","Nettle 3.2 & 3.3","Oberthur Cosmo 64","OpenSSL FIPS 2.0.12 & 2.0.14","PGPSDK 4","WolfSSL 2.0rc1 & 3.9.0 & 3.10.2","cryptlib 3.4.3 & 3.4.3.1"],"Group 12":["Bouncy Castle 1.53 (Java)","Cryptix JCE 20050328","FlexiProvider 1.7p7","HSM Utimaco Security Server Se50","Nettle 2.0","PolarSSL 0.10.0","PuTTY 0.67","SunRsaSign OpenJDK 1.8.0","mbedTLS 1.3.19 & 2.2.1 & 2.4.2"],"Group 11":["Bouncy Castle 1.54 (Java)","Crypto++ 5.6.0 & 5.6.3 & 5.6.5","Libgcrypt 1.7.6 FIPS","Microsoft CryptoAPI & CNG & .NET"],"Group 10":["NXP J2D081 & J2E145G","YubiKey NEO"],"Group  6":["Oberthur Cosmo Dual 72K"],"Group  5":["NXP J2A080 & J2A081 & J3A081 & JCOP 41 V2.2.1"],"Group  4":["Gemalto GXP E64"],"Group  3":["GNU Crypto 2.0.1"],"Group  2":["G&D SmartCafe 4.x & 6.0"],"Group  1":["G&D SmartCafe 3.2"],"Group  9":["Infineon JTOP 80K","YubiKey 4 & 4 Nano"],"Group  8":["PGPSDK 4 FIPS"],"Group  7":["OpenSSL 0.9.7 & 1.0.2g & 1.0.2k & 1.1.0e"]},"frequencies":{"1|1|000110":12840,"2|1|100011":11466,"2|1|101101":6775,"1|1|000111":12472,"2|1|101100":7093,"2|1|100010":11950,"2|0|000000":13692,"2|0|000001":13563,"1|0|111010":7722,"1|0|111011":6248,"1|1|011010":43630,"1|1|011011":45310,"2|0|110100":4059,"2|0|110101":3611,"1|0|100001":48331,"1|0|100000":50618,"2|1|100000":13259,"1|1|000100":13066,"2|1|100001":12529,"2|0|000011":13122,"2|0|001101":13159,"2|0|001100":13083,"2|0|000010":13395,"1|1|000101":13042,"2|1|010101":13612,"2|0|011010":13417,"2|1|010100":13664,"2|0|011011":13438,"1|0|100010":46755,"1|0|101100":29213,"1|0|101101":27275,"1|0|100011":44958,"2|1|100110":10097,"1|1|110101":15014,"2|1|100111":9525,"2|0|000101":12992,"2|0|000100":12802,"1|0|111110":2010,"1|1|110100":16291,"1|0|111111":712,"1|0|100101":41253,"2|0|110001":5097,"2|0|110000":5602,"1|0|010101":36378,"1|0|010100":34469,"2|0|011001":13838,"2|0|011000":13407,"1|0|100100":43217,"2|1|100100":10872,"2|1|100101":10312,"2|0|000110":12664,"2|0|000111":12707,"1|0|111000":10383,"1|0|111001":9016,"2|0|110111":2797,"2|0|110110":3176,"2|0|011111":13608,"2|0|011110":13326,"1|0|100111":37452,"1|0|100110":39253,"1|1|001001":15295,"1|0|001001":15444,"1|0|001000":13405,"1|1|001000":13239,"1|1|110001":21106,"1|1|110000":22717,"1|1|010000":28251,"2|0|011101":13366,"2|1|111111":169,"2|1|111110":504,"2|0|010010":13626,"2|0|011100":13504,"2|0|010011":13566,"1|1|010001":29852,"1|0|101010":32731,"1|0|101011":30723,"1|0|001010":17201,"1|1|001111":26753,"1|0|001011":19130,"1|1|001110":24581,"2|1|101011":7627,"2|1|101010":8002,"1|1|110111":12014,"1|1|110110":13506,"1|1|010010":31692,"1|1|010011":33701,"1|1|011100":46403,"2|0|010001":13454,"2|1|111001":2223,"2|1|111000":2470,"2|0|010000":13424,"1|1|011101":47820,"1|1|000011":13275,"1|1|001100":20794,"1|1|001101":23134,"2|1|101001":8579,"1|1|000010":13416,"2|1|101000":8959,"1|1|111110":2060,"1|1|111111":697,"2|1|111010":1805,"1|1|011110":49232,"1|1|011111":51084,"2|0|010111":13540,"2|1|001000":12481,"2|1|001001":12555,"2|1|111011":1507,"2|0|010110":13659,"1|0|101111":24369,"1|1|100101":41554,"1|1|100100":43085,"1|0|101110":25759,"1|1|000000":14000,"1|1|000001":13810,"2|1|101111":5915,"2|1|101110":6345,"1|1|110010":19599,"1|1|111101":3442,"1|1|110011":18104,"1|1|111100":4896,"1|1|011000":40911,"1|1|011001":42202,"2|1|001010":12942,"2|0|010100":13906,"2|1|001011":12812,"2|0|010101":13848,"1|0|101001":34381,"1|0|101000":35479,"1|0|000110":12673,"2|0|101101":6753,"2|0|100011":11466,"2|0|101100":7298,"2|0|100010":12008,"2|1|000001":13521,"2|1|000000":14027,"1|1|111011":6160,"1|0|000111":12531,"1|1|111010":7560,"1|0|011011":45390,"2|1|110100":4080,"1|0|011010":43824,"2|1|001100":13082,"2|1|110101":3528,"2|1|001101":13224,"1|1|100001":48552,"1|1|100000":50502,"1|0|000000":13869,"2|0|101111":5917,"2|0|101110":6244,"2|1|000111":12303,"2|1|000110":12628,"1|1|111000":10586,"1|0|000001":13773,"1|1|111001":9092,"1|0|011000":41150,"2|1|001110":13138,"2|1|110111":2976,"2|1|001111":13400,"2|1|110110":3129,"1|0|011001":42382,"1|1|100111":37791,"1|1|100110":39702,"1|0|000011":13307,"1|0|001100":21361,"1|0|000010":13206,"2|0|101001":8562,"2|0|101000":9140,"1|0|001101":22911,"2|1|110001":5096,"2|1|110000":5633,"2|1|011001":13396,"2|1|011000":13667,"1|1|010100":34884,"1|1|010101":36330,"1|1|101111":24347,"1|1|101110":25881,"2|0|101010":8066,"1|0|001111":26463,"1|1|001010":17243,"1|0|001110":24644,"1|1|001011":19162,"2|0|101011":7577,"2|1|000011":13288,"2|1|000010":13421,"1|1|010110":38124,"2|1|111101":828,"2|1|110010":4690,"2|1|111100":1160,"2|1|110011":4391,"2|1|011010":13599,"2|1|011011":13327,"1|1|010111":39784,"1|1|101101":27454,"1|1|100011":44535,"1|1|101100":29206,"1|1|100010":46572,"1|0|110001":21204,"2|0|001011":12641,"2|0|001010":13006,"1|0|110000":22610,"2|0|111110":474,"2|0|111111":160,"1|1|101010":32595,"2|1|010010":13677,"2|1|011100":13570,"2|1|011101":13529,"1|0|010001":30014,"1|0|010000":28562,"2|1|010011":13663,"1|1|101011":30402,"1|0|111101":3460,"2|0|100101":10391,"2|0|100100":10971,"1|0|110010":19427,"1|0|110011":18017,"1|0|111100":4807,"2|0|110010":4664,"2|0|111101":819,"2|0|110011":4373,"2|0|111100":1111,"2|1|011111":13387,"1|0|010111":39364,"1|0|010110":38071,"2|1|011110":13591,"1|1|101001":33866,"1|1|101000":35935,"1|0|110100":16643,"1|0|110101":14813,"2|0|100111":9309,"2|0|100110":9930,"2|1|000101":12995,"2|0|001111":13418,"2|1|000100":13251,"2|0|001110":13165,"1|0|011110":49484,"2|0|111011":1502,"2|0|111010":1729,"2|1|010111":13738,"1|0|011111":50800,"2|1|010110":13737,"1|0|110111":11805,"2|0|100001":12506,"2|0|100000":13148,"2|0|001001":12807,"2|0|001000":12452,"1|0|000101":12835,"1|0|000100":13237,"1|0|110110":13487,"1|0|010010":31635,"2|0|111000":2500,"2|0|111001":2206,"1|0|011101":47937,"2|1|010001":13601,"1|0|010011":33383,"1|0|011100":46718,"2|1|010000":13310}}
