{"probability":{"Group 13":"0.2662130332389551","Group 12":"0.035177067239048426","Group 11":"0.014484676413743621","Group 10":"0.0","Group  6":"0.0","Group  5":"0.0","Group  4":"0.001310483142231013","Group  3":"0.00015698212463226887","Group  2":"0.0","Group  1":"0.0","Group  9":"0.0","Group  8":"0.0013887636247193694","Group  7":"0.6812689942166703"},"groups":{"Group 13":["Botan 1.5.6 & 1.11.29 & 2.1.0","Feitian JavaCOS A22 & A40","Gemalto GCX4 72K","HSM SafeNet Luna SA-1700","LibTomCrypt 1.17","Libgcrypt 1.6.0 & 1.6.5 & 1.7.6","Libgcrypt 1.6.0 FIPS & 1.6.5 FIPS","Nettle 3.2 & 3.3","Oberthur Cosmo 64","OpenSSL FIPS 2.0.12 & 2.0.14","PGPSDK 4","WolfSSL 2.0rc1 & 3.9.0 & 3.10.2","cryptlib 3.4.3 & 3.4.3.1"],"Group 12":["Bouncy Castle 1.53 (Java)","Cryptix JCE 20050328","FlexiProvider 1.7p7","HSM Utimaco Security Server Se50","Nettle 2.0","PolarSSL 0.10.0","PuTTY 0.67","SunRsaSign OpenJDK 1.8.0","mbedTLS 1.3.19 & 2.2.1 & 2.4.2"],"Group 11":["Bouncy Castle 1.54 (Java)","Crypto++ 5.6.0 & 5.6.3 & 5.6.5","Libgcrypt 1.7.6 FIPS","Microsoft CryptoAPI & CNG & .NET"],"Group 10":["NXP J2D081 & J2E145G","YubiKey NEO"],"Group  6":["Oberthur Cosmo Dual 72K"],"Group  5":["NXP J2A080 & J2A081 & J3A081 & JCOP 41 V2.2.1"],"Group  4":["Gemalto GXP E64"],"Group  3":["GNU Crypto 2.0.1"],"Group  2":["G&D SmartCafe 4.x & 6.0"],"Group  1":["G&D SmartCafe 3.2"],"Group  9":["Infineon JTOP 80K","YubiKey 4 & 4 Nano"],"Group  8":["PGPSDK 4 FIPS"],"Group  7":["OpenSSL 0.9.7 & 1.0.2g & 1.0.2k & 1.1.0e"]},"frequencies":{"1|1|000110":191,"2|1|100011":1431,"2|1|101101":846,"1|1|000111":202,"2|1|101100":939,"2|1|100010":1525,"2|0|000000":205,"2|0|000001":194,"1|0|111010":1398,"1|0|111011":1167,"1|1|011010":7337,"1|1|011011":7827,"2|0|110100":569,"2|0|110101":498,"1|0|100001":8773,"1|0|100000":9195,"2|1|100000":1583,"1|1|000100":183,"2|1|100001":1555,"2|0|000011":198,"2|0|001101":530,"2|0|001100":485,"2|0|000010":226,"1|1|000101":215,"2|1|010101":1082,"2|0|011010":1339,"2|1|010100":965,"2|0|011011":1384,"1|0|100010":8476,"1|0|101100":5279,"1|0|101101":4989,"1|0|100011":8117,"2|1|100110":1299,"1|1|110101":2814,"2|1|100111":1204,"2|0|000101":209,"2|0|000100":163,"1|0|111110":350,"1|1|110100":2992,"1|0|111111":102,"1|0|100101":7292,"2|0|110001":701,"2|0|110000":725,"1|0|010101":5653,"1|0|010100":5222,"2|0|011001":1352,"2|0|011000":1250,"1|0|100100":7716,"2|1|100100":1401,"2|1|100101":1357,"2|0|000110":199,"2|0|000111":207,"1|0|111000":1898,"1|0|111001":1692,"2|0|110111":389,"2|0|110110":477,"2|0|011111":1564,"2|0|011110":1627,"1|0|100111":6873,"1|0|100110":7172,"1|1|001001":820,"1|0|001001":753,"1|0|001000":444,"1|1|001000":369,"1|1|110001":3859,"1|1|110000":4217,"1|1|010000":3711,"2|0|011101":1522,"2|1|111111":19,"2|1|111110":56,"2|0|010010":869,"2|0|011100":1427,"2|0|010011":932,"1|1|010001":4059,"1|0|101010":5852,"1|0|101011":5539,"1|0|001010":1245,"1|1|001111":3285,"1|0|001011":1674,"1|1|001110":2889,"2|1|101011":1000,"2|1|101010":1076,"1|1|110111":2178,"1|1|110110":2402,"1|1|010010":4545,"1|1|010011":4847,"1|1|011100":8043,"2|0|010001":844,"2|1|111001":293,"2|1|111000":335,"2|0|010000":812,"1|1|011101":8495,"1|1|000011":212,"1|1|001100":2091,"1|1|001101":2611,"2|1|101001":1091,"1|1|000010":230,"2|1|101000":1188,"1|1|111110":378,"1|1|111111":119,"2|1|111010":237,"1|1|011110":8569,"1|1|011111":9249,"2|0|010111":1192,"2|1|001000":195,"2|1|001001":323,"2|1|111011":208,"2|0|010110":1246,"1|0|101111":4447,"1|1|100101":7521,"1|1|100100":7804,"1|0|101110":4640,"1|1|000000":208,"1|1|000001":182,"2|1|101111":800,"2|1|101110":842,"1|1|110010":3564,"1|1|111101":611,"1|1|110011":3229,"1|1|111100":892,"1|1|011000":6805,"1|1|011001":7191,"2|1|001010":380,"2|0|010100":1058,"2|1|001011":412,"2|0|010101":1065,"1|0|101001":6108,"1|0|101000":6624,"1|0|000110":184,"2|0|101101":909,"2|0|100011":1451,"2|0|101100":1004,"2|0|100010":1497,"2|1|000001":198,"2|1|000000":205,"1|1|111011":1140,"1|0|000111":184,"1|1|111010":1384,"1|0|011011":7880,"2|1|110100":559,"1|0|011010":7500,"2|1|001100":490,"2|1|110101":489,"2|1|001101":556,"1|1|100001":8748,"1|1|100000":9123,"1|0|000000":192,"2|0|101111":853,"2|0|101110":860,"2|1|000111":183,"2|1|000110":174,"1|1|111000":1988,"1|0|000001":193,"1|1|111001":1661,"1|0|011000":6667,"2|1|001110":657,"2|1|110111":378,"2|1|001111":709,"2|1|110110":459,"1|0|011001":7140,"1|1|100111":6865,"1|1|100110":7079,"1|0|000011":178,"1|0|001100":2146,"1|0|000010":182,"2|0|101001":1091,"2|0|101000":1142,"1|0|001101":2406,"2|1|110001":670,"2|1|110000":744,"2|1|011001":1284,"2|1|011000":1219,"1|1|010100":5184,"1|1|010101":5627,"1|1|101111":4420,"1|1|101110":4770,"2|0|101010":1027,"1|0|001111":3352,"1|1|001010":1295,"1|0|001110":2983,"1|1|001011":1709,"2|0|101011":970,"2|1|000011":203,"2|1|000010":197,"1|1|010110":6073,"2|1|111101":117,"2|1|110010":600,"2|1|111100":182,"2|1|110011":596,"2|1|011010":1383,"2|1|011011":1398,"1|1|010111":6453,"1|1|101101":5026,"1|1|100011":8090,"1|1|101100":5225,"1|1|100010":8353,"1|0|110001":3933,"2|0|001011":421,"2|0|001010":324,"1|0|110000":4133,"2|0|111110":71,"2|0|111111":24,"1|1|101010":6016,"2|1|010010":854,"2|1|011100":1479,"2|1|011101":1530,"1|0|010001":4076,"1|0|010000":3755,"2|1|010011":945,"1|1|101011":5710,"1|0|111101":628,"2|0|100101":1330,"2|0|100100":1307,"1|0|110010":3521,"1|0|110011":3275,"1|0|111100":916,"2|0|110010":611,"2|0|111101":103,"2|0|110011":612,"2|0|111100":165,"2|1|011111":1612,"1|0|010111":6262,"1|0|010110":5965,"2|1|011110":1621,"1|1|101001":6318,"1|1|101000":6638,"1|0|110100":3074,"1|0|110101":2830,"2|0|100111":1206,"2|0|100110":1272,"2|1|000101":163,"2|0|001111":710,"2|1|000100":197,"2|0|001110":650,"1|0|011110":8684,"2|0|111011":222,"2|0|111010":244,"2|1|010111":1147,"1|0|011111":9159,"2|1|010110":1105,"1|0|110111":2251,"2|0|100001":1570,"2|0|100000":1622,"2|0|001001":291,"2|0|001000":229,"1|0|000101":197,"1|0|000100":214,"1|0|110110":2517,"1|0|010010":4561,"2|0|111000":323,"2|0|111001":270,"1|0|011101":8549,"2|1|010001":762,"1|0|010011":4977,"1|0|011100":8039,"2|1|010000":766}}
