{"probability":{"Group 13":"0.1364312712298228","Group 12":"0.011330235753129048","Group 11":"0.13781198119589128","Group 10":"0.0","Group  6":"0.0","Group  5":"0.0","Group  4":"0.0040037186344540525","Group  3":"0.0007837184765571238","Group  2":"0.0","Group  1":"0.0","Group  9":"0.0005343044097868372","Group  8":"0.016270957775354207","Group  7":"0.6928338125250045"},"groups":{"Group 13":["Botan 1.5.6 & 1.11.29 & 2.1.0","Feitian JavaCOS A22 & A40","Gemalto GCX4 72K","HSM SafeNet Luna SA-1700","LibTomCrypt 1.17","Libgcrypt 1.6.0 & 1.6.5 & 1.7.6","Libgcrypt 1.6.0 FIPS & 1.6.5 FIPS","Nettle 3.2 & 3.3","Oberthur Cosmo 64","OpenSSL FIPS 2.0.12 & 2.0.14","PGPSDK 4","WolfSSL 2.0rc1 & 3.9.0 & 3.10.2","cryptlib 3.4.3 & 3.4.3.1"],"Group 12":["Bouncy Castle 1.53 (Java)","Cryptix JCE 20050328","FlexiProvider 1.7p7","HSM Utimaco Security Server Se50","Nettle 2.0","PolarSSL 0.10.0","PuTTY 0.67","SunRsaSign OpenJDK 1.8.0","mbedTLS 1.3.19 & 2.2.1 & 2.4.2"],"Group 11":["Bouncy Castle 1.54 (Java)","Crypto++ 5.6.0 & 5.6.3 & 5.6.5","Libgcrypt 1.7.6 FIPS","Microsoft CryptoAPI & CNG & .NET"],"Group 10":["NXP J2D081 & J2E145G","YubiKey NEO"],"Group  6":["Oberthur Cosmo Dual 72K"],"Group  5":["NXP J2A080 & J2A081 & J3A081 & JCOP 41 V2.2.1"],"Group  4":["Gemalto GXP E64"],"Group  3":["GNU Crypto 2.0.1"],"Group  2":["G&D SmartCafe 4.x & 6.0"],"Group  1":["G&D SmartCafe 3.2"],"Group  9":["Infineon JTOP 80K","YubiKey 4 & 4 Nano"],"Group  8":["PGPSDK 4 FIPS"],"Group  7":["OpenSSL 0.9.7 & 1.0.2g & 1.0.2k & 1.1.0e"]},"frequencies":{"1|1|000110":1599,"2|1|100011":7190,"2|1|101101":4351,"1|1|000111":1763,"2|1|101100":4765,"2|1|100010":7266,"2|0|000000":1318,"2|0|000001":693,"1|0|111010":7864,"1|0|111011":6463,"1|1|011010":43312,"1|1|011011":44795,"2|0|110100":2677,"2|0|110101":2488,"1|0|100001":49589,"1|0|100000":51247,"2|1|100000":8034,"1|1|000100":1250,"2|1|100001":7571,"2|0|000011":1052,"2|0|001101":3895,"2|0|001100":3567,"2|0|000010":935,"1|1|000101":1347,"2|1|010101":6561,"2|0|011010":7886,"2|1|010100":6131,"2|0|011011":8122,"1|0|100010":47265,"1|0|101100":29928,"1|0|101101":28027,"1|0|100011":45709,"2|1|100110":6354,"1|1|110101":15636,"2|1|100111":5929,"2|0|000101":1420,"2|0|000100":1249,"1|0|111110":2244,"1|1|110100":17182,"1|0|111111":859,"1|0|100101":41873,"2|0|110001":3408,"2|0|110000":3582,"1|0|010101":33095,"1|0|010100":30954,"2|0|011001":7491,"2|0|011000":7361,"1|0|100100":43748,"2|1|100100":6790,"2|1|100101":6563,"2|0|000110":1584,"2|0|000111":1724,"1|0|111000":11059,"1|0|111001":9590,"2|0|110111":1924,"2|0|110110":2301,"2|0|011111":8124,"2|0|011110":8174,"1|0|100111":38748,"1|0|100110":40471,"1|1|001001":5551,"1|0|001001":5641,"1|0|001000":3037,"1|1|001000":3123,"1|1|110001":22066,"1|1|110000":23689,"1|1|010000":21951,"2|0|011101":8128,"2|1|111111":279,"2|1|111110":486,"2|0|010010":5435,"2|0|011100":8035,"2|0|010011":5711,"1|1|010001":24231,"1|0|101010":33373,"1|0|101011":31811,"1|0|001010":8082,"1|1|001111":19600,"1|0|001011":10353,"1|1|001110":17471,"2|1|101011":4918,"2|1|101010":5235,"1|1|110111":12619,"1|1|110110":14078,"1|1|010010":26359,"1|1|010011":28620,"1|1|011100":46445,"2|0|010001":5141,"2|1|111001":1424,"2|1|111000":1714,"2|0|010000":4734,"1|1|011101":48281,"1|1|000011":1086,"1|1|001100":12990,"1|1|001101":15163,"2|1|101001":5371,"1|1|000010":896,"2|1|101000":5799,"1|1|111110":2235,"1|1|111111":865,"2|1|111010":1253,"1|1|011110":50036,"1|1|011111":51392,"2|0|010111":7239,"2|1|001000":1986,"2|1|001001":2413,"2|1|111011":1039,"2|0|010110":6788,"1|0|101111":25182,"1|1|100101":42275,"1|1|100100":43926,"1|0|101110":27087,"1|1|000000":1312,"1|1|000001":686,"2|1|101111":3875,"2|1|101110":4190,"1|1|110010":20378,"1|1|111101":3581,"1|1|110011":18509,"1|1|111100":4979,"1|1|011000":39177,"1|1|011001":40870,"2|1|001010":2791,"2|0|010100":6142,"2|1|001011":3214,"2|0|010101":6397,"1|0|101001":35180,"1|0|101000":36933,"1|0|000110":1540,"2|0|101101":4438,"2|0|100011":7094,"2|0|101100":4638,"2|0|100010":7328,"2|1|000001":690,"2|1|000000":1318,"1|1|111011":6537,"1|0|000111":1725,"1|1|111010":8132,"1|0|011011":44618,"2|1|110100":2670,"1|0|011010":43017,"2|1|001100":3566,"2|1|110101":2453,"2|1|001101":3770,"1|1|100001":49360,"1|1|100000":51488,"1|0|000000":1315,"2|0|101111":4079,"2|0|101110":4102,"2|1|000111":1766,"2|1|000110":1574,"1|1|111000":10867,"1|0|000001":692,"1|1|111001":9332,"1|0|011000":38979,"2|1|001110":4229,"2|1|110111":2026,"2|1|001111":4590,"2|1|110110":2215,"1|0|011001":41130,"1|1|100111":38532,"1|1|100110":40317,"1|0|000011":1080,"1|0|001100":12921,"1|0|000010":876,"2|0|101001":5503,"2|0|101000":5714,"1|0|001101":15068,"2|1|110001":3393,"2|1|110000":3643,"2|1|011001":7695,"2|1|011000":7267,"1|1|010100":31064,"1|1|010101":32890,"1|1|101111":25028,"1|1|101110":26919,"2|0|101010":5368,"1|0|001111":19804,"1|1|001010":7875,"1|0|001110":17680,"1|1|001011":10567,"2|0|101011":4855,"2|1|000011":1032,"2|1|000010":866,"1|1|010110":35284,"2|1|111101":685,"2|1|110010":3168,"2|1|111100":846,"2|1|110011":3004,"2|1|011010":7984,"2|1|011011":8032,"1|1|010111":36953,"1|1|101101":28275,"1|1|100011":45910,"1|1|101100":30118,"1|1|100010":47662,"1|0|110001":22088,"2|0|001011":3212,"2|0|001010":2896,"1|0|110000":23654,"2|0|111110":437,"2|0|111111":293,"1|1|101010":33315,"2|1|010010":5711,"2|1|011100":8137,"2|1|011101":7915,"1|0|010001":24739,"1|0|010000":21985,"2|1|010011":5871,"1|1|101011":31532,"1|0|111101":3689,"2|0|100101":6468,"2|0|100100":6946,"1|0|110010":20686,"1|0|110011":18611,"1|0|111100":5102,"2|0|110010":3225,"2|0|111101":655,"2|0|110011":2869,"2|0|111100":826,"2|1|011111":8182,"1|0|010111":37073,"1|0|010110":35090,"2|1|011110":7811,"1|1|101001":35220,"1|1|101000":36549,"1|0|110100":16905,"1|0|110101":15601,"2|0|100111":5874,"2|0|100110":6133,"2|1|000101":1394,"2|0|001111":4550,"2|1|000100":1208,"2|0|001110":4267,"1|0|011110":49851,"2|0|111011":1132,"2|0|111010":1260,"2|1|010111":7315,"1|0|011111":51494,"2|1|010110":6661,"1|0|110111":12666,"2|0|100001":7802,"2|0|100000":7908,"2|0|001001":2463,"2|0|001000":2072,"1|0|000101":1382,"1|0|000100":1259,"1|0|110110":14195,"1|0|010010":26453,"2|0|111000":1754,"2|0|111001":1446,"1|0|011101":48033,"2|1|010001":5336,"1|0|010011":28457,"1|0|011100":46724,"2|1|010000":4875}}
