{"probability":{"Group 13":"0.016856272763477214","Group 12":"0.03197014547487631","Group 11":"0.08421598397209364","Group 10":"0.0","Group  6":"0.0015527503370559906","Group  5":"0.0","Group  4":"0.009676435777893818","Group  3":"0.0","Group  2":"0.00020191181252970485","Group  1":"0.00016078826448416166","Group  9":"0.0018787715470648296","Group  8":"0.00028482423814088156","Group  7":"0.8532021158123834"},"groups":{"Group 13":["Botan 1.5.6 & 1.11.29 & 2.1.0","Feitian JavaCOS A22 & A40","Gemalto GCX4 72K","HSM SafeNet Luna SA-1700","LibTomCrypt 1.17","Libgcrypt 1.6.0 & 1.6.5 & 1.7.6","Libgcrypt 1.6.0 FIPS & 1.6.5 FIPS","Nettle 3.2 & 3.3","Oberthur Cosmo 64","OpenSSL FIPS 2.0.12 & 2.0.14","PGPSDK 4","WolfSSL 2.0rc1 & 3.9.0 & 3.10.2","cryptlib 3.4.3 & 3.4.3.1"],"Group 12":["Bouncy Castle 1.53 (Java)","Cryptix JCE 20050328","FlexiProvider 1.7p7","HSM Utimaco Security Server Se50","Nettle 2.0","PolarSSL 0.10.0","PuTTY 0.67","SunRsaSign OpenJDK 1.8.0","mbedTLS 1.3.19 & 2.2.1 & 2.4.2"],"Group 11":["Bouncy Castle 1.54 (Java)","Crypto++ 5.6.0 & 5.6.3 & 5.6.5","Libgcrypt 1.7.6 FIPS","Microsoft CryptoAPI & CNG & .NET"],"Group 10":["NXP J2D081 & J2E145G","YubiKey NEO"],"Group  6":["Oberthur Cosmo Dual 72K"],"Group  5":["NXP J2A080 & J2A081 & J3A081 & JCOP 41 V2.2.1"],"Group  4":["Gemalto GXP E64"],"Group  3":["GNU Crypto 2.0.1"],"Group  2":["G&D SmartCafe 4.x & 6.0"],"Group  1":["G&D SmartCafe 3.2"],"Group  9":["Infineon JTOP 80K","YubiKey 4 & 4 Nano"],"Group  8":["PGPSDK 4 FIPS"],"Group  7":["OpenSSL 0.9.7 & 1.0.2g & 1.0.2k & 1.1.0e"]},"frequencies":{"1|1|000110":126,"2|1|100011":222,"2|1|101101":126,"1|1|000111":154,"2|1|101100":121,"2|1|100010":244,"2|0|000000":88,"2|0|000001":101,"1|0|111010":628,"1|0|111011":544,"1|1|011010":3707,"1|1|011011":3919,"2|0|110100":81,"2|0|110101":63,"1|0|100001":4371,"1|0|100000":4421,"2|1|100000":253,"1|1|000100":112,"2|1|100001":229,"2|0|000011":79,"2|0|001101":193,"2|0|001100":190,"2|0|000010":93,"1|1|000101":120,"2|1|010101":249,"2|0|011010":285,"2|1|010100":260,"2|0|011011":284,"1|0|100010":4034,"1|0|101100":2510,"1|0|101101":2392,"1|0|100011":3913,"2|1|100110":188,"1|1|110101":1291,"2|1|100111":163,"2|0|000101":105,"2|0|000100":96,"1|0|111110":206,"1|1|110100":1414,"1|0|111111":39,"1|0|100101":3481,"2|0|110001":100,"2|0|110000":95,"1|0|010101":2725,"1|0|010100":2552,"2|0|011001":266,"2|0|011000":275,"1|0|100100":3689,"2|1|100100":186,"2|1|100101":182,"2|0|000110":130,"2|0|000111":144,"1|0|111000":983,"1|0|111001":756,"2|0|110111":55,"2|0|110110":58,"2|0|011111":246,"2|0|011110":283,"1|0|100111":3221,"1|0|100110":3370,"1|1|001001":459,"1|0|001001":461,"1|0|001000":248,"1|1|001000":255,"1|1|110001":1837,"1|1|110000":1927,"1|1|010000":1836,"2|0|011101":251,"2|1|111111":3,"2|1|111110":6,"2|0|010010":224,"2|0|011100":294,"2|0|010011":225,"1|1|010001":2003,"1|0|101010":2729,"1|0|101011":2712,"1|0|001010":642,"1|1|001111":1548,"1|0|001011":890,"1|1|001110":1464,"2|1|101011":156,"2|1|101010":163,"1|1|110111":1017,"1|1|110110":1132,"1|1|010010":2135,"1|1|010011":2358,"1|1|011100":3828,"2|0|010001":222,"2|1|111001":38,"2|1|111000":55,"2|0|010000":191,"1|1|011101":4061,"1|1|000011":79,"1|1|001100":964,"1|1|001101":1257,"2|1|101001":165,"1|1|000010":85,"2|1|101000":179,"1|1|111110":190,"1|1|111111":53,"2|1|111010":27,"1|1|011110":4242,"1|1|011111":4271,"2|0|010111":261,"2|1|001000":137,"2|1|001001":172,"2|1|111011":31,"2|0|010110":254,"1|0|101111":2069,"1|1|100101":3520,"1|1|100100":3682,"1|0|101110":2231,"1|1|000000":73,"1|1|000001":82,"2|1|101111":130,"2|1|101110":125,"1|1|110010":1661,"1|1|111101":293,"1|1|110011":1600,"1|1|111100":430,"1|1|011000":3306,"1|1|011001":3439,"2|1|001010":151,"2|0|010100":230,"2|1|001011":183,"2|0|010101":260,"1|0|101001":2921,"1|0|101000":3208,"1|0|000110":126,"2|0|101101":126,"2|0|100011":202,"2|0|101100":145,"2|0|100010":239,"2|1|000001":83,"2|1|000000":60,"1|1|111011":512,"1|0|000111":118,"1|1|111010":706,"1|0|011011":3781,"2|1|110100":81,"1|0|011010":3583,"2|1|001100":208,"2|1|110101":67,"2|1|001101":187,"1|1|100001":4141,"1|1|100000":4186,"1|0|000000":59,"2|0|101111":117,"2|0|101110":103,"2|1|000111":126,"2|1|000110":119,"1|1|111000":936,"1|0|000001":97,"1|1|111001":848,"1|0|011000":3232,"2|1|001110":211,"2|1|110111":66,"2|1|001111":214,"2|1|110110":66,"1|0|011001":3404,"1|1|100111":3275,"1|1|100110":3432,"1|0|000011":100,"1|0|001100":1059,"1|0|000010":81,"2|0|101001":178,"2|0|101000":164,"1|0|001101":1226,"2|1|110001":95,"2|1|110000":120,"2|1|011001":261,"2|1|011000":305,"1|1|010100":2481,"1|1|010101":2831,"1|1|101111":2187,"1|1|101110":2227,"2|0|101010":146,"1|0|001111":1655,"1|1|001010":707,"1|0|001110":1544,"1|1|001011":901,"2|0|101011":110,"2|1|000011":116,"2|1|000010":84,"1|1|010110":2795,"2|1|111101":21,"2|1|110010":100,"2|1|111100":25,"2|1|110011":81,"2|1|011010":291,"2|1|011011":275,"1|1|010111":3082,"1|1|101101":2374,"1|1|100011":3883,"1|1|101100":2498,"1|1|100010":4005,"1|0|110001":1806,"2|0|001011":168,"2|0|001010":153,"1|0|110000":1934,"2|0|111110":9,"2|0|111111":1,"1|1|101010":2826,"2|1|010010":271,"2|1|011100":270,"2|1|011101":272,"1|0|010001":1999,"1|0|010000":1743,"2|1|010011":242,"1|1|101011":2691,"1|0|111101":291,"2|0|100101":210,"2|0|100100":208,"1|0|110010":1732,"1|0|110011":1578,"1|0|111100":453,"2|0|110010":94,"2|0|111101":16,"2|0|110011":96,"2|0|111100":25,"2|1|011111":243,"1|0|010111":3033,"1|0|010110":2859,"2|1|011110":247,"1|1|101001":3020,"1|1|101000":3123,"1|0|110100":1419,"1|0|110101":1349,"2|0|100111":167,"2|0|100110":176,"2|1|000101":122,"2|0|001111":196,"2|1|000100":105,"2|0|001110":223,"1|0|011110":4143,"2|0|111011":39,"2|0|111010":30,"2|1|010111":252,"1|0|011111":4415,"2|1|010110":278,"1|0|110111":1062,"2|0|100001":249,"2|0|100000":255,"2|0|001001":154,"2|0|001000":130,"1|0|000101":113,"1|0|000100":102,"1|0|110110":1191,"1|0|010010":2188,"2|0|111000":53,"2|0|111001":52,"1|0|011101":4147,"2|1|010001":213,"1|0|010011":2309,"1|0|011100":3954,"2|1|010000":202}}
