{"probability":{"Group 13":"0.00839098294660599","Group 12":"0.03152552554488621","Group 11":"0.2988452980784314","Group 10":"0.00015782479011405823","Group  6":"0.0","Group  5":"0.000007816116698953418","Group  4":"0.00103570530972941","Group  3":"0.00002765536976626752","Group  2":"0.0","Group  1":"0.0","Group  9":"0.000053534884427955066","Group  8":"0.002134768148935553","Group  7":"0.6578208888104041"},"groups":{"Group 13":["Botan 1.5.6 & 1.11.29 & 2.1.0","Feitian JavaCOS A22 & A40","Gemalto GCX4 72K","HSM SafeNet Luna SA-1700","LibTomCrypt 1.17","Libgcrypt 1.6.0 & 1.6.5 & 1.7.6","Libgcrypt 1.6.0 FIPS & 1.6.5 FIPS","Nettle 3.2 & 3.3","Oberthur Cosmo 64","OpenSSL FIPS 2.0.12 & 2.0.14","PGPSDK 4","WolfSSL 2.0rc1 & 3.9.0 & 3.10.2","cryptlib 3.4.3 & 3.4.3.1"],"Group 12":["Bouncy Castle 1.53 (Java)","Cryptix JCE 20050328","FlexiProvider 1.7p7","HSM Utimaco Security Server Se50","Nettle 2.0","PolarSSL 0.10.0","PuTTY 0.67","SunRsaSign OpenJDK 1.8.0","mbedTLS 1.3.19 & 2.2.1 & 2.4.2"],"Group 11":["Bouncy Castle 1.54 (Java)","Crypto++ 5.6.0 & 5.6.3 & 5.6.5","Libgcrypt 1.7.6 FIPS","Microsoft CryptoAPI & CNG & .NET"],"Group 10":["NXP J2D081 & J2E145G","YubiKey NEO"],"Group  6":["Oberthur Cosmo Dual 72K"],"Group  5":["NXP J2A080 & J2A081 & J3A081 & JCOP 41 V2.2.1"],"Group  4":["Gemalto GXP E64"],"Group  3":["GNU Crypto 2.0.1"],"Group  2":["G&D SmartCafe 4.x & 6.0"],"Group  1":["G&D SmartCafe 3.2"],"Group  9":["Infineon JTOP 80K","YubiKey 4 & 4 Nano"],"Group  8":["PGPSDK 4 FIPS"],"Group  7":["OpenSSL 0.9.7 & 1.0.2g & 1.0.2k & 1.1.0e"]},"frequencies":{"1|1|000110":5240,"2|1|100011":11219,"2|1|101101":7128,"1|1|000111":5757,"2|1|101100":7578,"2|1|100010":11935,"2|0|000000":1837,"2|0|000001":2478,"1|0|111010":12599,"1|0|111011":10238,"1|1|011010":70900,"1|1|011011":73884,"2|0|110100":4218,"2|0|110101":3826,"1|0|100001":79059,"1|0|100000":81977,"2|1|100000":12919,"1|1|000100":4091,"2|1|100001":12442,"2|0|000011":3645,"2|0|001101":8942,"2|0|001100":8682,"2|0|000010":3046,"1|1|000101":4690,"2|1|010101":13141,"2|0|011010":15373,"2|1|010100":12581,"2|0|011011":15104,"1|0|100010":75384,"1|0|101100":47800,"1|0|101101":45175,"1|0|100011":73712,"2|1|100110":9897,"1|1|110101":25010,"2|1|100111":9892,"2|0|000101":4674,"2|0|000100":4162,"1|0|111110":3485,"1|1|110100":27394,"1|0|111111":1334,"1|0|100101":67273,"2|0|110001":5376,"2|0|110000":5866,"1|0|010101":55343,"1|0|010100":51887,"2|0|011001":14804,"2|0|011000":14497,"1|0|100100":70196,"2|1|100100":10969,"2|1|100101":10513,"0|0|011100":1,"2|0|000110":5225,"2|0|000111":5815,"1|0|111000":17286,"1|0|111001":15136,"2|0|110111":3144,"2|0|110110":3497,"2|0|011111":13299,"2|0|011110":13728,"1|0|100111":61712,"1|0|100110":64216,"1|1|001001":12053,"1|0|001001":12009,"1|0|001000":7877,"1|1|001000":8133,"1|1|110001":34845,"1|1|110000":37547,"1|1|010000":38066,"2|0|011101":14051,"2|1|111111":435,"2|1|111110":572,"2|0|010010":11622,"2|0|011100":14582,"2|0|010011":12269,"1|1|010001":41306,"1|0|101010":53195,"1|0|101011":50594,"1|0|001010":15628,"1|1|001111":34397,"1|0|001011":19841,"1|1|001110":30745,"2|1|101011":7962,"2|1|101010":8280,"1|1|110111":19837,"1|1|110110":22675,"1|1|010010":45179,"1|1|010011":48389,"1|1|011100":75181,"2|0|010001":11083,"2|1|111001":2352,"2|1|111000":2740,"2|0|010000":10585,"1|1|011101":78431,"1|1|000011":3522,"1|1|001100":23120,"1|1|001101":27051,"2|1|101001":8699,"0|0|011011":1,"1|1|000010":3010,"2|1|101000":9354,"1|1|111110":3422,"1|1|111111":1468,"2|1|111010":2008,"1|1|011110":80347,"1|1|011111":82221,"2|0|010111":14042,"2|1|001000":6181,"2|1|001001":7039,"2|1|111011":1751,"2|0|010110":13762,"1|0|101111":39879,"1|1|100101":67455,"1|1|100100":70695,"1|0|101110":42503,"1|1|000000":1882,"1|1|000001":2552,"2|1|101111":6282,"2|1|101110":6766,"1|1|110010":32368,"1|1|111101":5827,"1|1|110011":29917,"1|1|111100":8134,"1|1|011000":65309,"1|1|011001":68626,"2|1|001010":7495,"2|0|010100":12562,"2|1|001011":8241,"2|0|010101":13092,"1|0|101001":56158,"1|0|101000":58964,"1|0|000110":5129,"2|0|101101":7197,"2|0|100011":11462,"2|0|101100":7437,"2|0|100010":11791,"2|1|000001":2433,"2|1|000000":1963,"1|1|111011":10283,"1|0|000111":5778,"1|1|111010":12499,"1|0|011011":73566,"2|1|110100":4101,"1|0|011010":71313,"2|1|001100":8555,"2|1|110101":3911,"2|1|001101":9104,"1|1|100001":78772,"1|1|100000":82565,"1|0|000000":1847,"0|1|011100":2,"2|0|101111":6283,"2|0|101110":6609,"2|1|000111":5714,"2|1|000110":5265,"1|1|111000":17563,"1|0|000001":2407,"1|1|111001":14973,"1|0|011000":65020,"2|1|001110":9519,"2|1|110111":3082,"2|1|001111":10149,"2|1|110110":3501,"1|0|011001":68480,"1|1|100111":61430,"1|1|100110":64393,"1|0|000011":3692,"1|0|001100":23317,"1|0|000010":2927,"2|0|101001":8638,"2|0|101000":9075,"1|0|001101":27159,"2|1|110001":5367,"2|1|110000":5906,"2|1|011001":14771,"2|1|011000":14584,"1|1|010100":52158,"1|1|010101":54764,"1|1|101111":40207,"1|1|101110":42611,"2|0|101010":8333,"1|0|001111":34806,"1|1|001010":15756,"1|0|001110":30837,"1|1|001011":19626,"2|0|101011":7932,"2|1|000011":3561,"2|1|000010":3079,"1|1|010110":58613,"2|1|111101":903,"0|1|101010":1,"2|1|110010":5051,"2|1|111100":1168,"2|1|110011":4551,"2|1|011010":15240,"2|1|011011":14952,"1|1|010111":61488,"1|1|101101":45435,"1|1|100011":73181,"1|1|101100":48198,"1|1|100010":75964,"1|0|110001":34490,"2|0|001011":8108,"2|0|001010":7409,"1|0|110000":37507,"2|0|111110":599,"2|0|111111":455,"1|1|101010":53582,"2|1|010010":11666,"2|1|011100":14533,"2|1|011101":14154,"1|0|010001":41538,"1|0|010000":37850,"2|1|010011":12053,"1|1|101011":50589,"1|0|111101":5683,"2|0|100101":10398,"2|0|100100":10959,"1|0|110010":32016,"1|0|110011":29938,"1|0|111100":8076,"2|0|110010":5049,"2|0|111101":899,"2|0|110011":4544,"2|0|111100":1264,"2|1|011111":13155,"1|0|010111":61686,"1|0|010110":58512,"2|1|011110":13522,"1|1|101001":56763,"1|1|101000":59274,"1|0|110100":27394,"1|0|110101":24805,"2|0|100111":9416,"2|0|100110":10135,"2|1|000101":4650,"2|0|001111":10180,"2|1|000100":4221,"2|0|001110":9720,"1|0|011110":80460,"2|0|111011":1620,"2|0|111010":1900,"2|1|010111":13969,"1|0|011111":83126,"2|1|010110":13596,"1|0|110111":19753,"2|0|100001":12246,"2|0|100000":13000,"2|0|001001":7087,"2|0|001000":6386,"1|0|000101":4766,"1|0|000100":4143,"1|0|110110":22170,"1|0|010010":45302,"2|0|111000":2770,"2|0|111001":2373,"1|0|011101":78317,"2|1|010001":11167,"1|0|010011":48388,"1|0|011100":75773,"2|1|010000":10718}}
