{"probability":{"Group 13":"0.01121564348615845","Group 12":"0.4466773303559679","Group 11":"0.07058091170348396","Group 10":"0.0","Group  6":"0.0","Group  5":"0.0001918659628088369","Group  4":"0.01498406537461359","Group  3":"0.0","Group  2":"0.0","Group  1":"0.0","Group  9":"0.0016393573612944069","Group  8":"0.0","Group  7":"0.4547108257556729"},"groups":{"Group 13":["Botan 1.5.6 & 1.11.29 & 2.1.0","Feitian JavaCOS A22 & A40","Gemalto GCX4 72K","HSM SafeNet Luna SA-1700","LibTomCrypt 1.17","Libgcrypt 1.6.0 & 1.6.5 & 1.7.6","Libgcrypt 1.6.0 FIPS & 1.6.5 FIPS","Nettle 3.2 & 3.3","Oberthur Cosmo 64","OpenSSL FIPS 2.0.12 & 2.0.14","PGPSDK 4","WolfSSL 2.0rc1 & 3.9.0 & 3.10.2","cryptlib 3.4.3 & 3.4.3.1"],"Group 12":["Bouncy Castle 1.53 (Java)","Cryptix JCE 20050328","FlexiProvider 1.7p7","HSM Utimaco Security Server Se50","Nettle 2.0","PolarSSL 0.10.0","PuTTY 0.67","SunRsaSign OpenJDK 1.8.0","mbedTLS 1.3.19 & 2.2.1 & 2.4.2"],"Group 11":["Bouncy Castle 1.54 (Java)","Crypto++ 5.6.0 & 5.6.3 & 5.6.5","Libgcrypt 1.7.6 FIPS","Microsoft CryptoAPI & CNG & .NET"],"Group 10":["NXP J2D081 & J2E145G","YubiKey NEO"],"Group  6":["Oberthur Cosmo Dual 72K"],"Group  5":["NXP J2A080 & J2A081 & J3A081 & JCOP 41 V2.2.1"],"Group  4":["Gemalto GXP E64"],"Group  3":["GNU Crypto 2.0.1"],"Group  2":["G&D SmartCafe 4.x & 6.0"],"Group  1":["G&D SmartCafe 3.2"],"Group  9":["Infineon JTOP 80K","YubiKey 4 & 4 Nano"],"Group  8":["PGPSDK 4 FIPS"],"Group  7":["OpenSSL 0.9.7 & 1.0.2g & 1.0.2k & 1.1.0e"]},"frequencies":{"1|1|000110":6432,"2|1|100011":3653,"2|1|101101":2098,"1|1|000111":6335,"2|1|101100":2255,"2|1|100010":3804,"2|0|000000":6927,"2|0|000001":6766,"1|0|111010":2800,"1|0|111011":2343,"1|1|011010":16425,"1|1|011011":17261,"2|0|110100":1199,"2|0|110101":1078,"1|0|100001":17897,"1|0|100000":18787,"2|1|100000":4214,"1|1|000100":6584,"2|1|100001":4066,"2|0|000011":6602,"2|0|001101":6008,"2|0|001100":6085,"2|0|000010":6741,"1|1|000101":6467,"2|1|010101":5515,"2|0|011010":4930,"2|1|010100":5577,"2|0|011011":4820,"1|0|100010":17081,"1|0|101100":10690,"1|0|101101":10068,"1|0|100011":16520,"2|1|100110":3180,"1|1|110101":5490,"2|1|100111":3082,"2|0|000101":6528,"2|0|000100":6408,"1|0|111110":751,"1|1|110100":6061,"1|0|111111":261,"1|0|100101":15144,"2|0|110001":1547,"2|0|110000":1785,"1|0|010101":14204,"1|0|010100":13837,"2|0|011001":5056,"2|0|011000":5060,"1|0|100100":15941,"2|1|100100":3524,"2|1|100101":3327,"2|0|000110":6325,"2|0|000111":6419,"1|0|111000":3859,"1|0|111001":3317,"2|0|110111":871,"2|0|110110":914,"2|0|011111":4369,"2|0|011110":4479,"1|0|100111":14191,"1|0|100110":14730,"1|1|001001":7193,"1|0|001001":7245,"1|0|001000":6613,"1|1|001000":6508,"1|1|110001":7710,"1|1|110000":8229,"1|1|010000":11637,"2|0|011101":4635,"2|1|111111":43,"2|1|111110":115,"2|0|010010":5688,"2|0|011100":4690,"2|0|010011":5535,"1|1|010001":12189,"1|0|101010":12230,"1|0|101011":11286,"1|0|001010":7887,"1|1|001111":10879,"1|0|001011":8530,"1|1|001110":10448,"2|1|101011":2402,"2|1|101010":2565,"1|1|110111":4469,"1|1|110110":4980,"1|1|010010":12767,"1|1|010011":13184,"1|1|011100":17528,"2|0|010001":5935,"2|1|111001":701,"2|1|111000":792,"2|0|010000":5852,"1|1|011101":17936,"1|1|000011":6594,"1|1|001100":8949,"1|1|001101":9822,"2|1|101001":2704,"1|1|000010":6717,"2|1|101000":2770,"1|1|111110":723,"1|1|111111":247,"2|1|111010":535,"1|1|011110":18313,"1|1|011111":19045,"2|0|010111":5355,"2|1|001000":6327,"2|1|001001":6133,"2|1|111011":475,"2|0|010110":5398,"1|0|101111":9009,"1|1|100101":15336,"1|1|100100":15903,"1|0|101110":9432,"1|1|000000":7143,"1|1|000001":6980,"2|1|101111":1808,"2|1|101110":1973,"1|1|110010":7123,"1|1|111101":1248,"1|1|110011":6543,"1|1|111100":1805,"1|1|011000":15704,"1|1|011001":16227,"2|1|001010":6174,"2|0|010100":5672,"2|1|001011":6088,"2|0|010101":5564,"1|0|101001":12583,"1|0|101000":13278,"1|0|000110":6438,"2|0|101101":2140,"2|0|100011":3722,"2|0|101100":2271,"2|0|100010":3842,"2|1|000001":6852,"2|1|000000":7127,"1|1|111011":2249,"1|0|000111":6327,"1|1|111010":2814,"1|0|011011":16945,"2|1|110100":1189,"1|0|011010":16517,"2|1|001100":6267,"2|1|110101":1082,"2|1|001101":6143,"1|1|100001":17969,"1|1|100000":18965,"1|0|000000":6898,"2|0|101111":1816,"2|0|101110":1898,"2|1|000111":6164,"2|1|000110":6375,"1|1|111000":3891,"1|0|000001":7026,"1|1|111001":3280,"1|0|011000":15627,"2|1|001110":5942,"2|1|110111":907,"2|1|001111":5889,"2|1|110110":971,"1|0|011001":16227,"1|1|100111":13868,"1|1|100110":14500,"1|0|000011":6736,"1|0|001100":9271,"1|0|000010":6782,"2|0|101001":2641,"2|0|101000":2901,"1|0|001101":9670,"2|1|110001":1502,"2|1|110000":1714,"2|1|011001":4879,"2|1|011000":5199,"1|1|010100":13749,"1|1|010101":14240,"1|1|101111":8839,"1|1|101110":9604,"2|0|101010":2483,"1|0|001111":11016,"1|1|001010":8038,"1|0|001110":10218,"1|1|001011":8650,"2|0|101011":2323,"2|1|000011":6615,"2|1|000010":6627,"1|1|010110":14795,"2|1|111101":256,"2|1|110010":1430,"2|1|111100":335,"2|1|110011":1312,"2|1|011010":4955,"2|1|011011":4765,"1|1|010111":15506,"1|1|101101":10126,"1|1|100011":16428,"1|1|101100":10683,"1|1|100010":17185,"1|0|110001":7733,"2|0|001011":5971,"2|0|001010":6233,"1|0|110000":8275,"2|0|111110":148,"2|0|111111":31,"1|1|101010":12130,"2|1|010010":5706,"2|1|011100":4625,"2|1|011101":4601,"1|0|010001":12060,"1|0|010000":11430,"2|1|010011":5597,"1|1|101011":11250,"1|0|111101":1252,"2|0|100101":3293,"2|0|100100":3525,"1|0|110010":7180,"1|0|110011":6464,"1|0|111100":1732,"2|0|110010":1473,"2|0|111101":238,"2|0|110011":1274,"2|0|111100":370,"2|1|011111":4404,"1|0|010111":15305,"1|0|010110":14571,"2|1|011110":4451,"1|1|101001":12612,"1|1|101000":13465,"1|0|110100":6052,"1|0|110101":5372,"2|0|100111":2946,"2|0|100110":3160,"2|1|000101":6533,"2|0|001111":5943,"2|1|000100":6747,"2|0|001110":5886,"1|0|011110":18468,"2|0|111011":478,"2|0|111010":503,"2|1|010111":5215,"1|0|011111":18742,"2|1|010110":5450,"1|0|110111":4469,"2|0|100001":4050,"2|0|100000":4275,"2|0|001001":6200,"2|0|001000":6280,"1|0|000101":6488,"1|0|000100":6639,"1|0|110110":4991,"1|0|010010":12783,"2|0|111000":716,"2|0|111001":670,"1|0|011101":17825,"2|1|010001":5828,"1|0|010011":13140,"1|0|011100":17634,"2|1|010000":5960}}
