{"probability":{"Group 13":"0.07690153619080511","Group 12":"0.31884281039075946","Group 11":"0.04885503551682742","Group 10":"0.0","Group  6":"0.0","Group  5":"0.00019890784064278575","Group  4":"0.011370871113982516","Group  3":"0.0","Group  2":"0.0","Group  1":"0.0","Group  9":"0.001077228249229188","Group  8":"0.0","Group  7":"0.5427536106977536"},"groups":{"Group 13":["Botan 1.5.6 & 1.11.29 & 2.1.0","Feitian JavaCOS A22 & A40","Gemalto GCX4 72K","HSM SafeNet Luna SA-1700","LibTomCrypt 1.17","Libgcrypt 1.6.0 & 1.6.5 & 1.7.6","Libgcrypt 1.6.0 FIPS & 1.6.5 FIPS","Nettle 3.2 & 3.3","Oberthur Cosmo 64","OpenSSL FIPS 2.0.12 & 2.0.14","PGPSDK 4","WolfSSL 2.0rc1 & 3.9.0 & 3.10.2","cryptlib 3.4.3 & 3.4.3.1"],"Group 12":["Bouncy Castle 1.53 (Java)","Cryptix JCE 20050328","FlexiProvider 1.7p7","HSM Utimaco Security Server Se50","Nettle 2.0","PolarSSL 0.10.0","PuTTY 0.67","SunRsaSign OpenJDK 1.8.0","mbedTLS 1.3.19 & 2.2.1 & 2.4.2"],"Group 11":["Bouncy Castle 1.54 (Java)","Crypto++ 5.6.0 & 5.6.3 & 5.6.5","Libgcrypt 1.7.6 FIPS","Microsoft CryptoAPI & CNG & .NET"],"Group 10":["NXP J2D081 & J2E145G","YubiKey NEO"],"Group  6":["Oberthur Cosmo Dual 72K"],"Group  5":["NXP J2A080 & J2A081 & J3A081 & JCOP 41 V2.2.1"],"Group  4":["Gemalto GXP E64"],"Group  3":["GNU Crypto 2.0.1"],"Group  2":["G&D SmartCafe 4.x & 6.0"],"Group  1":["G&D SmartCafe 3.2"],"Group  9":["Infineon JTOP 80K","YubiKey 4 & 4 Nano"],"Group  8":["PGPSDK 4 FIPS"],"Group  7":["OpenSSL 0.9.7 & 1.0.2g & 1.0.2k & 1.1.0e"]},"frequencies":{"1|1|000110":5747,"2|1|100011":4416,"2|1|101101":2589,"1|1|000111":5555,"2|1|101100":2838,"2|1|100010":4619,"2|0|000000":6226,"2|0|000001":6102,"1|0|111010":4043,"1|0|111011":3400,"1|1|011010":22749,"1|1|011011":23942,"2|0|110100":1505,"2|0|110101":1376,"1|0|100001":25732,"1|0|100000":26800,"2|1|100000":5178,"1|1|000100":5916,"2|1|100001":4987,"2|0|000011":5850,"2|0|001101":5812,"2|0|001100":5817,"2|0|000010":6079,"1|1|000101":5784,"2|1|010101":5699,"2|0|011010":5466,"2|1|010100":5622,"2|0|011011":5587,"1|0|100010":24861,"1|0|101100":15519,"1|0|101101":14523,"1|0|100011":23781,"2|1|100110":4061,"1|1|110101":7961,"2|1|100111":3740,"2|0|000101":5813,"2|0|000100":5695,"1|0|111110":1085,"1|1|110100":8843,"1|0|111111":388,"1|0|100101":21951,"2|0|110001":1892,"2|0|110000":2180,"1|0|010101":18920,"1|0|010100":18041,"2|0|011001":5497,"2|0|011000":5530,"1|0|100100":22562,"2|1|100100":4247,"2|1|100101":4052,"2|0|000110":5737,"2|0|000111":5574,"1|0|111000":5438,"1|0|111001":4925,"2|0|110111":1058,"2|0|110110":1300,"2|0|011111":5360,"2|0|011110":5267,"1|0|100111":19892,"1|0|100110":20871,"1|1|001001":7124,"1|0|001001":7163,"1|0|001000":6092,"1|1|001000":6124,"1|1|110001":11212,"1|1|110000":12158,"1|1|010000":14306,"2|0|011101":5304,"2|1|111111":55,"2|1|111110":194,"2|0|010010":5759,"2|0|011100":5434,"2|0|010011":5724,"1|1|010001":15299,"1|0|101010":17246,"1|0|101011":16384,"1|0|001010":8043,"1|1|001111":13216,"1|0|001011":9355,"1|1|001110":12184,"2|1|101011":3038,"2|1|101010":3216,"1|1|110111":6405,"1|1|110110":7194,"1|1|010010":16324,"1|1|010011":17184,"1|1|011100":24555,"2|0|010001":5733,"2|1|111001":851,"2|1|111000":968,"2|0|010000":5861,"1|1|011101":25364,"1|1|000011":5933,"1|1|001100":10400,"1|1|001101":11330,"2|1|101001":3294,"1|1|000010":6137,"2|1|101000":3492,"1|1|111110":1033,"1|1|111111":383,"2|1|111010":654,"1|1|011110":26201,"1|1|011111":26738,"2|0|010111":5554,"2|1|001000":5546,"2|1|001001":5652,"2|1|111011":570,"2|0|010110":5718,"1|0|101111":12976,"1|1|100101":21979,"1|1|100100":22862,"1|0|101110":13672,"1|1|000000":6299,"1|1|000001":6272,"2|1|101111":2356,"2|1|101110":2466,"1|1|110010":10420,"1|1|111101":1831,"1|1|110011":9499,"1|1|111100":2551,"1|1|011000":21517,"1|1|011001":22387,"2|1|001010":5654,"2|0|010100":5864,"2|1|001011":5670,"2|0|010101":5686,"1|0|101001":18115,"1|0|101000":18880,"1|0|000110":5744,"2|0|101101":2632,"2|0|100011":4546,"2|0|101100":2808,"2|0|100010":4656,"2|1|000001":6002,"2|1|000000":6404,"1|1|111011":3220,"1|0|000111":5623,"1|1|111010":4136,"1|0|011011":23674,"2|1|110100":1579,"1|0|011010":22831,"2|1|001100":5761,"2|1|110101":1412,"2|1|001101":5767,"1|1|100001":25669,"1|1|100000":26817,"1|0|000000":6313,"2|0|101111":2271,"2|0|101110":2380,"2|1|000111":5415,"2|1|000110":5667,"1|1|111000":5630,"1|0|000001":6075,"1|1|111001":4838,"1|0|011000":21316,"2|1|001110":5670,"2|1|110111":1137,"2|1|001111":5792,"2|1|110110":1257,"1|0|011001":22152,"1|1|100111":20128,"1|1|100110":20964,"1|0|000011":5946,"1|0|001100":10406,"1|0|000010":5956,"2|0|101001":3294,"2|0|101000":3581,"1|0|001101":11479,"2|1|110001":1975,"2|1|110000":2163,"2|1|011001":5572,"2|1|011000":5618,"1|1|010100":17990,"1|1|010101":19043,"1|1|101111":12974,"1|1|101110":13670,"2|0|101010":3228,"1|0|001111":13271,"1|1|001010":8167,"1|0|001110":12401,"1|1|001011":9115,"2|0|101011":2988,"2|1|000011":5990,"2|1|000010":6089,"1|1|010110":19692,"2|1|111101":312,"2|1|110010":1745,"2|1|111100":435,"2|1|110011":1638,"2|1|011010":5604,"2|1|011011":5338,"1|1|010111":20701,"1|1|101101":14562,"1|1|100011":23757,"1|1|101100":15460,"1|1|100010":24804,"1|0|110001":11158,"2|0|001011":5588,"2|0|001010":5774,"1|0|110000":11872,"2|0|111110":184,"2|0|111111":68,"1|1|101010":17258,"2|1|010010":5620,"2|1|011100":5420,"2|1|011101":5341,"1|0|010001":15195,"1|0|010000":14409,"2|1|010011":5749,"1|1|101011":16205,"1|0|111101":1811,"2|0|100101":4221,"2|0|100100":4340,"1|0|110010":10321,"1|0|110011":9513,"1|0|111100":2594,"2|0|110010":1802,"2|0|111101":295,"2|0|110011":1700,"2|0|111100":438,"2|1|011111":5160,"1|0|010111":20438,"1|0|010110":19675,"2|1|011110":5430,"1|1|101001":18161,"1|1|101000":19301,"1|0|110100":8893,"1|0|110101":7850,"2|0|100111":3617,"2|0|100110":3861,"2|1|000101":5979,"2|0|001111":5602,"2|1|000100":5949,"2|0|001110":5621,"1|0|011110":25974,"2|0|111011":597,"2|0|111010":688,"2|1|010111":5751,"1|0|011111":26568,"2|1|010110":5742,"1|0|110111":6324,"2|0|100001":5007,"2|0|100000":5145,"2|0|001001":5695,"2|0|001000":5569,"1|0|000101":6017,"1|0|000100":5804,"1|0|110110":7179,"1|0|010010":16167,"2|0|111000":1009,"2|0|111001":826,"1|0|011101":25478,"2|1|010001":5643,"1|0|010011":17208,"1|0|011100":24798,"2|1|010000":5683}}
