{"probability":{"Group 13":"0.21291427719885606","Group 12":"0.14659129724939574","Group 11":"0.014152160713585136","Group 10":"6.466865010405565E-7","Group  6":"0.00026724491204569415","Group  5":"0.0000657785277290529","Group  4":"0.005570230785164372","Group  3":"0.0","Group  2":"0.0","Group  1":"0.0","Group  9":"0.0011409334399448306","Group  8":"0.00004766473313556808","Group  7":"0.6192497657536425"},"groups":{"Group 13":["Botan 1.5.6 & 1.11.29 & 2.1.0","Feitian JavaCOS A22 & A40","Gemalto GCX4 72K","HSM SafeNet Luna SA-1700","LibTomCrypt 1.17","Libgcrypt 1.6.0 & 1.6.5 & 1.7.6","Libgcrypt 1.6.0 FIPS & 1.6.5 FIPS","Nettle 3.2 & 3.3","Oberthur Cosmo 64","OpenSSL FIPS 2.0.12 & 2.0.14","PGPSDK 4","WolfSSL 2.0rc1 & 3.9.0 & 3.10.2","cryptlib 3.4.3 & 3.4.3.1"],"Group 12":["Bouncy Castle 1.53 (Java)","Cryptix JCE 20050328","FlexiProvider 1.7p7","HSM Utimaco Security Server Se50","Nettle 2.0","PolarSSL 0.10.0","PuTTY 0.67","SunRsaSign OpenJDK 1.8.0","mbedTLS 1.3.19 & 2.2.1 & 2.4.2"],"Group 11":["Bouncy Castle 1.54 (Java)","Crypto++ 5.6.0 & 5.6.3 & 5.6.5","Libgcrypt 1.7.6 FIPS","Microsoft CryptoAPI & CNG & .NET"],"Group 10":["NXP J2D081 & J2E145G","YubiKey NEO"],"Group  6":["Oberthur Cosmo Dual 72K"],"Group  5":["NXP J2A080 & J2A081 & J3A081 & JCOP 41 V2.2.1"],"Group  4":["Gemalto GXP E64"],"Group  3":["GNU Crypto 2.0.1"],"Group  2":["G&D SmartCafe 4.x & 6.0"],"Group  1":["G&D SmartCafe 3.2"],"Group  9":["Infineon JTOP 80K","YubiKey 4 & 4 Nano"],"Group  8":["PGPSDK 4 FIPS"],"Group  7":["OpenSSL 0.9.7 & 1.0.2g & 1.0.2k & 1.1.0e"]},"frequencies":{"1|1|000110":1603,"2|1|100011":3142,"2|1|101101":1913,"1|1|000111":1579,"2|1|101100":2114,"2|1|100010":3255,"2|0|000000":1764,"2|0|000001":1774,"1|0|111010":2945,"1|0|111011":2416,"1|1|011010":15687,"1|1|011011":16318,"2|0|110100":1135,"2|0|110101":972,"1|0|100001":18209,"1|0|100000":18656,"2|1|100000":3623,"1|1|000100":1672,"2|1|100001":3569,"2|0|000011":1707,"2|0|001101":2163,"2|0|001100":2085,"2|0|000010":1754,"1|1|000101":1712,"2|1|010101":2930,"2|0|011010":3261,"2|1|010100":2832,"2|0|011011":3307,"1|0|100010":17708,"1|0|101100":11118,"1|0|101101":10482,"1|0|100011":17006,"2|1|100110":2736,"1|1|110101":5630,"2|1|100111":2659,"2|0|000101":1630,"2|0|000100":1583,"1|0|111110":822,"1|1|110100":6222,"1|0|111111":250,"1|0|100101":15600,"2|0|110001":1501,"2|0|110000":1582,"1|0|010101":12205,"1|0|010100":11582,"2|0|011001":3219,"2|0|011000":3115,"1|0|100100":16119,"2|1|100100":2981,"2|1|100101":2957,"2|0|000110":1632,"2|0|000111":1511,"1|0|111000":4036,"1|0|111001":3528,"2|0|110111":835,"2|0|110110":926,"2|0|011111":3614,"2|0|011110":3598,"1|0|100111":14056,"1|0|100110":14862,"1|1|001001":2909,"1|0|001001":2866,"1|0|001000":1977,"1|1|001000":2040,"1|1|110001":7907,"1|1|110000":8618,"1|1|010000":8561,"2|0|011101":3591,"2|1|111111":52,"2|1|111110":151,"2|0|010010":2596,"2|0|011100":3365,"2|0|010011":2766,"1|1|010001":9157,"1|0|101010":12409,"1|0|101011":11544,"1|0|001010":3735,"1|1|001111":7846,"1|0|001011":4516,"1|1|001110":6920,"2|1|101011":2136,"2|1|101010":2180,"1|1|110111":4562,"1|1|110110":5098,"1|1|010010":9853,"1|1|010011":10664,"1|1|011100":16949,"2|0|010001":2493,"2|1|111001":639,"2|1|111000":721,"2|0|010000":2508,"1|1|011101":17739,"1|1|000011":1643,"1|1|001100":5355,"1|1|001101":6278,"2|1|101001":2468,"1|1|000010":1797,"2|1|101000":2512,"1|1|111110":805,"1|1|111111":256,"2|1|111010":530,"1|1|011110":18254,"1|1|011111":19008,"2|0|010111":3150,"2|1|001000":1631,"2|1|001001":1729,"2|1|111011":471,"2|0|010110":2949,"1|0|101111":9107,"1|1|100101":15463,"1|1|100100":16270,"1|0|101110":9826,"1|1|000000":1753,"1|1|000001":1748,"2|1|101111":1652,"2|1|101110":1770,"1|1|110010":7312,"1|1|111101":1321,"1|1|110011":6810,"1|1|111100":1808,"1|1|011000":14267,"1|1|011001":15086,"2|1|001010":1849,"2|0|010100":2828,"2|1|001011":1919,"2|0|010101":2940,"1|0|101001":12643,"1|0|101000":13401,"1|0|000110":1600,"2|0|101101":1902,"2|0|100011":3141,"2|0|101100":2004,"2|0|100010":3324,"2|1|000001":1743,"2|1|000000":1739,"1|1|111011":2356,"1|0|000111":1552,"1|1|111010":2822,"1|0|011011":16188,"2|1|110100":1141,"1|0|011010":15955,"2|1|001100":2098,"2|1|110101":1072,"2|1|001101":2151,"1|1|100001":18108,"1|1|100000":18985,"1|0|000000":1734,"2|0|101111":1694,"2|0|101110":1795,"2|1|000111":1630,"2|1|000110":1673,"1|1|111000":3994,"1|0|000001":1706,"1|1|111001":3542,"1|0|011000":14359,"2|1|001110":2277,"2|1|110111":825,"2|1|001111":2341,"2|1|110110":911,"1|0|011001":14909,"1|1|100111":14122,"1|1|100110":14737,"1|0|000011":1717,"1|0|001100":5359,"1|0|000010":1725,"2|0|101001":2412,"2|0|101000":2588,"1|0|001101":6161,"2|1|110001":1463,"2|1|110000":1545,"2|1|011001":3175,"2|1|011000":3173,"1|1|010100":11373,"1|1|010101":11993,"1|1|101111":9284,"1|1|101110":9695,"2|0|101010":2275,"1|0|001111":7732,"1|1|001010":3706,"1|0|001110":7038,"1|1|001011":4499,"2|0|101011":2123,"2|1|000011":1683,"2|1|000010":1691,"1|1|010110":13066,"2|1|111101":258,"2|1|110010":1384,"2|1|111100":330,"2|1|110011":1231,"2|1|011010":3231,"2|1|011011":3302,"1|1|010111":13698,"1|1|101101":10344,"1|1|100011":17016,"1|1|101100":11085,"1|1|100010":17557,"1|0|110001":7979,"2|0|001011":1985,"2|0|001010":1901,"1|0|110000":8585,"2|0|111110":144,"2|0|111111":59,"1|1|101010":12322,"2|1|010010":2719,"2|1|011100":3426,"2|1|011101":3505,"1|0|010001":9208,"1|0|010000":8550,"2|1|010011":2697,"1|1|101011":11503,"1|0|111101":1328,"2|0|100101":2901,"2|0|100100":3006,"1|0|110010":7460,"1|0|110011":6831,"1|0|111100":1709,"2|0|110010":1365,"2|0|111101":240,"2|0|110011":1265,"2|0|111100":347,"2|1|011111":3566,"1|0|010111":13410,"1|0|010110":12772,"2|1|011110":3575,"1|1|101001":13057,"1|1|101000":13484,"1|0|110100":6173,"1|0|110101":5653,"2|0|100111":2752,"2|0|100110":2689,"2|1|000101":1622,"2|0|001111":2362,"2|1|000100":1653,"2|0|001110":2264,"1|0|011110":18370,"2|0|111011":457,"2|0|111010":539,"2|1|010111":3020,"1|0|011111":19178,"2|1|010110":3090,"1|0|110111":4676,"2|0|100001":3537,"2|0|100000":3671,"2|0|001001":1713,"2|0|001000":1602,"1|0|000101":1707,"1|0|000100":1654,"1|0|110110":5093,"1|0|010010":10089,"2|0|111000":775,"2|0|111001":633,"1|0|011101":17480,"2|1|010001":2544,"1|0|010011":10754,"1|0|011100":16890,"2|1|010000":2525}}
