{"probability":{"Group 13":"0.039864850432286894","Group 12":"0.045323722486888894","Group 11":"0.18951425304418354","Group 10":"0.00005210995129099495","Group  6":"0.00004491280540344601","Group  5":"0.0","Group  4":"0.0029498918076745983","Group  3":"0.00026919320749464536","Group  2":"0.0","Group  1":"0.0","Group  9":"0.0001243515711985208","Group  8":"0.013758705238800014","Group  7":"0.7080980094547785"},"groups":{"Group 13":["Botan 1.5.6 & 1.11.29 & 2.1.0","Feitian JavaCOS A22 & A40","Gemalto GCX4 72K","HSM SafeNet Luna SA-1700","LibTomCrypt 1.17","Libgcrypt 1.6.0 & 1.6.5 & 1.7.6","Libgcrypt 1.6.0 FIPS & 1.6.5 FIPS","Nettle 3.2 & 3.3","Oberthur Cosmo 64","OpenSSL FIPS 2.0.12 & 2.0.14","PGPSDK 4","WolfSSL 2.0rc1 & 3.9.0 & 3.10.2","cryptlib 3.4.3 & 3.4.3.1"],"Group 12":["Bouncy Castle 1.53 (Java)","Cryptix JCE 20050328","FlexiProvider 1.7p7","HSM Utimaco Security Server Se50","Nettle 2.0","PolarSSL 0.10.0","PuTTY 0.67","SunRsaSign OpenJDK 1.8.0","mbedTLS 1.3.19 & 2.2.1 & 2.4.2"],"Group 11":["Bouncy Castle 1.54 (Java)","Crypto++ 5.6.0 & 5.6.3 & 5.6.5","Libgcrypt 1.7.6 FIPS","Microsoft CryptoAPI & CNG & .NET"],"Group 10":["NXP J2D081 & J2E145G","YubiKey NEO"],"Group  6":["Oberthur Cosmo Dual 72K"],"Group  5":["NXP J2A080 & J2A081 & J3A081 & JCOP 41 V2.2.1"],"Group  4":["Gemalto GXP E64"],"Group  3":["GNU Crypto 2.0.1"],"Group  2":["G&D SmartCafe 4.x & 6.0"],"Group  1":["G&D SmartCafe 3.2"],"Group  9":["Infineon JTOP 80K","YubiKey 4 & 4 Nano"],"Group  8":["PGPSDK 4 FIPS"],"Group  7":["OpenSSL 0.9.7 & 1.0.2g & 1.0.2k & 1.1.0e"]},"frequencies":{"1|1|000110":9266,"2|1|100011":18201,"2|1|101101":11552,"1|1|000111":9921,"2|1|101100":12292,"2|1|100010":19594,"2|0|000000":5801,"2|0|000001":6171,"1|0|111010":25351,"1|0|111011":20880,"1|1|011010":138949,"1|1|011011":144741,"2|0|110100":6984,"2|0|110101":6556,"1|0|100001":157612,"1|0|100000":163946,"2|1|100000":20875,"1|1|000100":7900,"2|1|100001":20102,"2|0|000011":7416,"2|0|001101":14673,"2|0|001100":14070,"2|0|000010":6795,"1|1|000101":8695,"2|1|010101":20319,"2|0|011010":23832,"2|1|010100":19601,"2|0|011011":23733,"1|0|100010":151112,"1|0|101100":95694,"1|0|101101":90215,"1|0|100011":145587,"2|1|100110":16322,"1|1|110101":49928,"2|1|100111":15681,"2|0|000101":8622,"2|0|000100":8005,"1|0|111110":7173,"1|1|110100":54275,"1|0|111111":2710,"1|0|100101":133340,"2|0|110001":8969,"2|0|110000":9466,"1|0|010101":106802,"1|0|010100":100491,"2|0|011001":23054,"2|0|011000":22544,"1|0|100100":140240,"2|1|100100":17806,"2|1|100101":17212,"2|0|000110":9161,"2|0|000111":9857,"1|0|111000":34812,"1|0|111001":30277,"2|0|110111":5220,"2|0|110110":5836,"2|0|011111":21518,"2|0|011110":21670,"1|0|100111":122452,"1|0|100110":128340,"1|1|001001":21941,"1|0|001001":21930,"1|0|001000":14092,"1|1|001000":14049,"1|1|110001":69544,"1|1|110000":75003,"1|1|010000":73524,"2|0|011101":22142,"2|1|111111":822,"2|1|111110":1119,"2|0|010010":18240,"2|0|011100":22561,"2|0|010011":19069,"1|1|010001":80193,"1|0|101010":105652,"1|0|101011":100831,"1|0|001010":29583,"1|1|001111":66360,"1|0|001011":36911,"1|1|001110":59172,"2|1|101011":13054,"2|1|101010":13703,"1|1|110111":39866,"1|1|110110":44641,"1|1|010010":86747,"1|1|010011":93761,"1|1|011100":148962,"2|0|010001":17778,"2|1|111001":3933,"2|1|111000":4616,"2|0|010000":16832,"1|1|011101":154873,"1|1|000011":7249,"1|1|001100":44316,"1|1|001101":51665,"2|1|101001":14321,"1|1|000010":6698,"2|1|101000":15085,"1|1|111110":7046,"1|1|111111":2788,"2|1|111010":3466,"1|1|011110":158885,"1|1|011111":163801,"2|0|010111":21744,"2|1|001000":10517,"2|1|001001":11544,"2|1|111011":2927,"2|0|010110":21459,"1|0|101111":80195,"1|1|100101":134040,"1|1|100100":140337,"1|0|101110":85300,"1|1|000000":5707,"1|1|000001":6098,"2|1|101111":10178,"2|1|101110":11056,"1|1|110010":64409,"1|1|111101":11626,"1|1|110011":59500,"1|1|111100":16517,"1|1|011000":127238,"1|1|011001":133003,"2|1|001010":12163,"2|0|010100":19599,"2|1|001011":13135,"2|0|010101":20566,"1|0|101001":111890,"1|0|101000":117349,"1|0|000110":9171,"2|0|101101":11618,"2|0|100011":18599,"2|0|101100":12335,"2|0|100010":19250,"2|1|000001":6202,"2|1|000000":5802,"1|1|111011":20835,"1|0|000111":9870,"1|1|111010":25572,"1|0|011011":143993,"2|1|110100":7001,"1|0|011010":139719,"2|1|001100":13787,"2|1|110101":6517,"2|1|001101":14526,"1|1|100001":157565,"1|1|100000":163773,"1|0|000000":5789,"2|0|101111":10348,"2|0|101110":10855,"2|1|000111":9846,"2|1|000110":9290,"1|1|111000":35389,"1|0|000001":6131,"1|1|111001":30223,"1|0|011000":126778,"2|1|001110":15222,"2|1|110111":5279,"2|1|001111":16208,"2|1|110110":5968,"1|0|011001":132977,"1|1|100111":122506,"1|1|100110":128179,"1|0|000011":7401,"1|0|001100":44709,"1|0|000010":6610,"2|0|101001":14195,"2|0|101000":14883,"1|0|001101":51342,"2|1|110001":8847,"2|1|110000":9562,"2|1|011001":23072,"2|1|011000":22599,"1|1|010100":100165,"1|1|010101":107073,"1|1|101111":79919,"1|1|101110":84408,"2|0|101010":13558,"1|0|001111":66183,"1|1|001010":29480,"1|0|001110":59321,"1|1|001011":36976,"2|0|101011":12896,"2|1|000011":7371,"2|1|000010":6567,"1|1|010110":113432,"2|1|111101":1689,"0|1|101010":1,"2|1|110010":8308,"2|1|111100":2215,"2|1|110011":7511,"2|1|011010":23797,"2|1|011011":23315,"1|1|010111":120452,"1|1|101101":89667,"1|1|100011":146094,"1|1|101100":95782,"1|1|100010":151098,"1|0|110001":69807,"2|0|001011":13199,"2|0|001010":12181,"1|0|110000":74522,"2|0|111110":1163,"2|0|111111":859,"1|1|101010":106566,"2|1|010010":18331,"2|1|011100":23008,"2|1|011101":22561,"1|0|010001":79859,"1|0|010000":73196,"2|1|010011":18893,"1|1|101011":100758,"1|0|111101":11772,"2|0|100101":16958,"2|0|100100":17751,"1|0|110010":64079,"1|0|110011":59314,"1|0|111100":16219,"2|0|110010":8242,"2|0|111101":1694,"2|0|110011":7716,"2|0|111100":2256,"2|1|011111":21288,"1|0|010111":119856,"1|0|010110":113527,"2|1|011110":21796,"1|1|101001":111938,"1|1|101000":117204,"1|0|110100":54354,"1|0|110101":49887,"2|0|100111":15810,"2|0|100110":16361,"2|1|000101":8642,"2|0|001111":16194,"2|1|000100":8105,"2|0|001110":15333,"1|0|011110":159681,"2|0|111011":2818,"2|0|111010":3355,"2|1|010111":21897,"1|0|011111":164750,"2|1|010110":21310,"1|0|110111":39920,"2|0|100001":20242,"2|0|100000":20995,"2|0|001001":11419,"2|0|001000":10650,"1|0|000101":8607,"1|0|000100":8017,"1|0|110110":44698,"1|0|010010":87379,"2|0|111000":4633,"2|0|111001":4001,"1|0|011101":154551,"2|1|010001":17547,"1|0|010011":94132,"1|0|011100":148484,"2|1|010000":17236}}
