{"probability":{"Group 13":"0.07111192999679908","Group 12":"0.06189869830603647","Group 11":"0.10530104362359363","Group 10":"0.000017199928199808155","Group  6":"0.0004013577399158725","Group  5":"0.0","Group  4":"0.0037560492275222953","Group  3":"0.00014115206250774916","Group  2":"0.00002976066743281652","Group  1":"0.0","Group  9":"0.0003415839337213562","Group  8":"0.023040372603812805","Group  7":"0.733960851910458"},"groups":{"Group 13":["Botan 1.5.6 & 1.11.29 & 2.1.0","Feitian JavaCOS A22 & A40","Gemalto GCX4 72K","HSM SafeNet Luna SA-1700","LibTomCrypt 1.17","Libgcrypt 1.6.0 & 1.6.5 & 1.7.6","Libgcrypt 1.6.0 FIPS & 1.6.5 FIPS","Nettle 3.2 & 3.3","Oberthur Cosmo 64","OpenSSL FIPS 2.0.12 & 2.0.14","PGPSDK 4","WolfSSL 2.0rc1 & 3.9.0 & 3.10.2","cryptlib 3.4.3 & 3.4.3.1"],"Group 12":["Bouncy Castle 1.53 (Java)","Cryptix JCE 20050328","FlexiProvider 1.7p7","HSM Utimaco Security Server Se50","Nettle 2.0","PolarSSL 0.10.0","PuTTY 0.67","SunRsaSign OpenJDK 1.8.0","mbedTLS 1.3.19 & 2.2.1 & 2.4.2"],"Group 11":["Bouncy Castle 1.54 (Java)","Crypto++ 5.6.0 & 5.6.3 & 5.6.5","Libgcrypt 1.7.6 FIPS","Microsoft CryptoAPI & CNG & .NET"],"Group 10":["NXP J2D081 & J2E145G","YubiKey NEO"],"Group  6":["Oberthur Cosmo Dual 72K"],"Group  5":["NXP J2A080 & J2A081 & J3A081 & JCOP 41 V2.2.1"],"Group  4":["Gemalto GXP E64"],"Group  3":["GNU Crypto 2.0.1"],"Group  2":["G&D SmartCafe 4.x & 6.0"],"Group  1":["G&D SmartCafe 3.2"],"Group  9":["Infineon JTOP 80K","YubiKey 4 & 4 Nano"],"Group  8":["PGPSDK 4 FIPS"],"Group  7":["OpenSSL 0.9.7 & 1.0.2g & 1.0.2k & 1.1.0e"]},"frequencies":{"1|1|000110":4073,"2|1|100011":7243,"2|1|101101":4568,"1|1|000111":4276,"2|1|101100":4907,"2|1|100010":7784,"2|0|000000":3665,"2|0|000001":3380,"1|0|111010":11323,"1|0|111011":9346,"1|1|011010":61457,"1|1|011011":64121,"2|0|110100":2797,"2|0|110101":2652,"1|0|100001":70565,"1|0|100000":73223,"2|1|100000":8261,"1|1|000100":3699,"2|1|100001":7988,"2|0|000011":3550,"2|0|001101":5762,"2|0|001100":5585,"2|0|000010":3485,"1|1|000101":3746,"2|1|010101":7736,"2|0|011010":9001,"2|1|010100":7603,"2|0|011011":8915,"1|0|100010":67875,"1|0|101100":42967,"1|0|101101":40376,"1|0|100011":64837,"2|1|100110":6594,"1|1|110101":22416,"2|1|100111":6189,"2|0|000101":3766,"2|0|000100":3701,"1|0|111110":3286,"1|1|110100":24316,"1|0|111111":1288,"1|0|100101":59822,"2|0|110001":3599,"2|0|110000":3786,"1|0|010101":46808,"1|0|010100":44330,"2|0|011001":8574,"2|0|011000":8528,"1|0|100100":62935,"2|1|100100":6986,"2|1|100101":6890,"2|0|000110":3959,"2|0|000111":4072,"1|0|111000":15804,"1|0|111001":13519,"2|0|110111":2192,"2|0|110110":2414,"2|0|011111":8470,"2|0|011110":8623,"1|0|100111":54785,"1|0|100110":57705,"1|1|001001":9365,"1|0|001001":9391,"1|0|001000":5871,"1|1|001000":5868,"1|1|110001":30961,"1|1|110000":33521,"1|1|010000":32174,"2|0|011101":8627,"2|1|111111":357,"2|1|111110":564,"2|0|010010":6850,"2|0|011100":8645,"2|0|010011":7327,"1|1|010001":35398,"1|0|101010":47549,"1|0|101011":45270,"1|0|001010":13052,"1|1|001111":29059,"1|0|001011":16172,"1|1|001110":26046,"2|1|101011":5276,"2|1|101010":5367,"1|1|110111":17762,"1|1|110110":19713,"1|1|010010":38225,"1|1|010011":41386,"1|1|011100":66126,"2|0|010001":6923,"2|1|111001":1664,"2|1|111000":1955,"2|0|010000":6611,"1|1|011101":68588,"1|1|000011":3606,"1|1|001100":19529,"1|1|001101":22620,"2|1|101001":5767,"1|1|000010":3468,"2|1|101000":6008,"1|1|111110":3293,"1|1|111111":1186,"2|1|111010":1456,"1|1|011110":70968,"1|1|011111":73384,"2|0|010111":8177,"2|1|001000":4461,"2|1|001001":4674,"2|1|111011":1222,"2|0|010110":8233,"1|0|101111":35947,"1|1|100101":60130,"1|1|100100":62854,"1|0|101110":38195,"1|1|000000":3582,"1|1|000001":3396,"2|1|101111":4034,"2|1|101110":4342,"1|1|110010":29085,"1|1|111101":5433,"1|1|110011":26427,"1|1|111100":7390,"1|1|011000":55749,"1|1|011001":58726,"2|1|001010":4841,"2|0|010100":7451,"2|1|001011":5245,"2|0|010101":7643,"1|0|101001":50023,"1|0|101000":52741,"1|0|000110":3970,"2|0|101101":4612,"2|0|100011":7428,"2|0|101100":4964,"2|0|100010":7721,"2|1|000001":3515,"2|1|000000":3636,"1|1|111011":9365,"1|0|000111":4062,"1|1|111010":11700,"1|0|011011":63674,"2|1|110100":2893,"1|0|011010":61088,"2|1|001100":5535,"2|1|110101":2624,"2|1|001101":5731,"1|1|100001":70327,"1|1|100000":73012,"1|0|000000":3553,"2|0|101111":4184,"2|0|101110":4292,"2|1|000111":4164,"2|1|000110":4096,"1|1|111000":15792,"1|0|000001":3315,"1|1|111001":13694,"1|0|011000":55774,"2|1|001110":5984,"2|1|110111":2195,"2|1|001111":6392,"2|1|110110":2375,"1|0|011001":58843,"1|1|100111":54750,"1|1|100110":57091,"1|0|000011":3647,"1|0|001100":19556,"1|0|000010":3476,"2|0|101001":5688,"2|0|101000":5957,"1|0|001101":22625,"2|1|110001":3613,"2|1|110000":3795,"2|1|011001":8730,"2|1|011000":8471,"1|1|010100":44017,"1|1|010101":46741,"1|1|101111":35810,"1|1|101110":37789,"2|0|101010":5408,"1|0|001111":29103,"1|1|001010":12860,"1|0|001110":25642,"1|1|001011":16075,"2|0|101011":5212,"2|1|000011":3513,"2|1|000010":3487,"1|1|010110":50120,"2|1|111101":768,"2|1|110010":3419,"2|1|111100":1011,"2|1|110011":3104,"2|1|011010":8963,"2|1|011011":8906,"1|1|010111":53257,"1|1|101101":40000,"1|1|100011":65513,"1|1|101100":42745,"1|1|100010":67636,"1|0|110001":31270,"2|0|001011":5195,"2|0|001010":5001,"1|0|110000":33357,"2|0|111110":536,"2|0|111111":387,"1|1|101010":47641,"2|1|010010":7067,"2|1|011100":8699,"2|1|011101":8621,"1|0|010001":35061,"1|0|010000":32335,"2|1|010011":7115,"1|1|101011":45061,"1|0|111101":5454,"2|0|100101":6718,"2|0|100100":7000,"1|0|110010":28810,"1|0|110011":26546,"1|0|111100":7433,"2|0|110010":3340,"2|0|111101":790,"2|0|110011":3184,"2|0|111100":1020,"2|1|011111":8420,"1|0|010111":52567,"1|0|010110":50193,"2|1|011110":8549,"1|1|101001":50026,"1|1|101000":52194,"1|0|110100":24395,"1|0|110101":22418,"2|0|100111":6303,"2|0|100110":6502,"2|1|000101":3837,"2|0|001111":6183,"2|1|000100":3672,"2|0|001110":5862,"1|0|011110":71374,"2|0|111011":1216,"2|0|111010":1404,"2|1|010111":8238,"1|0|011111":73223,"2|1|010110":8094,"1|0|110111":18057,"2|0|100001":8136,"2|0|100000":8450,"2|0|001001":4599,"2|0|001000":4385,"1|0|000101":3956,"1|0|000100":3777,"1|0|110110":20176,"1|0|010010":38371,"2|0|111000":1935,"2|0|111001":1635,"1|0|011101":68335,"2|1|010001":6792,"1|0|010011":41425,"1|0|011100":65943,"2|1|010000":6559}}
