{"probability":{"Group 13":"0.013654090773020421","Group 12":"0.018233267424678554","Group 11":"0.061529701252806226","Group 10":"0.00005377357427392915","Group  6":"0.0","Group  5":"0.0","Group  4":"0.0007209764594401194","Group  3":"0.0","Group  2":"0.00004077464339993979","Group  1":"0.0","Group  9":"0.00017435149009849035","Group  8":"0.003946953790289755","Group  7":"0.9016461105919925"},"groups":{"Group 13":["Botan 1.5.6 & 1.11.29 & 2.1.0","Feitian JavaCOS A22 & A40","Gemalto GCX4 72K","HSM SafeNet Luna SA-1700","LibTomCrypt 1.17","Libgcrypt 1.6.0 & 1.6.5 & 1.7.6","Libgcrypt 1.6.0 FIPS & 1.6.5 FIPS","Nettle 3.2 & 3.3","Oberthur Cosmo 64","OpenSSL FIPS 2.0.12 & 2.0.14","PGPSDK 4","WolfSSL 2.0rc1 & 3.9.0 & 3.10.2","cryptlib 3.4.3 & 3.4.3.1"],"Group 12":["Bouncy Castle 1.53 (Java)","Cryptix JCE 20050328","FlexiProvider 1.7p7","HSM Utimaco Security Server Se50","Nettle 2.0","PolarSSL 0.10.0","PuTTY 0.67","SunRsaSign OpenJDK 1.8.0","mbedTLS 1.3.19 & 2.2.1 & 2.4.2"],"Group 11":["Bouncy Castle 1.54 (Java)","Crypto++ 5.6.0 & 5.6.3 & 5.6.5","Libgcrypt 1.7.6 FIPS","Microsoft CryptoAPI & CNG & .NET"],"Group 10":["NXP J2D081 & J2E145G","YubiKey NEO"],"Group  6":["Oberthur Cosmo Dual 72K"],"Group  5":["NXP J2A080 & J2A081 & J3A081 & JCOP 41 V2.2.1"],"Group  4":["Gemalto GXP E64"],"Group  3":["GNU Crypto 2.0.1"],"Group  2":["G&D SmartCafe 4.x & 6.0"],"Group  1":["G&D SmartCafe 3.2"],"Group  9":["Infineon JTOP 80K","YubiKey 4 & 4 Nano"],"Group  8":["PGPSDK 4 FIPS"],"Group  7":["OpenSSL 0.9.7 & 1.0.2g & 1.0.2k & 1.1.0e"]},"frequencies":{"1|1|000110":1044,"2|1|100011":1969,"2|1|101101":1234,"1|1|000111":1192,"2|1|101100":1347,"2|1|100010":2102,"2|0|000000":687,"2|0|000001":742,"1|0|111010":9510,"1|0|111011":7802,"1|1|011010":50788,"1|1|011011":53456,"2|0|110100":731,"2|0|110101":687,"1|0|100001":59470,"1|0|100000":62312,"2|1|100000":2326,"1|1|000100":955,"2|1|100001":2201,"2|0|000011":911,"2|0|001101":1675,"2|0|001100":1540,"2|0|000010":811,"1|1|000101":990,"2|1|010101":2275,"2|0|011010":2652,"2|1|010100":2174,"2|0|011011":2739,"1|0|100010":57559,"1|0|101100":36739,"1|0|101101":34141,"1|0|100011":55623,"2|1|100110":1778,"1|1|110101":18806,"2|1|100111":1745,"2|0|000101":1001,"2|0|000100":1031,"1|0|111110":2607,"1|1|110100":20589,"1|0|111111":1136,"1|0|100101":51486,"2|0|110001":998,"2|0|110000":1005,"1|0|010101":38625,"1|0|010100":36058,"2|0|011001":2495,"2|0|011000":2503,"1|0|100100":53367,"2|1|100100":1925,"2|1|100101":1895,"2|0|000110":1016,"2|0|000111":1122,"1|0|111000":13234,"1|0|111001":11330,"2|0|110111":582,"2|0|110110":632,"2|0|011111":2289,"2|0|011110":2372,"1|0|100111":46621,"1|0|100110":48449,"1|1|001001":5672,"1|0|001001":5662,"1|0|001000":2697,"1|1|001000":2806,"1|1|110001":26570,"1|1|110000":28534,"1|1|010000":25671,"2|0|011101":2451,"2|1|111111":375,"2|1|111110":176,"2|0|010010":1963,"2|0|011100":2545,"2|0|010011":2084,"1|1|010001":27909,"1|0|101010":40260,"1|0|101011":38205,"1|0|001010":8604,"1|1|001111":23062,"1|0|001011":11497,"1|1|001110":20221,"2|1|101011":1371,"2|1|101010":1441,"1|1|110111":15076,"1|1|110110":17188,"1|1|010010":31231,"1|1|010011":33375,"1|1|011100":55535,"2|0|010001":1998,"2|1|111001":385,"2|1|111000":492,"2|0|010000":1865,"1|1|011101":57960,"1|1|000011":855,"1|1|001100":14382,"1|1|001101":17108,"2|1|101001":1618,"1|1|000010":850,"2|1|101000":1612,"1|1|111110":2601,"1|1|111111":1221,"2|1|111010":332,"1|1|011110":59884,"1|1|011111":62188,"2|0|010111":2390,"2|1|001000":1195,"2|1|001001":1351,"2|1|111011":282,"2|0|010110":2342,"1|0|101111":30247,"1|1|100101":51329,"1|1|100100":53177,"1|0|101110":32372,"1|1|000000":683,"1|1|000001":838,"2|1|101111":1123,"2|1|101110":1176,"1|1|110010":24455,"1|1|111101":4476,"1|1|110011":22689,"1|1|111100":6157,"1|1|011000":45934,"1|1|011001":49055,"2|1|001010":1479,"2|0|010100":2201,"2|1|001011":1584,"2|0|010101":2296,"1|0|101001":42609,"1|0|101000":44942,"1|0|000110":1169,"2|0|101101":1274,"2|0|100011":1981,"2|0|101100":1379,"2|0|100010":2070,"2|1|000001":750,"2|1|000000":706,"1|1|111011":7859,"1|0|000111":1164,"1|1|111010":9508,"1|0|011011":53255,"2|1|110100":716,"1|0|011010":50947,"2|1|001100":1667,"2|1|110101":671,"2|1|001101":1718,"1|1|100001":60247,"1|1|100000":62433,"1|0|000000":647,"2|0|101111":1024,"2|0|101110":1202,"2|1|000111":1164,"2|1|000110":1076,"1|1|111000":13304,"1|0|000001":749,"1|1|111001":11295,"1|0|011000":46546,"2|1|001110":1697,"2|1|110111":541,"2|1|001111":1857,"2|1|110110":645,"1|0|011001":48833,"1|1|100111":46569,"1|1|100110":48902,"1|0|000011":906,"1|0|001100":14451,"1|0|000010":806,"2|0|101001":1571,"2|0|101000":1622,"1|0|001101":17272,"2|1|110001":917,"2|1|110000":1096,"2|1|011001":2600,"2|1|011000":2452,"1|1|010100":36393,"1|1|010101":38440,"1|1|101111":30686,"1|1|101110":32367,"2|0|101010":1558,"1|0|001111":23170,"1|1|001010":8493,"1|0|001110":20278,"1|1|001011":11468,"2|0|101011":1486,"2|1|000011":879,"2|1|000010":822,"1|1|010110":41320,"2|1|111101":150,"2|1|110010":892,"2|1|111100":242,"2|1|110011":826,"2|1|011010":2623,"2|1|011011":2529,"1|1|010111":43417,"1|1|101101":34160,"1|1|100011":55519,"1|1|101100":36740,"1|1|100010":57534,"1|0|110001":25983,"2|0|001011":1471,"2|0|001010":1436,"1|0|110000":28365,"2|0|111110":161,"2|0|111111":353,"1|1|101010":40435,"2|1|010010":2031,"2|1|011100":2562,"2|1|011101":2437,"1|0|010001":28082,"1|0|010000":25428,"2|1|010011":2100,"1|1|101011":38407,"1|0|111101":4364,"2|0|100101":1916,"2|0|100100":2009,"1|0|110010":24446,"1|0|110011":22626,"1|0|111100":6060,"2|0|110010":911,"2|0|111101":186,"2|0|110011":829,"2|0|111100":230,"2|1|011111":2309,"1|0|010111":43764,"1|0|010110":40914,"2|1|011110":2408,"1|1|101001":43116,"1|1|101000":44775,"1|0|110100":20846,"1|0|110101":18940,"2|0|100111":1701,"2|0|100110":1779,"2|1|000101":1030,"2|0|001111":1823,"2|1|000100":1016,"2|0|001110":1737,"1|0|011110":60042,"2|0|111011":265,"2|0|111010":303,"2|1|010111":2483,"1|0|011111":62351,"2|1|010110":2324,"1|0|110111":15070,"2|0|100001":2168,"2|0|100000":2337,"2|0|001001":1345,"2|0|001000":1280,"1|0|000101":1052,"1|0|000100":942,"1|0|110110":16932,"1|0|010010":30704,"2|0|111000":494,"2|0|111001":414,"1|0|011101":58179,"2|1|010001":1921,"1|0|010011":33315,"1|0|011100":55783,"2|1|010000":1937}}
