{"probability":{"Group 13":"0.07454135016865618","Group 12":"0.031841478419009014","Group 11":"0.12926004969921673","Group 10":"0.000212859013883849","Group  6":"0.00022586686795537803","Group  5":"0.0","Group  4":"0.0038252160018962824","Group  3":"0.0","Group  2":"0.0","Group  1":"0.0","Group  9":"0.0005112224912141327","Group  8":"0.008642812951274776","Group  7":"0.7509391443868936"},"groups":{"Group 13":["Botan 1.5.6 & 1.11.29 & 2.1.0","Feitian JavaCOS A22 & A40","Gemalto GCX4 72K","HSM SafeNet Luna SA-1700","LibTomCrypt 1.17","Libgcrypt 1.6.0 & 1.6.5 & 1.7.6","Libgcrypt 1.6.0 FIPS & 1.6.5 FIPS","Nettle 3.2 & 3.3","Oberthur Cosmo 64","OpenSSL FIPS 2.0.12 & 2.0.14","PGPSDK 4","WolfSSL 2.0rc1 & 3.9.0 & 3.10.2","cryptlib 3.4.3 & 3.4.3.1"],"Group 12":["Bouncy Castle 1.53 (Java)","Cryptix JCE 20050328","FlexiProvider 1.7p7","HSM Utimaco Security Server Se50","Nettle 2.0","PolarSSL 0.10.0","PuTTY 0.67","SunRsaSign OpenJDK 1.8.0","mbedTLS 1.3.19 & 2.2.1 & 2.4.2"],"Group 11":["Bouncy Castle 1.54 (Java)","Crypto++ 5.6.0 & 5.6.3 & 5.6.5","Libgcrypt 1.7.6 FIPS","Microsoft CryptoAPI & CNG & .NET"],"Group 10":["NXP J2D081 & J2E145G","YubiKey NEO"],"Group  6":["Oberthur Cosmo Dual 72K"],"Group  5":["NXP J2A080 & J2A081 & J3A081 & JCOP 41 V2.2.1"],"Group  4":["Gemalto GXP E64"],"Group  3":["GNU Crypto 2.0.1"],"Group  2":["G&D SmartCafe 4.x & 6.0"],"Group  1":["G&D SmartCafe 3.2"],"Group  9":["Infineon JTOP 80K","YubiKey 4 & 4 Nano"],"Group  8":["PGPSDK 4 FIPS"],"Group  7":["OpenSSL 0.9.7 & 1.0.2g & 1.0.2k & 1.1.0e"]},"frequencies":{"1|1|000110":2617,"2|1|100011":6801,"2|1|101101":4307,"1|1|000111":2797,"2|1|101100":4599,"2|1|100010":7286,"2|0|000000":1720,"2|0|000001":1563,"1|0|111010":10701,"1|0|111011":8810,"1|1|011010":58202,"1|1|011011":60482,"2|0|110100":2577,"2|0|110101":2409,"1|0|100001":67068,"1|0|100000":69486,"2|1|100000":7919,"1|1|000100":2084,"2|1|100001":7502,"2|0|000011":1980,"2|0|001101":4646,"2|0|001100":4423,"2|0|000010":1837,"1|1|000101":2312,"2|1|010101":6885,"2|0|011010":8196,"2|1|010100":6764,"2|0|011011":8164,"1|0|100010":63911,"1|0|101100":40261,"1|0|101101":38486,"1|0|100011":61308,"2|1|100110":6231,"1|1|110101":21039,"2|1|100111":5726,"2|0|000101":2383,"2|0|000100":2215,"1|0|111110":2949,"1|1|110100":23017,"1|0|111111":1037,"1|0|100101":56287,"2|0|110001":3320,"2|0|110000":3506,"1|0|010101":44232,"1|0|010100":41595,"2|0|011001":7910,"2|0|011000":7777,"1|0|100100":59141,"2|1|100100":6585,"2|1|100101":6329,"2|0|000110":2576,"2|0|000111":2677,"1|0|111000":14973,"1|0|111001":12897,"2|0|110111":1947,"2|0|110110":2162,"2|0|011111":7955,"2|0|011110":8028,"1|0|100111":51772,"1|0|100110":54298,"1|1|001001":7897,"1|0|001001":7705,"1|0|001000":4486,"1|1|001000":4552,"1|1|110001":29109,"1|1|110000":31607,"1|1|010000":29788,"2|0|011101":8013,"2|1|111111":203,"2|1|111110":393,"2|0|010010":6136,"2|0|011100":7972,"2|0|010011":6370,"1|1|010001":32837,"1|0|101010":44562,"1|0|101011":42787,"1|0|001010":11249,"1|1|001111":26630,"1|0|001011":14463,"1|1|001110":23619,"2|1|101011":4788,"2|1|101010":5074,"1|1|110111":16688,"1|1|110110":18692,"1|1|010010":35606,"1|1|010011":38815,"1|1|011100":62294,"2|0|010001":5860,"2|1|111001":1343,"2|1|111000":1733,"2|0|010000":5492,"1|1|011101":64450,"1|1|000011":2020,"1|1|001100":17501,"1|1|001101":20528,"2|1|101001":5312,"1|1|000010":1879,"2|1|101000":5569,"1|1|111110":2918,"1|1|111111":1016,"2|1|111010":1255,"1|1|011110":66958,"1|1|011111":69244,"2|0|010111":7284,"2|1|001000":3005,"2|1|001001":3323,"2|1|111011":1038,"2|0|010110":7153,"1|0|101111":33583,"1|1|100101":56757,"1|1|100100":58946,"1|0|101110":36158,"1|1|000000":1785,"1|1|000001":1664,"2|1|101111":3789,"2|1|101110":4118,"1|1|110010":27227,"1|1|111101":4927,"1|1|110011":25188,"1|1|111100":6810,"1|1|011000":52697,"1|1|011001":55277,"2|1|001010":3650,"2|0|010100":6576,"2|1|001011":3948,"2|0|010101":6922,"1|0|101001":46945,"1|0|101000":49707,"1|0|000110":2513,"2|0|101101":4304,"2|0|100011":6881,"2|0|101100":4422,"2|0|100010":7353,"2|1|000001":1729,"2|1|000000":1751,"1|1|111011":8720,"1|0|000111":2616,"1|1|111010":11057,"1|0|011011":60242,"2|1|110100":2644,"1|0|011010":57860,"2|1|001100":4262,"2|1|110101":2332,"2|1|001101":4589,"1|1|100001":66420,"1|1|100000":69058,"1|0|000000":1708,"2|0|101111":3844,"2|0|101110":3919,"2|1|000111":2727,"2|1|000110":2593,"1|1|111000":14634,"1|0|000001":1677,"1|1|111001":12755,"1|0|011000":52374,"2|1|001110":4899,"2|1|110111":1953,"2|1|001111":5405,"2|1|110110":2145,"1|0|011001":55133,"1|1|100111":51540,"1|1|100110":54306,"1|0|000011":1992,"1|0|001100":17760,"1|0|000010":1868,"2|0|101001":5287,"2|0|101000":5623,"1|0|001101":20300,"2|1|110001":3335,"2|1|110000":3470,"2|1|011001":8016,"0|0|001011":3,"2|1|011000":7543,"1|1|010100":41283,"1|1|010101":44029,"1|1|101111":33451,"1|1|101110":35605,"2|0|101010":5164,"1|0|001111":26625,"1|1|001010":11040,"1|0|001110":23956,"1|1|001011":14573,"2|0|101011":4903,"2|1|000011":2034,"2|1|000010":1868,"1|1|010110":47302,"2|1|111101":598,"2|1|110010":3129,"2|1|111100":799,"2|1|110011":2783,"2|1|011010":8233,"2|1|011011":8215,"1|1|010111":50135,"1|1|101101":38063,"1|1|100011":62370,"1|1|101100":40414,"1|1|100010":63812,"1|0|110001":29497,"2|0|001011":4034,"2|0|001010":3647,"1|0|110000":31796,"2|0|111110":392,"2|0|111111":217,"1|1|101010":45036,"2|1|010010":5991,"2|1|011100":8129,"2|1|011101":8081,"1|0|010001":32687,"1|0|010000":29879,"2|1|010011":6374,"1|1|101011":42075,"1|0|111101":4823,"2|0|100101":6284,"2|0|100100":6744,"1|0|110010":27135,"1|0|110011":24810,"1|0|111100":6785,"2|0|110010":3029,"2|0|111101":595,"2|0|110011":2916,"2|0|111100":828,"2|1|011111":7853,"1|0|010111":49643,"1|0|010110":46798,"2|1|011110":8051,"1|1|101001":47743,"1|1|101000":48988,"1|0|110100":23029,"1|0|110101":21084,"2|0|100111":5853,"2|0|100110":6176,"2|1|000101":2362,"2|0|001111":5059,"2|1|000100":2214,"2|0|001110":4868,"1|0|011110":67057,"2|0|111011":1001,"2|0|111010":1241,"2|1|010111":7469,"1|0|011111":69455,"2|1|010110":7233,"1|0|110111":16849,"2|0|100001":7644,"2|0|100000":7972,"2|0|001001":3358,"2|0|001000":2974,"1|0|000101":2353,"1|0|000100":2209,"1|0|110110":18543,"1|0|010010":35768,"2|0|111000":1682,"2|0|111001":1418,"1|0|011101":64684,"2|1|010001":5790,"1|0|010011":38950,"1|0|011100":61974,"2|1|010000":5412}}
