{"probability":{"Group 13":"0.07518122684629229","Group 12":"0.06429666523138983","Group 11":"0.0935699547028217","Group 10":"0.0","Group  6":"0.0","Group  5":"0.0","Group  4":"0.004978959245899597","Group  3":"0.00041368999135972046","Group  2":"0.0","Group  1":"0.0","Group  9":"0.00018333412608108896","Group  8":"0.030883998699967826","Group  7":"0.7304921711561878"},"groups":{"Group 13":["Botan 1.5.6 & 1.11.29 & 2.1.0","Feitian JavaCOS A22 & A40","Gemalto GCX4 72K","HSM SafeNet Luna SA-1700","LibTomCrypt 1.17","Libgcrypt 1.6.0 & 1.6.5 & 1.7.6","Libgcrypt 1.6.0 FIPS & 1.6.5 FIPS","Nettle 3.2 & 3.3","Oberthur Cosmo 64","OpenSSL FIPS 2.0.12 & 2.0.14","PGPSDK 4","WolfSSL 2.0rc1 & 3.9.0 & 3.10.2","cryptlib 3.4.3 & 3.4.3.1"],"Group 12":["Bouncy Castle 1.53 (Java)","Cryptix JCE 20050328","FlexiProvider 1.7p7","HSM Utimaco Security Server Se50","Nettle 2.0","PolarSSL 0.10.0","PuTTY 0.67","SunRsaSign OpenJDK 1.8.0","mbedTLS 1.3.19 & 2.2.1 & 2.4.2"],"Group 11":["Bouncy Castle 1.54 (Java)","Crypto++ 5.6.0 & 5.6.3 & 5.6.5","Libgcrypt 1.7.6 FIPS","Microsoft CryptoAPI & CNG & .NET"],"Group 10":["NXP J2D081 & J2E145G","YubiKey NEO"],"Group  6":["Oberthur Cosmo Dual 72K"],"Group  5":["NXP J2A080 & J2A081 & J3A081 & JCOP 41 V2.2.1"],"Group  4":["Gemalto GXP E64"],"Group  3":["GNU Crypto 2.0.1"],"Group  2":["G&D SmartCafe 4.x & 6.0"],"Group  1":["G&D SmartCafe 3.2"],"Group  9":["Infineon JTOP 80K","YubiKey 4 & 4 Nano"],"Group  8":["PGPSDK 4 FIPS"],"Group  7":["OpenSSL 0.9.7 & 1.0.2g & 1.0.2k & 1.1.0e"]},"frequencies":{"1|1|000110":4330,"2|1|100011":7511,"2|1|101101":4828,"1|1|000111":4414,"2|1|101100":5051,"2|1|100010":8119,"2|0|000000":4152,"2|0|000001":3825,"1|0|111010":11797,"1|0|111011":9752,"1|1|011010":63616,"1|1|011011":66302,"2|0|110100":2950,"2|0|110101":2836,"1|0|100001":72848,"1|0|100000":75522,"2|1|100000":8699,"1|1|000100":4046,"2|1|100001":8239,"2|0|000011":4015,"2|0|001101":6121,"2|0|001100":5960,"2|0|000010":3889,"1|1|000101":4139,"2|1|010101":7951,"2|0|011010":9290,"2|1|010100":7966,"2|0|011011":9204,"1|0|100010":69835,"1|0|101100":44211,"1|0|101101":41636,"1|0|100011":66687,"2|1|100110":6849,"1|1|110101":23251,"2|1|100111":6436,"2|0|000101":4106,"2|0|000100":4054,"1|0|111110":3447,"1|1|110100":25116,"1|0|111111":1373,"1|0|100101":61612,"2|0|110001":3778,"2|0|110000":3962,"1|0|010101":48197,"1|0|010100":45850,"2|0|011001":8893,"2|0|011000":8797,"1|0|100100":64858,"2|1|100100":7297,"2|1|100101":7179,"2|0|000110":4253,"2|0|000111":4379,"1|0|111000":16308,"1|0|111001":14085,"2|0|110111":2334,"2|0|110110":2524,"2|0|011111":8866,"2|0|011110":8892,"1|0|100111":56595,"1|0|100110":59623,"1|1|001001":9766,"1|0|001001":9662,"1|0|001000":6175,"1|1|001000":6165,"1|1|110001":32339,"1|1|110000":34549,"1|1|010000":33344,"2|0|011101":8899,"2|1|111111":433,"2|1|111110":614,"2|0|010010":7245,"2|0|011100":8908,"2|0|010011":7650,"1|1|010001":36545,"1|0|101010":48911,"1|0|101011":46665,"1|0|001010":13489,"1|1|001111":29820,"1|0|001011":16783,"1|1|001110":26835,"2|1|101011":5387,"2|1|101010":5829,"1|1|110111":18507,"1|1|110110":20576,"1|1|010010":39582,"1|1|010011":42708,"1|1|011100":68096,"2|0|010001":7243,"2|1|111001":1739,"2|1|111000":2058,"2|0|010000":6803,"1|1|011101":70716,"1|1|000011":3968,"1|1|001100":20168,"1|1|001101":23501,"2|1|101001":6006,"1|1|000010":3795,"2|1|101000":6236,"1|1|111110":3428,"1|1|111111":1326,"2|1|111010":1581,"1|1|011110":73014,"1|1|011111":75604,"2|0|010111":8528,"2|1|001000":4708,"2|1|001001":4861,"2|1|111011":1333,"2|0|010110":8399,"1|0|101111":37213,"1|1|100101":61993,"1|1|100100":64746,"1|0|101110":39622,"1|1|000000":4146,"1|1|000001":3780,"2|1|101111":4249,"2|1|101110":4529,"1|1|110010":30068,"1|1|111101":5493,"1|1|110011":27475,"1|1|111100":7696,"1|1|011000":57717,"1|1|011001":60833,"2|1|001010":5163,"2|0|010100":7760,"2|1|001011":5431,"2|0|010101":8104,"1|0|101001":51907,"1|0|101000":54209,"1|0|000110":4254,"2|0|101101":4762,"2|0|100011":7488,"2|0|101100":5090,"2|0|100010":8131,"2|1|000001":3962,"2|1|000000":4147,"1|1|111011":9768,"1|0|000111":4402,"1|1|111010":12328,"1|0|011011":65620,"2|1|110100":3063,"1|0|011010":63568,"2|1|001100":5808,"2|1|110101":2813,"2|1|001101":6021,"1|1|100001":72820,"1|1|100000":75478,"1|0|000000":4054,"2|0|101111":4324,"2|0|101110":4500,"2|1|000111":4449,"2|1|000110":4382,"1|1|111000":16331,"1|0|000001":3861,"1|1|111001":14171,"1|0|011000":57674,"2|1|001110":6151,"2|1|110111":2350,"2|1|001111":6711,"2|1|110110":2520,"1|0|011001":60537,"1|1|100111":56585,"1|1|100110":59088,"1|0|000011":4068,"1|0|001100":20380,"1|0|000010":3884,"2|0|101001":5825,"2|0|101000":6182,"1|0|001101":23119,"2|1|110001":3775,"2|1|110000":3968,"2|1|011001":9019,"2|1|011000":8847,"1|1|010100":45531,"1|1|010101":48561,"1|1|101111":36786,"1|1|101110":39132,"2|0|101010":5710,"1|0|001111":30038,"1|1|001010":13325,"1|0|001110":26864,"1|1|001011":16722,"2|0|101011":5413,"2|1|000011":4032,"2|1|000010":3835,"1|1|010110":51602,"2|1|111101":848,"2|1|110010":3587,"2|1|111100":1079,"2|1|110011":3263,"2|1|011010":9207,"2|1|011011":9192,"1|1|010111":55043,"1|1|101101":41452,"1|1|100011":67668,"1|1|101100":44257,"1|1|100010":69809,"1|0|110001":32425,"2|0|001011":5558,"2|0|001010":5256,"1|0|110000":34680,"2|0|111110":617,"2|0|111111":452,"1|1|101010":49053,"2|1|010010":7347,"2|1|011100":9157,"2|1|011101":9095,"1|0|010001":36239,"1|0|010000":33321,"2|1|010011":7543,"1|1|101011":46177,"1|0|111101":5617,"2|0|100101":6969,"2|0|100100":7278,"1|0|110010":29848,"1|0|110011":27520,"1|0|111100":7735,"2|0|110010":3480,"2|0|111101":854,"2|0|110011":3359,"2|0|111100":1070,"2|1|011111":8734,"1|0|010111":54390,"1|0|010110":51431,"2|1|011110":8923,"1|1|101001":51909,"1|1|101000":53670,"1|0|110100":25216,"1|0|110101":23191,"2|0|100111":6600,"2|0|100110":6819,"2|1|000101":4093,"2|0|001111":6547,"2|1|000100":4028,"2|0|001110":6150,"1|0|011110":73377,"2|0|111011":1288,"2|0|111010":1517,"2|1|010111":8647,"1|0|011111":76027,"2|1|010110":8500,"1|0|110111":18669,"2|0|100001":8475,"2|0|100000":8811,"2|0|001001":4937,"2|0|001000":4684,"1|0|000101":4133,"1|0|000100":4051,"1|0|110110":21050,"1|0|010010":39873,"2|0|111000":2061,"2|0|111001":1751,"1|0|011101":70602,"2|1|010001":7040,"1|0|010011":42670,"1|0|011100":68000,"2|1|010000":6931}}
