{"probability":{"Group 13":"0.0804703043636478","Group 12":"0.03409471098817025","Group 11":"0.058124679165877956","Group 10":"0.00004573084409777462","Group  6":"0.00012612305142423164","Group  5":"0.0","Group  4":"0.0033217028285064953","Group  3":"0.0003568694790601854","Group  2":"0.0","Group  1":"0.0","Group  9":"0.0002790726646757664","Group  8":"0.006313091639273854","Group  7":"0.8168677149752654"},"groups":{"Group 13":["Botan 1.5.6 & 1.11.29 & 2.1.0","Feitian JavaCOS A22 & A40","Gemalto GCX4 72K","HSM SafeNet Luna SA-1700","LibTomCrypt 1.17","Libgcrypt 1.6.0 & 1.6.5 & 1.7.6","Libgcrypt 1.6.0 FIPS & 1.6.5 FIPS","Nettle 3.2 & 3.3","Oberthur Cosmo 64","OpenSSL FIPS 2.0.12 & 2.0.14","PGPSDK 4","WolfSSL 2.0rc1 & 3.9.0 & 3.10.2","cryptlib 3.4.3 & 3.4.3.1"],"Group 12":["Bouncy Castle 1.53 (Java)","Cryptix JCE 20050328","FlexiProvider 1.7p7","HSM Utimaco Security Server Se50","Nettle 2.0","PolarSSL 0.10.0","PuTTY 0.67","SunRsaSign OpenJDK 1.8.0","mbedTLS 1.3.19 & 2.2.1 & 2.4.2"],"Group 11":["Bouncy Castle 1.54 (Java)","Crypto++ 5.6.0 & 5.6.3 & 5.6.5","Libgcrypt 1.7.6 FIPS","Microsoft CryptoAPI & CNG & .NET"],"Group 10":["NXP J2D081 & J2E145G","YubiKey NEO"],"Group  6":["Oberthur Cosmo Dual 72K"],"Group  5":["NXP J2A080 & J2A081 & J3A081 & JCOP 41 V2.2.1"],"Group  4":["Gemalto GXP E64"],"Group  3":["GNU Crypto 2.0.1"],"Group  2":["G&D SmartCafe 4.x & 6.0"],"Group  1":["G&D SmartCafe 3.2"],"Group  9":["Infineon JTOP 80K","YubiKey 4 & 4 Nano"],"Group  8":["PGPSDK 4 FIPS"],"Group  7":["OpenSSL 0.9.7 & 1.0.2g & 1.0.2k & 1.1.0e"]},"frequencies":{"1|1|000110":1730,"2|1|100011":4573,"2|1|101101":2863,"1|1|000111":1742,"2|1|101100":3090,"2|1|100010":4859,"2|0|000000":1640,"2|0|000001":1378,"1|0|111010":10131,"1|0|111011":8251,"1|1|011010":53825,"1|1|011011":56190,"2|0|110100":1710,"2|0|110101":1592,"1|0|100001":62513,"1|0|100000":64890,"2|1|100000":5300,"1|1|000100":1545,"2|1|100001":4987,"2|0|000011":1538,"2|0|001101":2898,"2|0|001100":2832,"2|0|000010":1493,"1|1|000101":1552,"2|1|010101":4372,"2|0|011010":5177,"2|1|010100":4211,"2|0|011011":5298,"1|0|100010":60175,"1|0|101100":38068,"1|0|101101":35790,"1|0|100011":57583,"2|1|100110":4108,"1|1|110101":19817,"2|1|100111":3882,"2|0|000101":1632,"2|0|000100":1561,"1|0|111110":2659,"1|1|110100":21792,"1|0|111111":964,"1|0|100101":53211,"2|0|110001":2242,"2|0|110000":2325,"1|0|010101":40689,"1|0|010100":37942,"2|0|011001":4830,"2|0|011000":4957,"1|0|100100":55664,"2|1|100100":4420,"2|1|100101":4231,"2|0|000110":1713,"2|0|000111":1800,"1|0|111000":13835,"1|0|111001":11901,"2|0|110111":1300,"2|0|110110":1433,"2|0|011111":5413,"2|0|011110":5264,"1|0|100111":48882,"1|0|100110":51452,"1|1|001001":6573,"1|0|001001":6531,"1|0|001000":3368,"1|1|001000":3342,"1|1|110001":27565,"1|1|110000":29532,"1|1|010000":27123,"2|0|011101":5187,"2|1|111111":150,"2|1|111110":250,"2|0|010010":3852,"2|0|011100":5191,"2|0|010011":3927,"1|1|010001":29976,"1|0|101010":42261,"1|0|101011":40015,"1|0|001010":9605,"1|1|001111":23933,"1|0|001011":12467,"1|1|001110":21542,"2|1|101011":3208,"2|1|101010":3426,"1|1|110111":16018,"1|1|110110":17556,"1|1|010010":32779,"1|1|010011":35316,"1|1|011100":58166,"2|0|010001":3719,"2|1|111001":972,"2|1|111000":1140,"2|0|010000":3474,"1|1|011101":60535,"1|1|000011":1495,"1|1|001100":15525,"1|1|001101":18280,"2|1|101001":3490,"1|1|000010":1495,"2|1|101000":3746,"1|1|111110":2787,"1|1|111111":956,"2|1|111010":774,"1|1|011110":62426,"0|0|000000":1,"1|1|011111":64941,"2|0|010111":4590,"2|1|001000":1801,"2|1|001001":2097,"2|1|111011":679,"2|0|010110":4499,"1|0|101111":31591,"1|1|100101":53284,"1|1|100100":55708,"1|0|101110":33974,"1|1|000000":1691,"1|1|000001":1398,"2|1|101111":2453,"2|1|101110":2788,"1|1|110010":25557,"1|1|111101":4594,"1|1|110011":23446,"1|1|111100":6313,"1|1|011000":48495,"1|1|011001":51111,"2|1|001010":2285,"2|0|010100":4217,"2|1|001011":2558,"2|0|010101":4405,"1|0|101001":44148,"1|0|101000":46532,"1|0|000110":1716,"2|0|101101":2829,"2|0|100011":4691,"2|0|101100":3047,"2|0|100010":4832,"2|1|000001":1365,"2|1|000000":1650,"1|1|111011":8280,"1|0|000111":1768,"1|1|111010":10230,"1|0|011011":55565,"2|1|110100":1717,"1|0|011010":53546,"2|1|001100":2710,"2|1|110101":1566,"2|1|001101":2879,"1|1|100001":62348,"1|1|100000":65033,"1|0|000000":1619,"2|0|101111":2611,"2|0|101110":2640,"2|1|000111":1769,"2|1|000110":1657,"1|1|111000":13811,"1|0|000001":1414,"1|1|111001":11931,"1|0|011000":48325,"2|1|001110":3035,"2|1|110111":1336,"2|1|001111":3363,"2|1|110110":1401,"1|0|011001":51077,"1|1|100111":48596,"1|1|100110":50979,"1|0|000011":1549,"1|0|001100":15443,"1|0|000010":1471,"2|0|101001":3510,"2|0|101000":3865,"1|0|001101":18384,"2|1|110001":2280,"2|1|110000":2337,"2|1|011001":5116,"0|1|000000":1,"2|1|011000":4901,"1|1|010100":37951,"1|1|010101":40718,"1|1|101111":31469,"1|1|101110":33663,"2|0|101010":3477,"1|0|001111":24187,"1|1|001010":9629,"1|0|001110":21596,"1|1|001011":12784,"2|0|101011":3211,"2|1|000011":1483,"2|1|000010":1427,"1|1|010110":43209,"2|1|111101":380,"2|1|110010":1987,"2|1|111100":512,"2|1|110011":1836,"2|1|011010":5261,"2|1|011011":5314,"1|1|010111":46112,"1|1|101101":35787,"1|1|100011":58144,"1|1|101100":38168,"1|1|100010":60177,"1|0|110001":27914,"2|0|001011":2576,"2|0|001010":2347,"1|0|110000":29823,"2|0|111110":247,"2|0|111111":158,"1|1|101010":42269,"2|1|010010":3818,"2|1|011100":5248,"2|1|011101":5340,"1|0|010001":29770,"1|0|010000":27011,"2|1|010011":3978,"1|1|101011":39911,"1|0|111101":4585,"2|0|100101":4205,"2|0|100100":4605,"1|0|110010":25743,"1|0|110011":23480,"1|0|111100":6397,"2|0|110010":2033,"2|0|111101":379,"2|0|110011":1979,"2|0|111100":506,"2|1|011111":5443,"1|0|010111":45920,"1|0|010110":43665,"2|1|011110":5407,"1|1|101001":44543,"1|1|101000":45985,"1|0|110100":21664,"1|0|110101":19689,"2|0|100111":3926,"2|0|100110":4158,"2|1|000101":1553,"2|0|001111":3150,"2|1|000100":1616,"2|0|001110":3146,"1|0|011110":62937,"2|0|111011":691,"2|0|111010":800,"2|1|010111":4791,"1|0|011111":65017,"2|1|010110":4553,"1|0|110111":15934,"2|0|100001":5234,"2|0|100000":5330,"2|0|001001":2144,"2|0|001000":1846,"1|0|000101":1643,"1|0|000100":1568,"1|0|110110":17619,"1|0|010010":32552,"2|0|111000":1087,"2|0|111001":922,"1|0|011101":60390,"2|1|010001":3685,"1|0|010011":35602,"1|0|011100":58106,"2|1|010000":3426}}
