{"probability":{"Group 13":"0.06426268068081718","Group 12":"0.018228766851160864","Group 11":"0.06426516080261949","Group 10":"0.00027903244103981607","Group  6":"0.0005949422553549959","Group  5":"0.0","Group  4":"0.0030212384770465887","Group  3":"0.0","Group  2":"0.0","Group  1":"0.0","Group  9":"0.00043060470347207135","Group  8":"0.007721712230604834","Group  7":"0.8411958615578842"},"groups":{"Group 13":["Botan 1.5.6 & 1.11.29 & 2.1.0","Feitian JavaCOS A22 & A40","Gemalto GCX4 72K","HSM SafeNet Luna SA-1700","LibTomCrypt 1.17","Libgcrypt 1.6.0 & 1.6.5 & 1.7.6","Libgcrypt 1.6.0 FIPS & 1.6.5 FIPS","Nettle 3.2 & 3.3","Oberthur Cosmo 64","OpenSSL FIPS 2.0.12 & 2.0.14","PGPSDK 4","WolfSSL 2.0rc1 & 3.9.0 & 3.10.2","cryptlib 3.4.3 & 3.4.3.1"],"Group 12":["Bouncy Castle 1.53 (Java)","Cryptix JCE 20050328","FlexiProvider 1.7p7","HSM Utimaco Security Server Se50","Nettle 2.0","PolarSSL 0.10.0","PuTTY 0.67","SunRsaSign OpenJDK 1.8.0","mbedTLS 1.3.19 & 2.2.1 & 2.4.2"],"Group 11":["Bouncy Castle 1.54 (Java)","Crypto++ 5.6.0 & 5.6.3 & 5.6.5","Libgcrypt 1.7.6 FIPS","Microsoft CryptoAPI & CNG & .NET"],"Group 10":["NXP J2D081 & J2E145G","YubiKey NEO"],"Group  6":["Oberthur Cosmo Dual 72K"],"Group  5":["NXP J2A080 & J2A081 & J3A081 & JCOP 41 V2.2.1"],"Group  4":["Gemalto GXP E64"],"Group  3":["GNU Crypto 2.0.1"],"Group  2":["G&D SmartCafe 4.x & 6.0"],"Group  1":["G&D SmartCafe 3.2"],"Group  9":["Infineon JTOP 80K","YubiKey 4 & 4 Nano"],"Group  8":["PGPSDK 4 FIPS"],"Group  7":["OpenSSL 0.9.7 & 1.0.2g & 1.0.2k & 1.1.0e"]},"frequencies":{"1|1|000110":2005,"2|1|100011":6767,"2|1|101101":4202,"1|1|000111":2220,"2|1|101100":4413,"2|1|100010":6933,"2|0|000000":1788,"2|0|000001":1380,"1|0|111010":16732,"1|0|111011":13884,"1|1|011010":89945,"1|1|011011":93859,"2|0|110100":2462,"2|0|110101":2338,"1|0|100001":105653,"1|0|100000":109807,"2|1|100000":7802,"1|1|000100":1793,"2|1|100001":7305,"2|0|000011":1630,"2|0|001101":4087,"2|0|001100":3860,"2|0|000010":1565,"1|1|000101":1994,"2|1|010101":6360,"2|0|011010":7641,"2|1|010100":6085,"2|0|011011":8025,"1|0|100010":101196,"1|0|101100":64192,"1|0|101101":60119,"1|0|100011":97521,"2|1|100110":5908,"1|1|110101":33124,"2|1|100111":5605,"2|0|000101":1961,"2|0|000100":1838,"1|0|111110":4595,"1|1|110100":36393,"1|0|111111":1951,"1|0|100101":89773,"2|0|110001":3191,"2|0|110000":3468,"1|0|010101":68620,"1|0|010100":63794,"2|0|011001":7309,"2|0|011000":7255,"1|0|100100":93697,"2|1|100100":6451,"2|1|100101":6350,"2|0|000110":2073,"2|0|000111":2208,"1|0|111000":23172,"1|0|111001":20231,"2|0|110111":1826,"2|0|110110":2042,"2|0|011111":7910,"2|0|011110":7745,"1|0|100111":82482,"1|0|100110":86512,"1|1|001001":10300,"1|0|001001":10336,"1|0|001000":4912,"1|1|001000":4957,"1|1|110001":46371,"1|1|110000":50018,"1|1|010000":45460,"2|0|011101":7759,"2|1|111111":597,"2|1|111110":431,"2|0|010010":5618,"2|0|011100":7751,"2|0|010011":5797,"1|1|010001":50221,"1|0|101010":70958,"1|0|101011":67897,"1|0|001010":15713,"1|1|001111":40403,"1|0|001011":20679,"1|1|001110":35702,"2|1|101011":4771,"2|1|101010":4901,"1|1|110111":26986,"1|1|110110":29870,"1|1|010010":54699,"1|1|010011":59173,"1|1|011100":98149,"2|0|010001":5367,"2|1|111001":1323,"2|1|111000":1625,"2|0|010000":5079,"1|1|011101":102183,"1|1|000011":1734,"1|1|001100":25747,"1|1|001101":30713,"2|1|101001":5200,"1|1|000010":1573,"2|1|101000":5475,"1|1|111110":4796,"1|1|111111":1973,"2|1|111010":1173,"1|1|011110":105796,"1|1|011111":109487,"2|0|010111":6935,"2|1|001000":2521,"2|1|001001":2880,"2|1|111011":1004,"2|0|010110":6618,"1|0|101111":53638,"1|1|100101":90170,"1|1|100100":93420,"1|0|101110":57136,"1|1|000000":1752,"1|1|000001":1431,"2|1|101111":3633,"2|1|101110":3933,"1|1|110010":43466,"1|1|111101":7816,"1|1|110011":39606,"1|1|111100":10697,"1|1|011000":81470,"1|1|011001":86095,"2|1|001010":3175,"2|0|010100":6205,"2|1|001011":3611,"2|0|010101":6398,"1|0|101001":74689,"1|0|101000":78837,"1|0|000110":2069,"2|0|101101":4234,"2|0|100011":6746,"2|0|101100":4377,"2|0|100010":7130,"2|1|000001":1420,"2|1|000000":1787,"1|1|111011":13789,"1|0|000111":2247,"1|1|111010":16833,"1|0|011011":93566,"2|1|110100":2489,"1|0|011010":89765,"2|1|001100":3809,"2|1|110101":2310,"2|1|001101":4063,"1|1|100001":105068,"1|1|100000":109162,"1|0|000000":1766,"2|0|101111":3741,"2|0|101110":3966,"2|1|000111":2141,"2|1|000110":2104,"1|1|111000":23471,"1|0|000001":1378,"1|1|111001":20095,"1|0|011000":81997,"2|1|001110":4383,"2|1|110111":1857,"2|1|001111":4752,"2|1|110110":2090,"1|0|011001":85852,"1|1|100111":82220,"1|1|100110":85322,"1|0|000011":1689,"1|0|001100":25956,"1|0|000010":1608,"2|0|101001":5128,"2|0|101000":5528,"1|0|001101":30294,"2|1|110001":3181,"2|1|110000":3501,"0|0|101101":1,"2|1|011001":7616,"0|1|000000":1,"2|1|011000":7108,"1|1|010100":64303,"1|1|010101":68468,"1|1|101111":53348,"1|1|101110":57085,"2|0|101010":5059,"1|0|001111":40644,"1|1|001010":15504,"1|0|001110":35623,"1|1|001011":20623,"2|0|101011":4663,"2|1|000011":1680,"2|1|000010":1566,"0|1|011000":1,"1|1|010110":72673,"2|1|111101":534,"2|1|110010":2890,"2|1|111100":728,"2|1|110011":2728,"2|1|011010":7828,"2|1|011011":7812,"1|1|010111":77102,"1|1|101101":60346,"1|1|100011":97506,"1|1|101100":64320,"1|1|100010":101826,"1|0|110001":46787,"2|0|001011":3566,"2|0|001010":3220,"1|0|110000":50319,"2|0|111110":408,"2|0|111111":588,"1|1|101010":71274,"2|1|010010":5645,"2|1|011100":7837,"2|1|011101":7729,"1|0|010001":50232,"1|0|010000":45084,"2|1|010011":5756,"1|1|101011":67481,"1|0|111101":7711,"2|0|100101":6127,"2|0|100100":6494,"1|0|110010":43162,"1|0|110011":39683,"1|0|111100":10713,"2|0|110010":3029,"2|0|111101":588,"2|0|110011":2788,"2|0|111100":780,"2|1|011111":7881,"1|0|010111":77437,"1|0|010110":72611,"2|1|011110":7693,"1|1|101001":75066,"1|1|101000":77871,"1|0|110100":36399,"1|0|110101":32934,"2|0|100111":5711,"2|0|100110":6056,"2|1|000101":1987,"2|0|001111":4540,"2|1|000100":1900,"2|0|001110":4375,"1|0|011110":105864,"2|0|111011":959,"2|0|111010":1146,"2|1|010111":7064,"1|0|011111":109993,"2|1|010110":6594,"1|0|110111":26311,"2|0|100001":7513,"2|0|100000":7681,"2|0|001001":2850,"2|0|001000":2392,"1|0|000101":2044,"1|0|000100":1847,"1|0|110110":29894,"1|0|010010":54768,"2|0|111000":1617,"2|0|111001":1376,"1|0|011101":101638,"2|1|010001":5421,"1|0|010011":59354,"1|0|011100":98066,"2|1|010000":4942}}
