{"probability":{"Group 13":"0.05268905513934891","Group 12":"0.02661998557187815","Group 11":"0.20812942547133864","Group 10":"0.0","Group  6":"0.0","Group  5":"0.0","Group  4":"0.0015174511886703278","Group  3":"0.0","Group  2":"0.00006523765369211183","Group  1":"0.0","Group  9":"0.0","Group  8":"0.007850796271723666","Group  7":"0.7031280487033481"},"groups":{"Group 13":["Botan 1.5.6 & 1.11.29 & 2.1.0","Feitian JavaCOS A22 & A40","Gemalto GCX4 72K","HSM SafeNet Luna SA-1700","LibTomCrypt 1.17","Libgcrypt 1.6.0 & 1.6.5 & 1.7.6","Libgcrypt 1.6.0 FIPS & 1.6.5 FIPS","Nettle 3.2 & 3.3","Oberthur Cosmo 64","OpenSSL FIPS 2.0.12 & 2.0.14","PGPSDK 4","WolfSSL 2.0rc1 & 3.9.0 & 3.10.2","cryptlib 3.4.3 & 3.4.3.1"],"Group 12":["Bouncy Castle 1.53 (Java)","Cryptix JCE 20050328","FlexiProvider 1.7p7","HSM Utimaco Security Server Se50","Nettle 2.0","PolarSSL 0.10.0","PuTTY 0.67","SunRsaSign OpenJDK 1.8.0","mbedTLS 1.3.19 & 2.2.1 & 2.4.2"],"Group 11":["Bouncy Castle 1.54 (Java)","Crypto++ 5.6.0 & 5.6.3 & 5.6.5","Libgcrypt 1.7.6 FIPS","Microsoft CryptoAPI & CNG & .NET"],"Group 10":["NXP J2D081 & J2E145G","YubiKey NEO"],"Group  6":["Oberthur Cosmo Dual 72K"],"Group  5":["NXP J2A080 & J2A081 & J3A081 & JCOP 41 V2.2.1"],"Group  4":["Gemalto GXP E64"],"Group  3":["GNU Crypto 2.0.1"],"Group  2":["G&D SmartCafe 4.x & 6.0"],"Group  1":["G&D SmartCafe 3.2"],"Group  9":["Infineon JTOP 80K","YubiKey 4 & 4 Nano"],"Group  8":["PGPSDK 4 FIPS"],"Group  7":["OpenSSL 0.9.7 & 1.0.2g & 1.0.2k & 1.1.0e"]},"frequencies":{"1|1|000110":3105,"2|1|100011":7866,"2|1|101101":4904,"1|1|000111":3421,"2|1|101100":5319,"0|0|011111":1,"2|1|100010":8224,"2|0|000000":1334,"2|0|000001":1683,"1|0|111010":10068,"1|0|111011":8292,"1|1|011010":55469,"1|1|011011":57271,"2|0|110100":2977,"2|0|110101":2578,"1|0|100001":62277,"1|0|100000":65193,"2|1|100000":9041,"1|1|000100":2482,"2|1|100001":8601,"2|0|000011":2132,"2|0|001101":5615,"2|0|001100":5194,"2|0|000010":1863,"1|1|000101":2739,"2|1|010101":8366,"2|0|011010":9709,"2|1|010100":8049,"2|0|011011":10017,"1|0|100010":60445,"1|0|101100":37996,"1|0|101101":36218,"1|0|100011":58039,"2|1|100110":6876,"1|1|110101":19583,"2|1|100111":6665,"2|0|000101":2802,"2|0|000100":2535,"1|0|111110":2818,"1|1|110100":21692,"1|0|111111":1213,"1|0|100101":53585,"2|0|110001":3750,"2|0|110000":3992,"1|0|010101":43055,"1|0|010100":39967,"2|0|011001":9744,"2|0|011000":9258,"1|0|100100":55505,"2|1|100100":7565,"2|1|100101":7353,"2|0|000110":3056,"2|0|000111":3307,"1|0|111000":13887,"1|0|111001":11979,"2|0|110111":2122,"2|0|110110":2405,"2|0|011111":9172,"2|0|011110":9125,"1|0|100111":48984,"1|0|100110":51082,"1|1|001001":8239,"1|0|001001":8359,"1|0|001000":5121,"1|1|001000":5062,"1|1|110001":27906,"1|1|110000":29547,"1|1|010000":29162,"2|0|011101":9479,"2|1|111111":438,"2|1|111110":432,"2|0|010010":7283,"2|0|011100":9565,"2|0|010011":7756,"1|1|010001":32049,"1|0|101010":42189,"1|0|101011":39857,"1|0|001010":11215,"1|1|001111":25923,"1|0|001011":14347,"1|1|001110":23093,"2|1|101011":5500,"2|1|101010":5830,"1|1|110111":15798,"1|1|110110":17792,"1|1|010010":34726,"1|1|010011":37343,"1|1|011100":59588,"2|0|010001":7098,"2|1|111001":1669,"2|1|111000":1919,"2|0|010000":6689,"1|1|011101":61498,"1|1|000011":2150,"1|1|001100":17050,"1|1|001101":19970,"2|1|101001":6085,"1|1|000010":1825,"2|1|101000":6521,"1|1|111110":2733,"1|1|111111":1216,"2|1|111010":1442,"1|1|011110":63644,"1|1|011111":65329,"2|0|010111":8944,"2|1|001000":3797,"2|1|001001":4135,"2|1|111011":1211,"2|0|010110":8812,"1|0|101111":31580,"1|1|100101":53253,"1|1|100100":56185,"1|0|101110":34051,"1|1|000000":1378,"1|1|000001":1619,"2|1|101111":4377,"2|1|101110":4684,"1|1|110010":25746,"1|1|111101":4594,"1|1|110011":23850,"1|1|111100":6361,"1|1|011000":50583,"1|1|011001":52827,"2|1|001010":4484,"2|0|010100":8047,"2|1|001011":4941,"2|0|010101":8430,"1|0|101001":44403,"1|0|101000":47244,"1|0|000110":3037,"2|0|101101":4841,"2|0|100011":7929,"2|0|101100":5221,"2|0|100010":8139,"2|1|000001":1634,"2|1|000000":1318,"1|1|111011":8314,"1|0|000111":3284,"1|1|111010":10213,"1|0|011011":57659,"2|1|110100":2976,"1|0|011010":55548,"2|1|001100":5079,"2|1|110101":2687,"2|1|001101":5660,"1|1|100001":63221,"1|1|100000":65124,"1|0|000000":1356,"2|0|101111":4380,"2|0|101110":4731,"2|1|000111":3362,"2|1|000110":3059,"1|1|111000":13966,"1|0|000001":1592,"1|1|111001":12002,"1|0|011000":50665,"2|1|001110":5940,"2|1|110111":2174,"2|1|001111":6296,"2|1|110110":2391,"1|0|011001":52310,"1|1|100111":49235,"1|1|100110":51356,"1|0|000011":2254,"1|0|001100":17512,"1|0|000010":1847,"2|0|101001":5974,"2|0|101000":6478,"1|0|001101":20210,"2|1|110001":3739,"2|1|110000":3983,"2|1|011001":9814,"2|1|011000":9239,"1|1|010100":39614,"1|1|010101":42697,"1|1|101111":31767,"1|1|101110":33796,"2|0|101010":5755,"1|0|001111":25805,"1|1|001010":11263,"1|0|001110":23057,"1|1|001011":14401,"2|0|101011":5672,"2|1|000011":2257,"2|1|000010":1885,"1|1|010110":45133,"2|1|111101":618,"2|1|110010":3510,"2|1|111100":901,"2|1|110011":3274,"2|1|011010":9850,"2|1|011011":9815,"1|1|010111":47938,"1|1|101101":35747,"1|1|100011":58076,"1|1|101100":37967,"1|1|100010":60949,"1|0|110001":27861,"2|0|001011":4834,"2|0|001010":4372,"1|0|110000":29784,"2|0|111110":416,"2|0|111111":420,"1|1|101010":42774,"2|1|010010":7522,"2|1|011100":9574,"2|1|011101":9411,"1|0|010001":31592,"1|0|010000":29118,"2|1|010011":7593,"1|1|101011":40294,"1|0|111101":4512,"2|0|100101":7348,"2|0|100100":7833,"1|0|110010":25586,"1|0|110011":23727,"1|0|111100":6410,"2|0|110010":3598,"2|0|111101":675,"2|0|110011":3256,"2|0|111100":874,"2|1|011111":9276,"1|0|010111":48164,"1|0|010110":44865,"2|1|011110":9156,"1|1|101001":44969,"1|1|101000":46715,"1|0|110100":21702,"1|0|110101":19741,"2|0|100111":6592,"2|0|100110":6810,"2|1|000101":2843,"2|0|001111":6338,"2|1|000100":2533,"2|0|001110":5747,"1|0|011110":63338,"2|0|111011":1141,"2|0|111010":1395,"2|1|010111":9059,"1|0|011111":65443,"2|1|010110":8623,"1|0|110111":15882,"2|0|100001":8583,"2|0|100000":8738,"2|0|001001":4078,"2|0|001000":3706,"1|0|000101":2721,"1|0|000100":2505,"1|0|110110":17841,"1|0|010010":34280,"2|0|111000":1853,"2|0|111001":1576,"1|0|011101":61476,"2|1|010001":7113,"1|0|010011":37133,"1|0|011100":59268,"2|1|010000":6684}}
