{"probability":{"Group 13":"0.010239713657317556","Group 12":"0.03332738215212427","Group 11":"0.2877030230406413","Group 10":"0.000278208822723302","Group  6":"0.0006215274790126322","Group  5":"0.0","Group  4":"0.0012862997062018406","Group  3":"0.0","Group  2":"0.0","Group  1":"0.0","Group  9":"0.0001622903372215452","Group  8":"0.0015329423475015558","Group  7":"0.6648486124572558"},"groups":{"Group 13":["Botan 1.5.6 & 1.11.29 & 2.1.0","Feitian JavaCOS A22 & A40","Gemalto GCX4 72K","HSM SafeNet Luna SA-1700","LibTomCrypt 1.17","Libgcrypt 1.6.0 & 1.6.5 & 1.7.6","Libgcrypt 1.6.0 FIPS & 1.6.5 FIPS","Nettle 3.2 & 3.3","Oberthur Cosmo 64","OpenSSL FIPS 2.0.12 & 2.0.14","PGPSDK 4","WolfSSL 2.0rc1 & 3.9.0 & 3.10.2","cryptlib 3.4.3 & 3.4.3.1"],"Group 12":["Bouncy Castle 1.53 (Java)","Cryptix JCE 20050328","FlexiProvider 1.7p7","HSM Utimaco Security Server Se50","Nettle 2.0","PolarSSL 0.10.0","PuTTY 0.67","SunRsaSign OpenJDK 1.8.0","mbedTLS 1.3.19 & 2.2.1 & 2.4.2"],"Group 11":["Bouncy Castle 1.54 (Java)","Crypto++ 5.6.0 & 5.6.3 & 5.6.5","Libgcrypt 1.7.6 FIPS","Microsoft CryptoAPI & CNG & .NET"],"Group 10":["NXP J2D081 & J2E145G","YubiKey NEO"],"Group  6":["Oberthur Cosmo Dual 72K"],"Group  5":["NXP J2A080 & J2A081 & J3A081 & JCOP 41 V2.2.1"],"Group  4":["Gemalto GXP E64"],"Group  3":["GNU Crypto 2.0.1"],"Group  2":["G&D SmartCafe 4.x & 6.0"],"Group  1":["G&D SmartCafe 3.2"],"Group  9":["Infineon JTOP 80K","YubiKey 4 & 4 Nano"],"Group  8":["PGPSDK 4 FIPS"],"Group  7":["OpenSSL 0.9.7 & 1.0.2g & 1.0.2k & 1.1.0e"]},"frequencies":{"1|1|000110":5399,"2|1|100011":11439,"2|1|101101":7136,"1|1|000111":5907,"2|1|101100":7725,"2|1|100010":12112,"2|0|000000":1940,"2|0|000001":2594,"1|0|111010":13104,"1|0|111011":10741,"1|1|011010":73369,"1|1|011011":76821,"2|0|110100":4290,"2|0|110101":3939,"1|0|100001":82733,"1|0|100000":85302,"2|1|100000":13018,"1|1|000100":4244,"2|1|100001":12705,"2|0|000011":3745,"2|0|001101":9103,"2|0|001100":8790,"2|0|000010":3156,"1|1|000101":4849,"2|1|010101":13273,"2|0|011010":15416,"2|1|010100":12676,"2|0|011011":15486,"1|0|100010":78780,"1|0|101100":49856,"1|0|101101":46951,"1|0|100011":76669,"2|1|100110":10104,"1|1|110101":25981,"2|1|100111":9886,"2|0|000101":4820,"2|0|000100":4302,"1|0|111110":3633,"1|1|110100":28390,"1|0|111111":1386,"1|0|100101":70130,"2|0|110001":5454,"2|0|110000":5875,"1|0|010101":57143,"1|0|010100":53707,"2|0|011001":14973,"2|0|011000":14695,"1|0|100100":73401,"2|1|100100":11077,"2|1|100101":10692,"2|0|000110":5337,"2|0|000111":5938,"1|0|111000":17951,"1|0|111001":15557,"2|0|110111":3163,"2|0|110110":3498,"2|0|011111":13507,"2|0|011110":13765,"1|0|100111":64296,"1|0|100110":66779,"1|1|001001":12360,"1|0|001001":12286,"1|0|001000":8022,"1|1|001000":8373,"1|1|110001":36190,"1|1|110000":39023,"1|1|010000":39585,"2|0|011101":14211,"2|1|111111":429,"2|1|111110":545,"2|0|010010":11737,"2|0|011100":14545,"2|0|010011":12381,"1|1|010001":42935,"1|0|101010":55363,"1|0|101011":52779,"1|0|001010":16191,"1|1|001111":35865,"1|0|001011":20519,"1|1|001110":31964,"2|1|101011":8056,"2|1|101010":8350,"1|1|110111":20581,"1|1|110110":23471,"1|1|010010":46679,"1|1|010011":49903,"1|1|011100":78365,"2|0|010001":11141,"2|1|111001":2337,"2|1|111000":2823,"2|0|010000":10728,"1|1|011101":81469,"1|1|000011":3637,"1|1|001100":23930,"1|1|001101":28090,"2|1|101001":8791,"1|1|000010":3139,"2|1|101000":9376,"1|1|111110":3622,"1|1|111111":1472,"2|1|111010":2003,"1|1|011110":83568,"1|1|011111":85609,"2|0|010111":14260,"2|1|001000":6283,"2|1|001001":7130,"2|1|111011":1731,"2|0|010110":13760,"1|0|101111":41598,"1|1|100101":70061,"1|1|100100":73414,"1|0|101110":44449,"1|1|000000":1957,"1|1|000001":2672,"2|1|101111":6305,"2|1|101110":6850,"1|1|110010":33486,"1|1|111101":6020,"1|1|110011":30977,"1|1|111100":8565,"1|1|011000":67823,"1|1|011001":71065,"2|1|001010":7665,"2|0|010100":12622,"2|1|001011":8357,"2|0|010101":13268,"1|0|101001":58528,"1|0|101000":61384,"1|0|000110":5356,"2|0|101101":7311,"2|0|100011":11526,"2|0|101100":7541,"2|0|100010":12037,"2|1|000001":2590,"2|1|000000":2088,"1|1|111011":10668,"1|0|000111":5986,"1|1|111010":13017,"1|0|011011":76411,"2|1|110100":4120,"1|0|011010":74118,"2|1|001100":8705,"2|1|110101":4038,"2|1|001101":9145,"1|1|100001":81782,"1|1|100000":85647,"1|0|000000":1957,"2|0|101111":6341,"2|0|101110":6697,"2|1|000111":5813,"2|1|000110":5453,"1|1|111000":18369,"1|0|000001":2554,"1|1|111001":15735,"1|0|011000":67460,"2|1|001110":9777,"2|1|110111":3104,"2|1|001111":10280,"2|1|110110":3555,"1|0|011001":71023,"1|1|100111":63804,"1|1|100110":66770,"1|0|000011":3766,"1|0|001100":24022,"1|0|000010":3127,"2|0|101001":8839,"2|0|101000":9269,"1|0|001101":28038,"2|1|110001":5498,"2|1|110000":5927,"2|1|011001":15080,"2|1|011000":14667,"1|1|010100":53929,"1|1|010101":56781,"1|1|101111":41831,"1|1|101110":44210,"2|0|101010":8454,"1|0|001111":35960,"1|1|001010":16343,"1|0|001110":32122,"1|1|001011":20320,"2|0|101011":7984,"2|1|000011":3713,"2|1|000010":3134,"1|1|010110":60688,"2|1|111101":926,"0|1|101010":1,"2|1|110010":5144,"2|1|111100":1219,"2|1|110011":4647,"2|1|011010":15504,"2|1|011011":15128,"1|1|010111":64064,"1|1|101101":46993,"1|1|100011":76228,"1|1|101100":50101,"1|1|100010":78953,"1|0|110001":36038,"2|0|001011":8258,"2|0|001010":7535,"1|0|110000":39054,"2|0|111110":590,"2|0|111111":462,"1|1|101010":55782,"2|1|010010":11838,"2|1|011100":14675,"2|1|011101":14231,"1|0|010001":43099,"1|0|010000":39227,"2|1|010011":12259,"1|1|101011":52660,"1|0|111101":5955,"2|0|100101":10538,"2|0|100100":10993,"1|0|110010":33403,"1|0|110011":30958,"1|0|111100":8413,"2|0|110010":5053,"2|0|111101":909,"2|0|110011":4647,"2|0|111100":1278,"2|1|011111":13349,"1|0|010111":64027,"1|0|010110":60797,"2|1|011110":13680,"1|1|101001":58980,"1|1|101000":61467,"1|0|110100":28501,"1|0|110101":25853,"2|0|100111":9617,"2|0|100110":10333,"2|1|000101":4829,"2|0|001111":10228,"2|1|000100":4280,"2|0|001110":9749,"1|0|011110":83984,"2|0|111011":1670,"2|0|111010":1891,"2|1|010111":14179,"1|0|011111":86390,"2|1|010110":13666,"1|0|110111":20619,"2|0|100001":12455,"2|0|100000":13097,"2|0|001001":7118,"2|0|001000":6465,"1|0|000101":4859,"1|0|000100":4237,"1|0|110110":23041,"1|0|010010":47080,"2|0|111000":2780,"2|0|111001":2366,"1|0|011101":81444,"2|1|010001":11296,"1|0|010011":50287,"1|0|011100":78865,"2|1|010000":10824}}
