{"probability":{"Group 13":"0.03648722803417626","Group 12":"0.03751152738519081","Group 11":"0.2222638079150419","Group 10":"0.0002695260899665037","Group  6":"0.00017841948065603418","Group  5":"0.0","Group  4":"0.001996583298402062","Group  3":"0.0","Group  2":"0.0","Group  1":"0.0","Group  9":"0.00007024032915737709","Group  8":"0.008979240408413155","Group  7":"0.6922434270589959"},"groups":{"Group 13":["Botan 1.5.6 & 1.11.29 & 2.1.0","Feitian JavaCOS A22 & A40","Gemalto GCX4 72K","HSM SafeNet Luna SA-1700","LibTomCrypt 1.17","Libgcrypt 1.6.0 & 1.6.5 & 1.7.6","Libgcrypt 1.6.0 FIPS & 1.6.5 FIPS","Nettle 3.2 & 3.3","Oberthur Cosmo 64","OpenSSL FIPS 2.0.12 & 2.0.14","PGPSDK 4","WolfSSL 2.0rc1 & 3.9.0 & 3.10.2","cryptlib 3.4.3 & 3.4.3.1"],"Group 12":["Bouncy Castle 1.53 (Java)","Cryptix JCE 20050328","FlexiProvider 1.7p7","HSM Utimaco Security Server Se50","Nettle 2.0","PolarSSL 0.10.0","PuTTY 0.67","SunRsaSign OpenJDK 1.8.0","mbedTLS 1.3.19 & 2.2.1 & 2.4.2"],"Group 11":["Bouncy Castle 1.54 (Java)","Crypto++ 5.6.0 & 5.6.3 & 5.6.5","Libgcrypt 1.7.6 FIPS","Microsoft CryptoAPI & CNG & .NET"],"Group 10":["NXP J2D081 & J2E145G","YubiKey NEO"],"Group  6":["Oberthur Cosmo Dual 72K"],"Group  5":["NXP J2A080 & J2A081 & J3A081 & JCOP 41 V2.2.1"],"Group  4":["Gemalto GXP E64"],"Group  3":["GNU Crypto 2.0.1"],"Group  2":["G&D SmartCafe 4.x & 6.0"],"Group  1":["G&D SmartCafe 3.2"],"Group  9":["Infineon JTOP 80K","YubiKey 4 & 4 Nano"],"Group  8":["PGPSDK 4 FIPS"],"Group  7":["OpenSSL 0.9.7 & 1.0.2g & 1.0.2k & 1.1.0e"]},"frequencies":{"1|1|000110":8461,"2|1|100011":18385,"2|1|101101":11507,"1|1|000111":9077,"2|1|101100":12251,"2|1|100010":19531,"2|0|000000":4373,"2|0|000001":4830,"1|0|111010":23334,"1|0|111011":19023,"1|1|011010":128860,"1|1|011011":133866,"0|1|100111":1,"2|0|110100":6878,"2|0|110101":6378,"1|0|100001":145557,"1|0|100000":150959,"2|1|100000":21062,"1|1|000100":6847,"2|1|100001":20156,"2|0|000011":6232,"2|0|001101":14150,"2|0|001100":13512,"2|0|000010":5588,"1|1|000101":7588,"2|1|010101":20386,"2|0|011010":23816,"2|1|010100":19648,"2|0|011011":23736,"1|0|100010":138984,"1|0|101100":87799,"1|0|101101":83518,"1|0|100011":134436,"2|1|100110":16346,"1|1|110101":45882,"2|1|100111":15724,"2|0|000101":7714,"2|0|000100":7102,"1|0|111110":6469,"1|1|110100":50446,"1|0|111111":2437,"1|0|100101":123267,"2|0|110001":8797,"2|0|110000":9465,"1|0|010101":99004,"1|0|010100":93415,"2|0|011001":23090,"2|0|011000":22511,"1|0|100100":129093,"2|1|100100":17815,"2|1|100101":17057,"2|0|000110":8463,"2|0|000111":9163,"1|0|111000":32016,"1|0|111001":27837,"2|0|110111":5232,"2|0|110110":5753,"2|0|011111":21451,"2|0|011110":21954,"1|0|100111":113123,"1|0|100110":118440,"1|1|001001":20439,"1|0|001001":20181,"1|0|001000":12930,"1|1|001000":13171,"1|1|110001":63961,"1|1|110000":69086,"1|1|010000":68054,"2|0|011101":22287,"2|1|111111":718,"2|1|111110":1040,"2|0|010010":17993,"2|0|011100":22839,"2|0|010011":18964,"1|1|010001":74534,"1|0|101010":97478,"1|0|101011":93108,"1|0|001010":27364,"1|1|001111":61252,"1|0|001011":34701,"1|1|001110":54896,"2|1|101011":12898,"2|1|101010":13430,"1|1|110111":36383,"1|1|110110":41120,"1|1|010010":81028,"1|1|010011":87004,"1|1|011100":137330,"2|0|010001":17319,"2|1|111001":3830,"2|1|111000":4574,"2|0|010000":16559,"1|1|011101":142371,"1|1|000011":6213,"1|1|001100":40854,"1|1|001101":47853,"2|1|101001":14122,"1|1|000010":5586,"2|1|101000":15224,"1|1|111110":6453,"1|1|111111":2554,"2|1|111010":3318,"1|1|011110":146489,"1|1|011111":151254,"2|0|010111":21747,"2|1|001000":9712,"2|1|001001":11031,"2|1|111011":2895,"2|0|010110":21283,"1|0|101111":73443,"1|1|100101":123714,"1|1|100100":129211,"1|0|101110":78500,"1|1|000000":4423,"1|1|000001":4994,"2|1|101111":10151,"2|1|101110":11016,"1|1|110010":59474,"1|1|111101":10765,"1|1|110011":55006,"1|1|111100":15028,"1|1|011000":117622,"1|1|011001":123457,"2|1|001010":11762,"2|0|010100":19453,"2|1|001011":12660,"2|0|010101":20244,"1|0|101001":103143,"1|0|101000":108437,"1|0|000110":8290,"0|1|011111":1,"2|0|101101":11639,"2|0|100011":18488,"2|0|101100":12077,"2|0|100010":19220,"2|1|000001":4964,"2|1|000000":4640,"1|1|111011":18947,"1|0|000111":9090,"1|1|111010":23594,"1|0|011011":133271,"2|1|110100":6812,"1|0|011010":129089,"2|1|001100":13458,"2|1|110101":6455,"2|1|001101":14184,"1|1|100001":144690,"1|1|100000":151287,"1|0|000000":4396,"0|1|011100":2,"2|0|101111":10259,"2|0|101110":10742,"2|1|000111":9129,"2|1|000110":8534,"1|1|111000":32348,"1|0|000001":4899,"1|1|111001":27792,"1|0|011000":117348,"2|1|001110":14861,"2|1|110111":5175,"2|1|001111":15923,"2|1|110110":5778,"1|0|011001":123523,"1|1|100111":112649,"1|1|100110":117920,"1|0|000011":6392,"1|0|001100":41308,"1|0|000010":5546,"2|0|101001":14041,"2|0|101000":14788,"1|0|001101":47708,"2|1|110001":8784,"2|1|110000":9521,"2|1|011001":23183,"0|1|000000":1,"2|1|011000":22623,"1|1|010100":93458,"1|1|010101":98955,"1|1|101111":73669,"1|1|101110":78195,"2|0|101010":13576,"1|0|001111":61726,"1|1|001010":27249,"1|0|001110":54850,"1|1|001011":34507,"2|0|101011":12919,"2|1|000011":6273,"2|1|000010":5613,"1|1|010110":105338,"2|1|111101":1563,"0|1|101010":1,"2|1|110010":8388,"2|1|111100":2128,"2|1|110011":7490,"2|1|011010":23754,"2|1|011011":23332,"1|1|010111":111674,"1|1|101101":83105,"1|1|100011":134702,"1|1|101100":88360,"1|1|100010":139102,"1|0|110001":64039,"2|0|001011":12607,"2|0|001010":11630,"1|0|110000":69095,"2|0|111110":1050,"0|1|101000":1,"2|0|111111":766,"1|1|101010":98101,"2|1|010010":18191,"2|1|011100":22892,"2|1|011101":22591,"1|0|010001":74475,"1|0|010000":68078,"2|1|010011":18871,"1|1|101011":92637,"1|0|111101":10686,"2|0|100101":16919,"2|0|100100":17644,"1|0|110010":59221,"1|0|110011":54642,"1|0|111100":14880,"2|0|110010":8220,"2|0|111101":1601,"2|0|110011":7585,"2|0|111100":2192,"2|1|011111":21220,"1|0|010111":111401,"1|0|010110":105269,"2|1|011110":21646,"1|1|101001":103884,"1|1|101000":107938,"1|0|110100":50243,"1|0|110101":45741,"2|0|100111":15530,"2|0|100110":16463,"2|1|000101":7652,"2|0|001111":15673,"2|1|000100":7132,"2|0|001110":14910,"1|0|011110":147377,"2|0|111011":2752,"2|0|111010":3213,"2|1|010111":21824,"1|0|011111":151940,"2|1|010110":21242,"1|0|110111":36723,"2|0|100001":20058,"2|0|100000":21089,"2|0|001001":10925,"2|0|001000":9957,"1|0|000101":7769,"1|0|000100":6966,"1|0|110110":40742,"1|0|010010":81277,"2|0|111000":4582,"2|0|111001":3870,"1|0|011101":142344,"2|1|010001":17438,"1|0|010011":87375,"1|0|011100":137654,"2|1|010000":16521}}
