{"probability":{"Group 13":"0.06292764244562125","Group 12":"0.06084863687818653","Group 11":"0.0019934482139629707","Group 10":"0.0","Group  6":"0.0","Group  5":"0.0","Group  4":"0.0054776414467588765","Group  3":"0.0","Group  2":"0.0","Group  1":"0.0002108941412609136","Group  9":"0.0002480873345037127","Group  8":"0.0032411810848436092","Group  7":"0.8650524684548623"},"groups":{"Group 13":["Botan 1.5.6 & 1.11.29 & 2.1.0","Feitian JavaCOS A22 & A40","Gemalto GCX4 72K","HSM SafeNet Luna SA-1700","LibTomCrypt 1.17","Libgcrypt 1.6.0 & 1.6.5 & 1.7.6","Libgcrypt 1.6.0 FIPS & 1.6.5 FIPS","Nettle 3.2 & 3.3","Oberthur Cosmo 64","OpenSSL FIPS 2.0.12 & 2.0.14","PGPSDK 4","WolfSSL 2.0rc1 & 3.9.0 & 3.10.2","cryptlib 3.4.3 & 3.4.3.1"],"Group 12":["Bouncy Castle 1.53 (Java)","Cryptix JCE 20050328","FlexiProvider 1.7p7","HSM Utimaco Security Server Se50","Nettle 2.0","PolarSSL 0.10.0","PuTTY 0.67","SunRsaSign OpenJDK 1.8.0","mbedTLS 1.3.19 & 2.2.1 & 2.4.2"],"Group 11":["Bouncy Castle 1.54 (Java)","Crypto++ 5.6.0 & 5.6.3 & 5.6.5","Libgcrypt 1.7.6 FIPS","Microsoft CryptoAPI & CNG & .NET"],"Group 10":["NXP J2D081 & J2E145G","YubiKey NEO"],"Group  6":["Oberthur Cosmo Dual 72K"],"Group  5":["NXP J2A080 & J2A081 & J3A081 & JCOP 41 V2.2.1"],"Group  4":["Gemalto GXP E64"],"Group  3":["GNU Crypto 2.0.1"],"Group  2":["G&D SmartCafe 4.x & 6.0"],"Group  1":["G&D SmartCafe 3.2"],"Group  9":["Infineon JTOP 80K","YubiKey 4 & 4 Nano"],"Group  8":["PGPSDK 4 FIPS"],"Group  7":["OpenSSL 0.9.7 & 1.0.2g & 1.0.2k & 1.1.0e"]},"frequencies":{"1|1|000110":582,"2|1|100011":826,"2|1|101101":527,"1|1|000111":542,"2|1|101100":559,"2|1|100010":940,"2|0|000000":645,"2|0|000001":638,"1|0|111010":2874,"1|0|111011":2520,"1|1|011010":15533,"1|1|011011":16465,"2|0|110100":336,"2|0|110101":288,"1|0|100001":18179,"1|0|100000":19271,"2|1|100000":1038,"1|1|000100":587,"2|1|100001":970,"2|0|000011":566,"2|0|001101":700,"2|0|001100":729,"2|0|000010":634,"1|1|000101":551,"2|1|010101":893,"2|0|011010":933,"2|1|010100":880,"2|0|011011":959,"1|0|100010":17609,"1|0|101100":10916,"1|0|101101":10299,"1|0|100011":16954,"2|1|100110":748,"1|1|110101":5723,"2|1|100111":722,"2|0|000101":582,"2|0|000100":575,"1|0|111110":792,"1|1|110100":6409,"1|0|111111":253,"1|0|100101":15648,"2|0|110001":442,"2|0|110000":460,"1|0|010101":11947,"1|0|010100":11169,"2|0|011001":970,"2|0|011000":896,"1|0|100100":16386,"2|1|100100":858,"2|1|100101":829,"2|0|000110":592,"2|0|000111":587,"1|0|111000":4049,"1|0|111001":3552,"2|0|110111":231,"2|0|110110":232,"2|0|011111":982,"2|0|011110":939,"1|0|100111":14329,"1|0|100110":15172,"1|1|001001":1892,"1|0|001001":1824,"1|0|001000":1037,"1|1|001000":1029,"1|1|110001":8212,"1|1|110000":8555,"1|1|010000":7969,"2|0|011101":1057,"2|1|111111":10,"2|1|111110":45,"2|0|010010":801,"2|0|011100":987,"2|0|010011":833,"1|1|010001":8824,"1|0|101010":12309,"1|0|101011":11632,"1|0|001010":2792,"1|1|001111":7013,"1|0|001011":3682,"1|1|001110":6313,"2|1|101011":609,"2|1|101010":627,"1|1|110111":4631,"1|1|110110":5209,"1|1|010010":9580,"1|1|010011":10487,"1|1|011100":17111,"2|0|010001":746,"2|1|111001":193,"2|1|111000":201,"2|0|010000":833,"1|1|011101":17602,"1|1|000011":588,"1|1|001100":4576,"1|1|001101":5278,"2|1|101001":650,"1|1|000010":632,"2|1|101000":682,"1|1|111110":755,"1|1|111111":262,"2|1|111010":159,"1|1|011110":18417,"1|1|011111":18977,"2|0|010111":931,"2|1|001000":542,"2|1|001001":616,"2|1|111011":127,"2|0|010110":904,"1|0|101111":9324,"1|1|100101":15537,"1|1|100100":16343,"1|0|101110":10131,"1|1|000000":666,"1|1|000001":611,"2|1|101111":458,"2|1|101110":486,"1|1|110010":7508,"1|1|111101":1392,"1|1|110011":6873,"1|1|111100":1903,"1|1|011000":13969,"1|1|011001":15034,"2|1|001010":610,"2|0|010100":859,"2|1|001011":660,"2|0|010101":864,"1|0|101001":13142,"1|0|101000":13584,"1|0|000110":614,"2|0|101101":527,"2|0|100011":906,"2|0|101100":570,"2|0|100010":895,"2|1|000001":612,"2|1|000000":695,"1|1|111011":2463,"1|0|000111":540,"1|1|111010":3000,"1|0|011011":16381,"2|1|110100":343,"1|0|011010":15698,"2|1|001100":691,"2|1|110101":311,"2|1|001101":725,"1|1|100001":18558,"1|1|100000":19177,"1|0|000000":617,"2|0|101111":469,"2|0|101110":489,"2|1|000111":561,"2|1|000110":578,"1|1|111000":4062,"1|0|000001":615,"1|1|111001":3551,"1|0|011000":13976,"2|1|001110":732,"2|1|110111":219,"2|1|001111":764,"2|1|110110":252,"1|0|011001":14834,"1|1|100111":14647,"1|1|100110":15096,"1|0|000011":578,"1|0|001100":4543,"1|0|000010":645,"2|0|101001":673,"2|0|101000":699,"1|0|001101":5417,"2|1|110001":406,"2|1|110000":448,"2|1|011001":901,"2|1|011000":911,"1|1|010100":11130,"1|1|010101":11762,"1|1|101111":9316,"1|1|101110":9825,"2|0|101010":636,"1|0|001111":7144,"1|1|001010":2798,"1|0|001110":6247,"1|1|001011":3626,"2|0|101011":615,"2|1|000011":592,"2|1|000010":604,"1|1|010110":12493,"2|1|111101":76,"2|1|110010":391,"2|1|111100":84,"2|1|110011":347,"2|1|011010":940,"2|1|011011":958,"1|1|010111":13503,"1|1|101101":10491,"1|1|100011":16927,"1|1|101100":11074,"1|1|100010":17834,"1|0|110001":8026,"2|0|001011":676,"2|0|001010":706,"1|0|110000":8728,"2|0|111110":45,"2|0|111111":10,"1|1|101010":12331,"2|1|010010":836,"2|1|011100":965,"2|1|011101":1020,"1|0|010001":8672,"1|0|010000":7921,"2|1|010011":870,"1|1|101011":11635,"1|0|111101":1362,"2|0|100101":823,"2|0|100100":886,"1|0|110010":7625,"1|0|110011":6854,"1|0|111100":1872,"2|0|110010":348,"2|0|111101":64,"2|0|110011":323,"2|0|111100":81,"2|1|011111":1052,"1|0|010111":13318,"1|0|010110":12585,"2|1|011110":1041,"1|1|101001":13158,"1|1|101000":13685,"1|0|110100":6296,"1|0|110101":5885,"2|0|100111":763,"2|0|100110":783,"2|1|000101":603,"2|0|001111":771,"2|1|000100":585,"2|0|001110":715,"1|0|011110":18411,"2|0|111011":104,"2|0|111010":112,"2|1|010111":943,"1|0|011111":19271,"2|1|010110":902,"1|0|110111":4593,"2|0|100001":992,"2|0|100000":1042,"2|0|001001":615,"2|0|001000":576,"1|0|000101":645,"1|0|000100":602,"1|0|110110":5156,"1|0|010010":9595,"2|0|111000":220,"2|0|111001":173,"1|0|011101":17924,"2|1|010001":793,"1|0|010011":10266,"1|0|011100":16904,"2|1|010000":784}}
