{"probability":{"Group 13":"0.08139058156431725","Group 12":"0.03547502110905221","Group 11":"0.05818728838728629","Group 10":"0.000017813799321246572","Group  6":"0.00011515864603406206","Group  5":"0.00022296394258459462","Group  4":"0.003009848838196006","Group  3":"0.00037755856470286087","Group  2":"0.0","Group  1":"0.0","Group  9":"0.0002102454526683914","Group  8":"0.005523599149255633","Group  7":"0.8154699205465814"},"groups":{"Group 13":["Botan 1.5.6 & 1.11.29 & 2.1.0","Feitian JavaCOS A22 & A40","Gemalto GCX4 72K","HSM SafeNet Luna SA-1700","LibTomCrypt 1.17","Libgcrypt 1.6.0 & 1.6.5 & 1.7.6","Libgcrypt 1.6.0 FIPS & 1.6.5 FIPS","Nettle 3.2 & 3.3","Oberthur Cosmo 64","OpenSSL FIPS 2.0.12 & 2.0.14","PGPSDK 4","WolfSSL 2.0rc1 & 3.9.0 & 3.10.2","cryptlib 3.4.3 & 3.4.3.1"],"Group 12":["Bouncy Castle 1.53 (Java)","Cryptix JCE 20050328","FlexiProvider 1.7p7","HSM Utimaco Security Server Se50","Nettle 2.0","PolarSSL 0.10.0","PuTTY 0.67","SunRsaSign OpenJDK 1.8.0","mbedTLS 1.3.19 & 2.2.1 & 2.4.2"],"Group 11":["Bouncy Castle 1.54 (Java)","Crypto++ 5.6.0 & 5.6.3 & 5.6.5","Libgcrypt 1.7.6 FIPS","Microsoft CryptoAPI & CNG & .NET"],"Group 10":["NXP J2D081 & J2E145G","YubiKey NEO"],"Group  6":["Oberthur Cosmo Dual 72K"],"Group  5":["NXP J2A080 & J2A081 & J3A081 & JCOP 41 V2.2.1"],"Group  4":["Gemalto GXP E64"],"Group  3":["GNU Crypto 2.0.1"],"Group  2":["G&D SmartCafe 4.x & 6.0"],"Group  1":["G&D SmartCafe 3.2"],"Group  9":["Infineon JTOP 80K","YubiKey 4 & 4 Nano"],"Group  8":["PGPSDK 4 FIPS"],"Group  7":["OpenSSL 0.9.7 & 1.0.2g & 1.0.2k & 1.1.0e"]},"frequencies":{"1|1|000110":1722,"2|1|100011":4666,"2|1|101101":2881,"1|1|000111":1842,"2|1|101100":3119,"2|1|100010":4919,"2|0|000000":1788,"2|0|000001":1386,"1|0|111010":10007,"1|0|111011":8216,"1|1|011010":54056,"1|1|011011":56279,"2|0|110100":1726,"2|0|110101":1650,"1|0|100001":62582,"1|0|100000":65274,"2|1|100000":5371,"1|1|000100":1579,"2|1|100001":4993,"2|0|000011":1521,"2|0|001101":2945,"2|0|001100":2826,"2|0|000010":1448,"1|1|000101":1564,"2|1|010101":4492,"2|0|011010":5247,"2|1|010100":4256,"2|0|011011":5368,"1|0|100010":60294,"1|0|101100":38238,"1|0|101101":36109,"1|0|100011":57821,"2|1|100110":4135,"1|1|110101":20003,"2|1|100111":3992,"2|0|000101":1673,"2|0|000100":1540,"1|0|111110":2678,"1|1|110100":21743,"1|0|111111":948,"1|0|100101":53348,"2|0|110001":2265,"2|0|110000":2358,"1|0|010101":40971,"1|0|010100":38116,"2|0|011001":4972,"2|0|011000":4999,"1|0|100100":55913,"2|1|100100":4388,"2|1|100101":4300,"2|0|000110":1737,"2|0|000111":1854,"1|0|111000":13857,"1|0|111001":11880,"2|0|110111":1307,"2|0|110110":1448,"2|0|011111":5400,"2|0|011110":5322,"1|0|100111":48945,"1|0|100110":51677,"1|1|001001":6702,"1|0|001001":6563,"1|0|001000":3399,"1|1|001000":3356,"1|1|110001":27583,"1|1|110000":29698,"1|1|010000":27168,"2|0|011101":5259,"2|1|111111":146,"2|1|111110":273,"2|0|010010":3879,"2|0|011100":5223,"2|0|010011":4011,"1|1|010001":30246,"1|0|101010":42480,"1|0|101011":40112,"1|0|001010":9690,"1|1|001111":24071,"1|0|001011":12577,"1|1|001110":21481,"2|1|101011":3285,"2|1|101010":3465,"1|1|110111":16100,"1|1|110110":17636,"1|1|010010":32697,"1|1|010011":35422,"1|1|011100":58408,"2|0|010001":3806,"2|1|111001":958,"2|1|111000":1115,"2|0|010000":3510,"1|1|011101":60754,"1|1|000011":1480,"1|1|001100":15584,"1|1|001101":18514,"2|1|101001":3500,"1|1|000010":1496,"2|1|101000":3805,"1|1|111110":2808,"1|1|111111":943,"2|1|111010":766,"1|1|011110":62546,"0|0|000000":1,"1|1|011111":65165,"2|0|010111":4636,"2|1|001000":1861,"2|1|001001":2114,"2|1|111011":683,"2|0|010110":4510,"1|0|101111":31780,"1|1|100101":53477,"1|1|100100":55860,"1|0|101110":34030,"1|1|000000":1858,"1|1|000001":1474,"2|1|101111":2510,"2|1|101110":2818,"1|1|110010":25532,"1|1|111101":4612,"1|1|110011":23487,"1|1|111100":6353,"1|1|011000":48515,"1|1|011001":51342,"2|1|001010":2370,"2|0|010100":4256,"2|1|001011":2595,"2|0|010101":4485,"1|0|101001":44126,"1|0|101000":46722,"1|0|000110":1704,"2|0|101101":2847,"2|0|100011":4739,"2|0|101100":3101,"2|0|100010":4848,"2|1|000001":1387,"2|1|000000":1767,"1|1|111011":8391,"1|0|000111":1826,"1|1|111010":10283,"1|0|011011":55624,"2|1|110100":1714,"1|0|011010":53757,"2|1|001100":2705,"2|1|110101":1550,"2|1|001101":2879,"1|1|100001":62720,"1|1|100000":65093,"1|0|000000":1757,"2|0|101111":2634,"2|0|101110":2618,"2|1|000111":1794,"2|1|000110":1731,"1|1|111000":13825,"1|0|000001":1466,"1|1|111001":11965,"1|0|011000":48332,"2|1|001110":3100,"2|1|110111":1330,"2|1|001111":3391,"2|1|110110":1399,"1|0|011001":51310,"1|1|100111":48716,"1|1|100110":51020,"1|0|000011":1530,"1|0|001100":15509,"1|0|000010":1476,"2|0|101001":3582,"2|0|101000":3904,"1|0|001101":18402,"2|1|110001":2287,"2|1|110000":2380,"2|1|011001":5166,"0|1|000000":2,"2|1|011000":4921,"1|1|010100":37927,"1|1|010101":40819,"1|1|101111":31568,"1|1|101110":33843,"2|0|101010":3494,"1|0|001111":24246,"1|1|001010":9631,"1|0|001110":21683,"1|1|001011":12726,"2|0|101011":3228,"2|1|000011":1504,"2|1|000010":1453,"1|1|010110":43373,"2|1|111101":383,"2|1|110010":1970,"2|1|111100":517,"2|1|110011":1904,"2|1|011010":5317,"2|1|011011":5397,"1|1|010111":46096,"1|1|101101":35776,"1|1|100011":58364,"1|1|101100":38351,"1|1|100010":60347,"1|0|110001":27984,"2|0|001011":2572,"2|0|001010":2388,"1|0|110000":29964,"2|0|111110":250,"2|0|111111":160,"1|1|101010":42229,"2|1|010010":3892,"2|1|011100":5375,"2|1|011101":5371,"1|0|010001":30007,"1|0|010000":27146,"2|1|010011":3978,"1|1|101011":39848,"1|0|111101":4539,"2|0|100101":4270,"2|0|100100":4609,"1|0|110010":25834,"1|0|110011":23592,"1|0|111100":6326,"2|0|110010":2055,"2|0|111101":383,"2|0|110011":1998,"2|0|111100":524,"2|1|011111":5481,"1|0|010111":45892,"1|0|010110":43743,"2|1|011110":5423,"1|1|101001":44740,"1|1|101000":46121,"1|0|110100":21678,"1|0|110101":19768,"2|0|100111":3964,"2|0|100110":4176,"2|1|000101":1591,"2|0|001111":3277,"2|1|000100":1601,"2|0|001110":3155,"1|0|011110":62950,"2|0|111011":681,"2|0|111010":816,"2|1|010111":4886,"1|0|011111":65153,"2|1|010110":4578,"1|0|110111":16059,"2|0|100001":5245,"2|0|100000":5397,"2|0|001001":2248,"2|0|001000":1897,"1|0|000101":1670,"1|0|000100":1585,"1|0|110110":17806,"1|0|010010":32713,"2|0|111000":1103,"2|0|111001":942,"1|0|011101":60446,"2|1|010001":3754,"1|0|010011":35624,"1|0|011100":58515,"2|1|010000":3439}}
