{"probability":{"Group 13":"0.052188787421514206","Group 12":"0.045405071740212605","Group 11":"0.11030482330506947","Group 10":"0.000176299140612818","Group  6":"0.00041370473184033994","Group  5":"0.0","Group  4":"0.004680906540484495","Group  3":"0.00022197436582433545","Group  2":"0.0","Group  1":"0.0","Group  9":"0.0005853503990342272","Group  8":"0.006892152809714204","Group  7":"0.7791309295456932"},"groups":{"Group 13":["Botan 1.5.6 & 1.11.29 & 2.1.0","Feitian JavaCOS A22 & A40","Gemalto GCX4 72K","HSM SafeNet Luna SA-1700","LibTomCrypt 1.17","Libgcrypt 1.6.0 & 1.6.5 & 1.7.6","Libgcrypt 1.6.0 FIPS & 1.6.5 FIPS","Nettle 3.2 & 3.3","Oberthur Cosmo 64","OpenSSL FIPS 2.0.12 & 2.0.14","PGPSDK 4","WolfSSL 2.0rc1 & 3.9.0 & 3.10.2","cryptlib 3.4.3 & 3.4.3.1"],"Group 12":["Bouncy Castle 1.53 (Java)","Cryptix JCE 20050328","FlexiProvider 1.7p7","HSM Utimaco Security Server Se50","Nettle 2.0","PolarSSL 0.10.0","PuTTY 0.67","SunRsaSign OpenJDK 1.8.0","mbedTLS 1.3.19 & 2.2.1 & 2.4.2"],"Group 11":["Bouncy Castle 1.54 (Java)","Crypto++ 5.6.0 & 5.6.3 & 5.6.5","Libgcrypt 1.7.6 FIPS","Microsoft CryptoAPI & CNG & .NET"],"Group 10":["NXP J2D081 & J2E145G","YubiKey NEO"],"Group  6":["Oberthur Cosmo Dual 72K"],"Group  5":["NXP J2A080 & J2A081 & J3A081 & JCOP 41 V2.2.1"],"Group  4":["Gemalto GXP E64"],"Group  3":["GNU Crypto 2.0.1"],"Group  2":["G&D SmartCafe 4.x & 6.0"],"Group  1":["G&D SmartCafe 3.2"],"Group  9":["Infineon JTOP 80K","YubiKey 4 & 4 Nano"],"Group  8":["PGPSDK 4 FIPS"],"Group  7":["OpenSSL 0.9.7 & 1.0.2g & 1.0.2k & 1.1.0e"]},"frequencies":{"1|1|000110":4418,"2|1|100011":9455,"2|1|101101":5763,"1|1|000111":4775,"2|1|101100":6043,"2|1|100010":9656,"2|0|000000":3887,"2|0|000001":3409,"1|0|111010":17488,"1|0|111011":14493,"1|1|011010":95060,"1|1|011011":99235,"2|0|110100":3418,"2|0|110101":3223,"1|0|100001":110283,"1|0|100000":114416,"2|1|100000":10687,"1|1|000100":4152,"2|1|100001":10277,"2|0|000011":3791,"2|0|001101":7034,"2|0|001100":6803,"2|0|000010":3670,"1|1|000101":4346,"2|1|010101":9999,"2|0|011010":11371,"2|1|010100":9535,"2|0|011011":11649,"1|0|100010":105257,"1|0|101100":66817,"1|0|101101":62660,"1|0|100011":101601,"2|1|100110":8300,"1|1|110101":34507,"2|1|100111":7869,"2|0|000101":4256,"2|0|000100":4190,"1|0|111110":4848,"1|1|110100":37774,"1|0|111111":2029,"1|0|100101":93497,"2|0|110001":4442,"2|0|110000":4782,"1|0|010101":73133,"1|0|010100":68105,"2|0|011001":11141,"2|0|011000":11090,"1|0|100100":97444,"2|1|100100":9050,"2|1|100101":8687,"2|0|000110":4584,"2|0|000111":4828,"1|0|111000":24066,"1|0|111001":21016,"2|0|110111":2504,"2|0|110110":2803,"2|0|011111":11142,"2|0|011110":11036,"1|0|100111":85788,"1|0|100110":90204,"1|1|001001":13152,"1|0|001001":13136,"1|0|001000":7509,"1|1|001000":7543,"1|1|110001":48241,"1|1|110000":51985,"1|1|010000":49034,"2|0|011101":11236,"0|0|110110":1,"2|1|111111":633,"2|1|111110":560,"2|0|010010":8901,"2|0|011100":11292,"2|0|010011":9139,"1|1|010001":54263,"1|0|101010":74015,"1|0|101011":70650,"1|0|001010":18625,"1|1|001111":44181,"1|0|001011":23822,"1|1|001110":39270,"2|1|101011":6656,"2|1|101010":6820,"1|1|110111":27977,"1|1|110110":31072,"1|1|010010":59088,"1|1|010011":63588,"1|1|011100":103078,"2|0|010001":8745,"2|1|111001":1868,"2|1|111000":2204,"2|0|010000":8368,"1|1|011101":107154,"1|1|000011":3934,"1|1|001100":29044,"1|1|001101":34185,"2|1|101001":7200,"1|1|000010":3688,"2|1|101000":7612,"1|1|111110":4954,"1|1|111111":2076,"2|1|111010":1599,"1|1|011110":110564,"1|1|011111":114536,"2|0|010111":10545,"2|1|001000":5211,"2|1|001001":5630,"2|1|111011":1332,"2|0|010110":10222,"1|0|101111":55784,"1|1|100101":93652,"1|1|100100":97410,"1|0|101110":59537,"1|1|000000":3779,"1|1|000001":3442,"2|1|101111":4985,"2|1|101110":5391,"1|1|110010":45194,"1|1|111101":8065,"1|1|110011":41289,"1|1|111100":11073,"1|1|011000":86305,"1|1|011001":91134,"2|1|001010":6012,"2|0|010100":9697,"2|1|001011":6597,"2|0|010101":10031,"1|0|101001":77876,"1|0|101000":82067,"1|0|000110":4588,"2|0|101101":5837,"2|0|100011":9324,"2|0|101100":6048,"2|0|100010":9866,"2|1|000001":3268,"2|1|000000":3744,"1|1|111011":14428,"1|0|000111":4833,"1|1|111010":17655,"1|0|011011":98982,"2|1|110100":3507,"1|0|011010":95097,"2|1|001100":6884,"2|1|110101":3210,"2|1|001101":7090,"1|1|100001":109630,"1|1|100000":113692,"1|0|000000":3832,"2|0|101111":5124,"2|0|101110":5470,"2|1|000111":4759,"2|1|000110":4546,"1|1|111000":24445,"1|0|000001":3332,"1|1|111001":20944,"1|0|011000":86749,"2|1|001110":7581,"2|1|110111":2506,"2|1|001111":8026,"2|1|110110":2881,"1|0|011001":90643,"1|1|100111":85796,"1|1|100110":89268,"1|0|000011":3962,"1|0|001100":29273,"1|0|000010":3687,"2|0|101001":7109,"2|0|101000":7711,"1|0|001101":33914,"2|1|110001":4435,"2|1|110000":4693,"0|0|101101":1,"2|1|011001":11351,"0|1|000000":1,"2|1|011000":10897,"1|1|010100":68699,"1|1|010101":73009,"1|1|101111":55532,"1|1|101110":59285,"2|0|101010":6920,"1|0|001111":44499,"1|1|001010":18390,"1|0|001110":39441,"1|1|001011":23884,"2|0|101011":6514,"2|1|000011":3846,"2|1|000010":3646,"1|1|010110":77594,"2|1|111101":754,"2|1|110010":4078,"2|1|111100":1019,"2|1|110011":3864,"2|1|011010":11580,"2|1|011011":11467,"1|1|010111":81997,"1|1|101101":62607,"1|1|100011":101616,"1|1|101100":67098,"1|1|100010":105931,"1|0|110001":48691,"2|0|001011":6472,"2|0|001010":6109,"1|0|110000":52286,"2|0|111110":523,"2|0|111111":625,"1|1|101010":74372,"2|1|010010":9118,"2|1|011100":11392,"2|1|011101":11085,"1|0|010001":54255,"1|0|010000":49083,"2|1|010011":9205,"1|1|101011":70348,"1|0|111101":7924,"2|0|100101":8578,"2|0|100100":9088,"1|0|110010":44820,"1|0|110011":41231,"1|0|111100":11274,"2|0|110010":4158,"2|0|111101":792,"2|0|110011":3847,"2|0|111100":1048,"2|1|011111":10987,"1|0|010111":82296,"1|0|010110":77217,"2|1|011110":10999,"1|1|101001":78218,"1|1|101000":81354,"1|0|110100":37924,"1|0|110101":34171,"2|0|100111":7887,"2|0|100110":8323,"2|1|000101":4354,"2|0|001111":7872,"2|1|000100":4185,"2|0|001110":7576,"1|0|011110":110552,"2|0|111011":1313,"2|0|111010":1609,"2|1|010111":10800,"1|0|011111":114989,"2|1|010110":10302,"1|0|110111":27311,"2|0|100001":10440,"2|0|100000":10734,"2|0|001001":5519,"2|0|001000":5077,"1|0|000101":4348,"1|0|000100":4150,"1|0|110110":31032,"1|0|010010":58789,"2|0|111000":2259,"2|0|111001":1897,"1|0|011101":106954,"2|1|010001":8701,"1|0|010011":63781,"1|0|011100":103135,"2|1|010000":8331}}
