{"probability":{"Group 13":"0.38872276912597464","Group 12":"0.36230432408652613","Group 11":"0.05848834277189843","Group 10":"0.000416579345849981","Group  6":"0.0","Group  5":"0.0006669491269235136","Group  4":"0.011618202034497567","Group  3":"0.0","Group  2":"0.0","Group  1":"0.0","Group  9":"0.0014350287274656076","Group  8":"0.0003201876992833781","Group  7":"0.17602761708158093"},"groups":{"Group 13":["Botan 1.5.6 & 1.11.29 & 2.1.0","Feitian JavaCOS A22 & A40","Gemalto GCX4 72K","HSM SafeNet Luna SA-1700","LibTomCrypt 1.17","Libgcrypt 1.6.0 & 1.6.5 & 1.7.6","Libgcrypt 1.6.0 FIPS & 1.6.5 FIPS","Nettle 3.2 & 3.3","Oberthur Cosmo 64","OpenSSL FIPS 2.0.12 & 2.0.14","PGPSDK 4","WolfSSL 2.0rc1 & 3.9.0 & 3.10.2","cryptlib 3.4.3 & 3.4.3.1"],"Group 12":["Bouncy Castle 1.53 (Java)","Cryptix JCE 20050328","FlexiProvider 1.7p7","HSM Utimaco Security Server Se50","Nettle 2.0","PolarSSL 0.10.0","PuTTY 0.67","SunRsaSign OpenJDK 1.8.0","mbedTLS 1.3.19 & 2.2.1 & 2.4.2"],"Group 11":["Bouncy Castle 1.54 (Java)","Crypto++ 5.6.0 & 5.6.3 & 5.6.5","Libgcrypt 1.7.6 FIPS","Microsoft CryptoAPI & CNG & .NET"],"Group 10":["NXP J2D081 & J2E145G","YubiKey NEO"],"Group  6":["Oberthur Cosmo Dual 72K"],"Group  5":["NXP J2A080 & J2A081 & J3A081 & JCOP 41 V2.2.1"],"Group  4":["Gemalto GXP E64"],"Group  3":["GNU Crypto 2.0.1"],"Group  2":["G&D SmartCafe 4.x & 6.0"],"Group  1":["G&D SmartCafe 3.2"],"Group  9":["Infineon JTOP 80K","YubiKey 4 & 4 Nano"],"Group  8":["PGPSDK 4 FIPS"],"Group  7":["OpenSSL 0.9.7 & 1.0.2g & 1.0.2k & 1.1.0e"]},"frequencies":{"1|1|000110":8193,"2|1|100011":13511,"2|1|101101":8296,"1|1|000111":8118,"2|1|101100":8465,"2|1|100010":13947,"2|0|000000":9139,"2|0|000001":8903,"1|0|111010":3638,"1|0|111011":2957,"1|1|011010":21502,"1|1|011011":21945,"2|0|110100":4907,"2|0|110101":4458,"1|0|100001":23298,"1|0|100000":24179,"2|1|100000":15158,"1|1|000100":8757,"2|1|100001":14633,"2|0|000011":8684,"2|0|001101":10454,"2|0|001100":9877,"2|0|000010":8652,"1|1|000101":8369,"2|1|010101":13032,"2|0|011010":14057,"2|1|010100":12828,"2|0|011011":14511,"1|0|100010":22780,"1|0|101100":14095,"1|0|101101":13093,"1|0|100011":21658,"2|1|100110":11879,"1|1|110101":7123,"2|1|100111":11311,"2|0|000101":8540,"2|0|000100":8580,"1|0|111110":950,"1|1|110100":7855,"1|0|111111":317,"1|0|100101":19578,"2|0|110001":6154,"2|0|110000":6805,"1|0|010101":18661,"1|0|010100":17867,"2|0|011001":14044,"2|0|011000":13918,"1|0|100100":20592,"2|1|100100":12820,"2|1|100101":12272,"2|0|000110":8193,"2|0|000111":8368,"1|0|111000":5057,"1|0|111001":4303,"2|0|110111":3423,"2|0|110110":3898,"2|0|011111":15732,"2|0|011110":15178,"1|0|100111":18165,"1|0|100110":18776,"1|1|001001":9460,"1|0|001001":9524,"1|0|001000":8619,"1|1|001000":8449,"1|1|110001":10022,"1|1|110000":10701,"1|1|010000":15202,"2|0|011101":14963,"2|1|111111":203,"2|1|111110":636,"2|0|010010":12202,"2|0|011100":14736,"2|0|010011":12578,"1|1|010001":15936,"1|0|101010":15570,"1|0|101011":14617,"1|0|001010":10301,"1|1|001111":14255,"1|0|001011":11161,"1|1|001110":13591,"2|1|101011":9144,"2|1|101010":9563,"1|1|110111":5560,"1|1|110110":6445,"1|1|010010":16570,"1|1|010011":17150,"1|1|011100":22837,"2|0|010001":11671,"2|1|111001":2653,"2|1|111000":3018,"2|0|010000":11374,"1|1|011101":23039,"1|1|000011":8627,"1|1|001100":12016,"1|1|001101":12770,"2|1|101001":10356,"1|1|000010":8853,"2|1|101000":10433,"1|1|111110":951,"1|1|111111":329,"2|1|111010":2255,"1|1|011110":23788,"1|1|011111":24350,"2|0|010111":13526,"2|1|001000":8411,"2|1|001001":8530,"2|1|111011":1792,"2|0|010110":13443,"1|0|101111":11402,"1|1|100101":19909,"1|1|100100":20661,"1|0|101110":12480,"1|1|000000":9107,"1|1|000001":9139,"2|1|101111":7122,"2|1|101110":7687,"1|1|110010":9183,"1|1|111101":1660,"1|1|110011":8546,"1|1|111100":2385,"1|1|011000":20248,"1|1|011001":20979,"2|1|001010":9103,"2|0|010100":12809,"2|1|001011":9496,"2|0|010101":13041,"1|0|101001":16297,"1|0|101000":17036,"1|0|000110":8441,"2|0|101101":8115,"2|0|100011":13565,"2|0|101100":8581,"2|0|100010":14071,"2|1|000001":8930,"2|1|000000":9276,"1|1|111011":2961,"1|0|000111":8215,"1|1|111010":3650,"1|0|011011":22301,"2|1|110100":4869,"1|0|011010":21500,"2|1|001100":9973,"2|1|110101":4405,"2|1|001101":10238,"1|1|100001":23440,"1|1|100000":24341,"1|0|000000":9092,"2|0|101111":7124,"2|0|101110":7515,"2|1|000111":8092,"2|1|000110":8386,"1|1|111000":5038,"1|0|000001":9035,"1|1|111001":4345,"1|0|011000":20469,"2|1|001110":10758,"2|1|110111":3637,"2|1|001111":11154,"2|1|110110":3933,"1|0|011001":20978,"1|1|100111":17848,"1|1|100110":18848,"1|0|000011":8798,"1|0|001100":12078,"1|0|000010":8838,"2|0|101001":10122,"2|0|101000":10941,"1|0|001101":12698,"2|1|110001":6157,"2|1|110000":6846,"2|1|011001":13975,"2|1|011000":13881,"1|1|010100":17796,"1|1|010101":18351,"1|1|101111":11693,"1|1|101110":12190,"2|0|101010":9743,"1|0|001111":14515,"1|1|001010":10358,"1|0|001110":13549,"1|1|001011":11187,"2|0|101011":8924,"2|1|000011":8723,"2|1|000010":8843,"1|1|010110":19264,"2|1|111101":1008,"2|1|110010":5735,"2|1|111100":1392,"2|1|110011":5256,"2|1|011010":14338,"2|1|011011":14663,"1|1|010111":20039,"1|1|101101":13326,"1|1|100011":21594,"1|1|101100":13945,"1|1|100010":22388,"1|0|110001":10052,"2|0|001011":9622,"2|0|001010":9399,"1|0|110000":10901,"2|0|111110":578,"2|0|111111":211,"1|1|101010":15398,"2|1|010010":12014,"2|1|011100":14829,"2|1|011101":15036,"1|0|010001":15659,"1|0|010000":14996,"2|1|010011":12520,"1|1|101011":14469,"1|0|111101":1587,"2|0|100101":12234,"2|0|100100":12806,"1|0|110010":9433,"1|0|110011":8698,"1|0|111100":2325,"2|0|110010":5688,"2|0|111101":1025,"2|0|110011":5279,"2|0|111100":1428,"2|1|011111":15483,"1|0|010111":19683,"1|0|010110":19190,"2|1|011110":15280,"1|1|101001":16275,"1|1|101000":17212,"1|0|110100":7877,"1|0|110101":7249,"2|0|100111":11198,"2|0|100110":11623,"2|1|000101":8521,"2|0|001111":11171,"2|1|000100":8751,"2|0|001110":10449,"1|0|011110":23811,"2|0|111011":1841,"2|0|111010":2188,"2|1|010111":13622,"1|0|011111":24288,"2|1|010110":13487,"1|0|110111":5621,"2|0|100001":14814,"2|0|100000":15141,"2|0|001001":8705,"2|0|001000":8337,"1|0|000101":8552,"1|0|000100":8542,"1|0|110110":6493,"1|0|010010":16625,"2|0|111000":3088,"2|0|111001":2611,"1|0|011101":23372,"2|1|010001":11806,"1|0|010011":17325,"1|0|011100":22618,"2|1|010000":11459}}
