{"probability":{"Group 13":"0.11641229397281092","Group 12":"0.24010741200088367","Group 11":"0.04322345137304577","Group 10":"0.00033152548538088977","Group  6":"0.0","Group  5":"0.0002419215189467834","Group  4":"0.0077291977241294545","Group  3":"0.0","Group  2":"0.00003723969907456051","Group  1":"0.0","Group  9":"0.001013739696885347","Group  8":"0.0","Group  7":"0.5909032185288424"},"groups":{"Group 13":["Botan 1.5.6 & 1.11.29 & 2.1.0","Feitian JavaCOS A22 & A40","Gemalto GCX4 72K","HSM SafeNet Luna SA-1700","LibTomCrypt 1.17","Libgcrypt 1.6.0 & 1.6.5 & 1.7.6","Libgcrypt 1.6.0 FIPS & 1.6.5 FIPS","Nettle 3.2 & 3.3","Oberthur Cosmo 64","OpenSSL FIPS 2.0.12 & 2.0.14","PGPSDK 4","WolfSSL 2.0rc1 & 3.9.0 & 3.10.2","cryptlib 3.4.3 & 3.4.3.1"],"Group 12":["Bouncy Castle 1.53 (Java)","Cryptix JCE 20050328","FlexiProvider 1.7p7","HSM Utimaco Security Server Se50","Nettle 2.0","PolarSSL 0.10.0","PuTTY 0.67","SunRsaSign OpenJDK 1.8.0","mbedTLS 1.3.19 & 2.2.1 & 2.4.2"],"Group 11":["Bouncy Castle 1.54 (Java)","Crypto++ 5.6.0 & 5.6.3 & 5.6.5","Libgcrypt 1.7.6 FIPS","Microsoft CryptoAPI & CNG & .NET"],"Group 10":["NXP J2D081 & J2E145G","YubiKey NEO"],"Group  6":["Oberthur Cosmo Dual 72K"],"Group  5":["NXP J2A080 & J2A081 & J3A081 & JCOP 41 V2.2.1"],"Group  4":["Gemalto GXP E64"],"Group  3":["GNU Crypto 2.0.1"],"Group  2":["G&D SmartCafe 4.x & 6.0"],"Group  1":["G&D SmartCafe 3.2"],"Group  9":["Infineon JTOP 80K","YubiKey 4 & 4 Nano"],"Group  8":["PGPSDK 4 FIPS"],"Group  7":["OpenSSL 0.9.7 & 1.0.2g & 1.0.2k & 1.1.0e"]},"frequencies":{"1|1|000110":2258,"2|1|100011":2378,"2|1|101101":1415,"1|1|000111":2302,"2|1|101100":1472,"2|1|100010":2673,"2|0|000000":2611,"2|0|000001":2492,"1|0|111010":2392,"1|0|111011":2057,"1|1|011010":13132,"1|1|011011":13534,"2|0|110100":870,"2|0|110101":787,"1|0|100001":15159,"1|0|100000":15460,"2|1|100000":2756,"1|1|000100":2464,"2|1|100001":2662,"2|0|000011":2378,"2|0|001101":2459,"2|0|001100":2478,"2|0|000010":2475,"1|1|000101":2408,"2|1|010101":2824,"2|0|011010":2766,"2|1|010100":2668,"2|0|011011":2720,"1|0|100010":14200,"1|0|101100":9096,"1|0|101101":8628,"1|0|100011":13837,"2|1|100110":2126,"1|1|110101":4653,"2|1|100111":1974,"2|0|000101":2356,"2|0|000100":2453,"1|0|111110":657,"1|1|110100":5123,"1|0|111111":235,"1|0|100101":12808,"2|0|110001":1016,"2|0|110000":1185,"1|0|010101":10274,"1|0|010100":9857,"2|0|011001":2814,"2|0|011000":2780,"1|0|100100":13183,"2|1|100100":2298,"2|1|100101":2247,"2|0|000110":2310,"2|0|000111":2287,"1|0|111000":3138,"1|0|111001":2777,"2|0|110111":573,"2|0|110110":716,"2|0|011111":2864,"2|0|011110":2838,"1|0|100111":11588,"1|0|100110":12111,"1|1|001001":3297,"1|0|001001":3213,"1|0|001000":2638,"1|1|001000":2585,"1|1|110001":6481,"1|1|110000":7058,"1|1|010000":7698,"2|0|011101":2809,"2|1|111111":40,"2|1|111110":102,"2|0|010010":2708,"2|0|011100":2730,"2|0|010011":2720,"1|1|010001":8334,"1|0|101010":10030,"1|0|101011":9427,"1|0|001010":3938,"1|1|001111":7170,"1|0|001011":4814,"1|1|001110":6277,"2|1|101011":1582,"2|1|101010":1722,"1|1|110111":3717,"1|1|110110":4142,"1|1|010010":8893,"1|1|010011":9448,"1|1|011100":13952,"2|0|010001":2650,"2|1|111001":520,"2|1|111000":529,"2|0|010000":2698,"1|1|011101":14707,"1|1|000011":2428,"1|1|001100":5226,"1|1|001101":5678,"2|1|101001":1833,"1|1|000010":2496,"2|1|101000":1947,"1|1|111110":650,"1|1|111111":206,"2|1|111010":373,"1|1|011110":14970,"1|1|011111":15505,"2|0|010111":2821,"2|1|001000":2277,"2|1|001001":2337,"2|1|111011":287,"2|0|010110":2825,"1|0|101111":7385,"1|1|100101":12627,"1|1|100100":13173,"1|0|101110":8059,"1|1|000000":2459,"1|1|000001":2491,"2|1|101111":1254,"2|1|101110":1422,"1|1|110010":6057,"1|1|111101":1093,"1|1|110011":5591,"1|1|111100":1533,"1|1|011000":11997,"1|1|011001":12646,"2|1|001010":2462,"2|0|010100":2737,"2|1|001011":2435,"2|0|010101":2714,"1|0|101001":10646,"1|0|101000":11017,"1|0|000110":2290,"2|0|101101":1400,"2|0|100011":2407,"2|0|101100":1494,"2|0|100010":2571,"2|1|000001":2462,"2|1|000000":2592,"1|1|111011":1908,"1|0|000111":2345,"1|1|111010":2363,"1|0|011011":13353,"2|1|110100":888,"1|0|011010":13118,"2|1|001100":2515,"2|1|110101":758,"2|1|001101":2522,"1|1|100001":15234,"1|1|100000":15546,"1|0|000000":2492,"2|0|101111":1320,"2|0|101110":1306,"2|1|000111":2321,"2|1|000110":2400,"1|1|111000":3301,"1|0|000001":2520,"1|1|111001":2806,"1|0|011000":12322,"2|1|001110":2611,"2|1|110111":614,"2|1|001111":2667,"2|1|110110":680,"1|0|011001":12456,"1|1|100111":11505,"1|1|100110":12088,"1|0|000011":2475,"1|0|001100":5202,"1|0|000010":2484,"2|0|101001":1782,"2|0|101000":1933,"1|0|001101":5890,"2|1|110001":1068,"2|1|110000":1226,"2|1|011001":2814,"2|1|011000":2861,"1|1|010100":9935,"1|1|010101":10596,"1|1|101111":7424,"1|1|101110":7970,"2|0|101010":1706,"1|0|001111":7160,"1|1|001010":3910,"1|0|001110":6406,"1|1|001011":4530,"2|0|101011":1651,"2|1|000011":2422,"2|1|000010":2481,"1|1|010110":10998,"2|1|111101":150,"2|1|110010":1015,"2|1|111100":257,"2|1|110011":944,"2|1|011010":2817,"2|1|011011":2784,"1|1|010111":11609,"1|1|101101":8569,"1|1|100011":13777,"1|1|101100":8961,"1|1|100010":14333,"1|0|110001":6588,"2|0|001011":2544,"2|0|001010":2391,"1|0|110000":6924,"2|0|111110":95,"2|0|111111":33,"1|1|101010":9839,"2|1|010010":2657,"2|1|011100":2824,"2|1|011101":2722,"1|0|010001":8165,"1|0|010000":7834,"2|1|010011":2731,"1|1|101011":9512,"1|0|111101":1044,"2|0|100101":2235,"2|0|100100":2301,"1|0|110010":6025,"1|0|110011":5682,"1|0|111100":1462,"2|0|110010":977,"2|0|111101":174,"2|0|110011":940,"2|0|111100":265,"2|1|011111":2818,"1|0|010111":11554,"1|0|010110":10839,"2|1|011110":2820,"1|1|101001":10441,"1|1|101000":10937,"1|0|110100":5052,"1|0|110101":4457,"2|0|100111":1995,"2|0|100110":2026,"2|1|000101":2345,"2|0|001111":2580,"2|1|000100":2428,"2|0|001110":2611,"1|0|011110":14998,"2|0|111011":330,"2|0|111010":366,"2|1|010111":2768,"1|0|011111":15525,"2|1|010110":2759,"1|0|110111":3780,"2|0|100001":2710,"2|0|100000":2816,"2|0|001001":2303,"2|0|001000":2274,"1|0|000101":2461,"1|0|000100":2398,"1|0|110110":4286,"1|0|010010":8906,"2|0|111000":564,"2|0|111001":480,"1|0|011101":14647,"2|1|010001":2752,"1|0|010011":9387,"1|0|011100":14080,"2|1|010000":2628}}
