{"probability":{"Group 13":"0.07460123250025512","Group 12":"0.05907744369454256","Group 11":"0.10090525610253642","Group 10":"0.0","Group  6":"0.00011368152570755354","Group  5":"0.0","Group  4":"0.0040936202029031275","Group  3":"0.00018375715498195695","Group  2":"0.0","Group  1":"0.0","Group  9":"0.0002534312186103698","Group  8":"0.02638390860651056","Group  7":"0.7343876689939525"},"groups":{"Group 13":["Botan 1.5.6 & 1.11.29 & 2.1.0","Feitian JavaCOS A22 & A40","Gemalto GCX4 72K","HSM SafeNet Luna SA-1700","LibTomCrypt 1.17","Libgcrypt 1.6.0 & 1.6.5 & 1.7.6","Libgcrypt 1.6.0 FIPS & 1.6.5 FIPS","Nettle 3.2 & 3.3","Oberthur Cosmo 64","OpenSSL FIPS 2.0.12 & 2.0.14","PGPSDK 4","WolfSSL 2.0rc1 & 3.9.0 & 3.10.2","cryptlib 3.4.3 & 3.4.3.1"],"Group 12":["Bouncy Castle 1.53 (Java)","Cryptix JCE 20050328","FlexiProvider 1.7p7","HSM Utimaco Security Server Se50","Nettle 2.0","PolarSSL 0.10.0","PuTTY 0.67","SunRsaSign OpenJDK 1.8.0","mbedTLS 1.3.19 & 2.2.1 & 2.4.2"],"Group 11":["Bouncy Castle 1.54 (Java)","Crypto++ 5.6.0 & 5.6.3 & 5.6.5","Libgcrypt 1.7.6 FIPS","Microsoft CryptoAPI & CNG & .NET"],"Group 10":["NXP J2D081 & J2E145G","YubiKey NEO"],"Group  6":["Oberthur Cosmo Dual 72K"],"Group  5":["NXP J2A080 & J2A081 & J3A081 & JCOP 41 V2.2.1"],"Group  4":["Gemalto GXP E64"],"Group  3":["GNU Crypto 2.0.1"],"Group  2":["G&D SmartCafe 4.x & 6.0"],"Group  1":["G&D SmartCafe 3.2"],"Group  9":["Infineon JTOP 80K","YubiKey 4 & 4 Nano"],"Group  8":["PGPSDK 4 FIPS"],"Group  7":["OpenSSL 0.9.7 & 1.0.2g & 1.0.2k & 1.1.0e"]},"frequencies":{"1|1|000110":3961,"2|1|100011":7259,"2|1|101101":4684,"1|1|000111":4068,"2|1|101100":4941,"2|1|100010":7813,"2|0|000000":3593,"2|0|000001":3392,"1|0|111010":11352,"1|0|111011":9421,"1|1|011010":61741,"1|1|011011":64148,"2|0|110100":2813,"2|0|110101":2697,"1|0|100001":70912,"1|0|100000":73342,"2|1|100000":8411,"1|1|000100":3646,"2|1|100001":8065,"2|0|000011":3542,"2|0|001101":5691,"2|0|001100":5618,"2|0|000010":3441,"1|1|000101":3749,"2|1|010101":7677,"2|0|011010":8974,"2|1|010100":7552,"2|0|011011":8908,"1|0|100010":67782,"1|0|101100":43053,"1|0|101101":40617,"1|0|100011":64930,"2|1|100110":6601,"1|1|110101":22452,"2|1|100111":6179,"2|0|000101":3777,"2|0|000100":3666,"1|0|111110":3299,"1|1|110100":24331,"1|0|111111":1313,"1|0|100101":59994,"2|0|110001":3705,"2|0|110000":3808,"1|0|010101":46849,"1|0|010100":44284,"2|0|011001":8500,"2|0|011000":8577,"1|0|100100":62825,"2|1|100100":7113,"2|1|100101":6991,"2|0|000110":3859,"2|0|000111":4000,"1|0|111000":15896,"1|0|111001":13577,"2|0|110111":2191,"2|0|110110":2397,"2|0|011111":8544,"2|0|011110":8581,"1|0|100111":54600,"1|0|100110":57678,"1|1|001001":9287,"1|0|001001":9278,"1|0|001000":5849,"1|1|001000":5819,"1|1|110001":31127,"1|1|110000":33573,"1|1|010000":32196,"2|0|011101":8487,"2|1|111111":393,"2|1|111110":575,"2|0|010010":6832,"2|0|011100":8659,"2|0|010011":7328,"1|1|010001":35332,"1|0|101010":47654,"1|0|101011":45587,"1|0|001010":12927,"1|1|001111":28915,"1|0|001011":16087,"1|1|001110":26075,"2|1|101011":5284,"2|1|101010":5499,"1|1|110111":17941,"1|1|110110":19810,"1|1|010010":38273,"1|1|010011":41538,"1|1|011100":65891,"2|0|010001":6866,"2|1|111001":1674,"2|1|111000":1974,"2|0|010000":6488,"1|1|011101":68666,"1|1|000011":3536,"1|1|001100":19381,"1|1|001101":22720,"2|1|101001":5723,"1|1|000010":3387,"2|1|101000":6006,"1|1|111110":3291,"1|1|111111":1241,"2|1|111010":1519,"1|1|011110":70831,"1|1|011111":73291,"2|0|010111":8098,"2|1|001000":4255,"2|1|001001":4607,"2|1|111011":1237,"2|0|010110":8118,"1|0|101111":35853,"1|1|100101":59980,"1|1|100100":63106,"1|0|101110":38213,"1|1|000000":3592,"1|1|000001":3336,"2|1|101111":4124,"2|1|101110":4340,"1|1|110010":29146,"1|1|111101":5364,"1|1|110011":26519,"1|1|111100":7417,"1|1|011000":55694,"1|1|011001":58733,"2|1|001010":4735,"2|0|010100":7530,"2|1|001011":5141,"2|0|010101":7747,"1|0|101001":50231,"1|0|101000":52881,"1|0|000110":3866,"2|0|101101":4618,"2|0|100011":7418,"2|0|101100":4930,"2|0|100010":7791,"2|1|000001":3435,"2|1|000000":3649,"1|1|111011":9522,"1|0|000111":3965,"1|1|111010":11800,"1|0|011011":63652,"2|1|110100":2896,"1|0|011010":61144,"2|1|001100":5494,"2|1|110101":2700,"2|1|001101":5651,"1|1|100001":70321,"1|1|100000":73513,"1|0|000000":3521,"2|0|101111":4152,"2|0|101110":4309,"2|1|000111":4055,"2|1|000110":4013,"1|1|111000":15851,"1|0|000001":3342,"1|1|111001":13744,"1|0|011000":56118,"2|1|001110":5881,"2|1|110111":2211,"2|1|001111":6272,"2|1|110110":2366,"1|0|011001":58611,"1|1|100111":54964,"1|1|100110":57458,"1|0|000011":3543,"1|0|001100":19481,"1|0|000010":3428,"2|0|101001":5660,"2|0|101000":6025,"1|0|001101":22350,"2|1|110001":3609,"2|1|110000":3815,"2|1|011001":8813,"2|1|011000":8502,"1|1|010100":44139,"1|1|010101":47187,"1|1|101111":36009,"1|1|101110":37894,"2|0|101010":5439,"1|0|001111":28953,"1|1|001010":12748,"1|0|001110":25723,"1|1|001011":16179,"2|0|101011":5214,"2|1|000011":3550,"2|1|000010":3360,"1|1|010110":50202,"2|1|111101":796,"2|1|110010":3452,"2|1|111100":1020,"2|1|110011":3153,"2|1|011010":8933,"2|1|011011":8936,"1|1|010111":53334,"1|1|101101":40231,"1|1|100011":65488,"1|1|101100":42937,"1|1|100010":67805,"1|0|110001":31349,"2|0|001011":5116,"2|0|001010":4890,"1|0|110000":33396,"2|0|111110":567,"2|0|111111":417,"1|1|101010":47719,"2|1|010010":7036,"2|1|011100":8676,"2|1|011101":8666,"1|0|010001":35101,"1|0|010000":32087,"2|1|010011":7155,"1|1|101011":44806,"1|0|111101":5322,"2|0|100101":6785,"2|0|100100":7060,"1|0|110010":28951,"1|0|110011":26722,"1|0|111100":7567,"2|0|110010":3399,"2|0|111101":791,"2|0|110011":3163,"2|0|111100":1050,"2|1|011111":8479,"1|0|010111":52844,"1|0|010110":50061,"2|1|011110":8619,"1|1|101001":50265,"1|1|101000":52242,"1|0|110100":24454,"1|0|110101":22517,"2|0|100111":6291,"2|0|100110":6535,"2|1|000101":3755,"2|0|001111":6213,"2|1|000100":3672,"2|0|001110":5842,"1|0|011110":71393,"2|0|111011":1246,"2|0|111010":1449,"2|1|010111":8215,"1|0|011111":73594,"2|1|010110":8096,"1|0|110111":18125,"2|0|100001":8077,"2|0|100000":8449,"2|0|001001":4529,"2|0|001000":4334,"1|0|000101":3789,"1|0|000100":3647,"1|0|110110":20220,"1|0|010010":38395,"2|0|111000":1908,"2|0|111001":1703,"1|0|011101":68693,"2|1|010001":6709,"1|0|010011":41549,"1|0|011100":65937,"2|1|010000":6520}}
