{"probability":{"Group 13":"0.10284712327949684","Group 12":"0.030706696415982164","Group 11":"0.14478002538789733","Group 10":"0.00045649846108097847","Group  6":"0.00051395915467029","Group  5":"0.0","Group  4":"0.002183535191137899","Group  3":"0.0","Group  2":"0.0","Group  1":"0.0","Group  9":"0.00028899126442315926","Group  8":"0.00951843245553342","Group  7":"0.708704738389778"},"groups":{"Group 13":["Botan 1.5.6 & 1.11.29 & 2.1.0","Feitian JavaCOS A22 & A40","Gemalto GCX4 72K","HSM SafeNet Luna SA-1700","LibTomCrypt 1.17","Libgcrypt 1.6.0 & 1.6.5 & 1.7.6","Libgcrypt 1.6.0 FIPS & 1.6.5 FIPS","Nettle 3.2 & 3.3","Oberthur Cosmo 64","OpenSSL FIPS 2.0.12 & 2.0.14","PGPSDK 4","WolfSSL 2.0rc1 & 3.9.0 & 3.10.2","cryptlib 3.4.3 & 3.4.3.1"],"Group 12":["Bouncy Castle 1.53 (Java)","Cryptix JCE 20050328","FlexiProvider 1.7p7","HSM Utimaco Security Server Se50","Nettle 2.0","PolarSSL 0.10.0","PuTTY 0.67","SunRsaSign OpenJDK 1.8.0","mbedTLS 1.3.19 & 2.2.1 & 2.4.2"],"Group 11":["Bouncy Castle 1.54 (Java)","Crypto++ 5.6.0 & 5.6.3 & 5.6.5","Libgcrypt 1.7.6 FIPS","Microsoft CryptoAPI & CNG & .NET"],"Group 10":["NXP J2D081 & J2E145G","YubiKey NEO"],"Group  6":["Oberthur Cosmo Dual 72K"],"Group  5":["NXP J2A080 & J2A081 & J3A081 & JCOP 41 V2.2.1"],"Group  4":["Gemalto GXP E64"],"Group  3":["GNU Crypto 2.0.1"],"Group  2":["G&D SmartCafe 4.x & 6.0"],"Group  1":["G&D SmartCafe 3.2"],"Group  9":["Infineon JTOP 80K","YubiKey 4 & 4 Nano"],"Group  8":["PGPSDK 4 FIPS"],"Group  7":["OpenSSL 0.9.7 & 1.0.2g & 1.0.2k & 1.1.0e"]},"frequencies":{"1|1|000110":2343,"2|1|100011":7484,"2|1|101101":4535,"1|1|000111":2652,"2|1|101100":4840,"2|1|100010":7627,"2|0|000000":1406,"2|0|000001":1540,"1|0|111010":9203,"1|0|111011":7600,"1|1|011010":50362,"1|1|011011":52149,"2|0|110100":2744,"2|0|110101":2604,"1|0|100001":57717,"1|0|100000":60098,"2|1|100000":8439,"1|1|000100":2089,"2|1|100001":7964,"2|0|000011":1936,"2|0|001101":4542,"2|0|001100":4305,"2|0|000010":1700,"1|1|000101":2228,"2|1|010101":7165,"2|0|011010":8480,"2|1|010100":6805,"2|0|011011":8644,"1|0|100010":55368,"1|0|101100":34965,"1|0|101101":33023,"1|0|100011":53058,"2|1|100110":6477,"1|1|110101":18258,"2|1|100111":6168,"2|0|000101":2209,"2|0|000100":2013,"1|0|111110":2456,"1|1|110100":19937,"1|0|111111":930,"1|0|100101":48885,"2|0|110001":3595,"2|0|110000":3769,"1|0|010101":38986,"1|0|010100":36108,"2|0|011001":8124,"2|0|011000":7957,"1|0|100100":51104,"2|1|100100":6932,"2|1|100101":6934,"2|0|000110":2470,"2|0|000111":2517,"1|0|111000":12779,"1|0|111001":11148,"2|0|110111":1975,"2|0|110110":2296,"2|0|011111":8599,"2|0|011110":8607,"1|0|100111":45204,"1|0|100110":47349,"1|1|001001":7001,"1|0|001001":7025,"1|0|001000":3990,"1|1|001000":4015,"1|1|110001":25103,"1|1|110000":27381,"1|1|010000":25853,"2|0|011101":8528,"2|1|111111":247,"2|1|111110":437,"2|0|010010":6169,"2|0|011100":8617,"2|0|010011":6352,"1|1|010001":28717,"1|0|101010":38788,"1|0|101011":36933,"1|0|001010":9956,"1|1|001111":23111,"1|0|001011":12594,"1|1|001110":20743,"2|1|101011":5176,"2|1|101010":5433,"1|1|110111":14824,"1|1|110110":16230,"1|1|010010":31056,"1|1|010011":33655,"1|1|011100":54222,"2|0|010001":5888,"2|1|111001":1495,"2|1|111000":1772,"2|0|010000":5538,"1|1|011101":56174,"1|1|000011":1905,"1|1|001100":15413,"1|1|001101":17920,"2|1|101001":5580,"1|1|000010":1768,"2|1|101000":6047,"1|1|111110":2542,"1|1|111111":972,"2|1|111010":1303,"1|1|011110":57652,"1|1|011111":60192,"2|0|010111":7795,"2|1|001000":2786,"2|1|001001":3224,"2|1|111011":1101,"2|0|010110":7342,"1|0|101111":29282,"1|1|100101":49168,"1|1|100100":51204,"1|0|101110":31221,"1|1|000000":1408,"1|1|000001":1518,"2|1|101111":3941,"2|1|101110":4351,"1|1|110010":23734,"1|1|111101":4283,"1|1|110011":21776,"1|1|111100":5837,"1|1|011000":45646,"1|1|011001":47676,"2|1|001010":3677,"2|0|010100":6861,"2|1|001011":4049,"2|0|010101":7025,"1|0|101001":40662,"1|0|101000":42971,"1|0|000110":2389,"2|0|101101":4582,"2|0|100011":7392,"2|0|101100":4801,"2|0|100010":7643,"2|1|000001":1526,"2|1|000000":1417,"1|1|111011":7676,"1|0|000111":2607,"1|1|111010":9320,"1|0|011011":51712,"2|1|110100":2818,"1|0|011010":50388,"2|1|001100":4319,"2|1|110101":2510,"2|1|001101":4492,"1|1|100001":57358,"1|1|100000":59742,"1|0|000000":1412,"2|0|101111":4176,"2|0|101110":4305,"2|1|000111":2529,"2|1|000110":2432,"1|1|111000":12674,"1|0|000001":1538,"1|1|111001":10928,"1|0|011000":45637,"2|1|001110":4874,"2|1|110111":2078,"2|1|001111":5254,"2|1|110110":2253,"1|0|011001":48002,"1|1|100111":44808,"1|1|100110":46849,"1|0|000011":1924,"1|0|001100":15464,"1|0|000010":1760,"2|0|101001":5662,"2|0|101000":5977,"1|0|001101":17880,"2|1|110001":3476,"2|1|110000":3925,"2|1|011001":8404,"2|1|011000":7910,"1|1|010100":35971,"1|1|010101":38529,"1|1|101111":28981,"1|1|101110":31323,"2|0|101010":5624,"1|0|001111":23252,"1|1|001010":9882,"1|0|001110":20763,"1|1|001011":12685,"2|0|101011":5144,"2|1|000011":1829,"2|1|000010":1670,"1|1|010110":40959,"2|1|111101":640,"2|1|110010":3160,"2|1|111100":865,"2|1|110011":3048,"2|1|011010":8463,"2|1|011011":8646,"1|1|010111":43462,"1|1|101101":33155,"1|1|100011":53317,"1|1|101100":35355,"1|1|100010":55498,"1|0|110001":25605,"2|0|001011":3851,"2|0|001010":3578,"1|0|110000":27587,"2|0|111110":418,"2|0|111111":238,"1|1|101010":38956,"2|1|010010":6356,"2|1|011100":8703,"2|1|011101":8523,"1|0|010001":28711,"1|0|010000":25970,"2|1|010011":6511,"1|1|101011":36529,"1|0|111101":4324,"2|0|100101":6805,"2|0|100100":7130,"1|0|110010":23701,"1|0|110011":21466,"1|0|111100":5966,"2|0|110010":3301,"2|0|111101":660,"2|0|110011":3042,"2|0|111100":838,"2|1|011111":8594,"1|0|010111":43186,"1|0|010110":41107,"2|1|011110":8508,"1|1|101001":41025,"1|1|101000":42340,"1|0|110100":19842,"1|0|110101":18263,"2|0|100111":6331,"2|0|100110":6516,"2|1|000101":2216,"2|0|001111":5125,"2|1|000100":2011,"2|0|001110":4944,"1|0|011110":58106,"2|0|111011":1100,"2|0|111010":1288,"2|1|010111":7911,"1|0|011111":60181,"2|1|010110":7372,"1|0|110111":14510,"2|0|100001":8217,"2|0|100000":8383,"2|0|001001":3239,"2|0|001000":2872,"1|0|000101":2207,"1|0|000100":2070,"1|0|110110":16386,"1|0|010010":30992,"2|0|111000":1807,"2|0|111001":1531,"1|0|011101":55696,"2|1|010001":6014,"1|0|010011":33598,"1|0|011100":54519,"2|1|010000":5571}}
