{"probability":{"Group 13":"0.14205977520303995","Group 12":"0.0112488216460293","Group 11":"0.13873534770760718","Group 10":"0.0","Group  6":"0.0","Group  5":"0.0","Group  4":"0.004337590657172479","Group  3":"0.0007904746871589066","Group  2":"0.0","Group  1":"0.0","Group  9":"0.00044721532626475734","Group  8":"0.01796090339199504","Group  7":"0.6844198713807323"},"groups":{"Group 13":["Botan 1.5.6 & 1.11.29 & 2.1.0","Feitian JavaCOS A22 & A40","Gemalto GCX4 72K","HSM SafeNet Luna SA-1700","LibTomCrypt 1.17","Libgcrypt 1.6.0 & 1.6.5 & 1.7.6","Libgcrypt 1.6.0 FIPS & 1.6.5 FIPS","Nettle 3.2 & 3.3","Oberthur Cosmo 64","OpenSSL FIPS 2.0.12 & 2.0.14","PGPSDK 4","WolfSSL 2.0rc1 & 3.9.0 & 3.10.2","cryptlib 3.4.3 & 3.4.3.1"],"Group 12":["Bouncy Castle 1.53 (Java)","Cryptix JCE 20050328","FlexiProvider 1.7p7","HSM Utimaco Security Server Se50","Nettle 2.0","PolarSSL 0.10.0","PuTTY 0.67","SunRsaSign OpenJDK 1.8.0","mbedTLS 1.3.19 & 2.2.1 & 2.4.2"],"Group 11":["Bouncy Castle 1.54 (Java)","Crypto++ 5.6.0 & 5.6.3 & 5.6.5","Libgcrypt 1.7.6 FIPS","Microsoft CryptoAPI & CNG & .NET"],"Group 10":["NXP J2D081 & J2E145G","YubiKey NEO"],"Group  6":["Oberthur Cosmo Dual 72K"],"Group  5":["NXP J2A080 & J2A081 & J3A081 & JCOP 41 V2.2.1"],"Group  4":["Gemalto GXP E64"],"Group  3":["GNU Crypto 2.0.1"],"Group  2":["G&D SmartCafe 4.x & 6.0"],"Group  1":["G&D SmartCafe 3.2"],"Group  9":["Infineon JTOP 80K","YubiKey 4 & 4 Nano"],"Group  8":["PGPSDK 4 FIPS"],"Group  7":["OpenSSL 0.9.7 & 1.0.2g & 1.0.2k & 1.1.0e"]},"frequencies":{"1|1|000110":1523,"2|1|100011":6883,"2|1|101101":4093,"1|1|000111":1655,"2|1|101100":4571,"2|1|100010":7062,"2|0|000000":1391,"2|0|000001":644,"1|0|111010":7365,"1|0|111011":5984,"1|1|011010":40182,"1|1|011011":41944,"2|0|110100":2623,"2|0|110101":2359,"1|0|100001":46377,"1|0|100000":47692,"2|1|100000":7838,"1|1|000100":1174,"2|1|100001":7412,"2|0|000011":994,"2|0|001101":3624,"2|0|001100":3427,"2|0|000010":845,"1|1|000101":1262,"2|1|010101":6252,"2|0|011010":7674,"2|1|010100":5914,"2|0|011011":7735,"1|0|100010":44089,"1|0|101100":28062,"1|0|101101":26107,"1|0|100011":42661,"2|1|100110":6127,"1|1|110101":14713,"2|1|100111":5808,"2|0|000101":1334,"2|0|000100":1179,"1|0|111110":2090,"1|1|110100":16060,"1|0|111111":813,"1|0|100101":39006,"2|0|110001":3229,"2|0|110000":3483,"1|0|010101":30606,"1|0|010100":28722,"2|0|011001":7369,"2|0|011000":7033,"1|0|100100":40935,"2|1|100100":6563,"2|1|100101":6402,"2|0|000110":1592,"2|0|000111":1604,"1|0|111000":10228,"1|0|111001":8860,"2|0|110111":1876,"2|0|110110":2186,"2|0|011111":7812,"2|0|011110":7872,"1|0|100111":36035,"1|0|100110":37576,"1|1|001001":5254,"1|0|001001":5280,"1|0|001000":2858,"1|1|001000":3015,"1|1|110001":20445,"1|1|110000":21882,"1|1|010000":20748,"2|0|011101":7713,"2|1|111111":286,"2|1|111110":482,"2|0|010010":5304,"2|0|011100":7692,"2|0|010011":5557,"1|1|010001":22664,"1|0|101010":31081,"1|0|101011":29639,"1|0|001010":7529,"1|1|001111":18366,"1|0|001011":9690,"1|1|001110":16215,"2|1|101011":4677,"2|1|101010":4985,"1|1|110111":11792,"1|1|110110":13136,"1|1|010010":24615,"1|1|010011":26836,"1|1|011100":43416,"2|0|010001":5003,"2|1|111001":1388,"2|1|111000":1681,"2|0|010000":4530,"1|1|011101":44931,"1|1|000011":986,"1|1|001100":12058,"1|1|001101":14204,"2|1|101001":5156,"1|1|000010":822,"2|1|101000":5522,"1|1|111110":2075,"1|1|111111":866,"2|1|111010":1210,"1|1|011110":46540,"1|1|011111":47864,"2|0|010111":6911,"2|1|001000":1825,"2|1|001001":2378,"2|1|111011":991,"2|0|010110":6387,"1|0|101111":23441,"1|1|100101":39446,"1|1|100100":41067,"1|0|101110":25211,"1|1|000000":1374,"1|1|000001":660,"2|1|101111":3704,"2|1|101110":3924,"1|1|110010":18902,"1|1|111101":3383,"1|1|110011":17280,"1|1|111100":4697,"1|1|011000":36547,"1|1|011001":38040,"2|1|001010":2687,"2|0|010100":5953,"2|1|001011":3144,"2|0|010101":6130,"1|0|101001":32645,"1|0|101000":34461,"1|0|000110":1466,"2|0|101101":4340,"2|0|100011":6908,"2|0|101100":4445,"2|0|100010":7063,"2|1|000001":616,"2|1|000000":1338,"1|1|111011":6076,"1|0|000111":1625,"1|1|111010":7592,"1|0|011011":41662,"2|1|110100":2623,"1|0|011010":40230,"2|1|001100":3428,"2|1|110101":2379,"2|1|001101":3629,"1|1|100001":46133,"1|1|100000":47895,"1|0|000000":1409,"2|0|101111":3960,"2|0|101110":4030,"2|1|000111":1638,"2|1|000110":1468,"1|1|111000":10196,"1|0|000001":657,"1|1|111001":8757,"1|0|011000":36644,"2|1|001110":4031,"2|1|110111":1960,"2|1|001111":4346,"2|1|110110":2153,"1|0|011001":38496,"1|1|100111":36048,"1|1|100110":37471,"1|0|000011":1019,"1|0|001100":12125,"1|0|000010":837,"2|0|101001":5269,"2|0|101000":5552,"1|0|001101":13977,"2|1|110001":3267,"2|1|110000":3596,"2|1|011001":7564,"2|1|011000":6958,"1|1|010100":29035,"1|1|010101":30781,"1|1|101111":23305,"1|1|101110":25275,"2|0|101010":5129,"1|0|001111":18412,"1|1|001010":7430,"1|0|001110":16540,"1|1|001011":9939,"2|0|101011":4623,"2|1|000011":987,"2|1|000010":841,"1|1|010110":32910,"2|1|111101":636,"2|1|110010":3026,"2|1|111100":808,"2|1|110011":2905,"2|1|011010":7662,"2|1|011011":7688,"1|1|010111":34456,"1|1|101101":26539,"1|1|100011":42658,"1|1|101100":28293,"1|1|100010":44323,"1|0|110001":20671,"2|0|001011":3031,"2|0|001010":2703,"1|0|110000":22131,"2|0|111110":418,"2|0|111111":283,"1|1|101010":31188,"2|1|010010":5534,"2|1|011100":7799,"2|1|011101":7660,"1|0|010001":22948,"1|0|010000":20493,"2|1|010011":5727,"1|1|101011":29357,"1|0|111101":3419,"2|0|100101":6348,"2|0|100100":6589,"1|0|110010":19067,"1|0|110011":17367,"1|0|111100":4751,"2|0|110010":3081,"2|0|111101":612,"2|0|110011":2795,"2|0|111100":795,"2|1|011111":7809,"1|0|010111":34824,"1|0|010110":32834,"2|1|011110":7558,"1|1|101001":32813,"1|1|101000":34219,"1|0|110100":15923,"1|0|110101":14641,"2|0|100111":5728,"2|0|100110":5922,"2|1|000101":1283,"2|0|001111":4394,"2|1|000100":1161,"2|0|001110":4113,"1|0|011110":46564,"2|0|111011":1137,"2|0|111010":1227,"2|1|010111":6931,"1|0|011111":47817,"2|1|010110":6484,"1|0|110111":11794,"2|0|100001":7523,"2|0|100000":7749,"2|0|001001":2323,"2|0|001000":1992,"1|0|000101":1310,"1|0|000100":1185,"1|0|110110":13196,"1|0|010010":24738,"2|0|111000":1669,"2|0|111001":1406,"1|0|011101":44625,"2|1|010001":5107,"1|0|010011":26579,"1|0|011100":43522,"2|1|010000":4722}}
