{"probability":{"Group 13":"0.006847763420469338","Group 12":"0.016054345617069168","Group 11":"0.12412654634470696","Group 10":"0.0","Group  6":"0.0","Group  5":"0.0","Group  4":"0.002047340393224715","Group  3":"0.0","Group  2":"0.0002659873453399948","Group  1":"0.0","Group  9":"0.0005451228424459732","Group  8":"0.0","Group  7":"0.8501128940367438"},"groups":{"Group 13":["Botan 1.5.6 & 1.11.29 & 2.1.0","Feitian JavaCOS A22 & A40","Gemalto GCX4 72K","HSM SafeNet Luna SA-1700","LibTomCrypt 1.17","Libgcrypt 1.6.0 & 1.6.5 & 1.7.6","Libgcrypt 1.6.0 FIPS & 1.6.5 FIPS","Nettle 3.2 & 3.3","Oberthur Cosmo 64","OpenSSL FIPS 2.0.12 & 2.0.14","PGPSDK 4","WolfSSL 2.0rc1 & 3.9.0 & 3.10.2","cryptlib 3.4.3 & 3.4.3.1"],"Group 12":["Bouncy Castle 1.53 (Java)","Cryptix JCE 20050328","FlexiProvider 1.7p7","HSM Utimaco Security Server Se50","Nettle 2.0","PolarSSL 0.10.0","PuTTY 0.67","SunRsaSign OpenJDK 1.8.0","mbedTLS 1.3.19 & 2.2.1 & 2.4.2"],"Group 11":["Bouncy Castle 1.54 (Java)","Crypto++ 5.6.0 & 5.6.3 & 5.6.5","Libgcrypt 1.7.6 FIPS","Microsoft CryptoAPI & CNG & .NET"],"Group 10":["NXP J2D081 & J2E145G","YubiKey NEO"],"Group  6":["Oberthur Cosmo Dual 72K"],"Group  5":["NXP J2A080 & J2A081 & J3A081 & JCOP 41 V2.2.1"],"Group  4":["Gemalto GXP E64"],"Group  3":["GNU Crypto 2.0.1"],"Group  2":["G&D SmartCafe 4.x & 6.0"],"Group  1":["G&D SmartCafe 3.2"],"Group  9":["Infineon JTOP 80K","YubiKey 4 & 4 Nano"],"Group  8":["PGPSDK 4 FIPS"],"Group  7":["OpenSSL 0.9.7 & 1.0.2g & 1.0.2k & 1.1.0e"]},"frequencies":{"1|1|000110":94,"2|1|100011":231,"2|1|101101":131,"1|1|000111":114,"2|1|101100":164,"2|1|100010":220,"2|0|000000":48,"2|0|000001":52,"1|0|111010":670,"1|0|111011":547,"1|1|011010":3518,"1|1|011011":3806,"2|0|110100":80,"2|0|110101":67,"1|0|100001":4110,"1|0|100000":4328,"2|1|100000":263,"1|1|000100":87,"2|1|100001":274,"2|0|000011":60,"2|0|001101":168,"2|0|001100":164,"2|0|000010":56,"1|1|000101":119,"2|1|010101":248,"2|0|011010":291,"2|1|010100":252,"2|0|011011":315,"1|0|100010":4023,"1|0|101100":2593,"1|0|101101":2519,"1|0|100011":3841,"2|1|100110":210,"1|1|110101":1317,"2|1|100111":195,"2|0|000101":98,"2|0|000100":91,"1|0|111110":196,"1|1|110100":1418,"1|0|111111":55,"1|0|100101":3513,"2|0|110001":97,"2|0|110000":102,"1|0|010101":2731,"1|0|010100":2503,"2|0|011001":292,"2|0|011000":269,"1|0|100100":3618,"2|1|100100":208,"2|1|100101":203,"2|0|000110":102,"2|0|000111":123,"1|0|111000":956,"1|0|111001":774,"2|0|110111":59,"2|0|110110":61,"2|0|011111":301,"2|0|011110":282,"1|0|100111":3244,"1|0|100110":3356,"1|1|001001":458,"1|0|001001":429,"1|0|001000":245,"1|1|001000":222,"1|1|110001":1931,"1|1|110000":1973,"1|1|010000":1811,"2|0|011101":274,"2|1|111111":6,"2|1|111110":7,"2|0|010010":242,"2|0|011100":291,"2|0|010011":241,"1|1|010001":1990,"1|0|101010":2834,"1|0|101011":2704,"1|0|001010":653,"1|1|001111":1603,"1|0|001011":863,"1|1|001110":1443,"2|1|101011":151,"2|1|101010":149,"1|1|110111":1057,"1|1|110110":1141,"1|1|010010":2168,"1|1|010011":2415,"1|1|011100":3928,"2|0|010001":250,"2|1|111001":50,"2|1|111000":58,"2|0|010000":199,"1|1|011101":4079,"1|1|000011":66,"1|1|001100":1043,"1|1|001101":1191,"2|1|101001":163,"1|1|000010":73,"2|1|101000":216,"1|1|111110":192,"1|1|111111":56,"2|1|111010":33,"1|1|011110":4196,"1|1|011111":4336,"2|0|010111":276,"2|1|001000":127,"2|1|001001":137,"2|1|111011":25,"2|0|010110":274,"1|0|101111":2029,"1|1|100101":3585,"1|1|100100":3717,"1|0|101110":2263,"1|1|000000":44,"1|1|000001":55,"2|1|101111":145,"2|1|101110":151,"1|1|110010":1664,"1|1|111101":292,"1|1|110011":1637,"1|1|111100":408,"1|1|011000":3238,"1|1|011001":3446,"2|1|001010":145,"2|0|010100":249,"2|1|001011":177,"2|0|010101":266,"1|0|101001":2926,"1|0|101000":3093,"1|0|000110":105,"2|0|101101":168,"2|0|100011":229,"2|0|101100":158,"2|0|100010":238,"2|1|000001":45,"2|1|000000":44,"1|1|111011":543,"1|0|000111":83,"1|1|111010":677,"1|0|011011":3721,"2|1|110100":76,"1|0|011010":3624,"2|1|001100":170,"2|1|110101":83,"2|1|001101":208,"1|1|100001":4027,"1|1|100000":4342,"1|0|000000":41,"2|0|101111":126,"2|0|101110":126,"2|1|000111":112,"2|1|000110":96,"1|1|111000":884,"1|0|000001":47,"1|1|111001":788,"1|0|011000":3242,"2|1|001110":187,"2|1|110111":63,"2|1|001111":188,"2|1|110110":76,"1|0|011001":3375,"1|1|100111":3185,"1|1|100110":3440,"1|0|000011":86,"1|0|001100":1080,"1|0|000010":59,"2|0|101001":180,"2|0|101000":179,"1|0|001101":1265,"2|1|110001":94,"2|1|110000":103,"2|1|011001":251,"2|1|011000":315,"1|1|010100":2679,"1|1|010101":2782,"1|1|101111":2113,"1|1|101110":2209,"2|0|101010":156,"1|0|001111":1622,"1|1|001010":667,"1|0|001110":1445,"1|1|001011":848,"2|0|101011":142,"2|1|000011":78,"2|1|000010":69,"1|1|010110":2940,"2|1|111101":18,"2|1|110010":93,"2|1|111100":23,"2|1|110011":86,"2|1|011010":301,"2|1|011011":280,"1|1|010111":3103,"1|1|101101":2505,"1|1|100011":3757,"1|1|101100":2539,"1|1|100010":4047,"1|0|110001":1803,"2|0|001011":154,"2|0|001010":142,"1|0|110000":1966,"2|0|111110":14,"2|0|111111":4,"1|1|101010":2794,"2|1|010010":226,"2|1|011100":294,"2|1|011101":255,"1|0|010001":1974,"1|0|010000":1812,"2|1|010011":231,"1|1|101011":2620,"1|0|111101":263,"2|0|100101":207,"2|0|100100":224,"1|0|110010":1714,"1|0|110011":1531,"1|0|111100":406,"2|0|110010":92,"2|0|111101":16,"2|0|110011":98,"2|0|111100":30,"2|1|011111":236,"1|0|010111":3075,"1|0|010110":2881,"2|1|011110":259,"1|1|101001":2947,"1|1|101000":3113,"1|0|110100":1468,"1|0|110101":1332,"2|0|100111":190,"2|0|100110":180,"2|1|000101":88,"2|0|001111":199,"2|1|000100":82,"2|0|001110":204,"1|0|011110":4178,"2|0|111011":40,"2|0|111010":29,"2|1|010111":295,"1|0|011111":4451,"2|1|010110":279,"1|0|110111":1047,"2|0|100001":250,"2|0|100000":269,"2|0|001001":138,"2|0|001000":124,"1|0|000101":104,"1|0|000100":78,"1|0|110110":1144,"1|0|010010":2202,"2|0|111000":53,"2|0|111001":51,"1|0|011101":3970,"2|1|010001":228,"1|0|010011":2296,"1|0|011100":4013,"2|1|010000":227}}
