{"probability":{"Group 13":"0.12830092586951986","Group 12":"0.14313060212702045","Group 11":"0.02438177379112921","Group 10":"0.000308132035948944","Group  6":"0.0","Group  5":"0.0010181686587198684","Group  4":"0.0063107597860686555","Group  3":"0.0","Group  2":"0.0","Group  1":"0.0","Group  9":"0.0005929643145279679","Group  8":"0.0","Group  7":"0.6959566734170651"},"groups":{"Group 13":["Botan 1.5.6 & 1.11.29 & 2.1.0","Feitian JavaCOS A22 & A40","Gemalto GCX4 72K","HSM SafeNet Luna SA-1700","LibTomCrypt 1.17","Libgcrypt 1.6.0 & 1.6.5 & 1.7.6","Libgcrypt 1.6.0 FIPS & 1.6.5 FIPS","Nettle 3.2 & 3.3","Oberthur Cosmo 64","OpenSSL FIPS 2.0.12 & 2.0.14","PGPSDK 4","WolfSSL 2.0rc1 & 3.9.0 & 3.10.2","cryptlib 3.4.3 & 3.4.3.1"],"Group 12":["Bouncy Castle 1.53 (Java)","Cryptix JCE 20050328","FlexiProvider 1.7p7","HSM Utimaco Security Server Se50","Nettle 2.0","PolarSSL 0.10.0","PuTTY 0.67","SunRsaSign OpenJDK 1.8.0","mbedTLS 1.3.19 & 2.2.1 & 2.4.2"],"Group 11":["Bouncy Castle 1.54 (Java)","Crypto++ 5.6.0 & 5.6.3 & 5.6.5","Libgcrypt 1.7.6 FIPS","Microsoft CryptoAPI & CNG & .NET"],"Group 10":["NXP J2D081 & J2E145G","YubiKey NEO"],"Group  6":["Oberthur Cosmo Dual 72K"],"Group  5":["NXP J2A080 & J2A081 & J3A081 & JCOP 41 V2.2.1"],"Group  4":["Gemalto GXP E64"],"Group  3":["GNU Crypto 2.0.1"],"Group  2":["G&D SmartCafe 4.x & 6.0"],"Group  1":["G&D SmartCafe 3.2"],"Group  9":["Infineon JTOP 80K","YubiKey 4 & 4 Nano"],"Group  8":["PGPSDK 4 FIPS"],"Group  7":["OpenSSL 0.9.7 & 1.0.2g & 1.0.2k & 1.1.0e"]},"frequencies":{"1|1|000110":1524,"2|1|100011":2282,"2|1|101101":1363,"1|1|000111":1602,"2|1|101100":1501,"2|1|100010":2285,"2|0|000000":1639,"2|0|000001":1642,"1|0|111010":2927,"1|0|111011":2471,"1|1|011010":15983,"1|1|011011":16441,"2|0|110100":842,"2|0|110101":723,"1|0|100001":18477,"1|0|100000":18984,"2|1|100000":2692,"1|1|000100":1584,"2|1|100001":2495,"2|0|000011":1618,"2|0|001101":1838,"2|0|001100":1807,"2|0|000010":1599,"1|1|000101":1611,"2|1|010101":2350,"2|0|011010":2464,"2|1|010100":2116,"2|0|011011":2388,"1|0|100010":17938,"1|0|101100":11206,"1|0|101101":10528,"1|0|100011":17145,"2|1|100110":1897,"1|1|110101":5691,"2|1|100111":1811,"2|0|000101":1629,"2|0|000100":1545,"1|0|111110":826,"1|1|110100":6417,"1|0|111111":266,"1|0|100101":15657,"2|0|110001":990,"2|0|110000":1152,"1|0|010101":12332,"1|0|010100":11707,"2|0|011001":2448,"2|0|011000":2307,"1|0|100100":16600,"2|1|100100":2083,"2|1|100101":2039,"2|0|000110":1532,"2|0|000111":1610,"1|0|111000":4089,"1|0|111001":3475,"2|0|110111":601,"2|0|110110":658,"2|0|011111":2625,"2|0|011110":2534,"1|0|100111":14381,"1|0|100110":14998,"1|1|001001":2890,"1|0|001001":2781,"1|0|001000":1969,"1|1|001000":1971,"1|1|110001":8007,"1|1|110000":8686,"1|1|010000":8554,"2|0|011101":2569,"2|1|111111":36,"2|1|111110":97,"2|0|010010":2066,"2|0|011100":2443,"2|0|010011":2135,"1|1|010001":9464,"1|0|101010":12366,"1|0|101011":11693,"1|0|001010":3814,"1|1|001111":7844,"1|0|001011":4543,"1|1|001110":6792,"2|1|101011":1539,"2|1|101010":1519,"1|1|110111":4582,"1|1|110110":5176,"1|1|010010":10061,"1|1|010011":11027,"1|1|011100":17292,"2|0|010001":2079,"2|1|111001":438,"2|1|111000":522,"2|0|010000":2073,"1|1|011101":17890,"1|1|000011":1592,"1|1|001100":5324,"1|1|001101":6289,"2|1|101001":1721,"1|1|000010":1717,"2|1|101000":1772,"1|1|111110":773,"1|1|111111":253,"2|1|111010":398,"1|1|011110":18550,"1|1|011111":19241,"2|0|010111":2364,"2|1|001000":1542,"2|1|001001":1624,"2|1|111011":326,"2|0|010110":2339,"1|0|101111":9317,"1|1|100101":15814,"1|1|100100":16458,"1|0|101110":9939,"1|1|000000":1605,"1|1|000001":1722,"2|1|101111":1186,"2|1|101110":1275,"1|1|110010":7490,"1|1|111101":1308,"1|1|110011":6763,"1|1|111100":1830,"1|1|011000":14522,"1|1|011001":15219,"2|1|001010":1683,"2|0|010100":2334,"2|1|001011":1674,"2|0|010101":2267,"1|0|101001":12985,"1|0|101000":13409,"1|0|000110":1533,"2|0|101101":1358,"2|0|100011":2253,"2|0|101100":1424,"2|0|100010":2349,"2|1|000001":1577,"2|1|000000":1681,"1|1|111011":2424,"1|0|000111":1573,"1|1|111010":2912,"1|0|011011":16421,"2|1|110100":799,"1|0|011010":15931,"2|1|001100":1800,"2|1|110101":724,"2|1|001101":1857,"1|1|100001":18343,"1|1|100000":19156,"1|0|000000":1681,"2|0|101111":1210,"2|0|101110":1230,"2|1|000111":1550,"2|1|000110":1552,"1|1|111000":4011,"1|0|000001":1637,"1|1|111001":3529,"1|0|011000":14470,"2|1|001110":1921,"2|1|110111":622,"2|1|001111":1930,"2|1|110110":643,"1|0|011001":15244,"1|1|100111":14188,"1|1|100110":15053,"1|0|000011":1528,"1|0|001100":5352,"1|0|000010":1646,"2|0|101001":1636,"2|0|101000":1791,"1|0|001101":6110,"2|1|110001":1016,"2|1|110000":1096,"2|1|011001":2412,"2|1|011000":2403,"1|1|010100":11447,"1|1|010101":12364,"1|1|101111":9306,"1|1|101110":9952,"2|0|101010":1595,"1|0|001111":7873,"1|1|001010":3700,"1|0|001110":7033,"1|1|001011":4481,"2|0|101011":1534,"2|1|000011":1665,"2|1|000010":1581,"1|1|010110":12952,"2|1|111101":177,"2|1|110010":922,"2|1|111100":223,"2|1|110011":916,"2|1|011010":2451,"2|1|011011":2383,"1|1|010111":13671,"1|1|101101":10382,"1|1|100011":16996,"1|1|101100":11075,"1|1|100010":17559,"1|0|110001":8053,"2|0|001011":1753,"2|0|001010":1705,"1|0|110000":8740,"2|0|111110":111,"2|0|111111":26,"1|1|101010":12388,"2|1|010010":2124,"2|1|011100":2527,"2|1|011101":2446,"1|0|010001":9520,"1|0|010000":8554,"2|1|010011":2059,"1|1|101011":11735,"1|0|111101":1322,"2|0|100101":2070,"2|0|100100":2121,"1|0|110010":7449,"1|0|110011":6953,"1|0|111100":1769,"2|0|110010":956,"2|0|111101":175,"2|0|110011":931,"2|0|111100":231,"2|1|011111":2571,"1|0|010111":13609,"1|0|010110":13084,"2|1|011110":2631,"1|1|101001":13117,"1|1|101000":13554,"1|0|110100":6255,"1|0|110101":5728,"2|0|100111":1857,"2|0|100110":1828,"2|1|000101":1592,"2|0|001111":1915,"2|1|000100":1574,"2|0|001110":1919,"1|0|011110":18665,"2|0|111011":270,"2|0|111010":369,"2|1|010111":2324,"1|0|011111":19288,"2|1|010110":2351,"1|0|110111":4592,"2|0|100001":2455,"2|0|100000":2553,"2|0|001001":1607,"2|0|001000":1456,"1|0|000101":1581,"1|0|000100":1672,"1|0|110110":5212,"1|0|010010":10063,"2|0|111000":497,"2|0|111001":412,"1|0|011101":17774,"2|1|010001":2096,"1|0|010011":10847,"1|0|011100":17150,"2|1|010000":1919}}
