{"probability":{"Group 13":"0.0383415872774777","Group 12":"0.04327960892941278","Group 11":"0.19778740226129835","Group 10":"0.00017633568873766912","Group  6":"0.00047936593193106995","Group  5":"0.0","Group  4":"0.002525800002910352","Group  3":"0.0","Group  2":"0.0","Group  1":"0.0","Group  9":"0.00014024111801278895","Group  8":"0.011224336358717672","Group  7":"0.7060453224315016"},"groups":{"Group 13":["Botan 1.5.6 & 1.11.29 & 2.1.0","Feitian JavaCOS A22 & A40","Gemalto GCX4 72K","HSM SafeNet Luna SA-1700","LibTomCrypt 1.17","Libgcrypt 1.6.0 & 1.6.5 & 1.7.6","Libgcrypt 1.6.0 FIPS & 1.6.5 FIPS","Nettle 3.2 & 3.3","Oberthur Cosmo 64","OpenSSL FIPS 2.0.12 & 2.0.14","PGPSDK 4","WolfSSL 2.0rc1 & 3.9.0 & 3.10.2","cryptlib 3.4.3 & 3.4.3.1"],"Group 12":["Bouncy Castle 1.53 (Java)","Cryptix JCE 20050328","FlexiProvider 1.7p7","HSM Utimaco Security Server Se50","Nettle 2.0","PolarSSL 0.10.0","PuTTY 0.67","SunRsaSign OpenJDK 1.8.0","mbedTLS 1.3.19 & 2.2.1 & 2.4.2"],"Group 11":["Bouncy Castle 1.54 (Java)","Crypto++ 5.6.0 & 5.6.3 & 5.6.5","Libgcrypt 1.7.6 FIPS","Microsoft CryptoAPI & CNG & .NET"],"Group 10":["NXP J2D081 & J2E145G","YubiKey NEO"],"Group  6":["Oberthur Cosmo Dual 72K"],"Group  5":["NXP J2A080 & J2A081 & J3A081 & JCOP 41 V2.2.1"],"Group  4":["Gemalto GXP E64"],"Group  3":["GNU Crypto 2.0.1"],"Group  2":["G&D SmartCafe 4.x & 6.0"],"Group  1":["G&D SmartCafe 3.2"],"Group  9":["Infineon JTOP 80K","YubiKey 4 & 4 Nano"],"Group  8":["PGPSDK 4 FIPS"],"Group  7":["OpenSSL 0.9.7 & 1.0.2g & 1.0.2k & 1.1.0e"]},"frequencies":{"1|1|000110":9078,"2|1|100011":18495,"2|1|101101":11566,"1|1|000111":9795,"2|1|101100":12314,"2|1|100010":19653,"2|0|000000":5299,"2|0|000001":5721,"1|0|111010":25183,"1|0|111011":20660,"1|1|011010":137669,"1|1|011011":143566,"2|0|110100":6979,"2|0|110101":6380,"1|0|100001":156453,"1|0|100000":162188,"2|1|100000":20876,"1|1|000100":7646,"2|1|100001":20097,"2|0|000011":7130,"2|0|001101":14451,"2|0|001100":13866,"2|0|000010":6392,"1|1|000101":8264,"2|1|010101":20553,"2|0|011010":23964,"2|1|010100":19750,"2|0|011011":23690,"1|0|100010":150827,"1|0|101100":95251,"1|0|101101":89392,"1|0|100011":144375,"2|1|100110":16449,"1|1|110101":49196,"2|1|100111":15667,"2|0|000101":8241,"2|0|000100":7628,"1|0|111110":6841,"1|1|110100":53999,"1|0|111111":2671,"1|0|100101":132741,"2|0|110001":8968,"2|0|110000":9456,"1|0|010101":105892,"1|0|010100":100112,"2|0|011001":22988,"2|0|011000":22857,"1|0|100100":138470,"2|1|100100":17807,"2|1|100101":17364,"2|0|000110":8890,"2|0|000111":9619,"1|0|111000":34609,"1|0|111001":29986,"2|0|110111":5235,"2|0|110110":5817,"2|0|011111":21574,"2|0|011110":22135,"1|0|100111":121475,"1|0|100110":127522,"1|1|001001":21742,"1|0|001001":21693,"1|0|001000":13934,"1|1|001000":13937,"1|1|110001":68753,"1|1|110000":74319,"1|1|010000":72904,"2|0|011101":22380,"2|1|111111":727,"2|1|111110":1087,"2|0|010010":18208,"2|0|011100":22927,"2|0|010011":19097,"1|1|010001":79732,"1|0|101010":104982,"1|0|101011":100119,"1|0|001010":29313,"1|1|001111":66071,"1|0|001011":36737,"1|1|001110":58920,"2|1|101011":13022,"2|1|101010":13621,"1|1|110111":39323,"1|1|110110":44231,"1|1|010010":86581,"1|1|010011":93127,"1|1|011100":147511,"2|0|010001":17727,"2|1|111001":3835,"2|1|111000":4675,"2|0|010000":17154,"1|1|011101":153418,"1|1|000011":7043,"1|1|001100":44230,"1|1|001101":51008,"2|1|101001":14439,"1|1|000010":6468,"2|1|101000":14955,"1|1|111110":7002,"1|1|111111":2693,"2|1|111010":3454,"1|1|011110":158125,"1|1|011111":162542,"2|0|010111":22155,"2|1|001000":10414,"2|1|001001":11290,"2|1|111011":2835,"2|0|010110":21458,"1|0|101111":79121,"1|1|100101":133314,"1|1|100100":139232,"1|0|101110":84386,"1|1|000000":5202,"1|1|000001":5786,"2|1|101111":10087,"2|1|101110":11059,"1|1|110010":63904,"1|1|111101":11583,"1|1|110011":59336,"1|1|111100":16137,"1|1|011000":126326,"1|1|011001":132107,"2|1|001010":12092,"2|0|010100":19812,"2|1|001011":13104,"2|0|010101":20413,"1|0|101001":110836,"1|0|101000":116511,"1|0|000110":9008,"2|0|101101":11803,"2|0|100011":18684,"2|0|101100":12447,"2|0|100010":19390,"2|1|000001":5850,"2|1|000000":5330,"1|1|111011":20658,"1|0|000111":9697,"1|1|111010":25375,"1|0|011011":142814,"2|1|110100":6959,"1|0|011010":138363,"2|1|001100":13836,"2|1|110101":6370,"2|1|001101":14455,"1|1|100001":156663,"1|1|100000":162286,"1|0|000000":5242,"2|0|101111":10295,"2|0|101110":10923,"2|1|000111":9671,"2|1|000110":9261,"1|1|111000":34722,"1|0|000001":5695,"1|1|111001":29993,"1|0|011000":126153,"2|1|001110":15412,"2|1|110111":5285,"2|1|001111":16188,"2|1|110110":5804,"1|0|011001":132084,"1|1|100111":121222,"1|1|100110":126990,"1|0|000011":7234,"1|0|001100":44123,"1|0|000010":6390,"2|0|101001":14438,"2|0|101000":15114,"1|0|001101":51300,"2|1|110001":9010,"2|1|110000":9477,"2|1|011001":23132,"2|1|011000":22773,"1|1|010100":99359,"1|1|010101":106157,"1|1|101111":79475,"1|1|101110":83894,"2|0|101010":13623,"1|0|001111":65575,"1|1|001010":29181,"1|0|001110":58784,"1|1|001011":36447,"2|0|101011":13020,"2|1|000011":7017,"2|1|000010":6313,"1|1|010110":112841,"2|1|111101":1624,"2|1|110010":8314,"2|1|111100":2157,"2|1|110011":7522,"2|1|011010":23858,"2|1|011011":23238,"1|1|010111":119470,"1|1|101101":88443,"1|1|100011":144971,"1|1|101100":94652,"1|1|100010":149898,"1|0|110001":68656,"2|0|001011":13013,"2|0|001010":12127,"1|0|110000":74257,"2|0|111110":1084,"2|0|111111":742,"1|1|101010":105839,"2|1|010010":18368,"2|1|011100":23018,"2|1|011101":22542,"1|0|010001":79312,"1|0|010000":72830,"2|1|010011":18996,"1|1|101011":99948,"1|0|111101":11554,"2|0|100101":17045,"2|0|100100":17952,"1|0|110010":63888,"1|0|110011":59012,"1|0|111100":16286,"2|0|110010":8249,"2|0|111101":1675,"2|0|110011":7821,"2|0|111100":2253,"2|1|011111":21530,"1|0|010111":119278,"1|0|010110":113097,"2|1|011110":21842,"1|1|101001":111140,"1|1|101000":116155,"1|0|110100":54036,"1|0|110101":49463,"2|0|100111":15871,"2|0|100110":16692,"2|1|000101":8385,"2|0|001111":16062,"2|1|000100":7832,"2|0|001110":15408,"1|0|011110":158630,"2|0|111011":2767,"2|0|111010":3403,"2|1|010111":21928,"1|0|011111":163191,"2|1|010110":21414,"1|0|110111":39913,"2|0|100001":20468,"2|0|100000":21018,"2|0|001001":11215,"2|0|001000":10454,"1|0|000101":8412,"1|0|000100":7824,"1|0|110110":44399,"1|0|010010":86394,"2|0|111000":4681,"2|0|111001":3905,"1|0|011101":153197,"2|1|010001":17669,"1|0|010011":93381,"1|0|011100":147267,"2|1|010000":17049}}
