{"probability":{"Group 13":"0.011138539000638206","Group 12":"0.012002964877320688","Group 11":"0.12258874386056853","Group 10":"0.0","Group  6":"0.0","Group  5":"0.0","Group  4":"0.0","Group  3":"0.0","Group  2":"0.00003553572036903978","Group  1":"0.0","Group  9":"0.0006681938075016418","Group  8":"0.004551068885943669","Group  7":"0.8490149538476582"},"groups":{"Group 13":["Botan 1.5.6 & 1.11.29 & 2.1.0","Feitian JavaCOS A22 & A40","Gemalto GCX4 72K","HSM SafeNet Luna SA-1700","LibTomCrypt 1.17","Libgcrypt 1.6.0 & 1.6.5 & 1.7.6","Libgcrypt 1.6.0 FIPS & 1.6.5 FIPS","Nettle 3.2 & 3.3","Oberthur Cosmo 64","OpenSSL FIPS 2.0.12 & 2.0.14","PGPSDK 4","WolfSSL 2.0rc1 & 3.9.0 & 3.10.2","cryptlib 3.4.3 & 3.4.3.1"],"Group 12":["Bouncy Castle 1.53 (Java)","Cryptix JCE 20050328","FlexiProvider 1.7p7","HSM Utimaco Security Server Se50","Nettle 2.0","PolarSSL 0.10.0","PuTTY 0.67","SunRsaSign OpenJDK 1.8.0","mbedTLS 1.3.19 & 2.2.1 & 2.4.2"],"Group 11":["Bouncy Castle 1.54 (Java)","Crypto++ 5.6.0 & 5.6.3 & 5.6.5","Libgcrypt 1.7.6 FIPS","Microsoft CryptoAPI & CNG & .NET"],"Group 10":["NXP J2D081 & J2E145G","YubiKey NEO"],"Group  6":["Oberthur Cosmo Dual 72K"],"Group  5":["NXP J2A080 & J2A081 & J3A081 & JCOP 41 V2.2.1"],"Group  4":["Gemalto GXP E64"],"Group  3":["GNU Crypto 2.0.1"],"Group  2":["G&D SmartCafe 4.x & 6.0"],"Group  1":["G&D SmartCafe 3.2"],"Group  9":["Infineon JTOP 80K","YubiKey 4 & 4 Nano"],"Group  8":["PGPSDK 4 FIPS"],"Group  7":["OpenSSL 0.9.7 & 1.0.2g & 1.0.2k & 1.1.0e"]},"frequencies":{"1|1|000110":81,"2|1|100011":211,"2|1|101101":128,"1|1|000111":112,"2|1|101100":150,"2|1|100010":225,"2|0|000000":38,"2|0|000001":41,"1|0|111010":636,"1|0|111011":508,"1|1|011010":3199,"1|1|011011":3407,"2|0|110100":79,"2|0|110101":60,"1|0|100001":3789,"1|0|100000":4021,"2|1|100000":252,"1|1|000100":67,"2|1|100001":247,"2|0|000011":65,"2|0|001101":157,"2|0|001100":158,"2|0|000010":48,"1|1|000101":94,"2|1|010101":225,"2|0|011010":275,"2|1|010100":237,"2|0|011011":270,"1|0|100010":3645,"1|0|101100":2394,"1|0|101101":2262,"1|0|100011":3545,"2|1|100110":188,"1|1|110101":1188,"2|1|100111":191,"2|0|000101":84,"2|0|000100":75,"1|0|111110":177,"1|1|110100":1292,"1|0|111111":53,"1|0|100101":3267,"2|0|110001":97,"2|0|110000":95,"1|0|010101":2440,"1|0|010100":2311,"2|0|011001":261,"2|0|011000":250,"1|0|100100":3286,"2|1|100100":192,"2|1|100101":184,"2|0|000110":91,"2|0|000111":113,"1|0|111000":912,"1|0|111001":721,"2|0|110111":49,"2|0|110110":62,"2|0|011111":279,"2|0|011110":262,"1|0|100111":2999,"1|0|100110":3036,"1|1|001001":411,"1|0|001001":401,"1|0|001000":195,"1|1|001000":209,"1|1|110001":1726,"1|1|110000":1851,"1|1|010000":1652,"2|0|011101":273,"2|1|111111":5,"2|1|111110":9,"2|0|010010":219,"2|0|011100":272,"2|0|010011":217,"1|1|010001":1822,"1|0|101010":2561,"1|0|101011":2384,"1|0|001010":581,"1|1|001111":1416,"1|0|001011":773,"1|1|001110":1338,"2|1|101011":139,"2|1|101010":134,"1|1|110111":936,"1|1|110110":1065,"1|1|010010":2005,"1|1|010011":2218,"1|1|011100":3584,"2|0|010001":224,"2|1|111001":47,"2|1|111000":47,"2|0|010000":184,"1|1|011101":3713,"1|1|000011":51,"1|1|001100":897,"1|1|001101":1093,"2|1|101001":164,"1|1|000010":62,"2|1|101000":176,"1|1|111110":191,"1|1|111111":59,"2|1|111010":36,"1|1|011110":3809,"1|1|011111":3893,"2|0|010111":245,"2|1|001000":110,"2|1|001001":127,"2|1|111011":28,"2|0|010110":242,"1|0|101111":1855,"1|1|100101":3228,"1|1|100100":3416,"1|0|101110":2003,"1|1|000000":35,"1|1|000001":55,"2|1|101111":130,"2|1|101110":138,"1|1|110010":1570,"1|1|111101":297,"1|1|110011":1462,"1|1|111100":346,"1|1|011000":2998,"1|1|011001":3206,"2|1|001010":146,"2|0|010100":213,"2|1|001011":171,"2|0|010101":247,"1|0|101001":2669,"1|0|101000":2903,"1|0|000110":89,"2|0|101101":142,"2|0|100011":187,"2|0|101100":147,"2|0|100010":207,"2|1|000001":40,"2|1|000000":43,"1|1|111011":503,"1|0|000111":82,"1|1|111010":611,"1|0|011011":3340,"2|1|110100":63,"1|0|011010":3340,"2|1|001100":176,"2|1|110101":74,"2|1|001101":179,"1|1|100001":3764,"1|1|100000":3876,"1|0|000000":40,"2|0|101111":122,"2|0|101110":112,"2|1|000111":106,"2|1|000110":91,"1|1|111000":858,"1|0|000001":42,"1|1|111001":743,"1|0|011000":2968,"2|1|001110":161,"2|1|110111":57,"2|1|001111":177,"2|1|110110":72,"1|0|011001":3089,"1|1|100111":2878,"1|1|100110":3175,"1|0|000011":73,"1|0|001100":974,"1|0|000010":53,"2|0|101001":175,"2|0|101000":170,"1|0|001101":1148,"2|1|110001":97,"2|1|110000":92,"2|1|011001":260,"2|1|011000":282,"1|1|010100":2317,"1|1|010101":2484,"1|1|101111":1886,"1|1|101110":2012,"2|0|101010":133,"1|0|001111":1472,"1|1|001010":615,"1|0|001110":1311,"1|1|001011":800,"2|0|101011":120,"2|1|000011":65,"2|1|000010":55,"1|1|010110":2610,"2|1|111101":15,"2|1|110010":95,"2|1|111100":29,"2|1|110011":85,"2|1|011010":289,"2|1|011011":266,"1|1|010111":2835,"1|1|101101":2207,"1|1|100011":3442,"1|1|101100":2360,"1|1|100010":3661,"1|0|110001":1675,"2|0|001011":132,"2|0|001010":130,"1|0|110000":1808,"2|0|111110":10,"2|0|111111":3,"1|1|101010":2604,"2|1|010010":192,"2|1|011100":274,"2|1|011101":231,"1|0|010001":1747,"1|0|010000":1615,"2|1|010011":217,"1|1|101011":2438,"1|0|111101":265,"2|0|100101":198,"2|0|100100":201,"1|0|110010":1581,"1|0|110011":1409,"1|0|111100":390,"2|0|110010":77,"2|0|111101":14,"2|0|110011":93,"2|0|111100":26,"2|1|011111":207,"1|0|010111":2882,"1|0|010110":2586,"2|1|011110":251,"1|1|101001":2736,"1|1|101000":2882,"1|0|110100":1309,"1|0|110101":1165,"2|0|100111":185,"2|0|100110":169,"2|1|000101":76,"2|0|001111":183,"2|1|000100":71,"2|0|001110":181,"1|0|011110":3767,"2|0|111011":35,"2|0|111010":28,"2|1|010111":287,"1|0|011111":3965,"2|1|010110":261,"1|0|110111":937,"2|0|100001":229,"2|0|100000":235,"2|0|001001":123,"2|0|001000":132,"1|0|000101":96,"1|0|000100":58,"1|0|110110":1066,"1|0|010010":1959,"2|0|111000":48,"2|0|111001":39,"1|0|011101":3690,"2|1|010001":216,"1|0|010011":2155,"1|0|011100":3602,"2|1|010000":204}}
