{"probability":{"Group 13":"0.03706435396296664","Group 12":"0.26969394968425164","Group 11":"0.04853972832230619","Group 10":"0.00013074562018732682","Group  6":"0.0","Group  5":"0.00029241580530159366","Group  4":"0.00912694455844742","Group  3":"0.0","Group  2":"0.00017616527026329112","Group  1":"0.0","Group  9":"0.0009289346161401378","Group  8":"0.0","Group  7":"0.6340467621601359"},"groups":{"Group 13":["Botan 1.5.6 & 1.11.29 & 2.1.0","Feitian JavaCOS A22 & A40","Gemalto GCX4 72K","HSM SafeNet Luna SA-1700","LibTomCrypt 1.17","Libgcrypt 1.6.0 & 1.6.5 & 1.7.6","Libgcrypt 1.6.0 FIPS & 1.6.5 FIPS","Nettle 3.2 & 3.3","Oberthur Cosmo 64","OpenSSL FIPS 2.0.12 & 2.0.14","PGPSDK 4","WolfSSL 2.0rc1 & 3.9.0 & 3.10.2","cryptlib 3.4.3 & 3.4.3.1"],"Group 12":["Bouncy Castle 1.53 (Java)","Cryptix JCE 20050328","FlexiProvider 1.7p7","HSM Utimaco Security Server Se50","Nettle 2.0","PolarSSL 0.10.0","PuTTY 0.67","SunRsaSign OpenJDK 1.8.0","mbedTLS 1.3.19 & 2.2.1 & 2.4.2"],"Group 11":["Bouncy Castle 1.54 (Java)","Crypto++ 5.6.0 & 5.6.3 & 5.6.5","Libgcrypt 1.7.6 FIPS","Microsoft CryptoAPI & CNG & .NET"],"Group 10":["NXP J2D081 & J2E145G","YubiKey NEO"],"Group  6":["Oberthur Cosmo Dual 72K"],"Group  5":["NXP J2A080 & J2A081 & J3A081 & JCOP 41 V2.2.1"],"Group  4":["Gemalto GXP E64"],"Group  3":["GNU Crypto 2.0.1"],"Group  2":["G&D SmartCafe 4.x & 6.0"],"Group  1":["G&D SmartCafe 3.2"],"Group  9":["Infineon JTOP 80K","YubiKey 4 & 4 Nano"],"Group  8":["PGPSDK 4 FIPS"],"Group  7":["OpenSSL 0.9.7 & 1.0.2g & 1.0.2k & 1.1.0e"]},"frequencies":{"1|1|000110":2546,"2|1|100011":1746,"2|1|101101":1034,"1|1|000111":2397,"2|1|101100":1038,"2|1|100010":1819,"2|0|000000":2713,"2|0|000001":2649,"1|0|111010":2278,"1|0|111011":1872,"1|1|011010":12558,"1|1|011011":13255,"2|0|110100":619,"2|0|110101":506,"1|0|100001":14098,"1|0|100000":14558,"2|1|100000":1978,"1|1|000100":2538,"2|1|100001":1922,"2|0|000011":2541,"2|0|001101":2472,"2|0|001100":2461,"2|0|000010":2703,"1|1|000101":2453,"2|1|010101":2345,"2|0|011010":2064,"2|1|010100":2291,"2|0|011011":2149,"1|0|100010":13662,"1|0|101100":8540,"1|0|101101":8118,"1|0|100011":13208,"2|1|100110":1500,"1|1|110101":4394,"2|1|100111":1399,"2|0|000101":2420,"2|0|000100":2391,"1|0|111110":593,"1|1|110100":4803,"1|0|111111":210,"1|0|100101":12228,"2|0|110001":748,"2|0|110000":783,"1|0|010101":10072,"1|0|010100":9557,"2|0|011001":2197,"2|0|011000":2157,"1|0|100100":12726,"2|1|100100":1572,"2|1|100101":1607,"2|0|000110":2542,"2|0|000111":2354,"1|0|111000":3135,"1|0|111001":2747,"2|0|110111":448,"2|0|110110":477,"2|0|011111":2139,"2|0|011110":2072,"1|0|100111":11007,"1|0|100110":11356,"1|1|001001":3266,"1|0|001001":3418,"1|0|001000":2696,"1|1|001000":2688,"1|1|110001":6269,"1|1|110000":6738,"1|1|010000":7617,"2|0|011101":2084,"2|1|111111":18,"2|1|111110":70,"2|0|010010":2388,"2|0|011100":2137,"2|0|010011":2424,"1|1|010001":7895,"1|0|101010":9672,"1|0|101011":9012,"1|0|001010":4036,"1|1|001111":6915,"1|0|001011":4629,"1|1|001110":6361,"2|1|101011":1106,"2|1|101010":1251,"1|1|110111":3607,"1|1|110110":3962,"1|1|010010":8647,"1|1|010011":8922,"1|1|011100":13586,"2|0|010001":2433,"2|1|111001":350,"2|1|111000":377,"2|0|010000":2459,"1|1|011101":14033,"1|1|000011":2490,"1|1|001100":5085,"1|1|001101":5707,"2|1|101001":1284,"1|1|000010":2635,"2|1|101000":1306,"1|1|111110":590,"1|1|111111":176,"2|1|111010":254,"1|1|011110":14444,"1|1|011111":14717,"2|0|010111":2252,"2|1|001000":2435,"2|1|001001":2438,"2|1|111011":212,"2|0|010110":2308,"1|0|101111":7020,"1|1|100101":12131,"1|1|100100":12454,"1|0|101110":7685,"1|1|000000":2665,"1|1|000001":2731,"2|1|101111":871,"2|1|101110":981,"1|1|110010":5774,"1|1|111101":1011,"1|1|110011":5334,"1|1|111100":1422,"1|1|011000":11476,"1|1|011001":12005,"2|1|001010":2418,"2|0|010100":2331,"2|1|001011":2446,"2|0|010101":2229,"1|0|101001":10065,"1|0|101000":10389,"1|0|000110":2522,"2|0|101101":1022,"2|0|100011":1702,"2|0|101100":1036,"2|0|100010":1788,"2|1|000001":2508,"2|1|000000":2771,"1|1|111011":1773,"1|0|000111":2447,"1|1|111010":2262,"1|0|011011":13136,"2|1|110100":609,"1|0|011010":12414,"2|1|001100":2337,"2|1|110101":521,"2|1|001101":2407,"1|1|100001":14299,"1|1|100000":14868,"1|0|000000":2702,"2|0|101111":928,"2|0|101110":908,"2|1|000111":2394,"2|1|000110":2418,"1|1|111000":3067,"1|0|000001":2595,"1|1|111001":2715,"1|0|011000":11621,"2|1|001110":2380,"2|1|110111":402,"2|1|001111":2390,"2|1|110110":482,"1|0|011001":12193,"1|1|100111":11267,"1|1|100110":11505,"1|0|000011":2616,"1|0|001100":5113,"1|0|000010":2544,"2|0|101001":1265,"2|0|101000":1351,"1|0|001101":5825,"2|1|110001":747,"2|1|110000":850,"2|1|011001":2223,"2|1|011000":2255,"1|1|010100":9688,"1|1|010101":9908,"1|1|101111":7199,"1|1|101110":7562,"2|0|101010":1170,"1|0|001111":6903,"1|1|001010":3932,"1|0|001110":6357,"1|1|001011":4539,"2|0|101011":1134,"2|1|000011":2608,"2|1|000010":2649,"1|1|010110":10775,"2|1|111101":124,"2|1|110010":677,"2|1|111100":163,"2|1|110011":629,"2|1|011010":2209,"2|1|011011":2112,"1|1|010111":11156,"1|1|101101":8131,"1|1|100011":12850,"1|1|101100":8635,"1|1|100010":13644,"1|0|110001":6078,"2|0|001011":2386,"2|0|001010":2429,"1|0|110000":6720,"2|0|111110":79,"2|0|111111":24,"1|1|101010":9543,"2|1|010010":2336,"2|1|011100":2009,"2|1|011101":2127,"1|0|010001":7798,"1|0|010000":7605,"2|1|010011":2325,"1|1|101011":9060,"1|0|111101":1014,"2|0|100101":1648,"2|0|100100":1642,"1|0|110010":5658,"1|0|110011":5324,"1|0|111100":1507,"2|0|110010":709,"2|0|111101":133,"2|0|110011":661,"2|0|111100":156,"2|1|011111":2042,"1|0|010111":11177,"1|0|010110":10606,"2|1|011110":2095,"1|1|101001":9769,"1|1|101000":10480,"1|0|110100":4870,"1|0|110101":4340,"2|0|100111":1379,"2|0|100110":1494,"2|1|000101":2526,"2|0|001111":2354,"2|1|000100":2615,"2|0|001110":2397,"1|0|011110":14338,"2|0|111011":203,"2|0|111010":255,"2|1|010111":2290,"1|0|011111":14813,"2|1|010110":2370,"1|0|110111":3494,"2|0|100001":1897,"2|0|100000":1983,"2|0|001001":2450,"2|0|001000":2371,"1|0|000101":2501,"1|0|000100":2499,"1|0|110110":3947,"1|0|010010":8619,"2|0|111000":342,"2|0|111001":276,"1|0|011101":13762,"2|1|010001":2383,"1|0|010011":9182,"1|0|011100":13395,"2|1|010000":2350}}
