{"probability":{"Group 13":"0.03857754895769868","Group 12":"0.048925922250475866","Group 11":"0.20308350434937714","Group 10":"0.00015280950671748872","Group  6":"0.00035155844088466967","Group  5":"0.0","Group  4":"0.0030884445783975777","Group  3":"0.00004365750271539129","Group  2":"0.0","Group  1":"0.0","Group  9":"0.00010874073313122613","Group  8":"0.011898330218377086","Group  7":"0.6937694834622247"},"groups":{"Group 13":["Botan 1.5.6 & 1.11.29 & 2.1.0","Feitian JavaCOS A22 & A40","Gemalto GCX4 72K","HSM SafeNet Luna SA-1700","LibTomCrypt 1.17","Libgcrypt 1.6.0 & 1.6.5 & 1.7.6","Libgcrypt 1.6.0 FIPS & 1.6.5 FIPS","Nettle 3.2 & 3.3","Oberthur Cosmo 64","OpenSSL FIPS 2.0.12 & 2.0.14","PGPSDK 4","WolfSSL 2.0rc1 & 3.9.0 & 3.10.2","cryptlib 3.4.3 & 3.4.3.1"],"Group 12":["Bouncy Castle 1.53 (Java)","Cryptix JCE 20050328","FlexiProvider 1.7p7","HSM Utimaco Security Server Se50","Nettle 2.0","PolarSSL 0.10.0","PuTTY 0.67","SunRsaSign OpenJDK 1.8.0","mbedTLS 1.3.19 & 2.2.1 & 2.4.2"],"Group 11":["Bouncy Castle 1.54 (Java)","Crypto++ 5.6.0 & 5.6.3 & 5.6.5","Libgcrypt 1.7.6 FIPS","Microsoft CryptoAPI & CNG & .NET"],"Group 10":["NXP J2D081 & J2E145G","YubiKey NEO"],"Group  6":["Oberthur Cosmo Dual 72K"],"Group  5":["NXP J2A080 & J2A081 & J3A081 & JCOP 41 V2.2.1"],"Group  4":["Gemalto GXP E64"],"Group  3":["GNU Crypto 2.0.1"],"Group  2":["G&D SmartCafe 4.x & 6.0"],"Group  1":["G&D SmartCafe 3.2"],"Group  9":["Infineon JTOP 80K","YubiKey 4 & 4 Nano"],"Group  8":["PGPSDK 4 FIPS"],"Group  7":["OpenSSL 0.9.7 & 1.0.2g & 1.0.2k & 1.1.0e"]},"frequencies":{"1|1|000110":9745,"2|1|100011":18767,"2|1|101101":11862,"1|1|000111":10352,"2|1|101100":12627,"2|1|100010":19893,"2|0|000000":5942,"2|0|000001":6358,"1|0|111010":24542,"1|0|111011":20167,"1|1|011010":135285,"1|1|011011":140945,"2|0|110100":7150,"2|0|110101":6645,"1|0|100001":153394,"1|0|100000":158914,"2|1|100000":21379,"1|1|000100":8226,"2|1|100001":20723,"2|0|000011":7592,"2|0|001101":14915,"2|0|001100":14537,"2|0|000010":6892,"1|1|000101":8847,"2|1|010101":21104,"2|0|011010":24524,"2|1|010100":20399,"2|0|011011":24386,"1|0|100010":147027,"1|0|101100":93049,"1|0|101101":87516,"1|0|100011":141182,"2|1|100110":16843,"1|1|110101":48392,"2|1|100111":16116,"2|0|000101":8919,"2|0|000100":8180,"1|0|111110":6847,"1|1|110100":52826,"1|0|111111":2606,"1|0|100101":130186,"2|0|110001":9253,"2|0|110000":9666,"1|0|010101":104258,"1|0|010100":98388,"2|0|011001":23787,"2|0|011000":23478,"1|0|100100":136023,"2|1|100100":18317,"2|1|100101":17850,"2|0|000110":9432,"2|0|000111":10171,"1|0|111000":33670,"1|0|111001":29298,"2|0|110111":5393,"2|0|110110":6021,"2|0|011111":21971,"2|0|011110":22425,"1|0|100111":118740,"1|0|100110":124811,"1|1|001001":21932,"1|0|001001":21928,"1|0|001000":14329,"1|1|001000":14392,"1|1|110001":67176,"1|1|110000":72664,"1|1|010000":72056,"2|0|011101":22927,"2|1|111111":803,"2|1|111110":1118,"2|0|010010":18924,"2|0|011100":23487,"2|0|010011":19825,"1|1|010001":78967,"1|0|101010":102971,"1|0|101011":97998,"1|0|001010":29526,"1|1|001111":64928,"1|0|001011":36730,"1|1|001110":58379,"2|1|101011":13408,"2|1|101010":14043,"1|1|110111":38627,"1|1|110110":43201,"1|1|010010":84952,"1|1|010011":91746,"1|1|011100":145144,"2|0|010001":18247,"2|1|111001":3946,"2|1|111000":4797,"2|0|010000":17625,"1|1|011101":150280,"1|1|000011":7452,"1|1|001100":43792,"1|1|001101":50722,"2|1|101001":14622,"1|1|000010":6900,"2|1|101000":15331,"1|1|111110":6908,"1|1|111111":2681,"2|1|111010":3590,"1|1|011110":154631,"1|1|011111":159278,"2|0|010111":22672,"2|1|001000":10894,"2|1|001001":11992,"2|1|111011":2980,"2|0|010110":22039,"1|0|101111":77194,"1|1|100101":130321,"1|1|100100":136639,"1|0|101110":83032,"1|1|000000":5872,"1|1|000001":6255,"2|1|101111":10404,"2|1|101110":11293,"1|1|110010":62713,"1|1|111101":11345,"1|1|110011":57691,"1|1|111100":15961,"1|1|011000":123891,"1|1|011001":129770,"2|1|001010":12732,"2|0|010100":20402,"2|1|001011":13518,"2|0|010101":21131,"1|0|101001":108659,"1|0|101000":114242,"1|0|000110":9583,"2|0|101101":11936,"2|0|100011":19158,"2|0|101100":12715,"2|0|100010":19892,"2|1|000001":6383,"2|1|000000":6000,"1|1|111011":20103,"1|0|000111":10328,"1|1|111010":24808,"1|0|011011":140204,"2|1|110100":7236,"1|0|011010":135641,"2|1|001100":14451,"2|1|110101":6676,"2|1|001101":14994,"1|1|100001":152689,"1|1|100000":159279,"1|0|000000":5903,"2|0|101111":10627,"2|0|101110":11060,"2|1|000111":10146,"2|1|000110":9729,"1|1|111000":34198,"1|0|000001":6270,"1|1|111001":29507,"1|0|011000":124202,"2|1|001110":16013,"2|1|110111":5300,"2|1|001111":16868,"2|1|110110":5992,"1|0|011001":129567,"1|1|100111":118630,"1|1|100110":124277,"1|0|000011":7676,"1|0|001100":43836,"1|0|000010":6845,"2|0|101001":14599,"2|0|101000":15383,"1|0|001101":50643,"2|1|110001":9142,"2|1|110000":9753,"2|1|011001":24029,"2|1|011000":23416,"1|1|010100":97840,"1|1|010101":104153,"1|1|101111":77647,"1|1|101110":82377,"2|0|101010":13824,"1|0|001111":64837,"1|1|001010":29350,"1|0|001110":57880,"1|1|001011":36374,"2|0|101011":13306,"2|1|000011":7651,"2|1|000010":6843,"1|1|010110":110668,"2|1|111101":1691,"0|1|101010":1,"2|1|110010":8530,"2|1|111100":2214,"2|1|110011":7704,"2|1|011010":24377,"2|1|011011":24138,"1|1|010111":117570,"1|1|101101":86841,"1|1|100011":142115,"1|1|101100":92498,"1|1|100010":147007,"1|0|110001":67761,"2|0|001011":13561,"2|0|001010":12818,"1|0|110000":72360,"2|0|111110":1147,"2|0|111111":807,"1|1|101010":103431,"2|1|010010":19011,"2|1|011100":23490,"2|1|011101":23018,"1|0|010001":78319,"1|0|010000":71600,"2|1|010011":19594,"1|1|101011":97593,"1|0|111101":11250,"2|0|100101":17372,"2|0|100100":18133,"1|0|110010":62511,"1|0|110011":57623,"1|0|111100":15879,"2|0|110010":8506,"2|0|111101":1683,"2|0|110011":7888,"2|0|111100":2301,"2|1|011111":22050,"1|0|010111":117116,"1|0|010110":110966,"2|1|011110":22483,"1|1|101001":108695,"1|1|101000":114069,"1|0|110100":52887,"1|0|110101":48360,"2|0|100111":16237,"2|0|100110":16939,"2|1|000101":8889,"2|0|001111":16771,"2|1|000100":8226,"2|0|001110":15863,"1|0|011110":155488,"2|0|111011":2813,"2|0|111010":3428,"2|1|010111":22531,"1|0|011111":159807,"2|1|010110":21928,"1|0|110111":38598,"2|0|100001":20916,"2|0|100000":21670,"2|0|001001":11770,"2|0|001000":11130,"1|0|000101":8962,"1|0|000100":8263,"1|0|110110":43341,"1|0|010010":85541,"2|0|111000":4755,"2|0|111001":4068,"1|0|011101":150261,"2|1|010001":18356,"1|0|010011":92046,"1|0|011100":144796,"2|1|010000":17734}}
