{"probability":{"Group 13":"0.042948783858643154","Group 12":"0.0","Group 11":"0.0","Group 10":"0.001540866730558748","Group  6":"0.0018584204881981158","Group  5":"0.0","Group  4":"0.0020133308750836577","Group  3":"0.0","Group  2":"0.0","Group  1":"0.0","Group  9":"0.0","Group  8":"0.00006407221303728159","Group  7":"0.9515745258344791"},"groups":{"Group 13":["Botan 1.5.6 & 1.11.29 & 2.1.0","Feitian JavaCOS A22 & A40","Gemalto GCX4 72K","HSM SafeNet Luna SA-1700","LibTomCrypt 1.17","Libgcrypt 1.6.0 & 1.6.5 & 1.7.6","Libgcrypt 1.6.0 FIPS & 1.6.5 FIPS","Nettle 3.2 & 3.3","Oberthur Cosmo 64","OpenSSL FIPS 2.0.12 & 2.0.14","PGPSDK 4","WolfSSL 2.0rc1 & 3.9.0 & 3.10.2","cryptlib 3.4.3 & 3.4.3.1"],"Group 12":["Bouncy Castle 1.53 (Java)","Cryptix JCE 20050328","FlexiProvider 1.7p7","HSM Utimaco Security Server Se50","Nettle 2.0","PolarSSL 0.10.0","PuTTY 0.67","SunRsaSign OpenJDK 1.8.0","mbedTLS 1.3.19 & 2.2.1 & 2.4.2"],"Group 11":["Bouncy Castle 1.54 (Java)","Crypto++ 5.6.0 & 5.6.3 & 5.6.5","Libgcrypt 1.7.6 FIPS","Microsoft CryptoAPI & CNG & .NET"],"Group 10":["NXP J2D081 & J2E145G","YubiKey NEO"],"Group  6":["Oberthur Cosmo Dual 72K"],"Group  5":["NXP J2A080 & J2A081 & J3A081 & JCOP 41 V2.2.1"],"Group  4":["Gemalto GXP E64"],"Group  3":["GNU Crypto 2.0.1"],"Group  2":["G&D SmartCafe 4.x & 6.0"],"Group  1":["G&D SmartCafe 3.2"],"Group  9":["Infineon JTOP 80K","YubiKey 4 & 4 Nano"],"Group  8":["PGPSDK 4 FIPS"],"Group  7":["OpenSSL 0.9.7 & 1.0.2g & 1.0.2k & 1.1.0e"]},"frequencies":{"1|1|000110":5,"2|1|100011":150,"2|1|101101":76,"1|1|000111":7,"2|1|101100":92,"2|1|100010":137,"2|0|000000":9,"2|0|000001":2,"1|0|111010":1100,"1|0|111011":832,"1|1|011010":5354,"1|1|011011":5738,"2|0|110100":66,"2|0|110101":49,"1|0|100001":6490,"1|0|100000":6790,"2|1|100000":177,"1|1|000100":10,"2|1|100001":150,"2|0|000011":7,"2|0|001101":46,"2|0|001100":32,"2|0|000010":11,"1|1|000101":4,"2|1|010101":89,"2|0|011010":155,"2|1|010100":89,"2|0|011011":143,"1|0|100010":6267,"1|0|101100":3977,"1|0|101101":3705,"1|0|100011":6060,"2|1|100110":134,"1|1|110101":2040,"2|1|100111":118,"2|0|000101":7,"2|0|000100":4,"1|0|111110":291,"1|1|110100":2310,"1|0|111111":100,"1|0|100101":5494,"2|0|110001":65,"2|0|110000":86,"1|0|010101":4113,"1|0|010100":3808,"2|0|011001":114,"2|0|011000":97,"1|0|100100":5760,"2|1|100100":135,"2|1|100101":124,"2|0|000110":5,"2|0|000111":6,"1|0|111000":1382,"1|0|111001":1246,"2|0|110111":41,"2|0|110110":43,"2|0|011111":150,"2|0|011110":169,"1|0|100111":5051,"1|0|100110":5281,"1|1|001001":481,"1|0|001001":533,"1|0|001000":185,"1|1|001000":184,"1|1|110001":2767,"1|1|110000":3079,"1|1|010000":2637,"2|0|011101":162,"2|1|111111":2,"2|1|111110":6,"2|0|010010":68,"2|0|011100":135,"2|0|010011":67,"1|1|010001":2958,"1|0|101010":4399,"1|0|101011":4053,"1|0|001010":794,"1|1|001111":2353,"1|0|001011":1131,"1|1|001110":1946,"2|1|101011":109,"2|1|101010":109,"1|1|110111":1606,"1|1|110110":1894,"1|1|010010":3230,"1|1|010011":3523,"1|1|011100":5914,"2|0|010001":65,"2|1|111001":32,"2|1|111000":34,"2|0|010000":55,"1|1|011101":6204,"1|1|000011":9,"1|1|001100":1423,"1|1|001101":1686,"2|1|101001":104,"1|1|000010":16,"2|1|101000":113,"1|1|111110":264,"1|1|111111":108,"2|1|111010":27,"1|1|011110":6549,"1|1|011111":6680,"2|0|010111":123,"2|1|001000":9,"2|1|001001":25,"2|1|111011":19,"2|0|010110":118,"1|0|101111":3278,"1|1|100101":5460,"1|1|100100":5868,"1|0|101110":3497,"1|1|000000":8,"1|1|000001":14,"2|1|101111":79,"2|1|101110":77,"1|1|110010":2624,"1|1|111101":480,"1|1|110011":2493,"1|1|111100":613,"1|1|011000":4969,"1|1|011001":5131,"2|1|001010":24,"2|0|010100":123,"2|1|001011":49,"2|0|010101":86,"1|0|101001":4621,"1|0|101000":4855,"1|0|000110":12,"2|0|101101":86,"2|0|100011":148,"2|0|101100":87,"2|0|100010":155,"2|1|000001":10,"2|1|000000":7,"1|1|111011":891,"1|0|000111":6,"1|1|111010":1093,"1|0|011011":5701,"2|1|110100":49,"1|0|011010":5356,"2|1|001100":39,"2|1|110101":50,"2|1|001101":47,"1|1|100001":6513,"1|1|100000":6778,"1|0|000000":11,"2|0|101111":92,"2|0|101110":82,"2|1|000111":7,"2|1|000110":4,"1|1|111000":1438,"1|0|000001":12,"1|1|111001":1167,"1|0|011000":4962,"2|1|001110":52,"2|1|110111":46,"2|1|001111":52,"2|1|110110":45,"1|0|011001":5270,"1|1|100111":5087,"1|1|100110":5273,"1|0|000011":10,"1|0|001100":1476,"1|0|000010":9,"2|0|101001":113,"2|0|101000":122,"1|0|001101":1714,"2|1|110001":62,"2|1|110000":72,"2|1|011001":130,"2|1|011000":108,"1|1|010100":3762,"1|1|010101":4132,"1|1|101111":3330,"1|1|101110":3481,"2|0|101010":90,"1|0|001111":2366,"1|1|001010":773,"1|0|001110":2133,"1|1|001011":1122,"2|0|101011":110,"2|1|000011":5,"2|1|000010":13,"1|1|010110":4342,"2|1|111101":11,"2|1|110010":62,"2|1|111100":22,"2|1|110011":66,"2|1|011010":140,"2|1|011011":158,"1|1|010111":4697,"1|1|101101":3681,"1|1|100011":5984,"1|1|101100":3834,"1|1|100010":6207,"1|0|110001":2826,"2|0|001011":31,"2|0|001010":24,"1|0|110000":3082,"2|0|111110":5,"2|0|111111":1,"1|1|101010":4369,"2|1|010010":70,"2|1|011100":136,"2|1|011101":154,"1|0|010001":3078,"1|0|010000":2639,"2|1|010011":94,"1|1|101011":4228,"1|0|111101":445,"2|0|100101":129,"2|0|100100":141,"1|0|110010":2700,"1|0|110011":2459,"1|0|111100":714,"2|0|110010":59,"2|0|111101":13,"2|0|110011":65,"2|0|111100":9,"2|1|011111":175,"1|0|010111":4751,"1|0|010110":4430,"2|1|011110":152,"1|1|101001":4699,"1|1|101000":4737,"1|0|110100":2206,"1|0|110101":2172,"2|0|100111":116,"2|0|100110":151,"2|1|000101":10,"2|0|001111":56,"2|1|000100":7,"2|0|001110":54,"1|0|011110":6544,"2|0|111011":18,"2|0|111010":30,"2|1|010111":110,"1|0|011111":6653,"2|1|010110":85,"1|0|110111":1654,"2|0|100001":167,"2|0|100000":127,"2|0|001001":29,"2|0|001000":10,"1|0|000101":4,"1|0|000100":4,"1|0|110110":1821,"1|0|010010":3165,"2|0|111000":42,"2|0|111001":24,"1|0|011101":6267,"2|1|010001":87,"1|0|010011":3647,"1|0|011100":6071,"2|1|010000":73}}
