{"probability":{"Group 13":"0.09449148719385186","Group 12":"0.004379090567289093","Group 11":"0.0","Group 10":"0.000728934913227557","Group  6":"0.0","Group  5":"0.0","Group  4":"0.0","Group  3":"0.0002094088067870769","Group  2":"0.0","Group  1":"0.00024358588832850938","Group  9":"0.00000867739452529289","Group  8":"0.0","Group  7":"0.8999388152359905"},"groups":{"Group 13":["Botan 1.5.6 & 1.11.29 & 2.1.0","Feitian JavaCOS A22 & A40","Gemalto GCX4 72K","HSM SafeNet Luna SA-1700","LibTomCrypt 1.17","Libgcrypt 1.6.0 & 1.6.5 & 1.7.6","Libgcrypt 1.6.0 FIPS & 1.6.5 FIPS","Nettle 3.2 & 3.3","Oberthur Cosmo 64","OpenSSL FIPS 2.0.12 & 2.0.14","PGPSDK 4","WolfSSL 2.0rc1 & 3.9.0 & 3.10.2","cryptlib 3.4.3 & 3.4.3.1"],"Group 12":["Bouncy Castle 1.53 (Java)","Cryptix JCE 20050328","FlexiProvider 1.7p7","HSM Utimaco Security Server Se50","Nettle 2.0","PolarSSL 0.10.0","PuTTY 0.67","SunRsaSign OpenJDK 1.8.0","mbedTLS 1.3.19 & 2.2.1 & 2.4.2"],"Group 11":["Bouncy Castle 1.54 (Java)","Crypto++ 5.6.0 & 5.6.3 & 5.6.5","Libgcrypt 1.7.6 FIPS","Microsoft CryptoAPI & CNG & .NET"],"Group 10":["NXP J2D081 & J2E145G","YubiKey NEO"],"Group  6":["Oberthur Cosmo Dual 72K"],"Group  5":["NXP J2A080 & J2A081 & J3A081 & JCOP 41 V2.2.1"],"Group  4":["Gemalto GXP E64"],"Group  3":["GNU Crypto 2.0.1"],"Group  2":["G&D SmartCafe 4.x & 6.0"],"Group  1":["G&D SmartCafe 3.2"],"Group  9":["Infineon JTOP 80K","YubiKey 4 & 4 Nano"],"Group  8":["PGPSDK 4 FIPS"],"Group  7":["OpenSSL 0.9.7 & 1.0.2g & 1.0.2k & 1.1.0e"]},"frequencies":{"1|1|000110":12,"2|1|100011":103,"2|1|101101":73,"1|1|000111":5,"2|1|101100":83,"2|1|100010":115,"2|0|000000":6,"2|0|000001":9,"1|0|111010":419,"1|0|111011":337,"1|1|011010":2184,"1|1|011011":2309,"2|0|110100":41,"2|0|110101":40,"1|0|100001":2601,"1|0|100000":2752,"2|1|100000":158,"1|1|000100":9,"2|1|100001":154,"2|0|000011":17,"2|0|001101":52,"2|0|001100":46,"2|0|000010":2,"1|1|000101":6,"2|1|010101":75,"2|0|011010":102,"2|1|010100":81,"2|0|011011":105,"1|0|100010":2484,"1|0|101100":1487,"1|0|101101":1498,"1|0|100011":2440,"2|1|100110":106,"1|1|110101":800,"2|1|100111":82,"2|0|000101":8,"2|0|000100":8,"1|0|111110":116,"1|1|110100":916,"1|0|111111":41,"1|0|100101":2210,"2|0|110001":55,"2|0|110000":52,"1|0|010101":1663,"1|0|010100":1487,"2|0|011001":100,"2|0|011000":107,"1|0|100100":2320,"2|1|100100":116,"2|1|100101":107,"2|0|000110":7,"2|0|000111":5,"1|0|111000":557,"1|0|111001":482,"2|0|110111":26,"2|0|110110":23,"2|0|011111":143,"2|0|011110":132,"1|0|100111":2054,"1|0|100110":2119,"1|1|001001":204,"1|0|001001":214,"1|0|001000":69,"1|1|001000":69,"1|1|110001":1180,"1|1|110000":1186,"1|1|010000":1117,"2|0|011101":141,"2|1|111111":2,"2|1|111110":8,"2|0|010010":66,"2|0|011100":106,"2|0|010011":77,"1|1|010001":1125,"1|0|101010":1779,"1|0|101011":1661,"1|0|001010":336,"1|1|001111":956,"1|0|001011":454,"1|1|001110":867,"2|1|101011":90,"2|1|101010":86,"1|1|110111":629,"1|1|110110":723,"1|1|010010":1289,"1|1|010011":1419,"1|1|011100":2331,"2|0|010001":60,"2|1|111001":22,"2|1|111000":30,"2|0|010000":68,"1|1|011101":2461,"1|1|000011":11,"1|1|001100":577,"1|1|001101":632,"2|1|101001":93,"1|1|000010":11,"2|1|101000":106,"1|1|111110":107,"1|1|111111":38,"2|1|111010":22,"1|1|011110":2599,"1|1|011111":2714,"2|0|010111":96,"2|1|001000":10,"2|1|001001":22,"2|1|111011":16,"2|0|010110":94,"1|0|101111":1276,"1|1|100101":2164,"1|1|100100":2317,"1|0|101110":1324,"1|1|000000":9,"1|1|000001":7,"2|1|101111":77,"2|1|101110":80,"1|1|110010":1090,"1|1|111101":193,"1|1|110011":1054,"1|1|111100":268,"1|1|011000":1957,"1|1|011001":2084,"2|1|001010":20,"2|0|010100":87,"2|1|001011":34,"2|0|010101":75,"1|0|101001":1863,"1|0|101000":1966,"1|0|000110":9,"2|0|101101":86,"2|0|100011":112,"2|0|101100":87,"2|0|100010":122,"2|1|000001":7,"2|1|000000":7,"1|1|111011":333,"1|0|000111":4,"1|1|111010":420,"1|0|011011":2307,"2|1|110100":42,"1|0|011010":2253,"2|1|001100":32,"2|1|110101":40,"2|1|001101":40,"1|1|100001":2606,"1|1|100000":2679,"1|0|000000":15,"2|0|101111":67,"2|0|101110":75,"2|1|000111":10,"2|1|000110":8,"1|1|111000":567,"1|0|000001":12,"1|1|111001":468,"1|0|011000":1952,"2|1|001110":47,"2|1|110111":39,"2|1|001111":59,"2|1|110110":26,"1|0|011001":2071,"1|1|100111":1993,"1|1|100110":2117,"1|0|000011":12,"1|0|001100":592,"1|0|000010":7,"2|0|101001":97,"2|0|101000":103,"1|0|001101":718,"2|1|110001":54,"2|1|110000":62,"2|1|011001":124,"2|1|011000":91,"1|1|010100":1478,"1|1|010101":1654,"1|1|101111":1324,"1|1|101110":1387,"2|0|101010":93,"1|0|001111":924,"1|1|001010":326,"1|0|001110":822,"1|1|001011":452,"2|0|101011":92,"2|1|000011":12,"2|1|000010":11,"1|1|010110":1678,"2|1|111101":4,"2|1|110010":59,"2|1|111100":12,"2|1|110011":58,"2|1|011010":106,"2|1|011011":115,"1|1|010111":1815,"1|1|101101":1430,"1|1|100011":2425,"1|1|101100":1544,"1|1|100010":2546,"1|0|110001":1075,"2|0|001011":28,"2|0|001010":24,"1|0|110000":1239,"2|0|111110":4,"2|0|111111":3,"1|1|101010":1812,"2|1|010010":68,"2|1|011100":131,"2|1|011101":131,"1|0|010001":1210,"1|0|010000":1058,"2|1|010011":78,"1|1|101011":1574,"1|0|111101":195,"2|0|100101":126,"2|0|100100":104,"1|0|110010":1027,"1|0|110011":990,"1|0|111100":265,"2|0|110010":40,"2|0|111101":9,"2|0|110011":46,"2|0|111100":16,"2|1|011111":159,"1|0|010111":1858,"1|0|010110":1818,"2|1|011110":114,"1|1|101001":1805,"1|1|101000":2057,"1|0|110100":920,"1|0|110101":794,"2|0|100111":93,"2|0|100110":109,"2|1|000101":9,"2|0|001111":60,"2|1|000100":8,"2|0|001110":43,"1|0|011110":2569,"2|0|111011":15,"2|0|111010":20,"2|1|010111":101,"1|0|011111":2635,"2|1|010110":87,"1|0|110111":613,"2|0|100001":129,"2|0|100000":129,"2|0|001001":20,"2|0|001000":8,"1|0|000101":8,"1|0|000100":6,"1|0|110110":735,"1|0|010010":1223,"2|0|111000":27,"2|0|111001":31,"1|0|011101":2358,"2|1|010001":66,"1|0|010011":1442,"1|0|011100":2410,"2|1|010000":53}}
