{"probability":{"Group 13":"0.11538108102862306","Group 12":"0.38295750346241386","Group 11":"0.058768299967145915","Group 10":"0.0","Group  6":"0.0","Group  5":"0.0009196745737893117","Group  4":"0.013761581975796033","Group  3":"0.0","Group  2":"0.0","Group  1":"0.0","Group  9":"0.0014866740924091035","Group  8":"0.0","Group  7":"0.4267251848998228"},"groups":{"Group 13":["Botan 1.5.6 & 1.11.29 & 2.1.0","Feitian JavaCOS A22 & A40","Gemalto GCX4 72K","HSM SafeNet Luna SA-1700","LibTomCrypt 1.17","Libgcrypt 1.6.0 & 1.6.5 & 1.7.6","Libgcrypt 1.6.0 FIPS & 1.6.5 FIPS","Nettle 3.2 & 3.3","Oberthur Cosmo 64","OpenSSL FIPS 2.0.12 & 2.0.14","PGPSDK 4","WolfSSL 2.0rc1 & 3.9.0 & 3.10.2","cryptlib 3.4.3 & 3.4.3.1"],"Group 12":["Bouncy Castle 1.53 (Java)","Cryptix JCE 20050328","FlexiProvider 1.7p7","HSM Utimaco Security Server Se50","Nettle 2.0","PolarSSL 0.10.0","PuTTY 0.67","SunRsaSign OpenJDK 1.8.0","mbedTLS 1.3.19 & 2.2.1 & 2.4.2"],"Group 11":["Bouncy Castle 1.54 (Java)","Crypto++ 5.6.0 & 5.6.3 & 5.6.5","Libgcrypt 1.7.6 FIPS","Microsoft CryptoAPI & CNG & .NET"],"Group 10":["NXP J2D081 & J2E145G","YubiKey NEO"],"Group  6":["Oberthur Cosmo Dual 72K"],"Group  5":["NXP J2A080 & J2A081 & J3A081 & JCOP 41 V2.2.1"],"Group  4":["Gemalto GXP E64"],"Group  3":["GNU Crypto 2.0.1"],"Group  2":["G&D SmartCafe 4.x & 6.0"],"Group  1":["G&D SmartCafe 3.2"],"Group  9":["Infineon JTOP 80K","YubiKey 4 & 4 Nano"],"Group  8":["PGPSDK 4 FIPS"],"Group  7":["OpenSSL 0.9.7 & 1.0.2g & 1.0.2k & 1.1.0e"]},"frequencies":{"1|1|000110":8147,"2|1|100011":6860,"2|1|101101":4008,"1|1|000111":7859,"2|1|101100":4205,"2|1|100010":7340,"2|0|000000":8742,"2|0|000001":8568,"1|0|111010":4111,"1|0|111011":3433,"1|1|011010":24286,"1|1|011011":24901,"2|0|110100":2411,"2|0|110101":2196,"1|0|100001":26872,"1|0|100000":27880,"2|1|100000":7855,"1|1|000100":8338,"2|1|100001":7448,"2|0|000011":8526,"2|0|001101":8206,"2|0|001100":8281,"2|0|000010":8706,"1|1|000101":8204,"2|1|010101":8511,"2|0|011010":8258,"2|1|010100":8338,"2|0|011011":8278,"1|0|100010":25599,"1|0|101100":15920,"1|0|101101":15180,"1|0|100011":24967,"2|1|100110":5938,"1|1|110101":8120,"2|1|100111":5749,"2|0|000101":8244,"2|0|000100":8095,"1|0|111110":1053,"1|1|110100":9140,"1|0|111111":363,"1|0|100101":22585,"2|0|110001":3069,"2|0|110000":3304,"1|0|010101":20624,"1|0|010100":20122,"2|0|011001":8368,"2|0|011000":8291,"1|0|100100":23818,"2|1|100100":6435,"2|1|100101":6281,"2|0|000110":8253,"2|0|000111":7943,"1|0|111000":5699,"1|0|111001":5006,"2|0|110111":1698,"2|0|110110":1967,"2|0|011111":7990,"2|0|011110":8009,"1|0|100111":20682,"1|0|100110":21316,"1|1|001001":9424,"1|0|001001":9525,"1|0|001000":8404,"1|1|001000":8352,"1|1|110001":11661,"1|1|110000":12606,"1|1|010000":16277,"2|0|011101":8129,"2|1|111111":103,"2|1|111110":300,"2|0|010010":8349,"2|0|011100":8221,"2|0|010011":8398,"1|1|010001":17125,"1|0|101010":17836,"1|0|101011":16732,"1|0|001010":10512,"1|1|001111":15533,"1|0|001011":11665,"1|1|001110":14505,"2|1|101011":4574,"2|1|101010":4831,"1|1|110111":6536,"1|1|110110":7528,"1|1|010010":18133,"1|1|010011":18917,"1|1|011100":25846,"2|0|010001":8357,"2|1|111001":1366,"2|1|111000":1520,"2|0|010000":8428,"1|1|011101":26687,"1|1|000011":8464,"1|1|001100":12312,"1|1|001101":13404,"2|1|101001":5008,"1|1|000010":8625,"2|1|101000":5295,"1|1|111110":1158,"1|1|111111":347,"2|1|111010":1083,"1|1|011110":27272,"1|1|011111":28108,"2|0|010111":8249,"2|1|001000":7939,"2|1|001001":8096,"2|1|111011":908,"2|0|010110":8547,"1|0|101111":13372,"1|1|100101":22827,"1|1|100100":23640,"1|0|101110":14234,"1|1|000000":8877,"1|1|000001":8744,"2|1|101111":3504,"2|1|101110":3717,"1|1|110010":10714,"1|1|111101":1924,"1|1|110011":9696,"1|1|111100":2657,"1|1|011000":23043,"1|1|011001":23856,"2|1|001010":8246,"2|0|010100":8459,"2|1|001011":8217,"2|0|010101":8511,"1|0|101001":18804,"1|0|101000":19760,"1|0|000110":8021,"2|0|101101":4186,"2|0|100011":6932,"2|0|101100":4408,"2|0|100010":7117,"2|1|000001":8565,"2|1|000000":8976,"1|1|111011":3418,"1|0|000111":7966,"1|1|111010":4216,"1|0|011011":25103,"2|1|110100":2368,"1|0|011010":24394,"2|1|001100":8087,"2|1|110101":2149,"2|1|001101":8269,"1|1|100001":26671,"1|1|100000":28012,"1|0|000000":8849,"2|0|101111":3598,"2|0|101110":3721,"2|1|000111":7809,"2|1|000110":8124,"1|1|111000":5769,"1|0|000001":8670,"1|1|111001":4930,"1|0|011000":22876,"2|1|001110":8279,"2|1|110111":1718,"2|1|001111":8379,"2|1|110110":1961,"1|0|011001":23721,"1|1|100111":20839,"1|1|100110":21689,"1|0|000011":8429,"1|0|001100":12649,"1|0|000010":8339,"2|0|101001":5078,"2|0|101000":5406,"1|0|001101":13452,"2|1|110001":3011,"2|1|110000":3311,"2|1|011001":8172,"2|1|011000":8437,"1|1|010100":19994,"1|1|010101":20460,"1|1|101111":13371,"1|1|101110":14000,"2|0|101010":4832,"1|0|001111":15306,"1|1|001010":10531,"1|0|001110":14305,"1|1|001011":11258,"2|0|101011":4536,"2|1|000011":8534,"2|1|000010":8623,"1|1|010110":21523,"2|1|111101":510,"2|1|110010":2698,"2|1|111100":733,"2|1|110011":2611,"2|1|011010":8150,"2|1|011011":8161,"1|1|010111":22162,"1|1|101101":15299,"1|1|100011":24785,"1|1|101100":16159,"1|1|100010":25823,"1|0|110001":11700,"2|0|001011":8028,"2|0|001010":8157,"1|0|110000":12470,"2|0|111110":296,"2|0|111111":96,"1|1|101010":17892,"2|1|010010":8343,"2|1|011100":8203,"2|1|011101":8133,"1|0|010001":17131,"1|0|010000":16198,"2|1|010011":8280,"1|1|101011":16834,"1|0|111101":1915,"2|0|100101":6305,"2|0|100100":6419,"1|0|110010":10739,"1|0|110011":9758,"1|0|111100":2593,"2|0|110010":2777,"2|0|111101":490,"2|0|110011":2548,"2|0|111100":708,"2|1|011111":7988,"1|0|010111":22195,"1|0|010110":21083,"2|1|011110":8144,"1|1|101001":18860,"1|1|101000":19735,"1|0|110100":9016,"1|0|110101":8192,"2|0|100111":5450,"2|0|100110":5924,"2|1|000101":8208,"2|0|001111":8331,"2|1|000100":8339,"2|0|001110":8338,"1|0|011110":27407,"2|0|111011":915,"2|0|111010":1093,"2|1|010111":8512,"1|0|011111":27903,"2|1|010110":8320,"1|0|110111":6394,"2|0|100001":7509,"2|0|100000":7871,"2|0|001001":8127,"2|0|001000":7912,"1|0|000101":8189,"1|0|000100":8406,"1|0|110110":7350,"1|0|010010":18416,"2|0|111000":1515,"2|0|111001":1289,"1|0|011101":26518,"2|1|010001":8318,"1|0|010011":18692,"1|0|011100":26118,"2|1|010000":8327}}
