{"probability":{"Group 13":"0.07535080696407863","Group 12":"0.022920112915863995","Group 11":"0.2653025177865071","Group 10":"0.0","Group  6":"0.0","Group  5":"0.0","Group  4":"0.0025605650431495403","Group  3":"0.00027338427020824873","Group  2":"0.0","Group  1":"0.0","Group  9":"0.0002707777730074009","Group  8":"0.010340648294773967","Group  7":"0.622981186952411"},"groups":{"Group 13":["Botan 1.5.6 & 1.11.29 & 2.1.0","Feitian JavaCOS A22 & A40","Gemalto GCX4 72K","HSM SafeNet Luna SA-1700","LibTomCrypt 1.17","Libgcrypt 1.6.0 & 1.6.5 & 1.7.6","Libgcrypt 1.6.0 FIPS & 1.6.5 FIPS","Nettle 3.2 & 3.3","Oberthur Cosmo 64","OpenSSL FIPS 2.0.12 & 2.0.14","PGPSDK 4","WolfSSL 2.0rc1 & 3.9.0 & 3.10.2","cryptlib 3.4.3 & 3.4.3.1"],"Group 12":["Bouncy Castle 1.53 (Java)","Cryptix JCE 20050328","FlexiProvider 1.7p7","HSM Utimaco Security Server Se50","Nettle 2.0","PolarSSL 0.10.0","PuTTY 0.67","SunRsaSign OpenJDK 1.8.0","mbedTLS 1.3.19 & 2.2.1 & 2.4.2"],"Group 11":["Bouncy Castle 1.54 (Java)","Crypto++ 5.6.0 & 5.6.3 & 5.6.5","Libgcrypt 1.7.6 FIPS","Microsoft CryptoAPI & CNG & .NET"],"Group 10":["NXP J2D081 & J2E145G","YubiKey NEO"],"Group  6":["Oberthur Cosmo Dual 72K"],"Group  5":["NXP J2A080 & J2A081 & J3A081 & JCOP 41 V2.2.1"],"Group  4":["Gemalto GXP E64"],"Group  3":["GNU Crypto 2.0.1"],"Group  2":["G&D SmartCafe 4.x & 6.0"],"Group  1":["G&D SmartCafe 3.2"],"Group  9":["Infineon JTOP 80K","YubiKey 4 & 4 Nano"],"Group  8":["PGPSDK 4 FIPS"],"Group  7":["OpenSSL 0.9.7 & 1.0.2g & 1.0.2k & 1.1.0e"]},"frequencies":{"1|1|000110":6595,"2|1|100011":18947,"2|1|101101":11699,"1|1|000111":7335,"2|1|101100":12529,"2|1|100010":19756,"2|0|000000":2962,"2|0|000001":2845,"1|0|111010":17348,"1|0|111011":14419,"1|1|011010":98565,"1|1|011011":101452,"2|0|110100":7098,"2|0|110101":6538,"1|0|100001":109678,"1|0|100000":113309,"2|1|100000":21700,"1|1|000100":5128,"2|1|100001":20700,"2|0|000011":4281,"2|0|001101":12856,"2|0|001100":11842,"2|0|000010":3702,"1|1|000101":5851,"2|1|010101":19877,"2|0|011010":23400,"2|1|010100":18946,"2|0|011011":23580,"1|0|100010":104817,"1|0|101100":66612,"1|0|101101":62213,"1|0|100011":100933,"2|1|100110":16800,"1|1|110101":34637,"2|1|100111":15993,"2|0|000101":5791,"2|0|000100":5170,"1|0|111110":4932,"1|1|110100":37522,"1|0|111111":2171,"1|0|100101":92735,"2|0|110001":9046,"2|0|110000":9613,"1|0|010101":75888,"1|0|010100":71249,"2|0|011001":22840,"2|0|011000":22264,"1|0|100100":97222,"2|1|100100":18127,"2|1|100101":17334,"2|0|000110":6532,"2|0|000111":7134,"1|0|111000":24185,"1|0|111001":21049,"2|0|110111":5083,"2|0|110110":5931,"2|0|011111":21814,"2|0|011110":22413,"1|0|100111":85316,"1|0|100110":89497,"1|1|001001":15925,"1|0|001001":15852,"1|0|001000":10253,"1|1|001000":10479,"1|1|110001":48657,"1|1|110000":51888,"1|1|010000":51946,"2|0|011101":22448,"2|1|111111":850,"2|1|111110":1117,"2|0|010010":17270,"2|0|011100":22912,"2|0|010011":17743,"1|1|010001":56505,"1|0|101010":73756,"1|0|101011":70289,"1|0|001010":21270,"1|1|001111":47035,"1|0|001011":26505,"1|1|001110":41962,"2|1|101011":13219,"2|1|101010":13750,"1|1|110111":27739,"1|1|110110":30926,"1|1|010010":61667,"1|1|010011":66274,"1|1|011100":104574,"2|0|010001":16292,"2|1|111001":3845,"2|1|111000":4516,"2|0|010000":15367,"1|1|011101":107526,"1|1|000011":4445,"1|1|001100":31710,"1|1|001101":36684,"2|1|101001":14280,"1|1|000010":3628,"2|1|101000":15227,"1|1|111110":4997,"1|1|111111":2184,"2|1|111010":3288,"1|1|011110":110951,"1|1|011111":113851,"2|0|010111":21316,"2|1|001000":7902,"2|1|001001":8998,"2|1|111011":2769,"2|0|010110":20530,"1|0|101111":55612,"1|1|100101":93687,"1|1|100100":97192,"1|0|101110":59139,"1|1|000000":2948,"1|1|000001":2866,"2|1|101111":10419,"2|1|101110":10940,"1|1|110010":44765,"1|1|111101":8039,"1|1|110011":41120,"1|1|111100":11076,"1|1|011000":89388,"1|1|011001":93848,"2|1|001010":10141,"2|0|010100":18762,"2|1|001011":11100,"2|0|010101":19685,"1|0|101001":77729,"1|0|101000":81606,"1|0|000110":6378,"2|0|101101":11863,"2|0|100011":19063,"2|0|101100":12566,"2|0|100010":19693,"2|1|000001":2860,"2|1|000000":3011,"1|1|111011":14258,"1|0|000111":7176,"1|1|111010":17721,"1|0|011011":101017,"2|1|110100":6999,"1|0|011010":97996,"2|1|001100":11924,"2|1|110101":6490,"2|1|001101":12743,"1|1|100001":109344,"1|1|100000":113721,"1|0|000000":2915,"2|0|101111":10678,"2|0|101110":11085,"2|1|000111":7224,"2|1|000110":6418,"1|1|111000":24331,"1|0|000001":2846,"1|1|111001":20702,"1|0|011000":89658,"2|1|001110":13839,"2|1|110111":5211,"2|1|001111":14623,"2|1|110110":5844,"1|0|011001":93909,"1|1|100111":85471,"1|1|100110":89076,"1|0|000011":4344,"1|0|001100":31848,"1|0|000010":3656,"2|0|101001":14638,"2|0|101000":15363,"1|0|001101":36421,"2|1|110001":8993,"2|1|110000":9768,"2|1|011001":22979,"2|1|011000":21878,"1|1|010100":71323,"1|1|010101":75911,"1|1|101111":55255,"1|1|101110":59416,"2|0|101010":13917,"1|0|001111":46981,"1|1|001010":20999,"1|0|001110":42147,"1|1|001011":26699,"2|0|101011":13112,"2|1|000011":4261,"2|1|000010":3686,"1|1|010110":80656,"2|1|111101":1616,"2|1|110010":8334,"2|1|111100":2174,"2|1|110011":7818,"2|1|011010":23646,"2|1|011011":23359,"1|1|010111":84759,"1|1|101101":62197,"1|1|100011":101160,"1|1|101100":66768,"1|1|100010":105282,"1|0|110001":48562,"2|0|001011":11123,"2|0|001010":10207,"1|0|110000":52157,"2|0|111110":1057,"2|0|111111":856,"1|1|101010":73974,"2|1|010010":17273,"2|1|011100":22928,"2|1|011101":22451,"1|0|010001":57431,"1|0|010000":52028,"2|1|010011":17868,"1|1|101011":70220,"1|0|111101":8060,"2|0|100101":17300,"2|0|100100":18301,"1|0|110010":44710,"1|0|110011":41185,"1|0|111100":11207,"2|0|110010":8464,"2|0|111101":1571,"2|0|110011":7674,"2|0|111100":2165,"2|1|011111":21850,"1|0|010111":84715,"1|0|010110":80740,"2|1|011110":21869,"1|1|101001":77895,"1|1|101000":81284,"1|0|110100":37810,"1|0|110101":34163,"2|0|100111":15665,"2|0|100110":16657,"2|1|000101":5848,"2|0|001111":14477,"2|1|000100":5089,"2|0|001110":13752,"1|0|011110":111267,"2|0|111011":2790,"2|0|111010":3274,"2|1|010111":21535,"1|0|011111":113856,"2|1|010110":20462,"1|0|110111":27431,"2|0|100001":20740,"2|0|100000":21142,"2|0|001001":9101,"2|0|001000":7964,"1|0|000101":5840,"1|0|000100":5038,"1|0|110110":30941,"1|0|010010":61589,"2|0|111000":4708,"2|0|111001":4034,"1|0|011101":107781,"2|1|010001":16416,"1|0|010011":66359,"1|0|011100":104504,"2|1|010000":15466}}
