{"probability":{"Group 13":"0.03431016747557192","Group 12":"0.030575548170933237","Group 11":"0.2320280028104735","Group 10":"0.0","Group  6":"0.000013016248202849546","Group  5":"0.0","Group  4":"0.0013383471203570053","Group  3":"0.00012156176398835787","Group  2":"0.0","Group  1":"0.0","Group  9":"0.000049501510170438195","Group  8":"0.0048360951054019835","Group  7":"0.6967277597949009"},"groups":{"Group 13":["Botan 1.5.6 & 1.11.29 & 2.1.0","Feitian JavaCOS A22 & A40","Gemalto GCX4 72K","HSM SafeNet Luna SA-1700","LibTomCrypt 1.17","Libgcrypt 1.6.0 & 1.6.5 & 1.7.6","Libgcrypt 1.6.0 FIPS & 1.6.5 FIPS","Nettle 3.2 & 3.3","Oberthur Cosmo 64","OpenSSL FIPS 2.0.12 & 2.0.14","PGPSDK 4","WolfSSL 2.0rc1 & 3.9.0 & 3.10.2","cryptlib 3.4.3 & 3.4.3.1"],"Group 12":["Bouncy Castle 1.53 (Java)","Cryptix JCE 20050328","FlexiProvider 1.7p7","HSM Utimaco Security Server Se50","Nettle 2.0","PolarSSL 0.10.0","PuTTY 0.67","SunRsaSign OpenJDK 1.8.0","mbedTLS 1.3.19 & 2.2.1 & 2.4.2"],"Group 11":["Bouncy Castle 1.54 (Java)","Crypto++ 5.6.0 & 5.6.3 & 5.6.5","Libgcrypt 1.7.6 FIPS","Microsoft CryptoAPI & CNG & .NET"],"Group 10":["NXP J2D081 & J2E145G","YubiKey NEO"],"Group  6":["Oberthur Cosmo Dual 72K"],"Group  5":["NXP J2A080 & J2A081 & J3A081 & JCOP 41 V2.2.1"],"Group  4":["Gemalto GXP E64"],"Group  3":["GNU Crypto 2.0.1"],"Group  2":["G&D SmartCafe 4.x & 6.0"],"Group  1":["G&D SmartCafe 3.2"],"Group  9":["Infineon JTOP 80K","YubiKey 4 & 4 Nano"],"Group  8":["PGPSDK 4 FIPS"],"Group  7":["OpenSSL 0.9.7 & 1.0.2g & 1.0.2k & 1.1.0e"]},"frequencies":{"1|1|000110":7978,"2|1|100011":18315,"2|1|101101":11438,"1|1|000111":8585,"2|1|101100":12211,"2|1|100010":19370,"2|0|000000":3591,"2|0|000001":4055,"1|0|111010":23289,"1|0|111011":19156,"1|1|011010":129749,"1|1|011011":134620,"2|0|110100":6770,"2|0|110101":6312,"1|0|100001":145973,"1|0|100000":151639,"2|1|100000":20957,"1|1|000100":6190,"2|1|100001":20097,"2|0|000011":5592,"2|0|001101":13634,"2|0|001100":13159,"2|0|000010":4879,"1|1|000101":7046,"2|1|010101":20262,"2|0|011010":23877,"2|1|010100":19415,"2|0|011011":23558,"1|0|100010":139860,"1|0|101100":88828,"1|0|101101":83757,"1|0|100011":134859,"2|1|100110":16300,"1|1|110101":46124,"2|1|100111":15680,"2|0|000101":7124,"2|0|000100":6401,"1|0|111110":6470,"1|1|110100":50613,"1|0|111111":2442,"1|0|100101":123848,"2|0|110001":8856,"2|0|110000":9414,"1|0|010101":99707,"1|0|010100":93452,"2|0|011001":23112,"2|0|011000":22338,"1|0|100100":129905,"2|1|100100":17796,"2|1|100101":17108,"2|0|000110":7820,"2|0|000111":8612,"1|0|111000":32249,"1|0|111001":28032,"2|0|110111":5078,"2|0|110110":5741,"2|0|011111":21456,"2|0|011110":21902,"1|0|100111":113821,"1|0|100110":118852,"1|1|001001":19976,"1|0|001001":19841,"1|0|001000":12399,"1|1|001000":12787,"1|1|110001":64202,"1|1|110000":69415,"1|1|010000":68061,"2|0|011101":22385,"2|1|111111":696,"2|1|111110":970,"2|0|010010":17942,"2|0|011100":22808,"0|0|001110":1,"2|0|010011":18732,"1|1|010001":74485,"1|0|101010":98170,"1|0|101011":93516,"1|0|001010":26834,"1|1|001111":61085,"1|0|001011":34139,"1|1|001110":55079,"2|1|101011":12806,"2|1|101010":13482,"1|1|110111":36820,"1|1|110110":41207,"1|1|010010":81366,"1|1|010011":87465,"1|1|011100":138809,"2|0|010001":17132,"2|1|111001":3805,"2|1|111000":4485,"2|0|010000":16209,"1|1|011101":142939,"1|1|000011":5554,"1|1|001100":40722,"1|1|001101":47901,"2|1|101001":14090,"1|1|000010":4785,"2|1|101000":14929,"1|1|111110":6435,"1|1|111111":2530,"2|1|111010":3219,"1|1|011110":147019,"1|1|011111":151954,"2|0|010111":21638,"2|1|001000":9315,"2|1|001001":10547,"2|1|111011":2759,"2|0|010110":21220,"1|0|101111":73749,"1|1|100101":124378,"1|1|100100":129579,"1|0|101110":78776,"1|1|000000":3616,"1|1|000001":4200,"2|1|101111":10260,"2|1|101110":10928,"1|1|110010":59744,"1|1|111101":10660,"1|1|110011":55050,"1|1|111100":14809,"1|1|011000":118087,"1|1|011001":124291,"2|1|001010":11208,"2|0|010100":19425,"2|1|001011":12140,"2|0|010101":20195,"1|0|101001":103456,"1|0|101000":108923,"1|0|000110":7806,"2|0|101101":11503,"2|0|100011":18588,"2|0|101100":12097,"2|0|100010":19272,"2|1|000001":4104,"2|1|000000":3700,"1|1|111011":19146,"1|0|000111":8473,"1|1|111010":23589,"1|0|011011":133779,"2|1|110100":6675,"1|0|011010":129315,"2|1|001100":13004,"2|1|110101":6295,"2|1|001101":13868,"1|1|100001":145531,"1|1|100000":151602,"1|0|000000":3613,"2|0|101111":10152,"2|0|101110":10702,"2|1|000111":8403,"2|1|000110":7859,"1|1|111000":32127,"1|0|000001":4028,"1|1|111001":27586,"1|0|011000":117959,"2|1|001110":14621,"2|1|110111":5028,"2|1|001111":15736,"2|1|110110":5683,"1|0|011001":124256,"1|1|100111":113182,"1|1|100110":119213,"1|0|000011":5806,"1|0|001100":41205,"1|0|000010":4835,"2|0|101001":14107,"2|0|101000":14905,"1|0|001101":47462,"2|1|110001":8680,"2|1|110000":9436,"2|1|011001":23298,"2|1|011000":22414,"1|1|010100":93875,"1|1|010101":99412,"1|1|101111":73932,"1|1|101110":78662,"2|0|101010":13757,"1|0|001111":61470,"1|1|001010":26925,"1|0|001110":55112,"1|1|001011":34387,"2|0|101011":12897,"2|1|000011":5573,"2|1|000010":4922,"1|1|010110":106011,"2|1|111101":1545,"2|1|110010":8314,"2|1|111100":2067,"2|1|110011":7432,"2|1|011010":23841,"2|1|011011":23542,"1|1|010111":111772,"1|1|101101":83285,"1|1|100011":135419,"1|1|101100":88963,"1|1|100010":140405,"1|0|110001":63980,"2|0|001011":12239,"2|0|001010":11298,"1|0|110000":69398,"2|0|111110":1016,"2|0|111111":742,"1|1|101010":99132,"2|1|010010":17900,"2|1|011100":22886,"2|1|011101":22276,"1|0|010001":74426,"1|0|010000":67785,"2|1|010011":18745,"1|1|101011":93081,"1|0|111101":10599,"2|0|100101":16843,"2|0|100100":17761,"1|0|110010":59548,"1|0|110011":55111,"1|0|111100":14883,"2|0|110010":8136,"2|0|111101":1560,"2|0|110011":7579,"2|0|111100":2112,"2|1|011111":21180,"1|0|010111":111770,"1|0|010110":105869,"2|1|011110":21623,"1|1|101001":104682,"1|1|101000":108327,"1|0|110100":50540,"1|0|110101":46234,"2|0|100111":15569,"2|0|100110":16370,"2|1|000101":7054,"2|0|001111":15324,"2|1|000100":6425,"2|0|001110":14708,"1|0|011110":147768,"2|0|111011":2632,"2|0|111010":3166,"2|1|010111":21868,"1|0|011111":152293,"2|1|010110":20991,"1|0|110111":36601,"2|0|100001":19935,"2|0|100000":21144,"2|0|001001":10465,"2|0|001000":9521,"1|0|000101":7121,"1|0|000100":6418,"1|0|110110":41111,"1|0|010010":80987,"2|0|111000":4391,"2|0|111001":3866,"1|0|011101":143433,"2|1|010001":17167,"1|0|010011":87476,"1|0|011100":138330,"2|1|010000":16299}}
