{"probability":{"Group 13":"0.12811733768790076","Group 12":"0.02636318445648021","Group 11":"0.12982802101192176","Group 10":"0.0","Group  6":"0.0","Group  5":"0.0","Group  4":"0.004109171029822824","Group  3":"0.0007891629202438965","Group  2":"0.0","Group  1":"0.0","Group  9":"0.00035779902113184227","Group  8":"0.01285374491487436","Group  7":"0.6975815789576244"},"groups":{"Group 13":["Botan 1.5.6 & 1.11.29 & 2.1.0","Feitian JavaCOS A22 & A40","Gemalto GCX4 72K","HSM SafeNet Luna SA-1700","LibTomCrypt 1.17","Libgcrypt 1.6.0 & 1.6.5 & 1.7.6","Libgcrypt 1.6.0 FIPS & 1.6.5 FIPS","Nettle 3.2 & 3.3","Oberthur Cosmo 64","OpenSSL FIPS 2.0.12 & 2.0.14","PGPSDK 4","WolfSSL 2.0rc1 & 3.9.0 & 3.10.2","cryptlib 3.4.3 & 3.4.3.1"],"Group 12":["Bouncy Castle 1.53 (Java)","Cryptix JCE 20050328","FlexiProvider 1.7p7","HSM Utimaco Security Server Se50","Nettle 2.0","PolarSSL 0.10.0","PuTTY 0.67","SunRsaSign OpenJDK 1.8.0","mbedTLS 1.3.19 & 2.2.1 & 2.4.2"],"Group 11":["Bouncy Castle 1.54 (Java)","Crypto++ 5.6.0 & 5.6.3 & 5.6.5","Libgcrypt 1.7.6 FIPS","Microsoft CryptoAPI & CNG & .NET"],"Group 10":["NXP J2D081 & J2E145G","YubiKey NEO"],"Group  6":["Oberthur Cosmo Dual 72K"],"Group  5":["NXP J2A080 & J2A081 & J3A081 & JCOP 41 V2.2.1"],"Group  4":["Gemalto GXP E64"],"Group  3":["GNU Crypto 2.0.1"],"Group  2":["G&D SmartCafe 4.x & 6.0"],"Group  1":["G&D SmartCafe 3.2"],"Group  9":["Infineon JTOP 80K","YubiKey 4 & 4 Nano"],"Group  8":["PGPSDK 4 FIPS"],"Group  7":["OpenSSL 0.9.7 & 1.0.2g & 1.0.2k & 1.1.0e"]},"frequencies":{"1|1|000110":2147,"2|1|100011":7645,"2|1|101101":4657,"1|1|000111":2244,"2|1|101100":4957,"2|1|100010":7777,"2|0|000000":1854,"2|0|000001":1250,"1|0|111010":8787,"1|0|111011":7198,"1|1|011010":48306,"1|1|011011":49831,"2|0|110100":2830,"2|0|110101":2599,"1|0|100001":55309,"1|0|100000":57276,"2|1|100000":8776,"1|1|000100":1665,"2|1|100001":8283,"2|0|000011":1551,"2|0|001101":4423,"2|0|001100":4061,"2|0|000010":1439,"1|1|000101":1890,"2|1|010101":7115,"2|0|011010":8527,"2|1|010100":6746,"2|0|011011":8810,"1|0|100010":52798,"1|0|101100":33611,"1|0|101101":31412,"1|0|100011":50992,"2|1|100110":6713,"1|1|110101":17464,"2|1|100111":6360,"2|0|000101":1938,"2|0|000100":1746,"1|0|111110":2452,"1|1|110100":19001,"1|0|111111":911,"1|0|100101":46857,"2|0|110001":3670,"2|0|110000":3878,"1|0|010101":37062,"1|0|010100":34413,"2|0|011001":8226,"2|0|011000":8007,"1|0|100100":48844,"2|1|100100":7266,"2|1|100101":7044,"2|0|000110":2128,"2|0|000111":2235,"1|0|111000":12185,"1|0|111001":10650,"2|0|110111":2023,"2|0|110110":2456,"2|0|011111":8668,"2|0|011110":8764,"1|0|100111":43138,"1|0|100110":45248,"1|1|001001":6469,"1|0|001001":6601,"1|0|001000":3680,"1|1|001000":3771,"1|1|110001":24362,"1|1|110000":26446,"1|1|010000":24667,"2|0|011101":8714,"2|1|111111":274,"2|1|111110":480,"2|0|010010":6001,"2|0|011100":8655,"2|0|010011":6223,"1|1|010001":27290,"1|0|101010":37207,"1|0|101011":35380,"1|0|001010":9407,"1|1|001111":22133,"1|0|001011":11838,"1|1|001110":19610,"2|1|101011":5273,"2|1|101010":5587,"1|1|110111":13989,"1|1|110110":15687,"1|1|010010":29533,"1|1|010011":32118,"1|1|011100":52075,"2|0|010001":5720,"2|1|111001":1562,"2|1|111000":1825,"2|0|010000":5366,"1|1|011101":53711,"1|1|000011":1606,"1|1|001100":14645,"1|1|001101":17114,"2|1|101001":5822,"1|1|000010":1425,"2|1|101000":6185,"1|1|111110":2470,"1|1|111111":952,"2|1|111010":1324,"1|1|011110":55425,"1|1|011111":57406,"2|0|010111":7724,"2|1|001000":2473,"2|1|001001":2915,"2|1|111011":1136,"2|0|010110":7316,"1|0|101111":27963,"1|1|100101":47217,"1|1|100100":48853,"1|0|101110":30120,"1|1|000000":1834,"1|1|000001":1199,"2|1|101111":4176,"2|1|101110":4451,"1|1|110010":22740,"1|1|111101":4008,"1|1|110011":20751,"1|1|111100":5573,"1|1|011000":43706,"1|1|011001":45499,"2|1|001010":3343,"2|0|010100":6840,"2|1|001011":3751,"2|0|010101":7066,"1|0|101001":39151,"1|0|101000":41167,"1|0|000110":2060,"2|0|101101":4721,"2|0|100011":7608,"2|0|101100":4943,"2|0|100010":7828,"2|1|000001":1258,"2|1|000000":1816,"1|1|111011":7398,"1|0|000111":2278,"1|1|111010":9117,"1|0|011011":49687,"2|1|110100":2912,"1|0|011010":48065,"2|1|001100":4036,"2|1|110101":2618,"2|1|001101":4322,"1|1|100001":54994,"1|1|100000":57185,"1|0|000000":1831,"2|0|101111":4318,"2|0|101110":4468,"2|1|000111":2213,"2|1|000110":2068,"1|1|111000":12187,"1|0|000001":1236,"1|1|111001":10464,"1|0|011000":43672,"2|1|001110":4772,"2|1|110111":2141,"2|1|001111":5103,"2|1|110110":2332,"1|0|011001":45866,"1|1|100111":43085,"1|1|100110":44972,"1|0|000011":1636,"1|0|001100":14440,"1|0|000010":1434,"2|0|101001":5885,"2|0|101000":6174,"1|0|001101":16982,"2|1|110001":3637,"2|1|110000":4010,"2|1|011001":8240,"2|1|011000":7939,"1|1|010100":34627,"1|1|010101":36682,"1|1|101111":27834,"1|1|101110":29927,"2|0|101010":5736,"1|0|001111":22100,"1|1|001010":9106,"1|0|001110":19758,"1|1|001011":11912,"2|0|101011":5262,"2|1|000011":1591,"2|1|000010":1369,"1|1|010110":39468,"2|1|111101":701,"2|1|110010":3306,"2|1|111100":859,"2|1|110011":3134,"2|1|011010":8597,"2|1|011011":8720,"1|1|010111":41306,"1|1|101101":31481,"1|1|100011":51169,"1|1|101100":33568,"1|1|100010":52889,"1|0|110001":24589,"2|0|001011":3713,"2|0|001010":3350,"1|0|110000":26282,"2|0|111110":455,"2|0|111111":304,"1|1|101010":37272,"2|1|010010":6201,"2|1|011100":8634,"2|1|011101":8619,"1|0|010001":27421,"1|0|010000":24802,"2|1|010011":6443,"1|1|101011":35093,"1|0|111101":4122,"2|0|100101":6945,"2|0|100100":7330,"1|0|110010":22669,"1|0|110011":20627,"1|0|111100":5685,"2|0|110010":3418,"2|0|111101":679,"2|0|110011":3055,"2|0|111100":899,"2|1|011111":8728,"1|0|010111":41392,"1|0|010110":39167,"2|1|011110":8511,"1|1|101001":39418,"1|1|101000":40698,"1|0|110100":18831,"1|0|110101":17364,"2|0|100111":6426,"2|0|100110":6622,"2|1|000101":1923,"2|0|001111":5022,"2|1|000100":1727,"2|0|001110":4744,"1|0|011110":55620,"2|0|111011":1131,"2|0|111010":1323,"2|1|010111":7834,"1|0|011111":57537,"2|1|010110":7335,"1|0|110111":13881,"2|0|100001":8337,"2|0|100000":8523,"2|0|001001":2978,"2|0|001000":2512,"1|0|000101":1897,"1|0|000100":1778,"1|0|110110":15756,"1|0|010010":29435,"2|0|111000":1873,"2|0|111001":1601,"1|0|011101":53552,"2|1|010001":5829,"1|0|010011":31940,"1|0|011100":52061,"2|1|010000":5487}}
