{"probability":{"Group 13":"0.056942163869739014","Group 12":"0.02595320079219463","Group 11":"0.053519126831890765","Group 10":"0.000005116995734694864","Group  6":"0.0003608046623603354","Group  5":"0.0","Group  4":"0.003273222424362536","Group  3":"0.0","Group  2":"0.00007785727441775383","Group  1":"0.0","Group  9":"0.0004917847992551202","Group  8":"0.00670413534943495","Group  7":"0.8526725870006102"},"groups":{"Group 13":["Botan 1.5.6 & 1.11.29 & 2.1.0","Feitian JavaCOS A22 & A40","Gemalto GCX4 72K","HSM SafeNet Luna SA-1700","LibTomCrypt 1.17","Libgcrypt 1.6.0 & 1.6.5 & 1.7.6","Libgcrypt 1.6.0 FIPS & 1.6.5 FIPS","Nettle 3.2 & 3.3","Oberthur Cosmo 64","OpenSSL FIPS 2.0.12 & 2.0.14","PGPSDK 4","WolfSSL 2.0rc1 & 3.9.0 & 3.10.2","cryptlib 3.4.3 & 3.4.3.1"],"Group 12":["Bouncy Castle 1.53 (Java)","Cryptix JCE 20050328","FlexiProvider 1.7p7","HSM Utimaco Security Server Se50","Nettle 2.0","PolarSSL 0.10.0","PuTTY 0.67","SunRsaSign OpenJDK 1.8.0","mbedTLS 1.3.19 & 2.2.1 & 2.4.2"],"Group 11":["Bouncy Castle 1.54 (Java)","Crypto++ 5.6.0 & 5.6.3 & 5.6.5","Libgcrypt 1.7.6 FIPS","Microsoft CryptoAPI & CNG & .NET"],"Group 10":["NXP J2D081 & J2E145G","YubiKey NEO"],"Group  6":["Oberthur Cosmo Dual 72K"],"Group  5":["NXP J2A080 & J2A081 & J3A081 & JCOP 41 V2.2.1"],"Group  4":["Gemalto GXP E64"],"Group  3":["GNU Crypto 2.0.1"],"Group  2":["G&D SmartCafe 4.x & 6.0"],"Group  1":["G&D SmartCafe 3.2"],"Group  9":["Infineon JTOP 80K","YubiKey 4 & 4 Nano"],"Group  8":["PGPSDK 4 FIPS"],"Group  7":["OpenSSL 0.9.7 & 1.0.2g & 1.0.2k & 1.1.0e"]},"frequencies":{"1|1|000110":2462,"2|1|100011":6518,"2|1|101101":3956,"1|1|000111":2691,"2|1|101100":4307,"2|1|100010":6767,"2|0|000000":2233,"2|0|000001":1897,"1|0|111010":18200,"1|0|111011":14894,"1|1|011010":97308,"1|1|011011":101736,"2|0|110100":2341,"2|0|110101":2241,"1|0|100001":113836,"1|0|100000":118696,"2|1|100000":7479,"1|1|000100":2279,"2|1|100001":7110,"2|0|000011":2149,"2|0|001101":4290,"2|0|001100":4141,"2|0|000010":2100,"1|1|000101":2371,"2|1|010101":6382,"2|0|011010":7541,"2|1|010100":6168,"2|0|011011":7830,"1|0|100010":109141,"1|0|101100":69141,"1|0|101101":65250,"1|0|100011":105442,"2|1|100110":5814,"1|1|110101":36200,"2|1|100111":5467,"2|0|000101":2300,"2|0|000100":2290,"1|0|111110":4933,"1|1|110100":39222,"1|0|111111":2072,"1|0|100101":97345,"2|0|110001":3130,"2|0|110000":3303,"1|0|010101":74219,"1|0|010100":69103,"2|0|011001":7122,"2|0|011000":7082,"1|0|100100":101252,"2|1|100100":6140,"2|1|100101":6085,"2|0|000110":2531,"2|0|000111":2604,"1|0|111000":25165,"1|0|111001":21732,"2|0|110111":1785,"2|0|110110":2028,"2|0|011111":7629,"2|0|011110":7466,"1|0|100111":88971,"1|0|100110":93227,"1|1|001001":11452,"1|0|001001":11324,"1|0|001000":5543,"1|1|001000":5591,"1|1|110001":50074,"1|1|110000":53895,"1|1|010000":49131,"2|0|011101":7347,"2|1|111111":576,"2|1|111110":417,"2|0|010010":5532,"2|0|011100":7467,"2|0|010011":5788,"1|1|010001":54003,"1|0|101010":76863,"1|0|101011":72786,"1|0|001010":17036,"1|1|001111":43677,"1|0|001011":22496,"1|1|001110":38698,"2|1|101011":4567,"2|1|101010":4717,"1|1|110111":28955,"1|1|110110":32048,"1|1|010010":59468,"1|1|010011":63778,"1|1|011100":105644,"2|0|010001":5403,"2|1|111001":1297,"2|1|111000":1546,"2|0|010000":5175,"1|1|011101":109899,"1|1|000011":2184,"1|1|001100":27831,"1|1|001101":33237,"2|1|101001":5008,"1|1|000010":2111,"2|1|101000":5278,"1|1|111110":5061,"1|1|111111":2105,"2|1|111010":1098,"1|1|011110":114248,"1|1|011111":118482,"2|0|010111":6647,"2|1|001000":2879,"2|1|001001":3180,"2|1|111011":946,"2|0|010110":6668,"1|0|101111":58095,"1|1|100101":97672,"1|1|100100":101308,"1|0|101110":61778,"1|1|000000":2166,"1|1|000001":1996,"2|1|101111":3497,"2|1|101110":3822,"1|1|110010":46922,"1|1|111101":8379,"1|1|110011":42643,"1|1|111100":11640,"1|1|011000":87768,"1|1|011001":93420,"2|1|001010":3413,"2|0|010100":6162,"2|1|001011":3805,"2|0|010101":6475,"1|0|101001":80381,"1|0|101000":84987,"1|0|000110":2490,"2|0|101101":4066,"2|0|100011":6450,"2|0|101100":4284,"2|0|100010":6845,"2|1|000001":1942,"2|1|000000":2227,"1|1|111011":14953,"1|0|000111":2620,"1|1|111010":18323,"1|0|011011":100818,"2|1|110100":2328,"1|0|011010":97081,"2|1|001100":4021,"2|1|110101":2148,"2|1|001101":4313,"1|1|100001":113879,"1|1|100000":118148,"1|0|000000":2143,"2|0|101111":3612,"2|0|101110":3740,"2|1|000111":2552,"2|1|000110":2499,"1|1|111000":25290,"1|0|000001":1895,"1|1|111001":21853,"1|0|011000":88050,"2|1|001110":4582,"2|1|110111":1848,"2|1|001111":4976,"2|1|110110":1980,"1|0|011001":92588,"1|1|100111":89029,"1|1|100110":92637,"1|0|000011":2180,"1|0|001100":28061,"1|0|000010":2093,"2|0|101001":5002,"2|0|101000":5382,"1|0|001101":32969,"2|1|110001":3102,"2|1|110000":3357,"0|0|101101":1,"2|1|011001":7452,"0|1|000000":1,"2|1|011000":7037,"1|1|010100":69095,"1|1|010101":73832,"1|1|101111":57537,"1|1|101110":61543,"2|0|101010":4853,"1|0|001111":43784,"1|1|001010":16810,"1|0|001110":38646,"1|1|001011":22588,"2|0|101011":4519,"2|1|000011":2119,"2|1|000010":2121,"1|1|010110":78114,"2|1|111101":539,"2|1|110010":2807,"2|1|111100":719,"2|1|110011":2658,"2|1|011010":7558,"2|1|011011":7537,"1|1|010111":83296,"1|1|101101":64875,"1|1|100011":105887,"1|1|101100":69367,"1|1|100010":109431,"1|0|110001":50166,"2|0|001011":3738,"2|0|001010":3422,"1|0|110000":54483,"2|0|111110":400,"2|0|111111":556,"1|1|101010":77028,"2|1|010010":5615,"2|1|011100":7641,"2|1|011101":7468,"1|0|010001":53702,"1|0|010000":48605,"2|1|010011":5788,"1|1|101011":72862,"1|0|111101":8360,"2|0|100101":5967,"2|0|100100":6414,"1|0|110010":46670,"1|0|110011":42901,"1|0|111100":11694,"2|0|110010":2888,"2|0|111101":579,"2|0|110011":2733,"2|0|111100":727,"2|1|011111":7598,"1|0|010111":83349,"1|0|010110":78779,"2|1|011110":7453,"1|1|101001":81148,"1|1|101000":84336,"1|0|110100":39299,"1|0|110101":35694,"2|0|100111":5426,"2|0|100110":5826,"2|1|000101":2386,"2|0|001111":4757,"2|1|000100":2287,"2|0|001110":4534,"1|0|011110":114673,"2|0|111011":917,"2|0|111010":1106,"2|1|010111":6946,"1|0|011111":118780,"2|1|010110":6531,"1|0|110111":28729,"2|0|100001":7306,"2|0|100000":7469,"2|0|001001":3203,"2|0|001000":2849,"1|0|000101":2474,"1|0|000100":2277,"1|0|110110":32138,"1|0|010010":58875,"2|0|111000":1534,"2|0|111001":1312,"1|0|011101":110260,"2|1|010001":5428,"1|0|010011":63999,"1|0|011100":105772,"2|1|010000":5013}}
