{"probability":{"Group 13":"0.06705311671330343","Group 12":"0.01953386182213834","Group 11":"0.01610194178627379","Group 10":"0.0","Group  6":"0.0","Group  5":"0.0","Group  4":"0.0018998020181264454","Group  3":"0.0","Group  2":"0.00001419671516073835","Group  1":"0.00029245584064994755","Group  9":"0.0003246675255062024","Group  8":"0.0","Group  7":"0.894779957578841"},"groups":{"Group 13":["Botan 1.5.6 & 1.11.29 & 2.1.0","Feitian JavaCOS A22 & A40","Gemalto GCX4 72K","HSM SafeNet Luna SA-1700","LibTomCrypt 1.17","Libgcrypt 1.6.0 & 1.6.5 & 1.7.6","Libgcrypt 1.6.0 FIPS & 1.6.5 FIPS","Nettle 3.2 & 3.3","Oberthur Cosmo 64","OpenSSL FIPS 2.0.12 & 2.0.14","PGPSDK 4","WolfSSL 2.0rc1 & 3.9.0 & 3.10.2","cryptlib 3.4.3 & 3.4.3.1"],"Group 12":["Bouncy Castle 1.53 (Java)","Cryptix JCE 20050328","FlexiProvider 1.7p7","HSM Utimaco Security Server Se50","Nettle 2.0","PolarSSL 0.10.0","PuTTY 0.67","SunRsaSign OpenJDK 1.8.0","mbedTLS 1.3.19 & 2.2.1 & 2.4.2"],"Group 11":["Bouncy Castle 1.54 (Java)","Crypto++ 5.6.0 & 5.6.3 & 5.6.5","Libgcrypt 1.7.6 FIPS","Microsoft CryptoAPI & CNG & .NET"],"Group 10":["NXP J2D081 & J2E145G","YubiKey NEO"],"Group  6":["Oberthur Cosmo Dual 72K"],"Group  5":["NXP J2A080 & J2A081 & J3A081 & JCOP 41 V2.2.1"],"Group  4":["Gemalto GXP E64"],"Group  3":["GNU Crypto 2.0.1"],"Group  2":["G&D SmartCafe 4.x & 6.0"],"Group  1":["G&D SmartCafe 3.2"],"Group  9":["Infineon JTOP 80K","YubiKey 4 & 4 Nano"],"Group  8":["PGPSDK 4 FIPS"],"Group  7":["OpenSSL 0.9.7 & 1.0.2g & 1.0.2k & 1.1.0e"]},"frequencies":{"1|1|000110":360,"2|1|100011":1252,"2|1|101101":830,"1|1|000111":355,"2|1|101100":885,"2|1|100010":1363,"2|0|000000":323,"2|0|000001":311,"1|0|111010":4984,"1|0|111011":4068,"1|1|011010":26117,"1|1|011011":27333,"2|0|110100":489,"2|0|110101":419,"1|0|100001":30916,"1|0|100000":32174,"2|1|100000":1486,"1|1|000100":356,"2|1|100001":1414,"2|0|000011":334,"2|0|001101":715,"2|0|001100":680,"2|0|000010":325,"1|1|000101":349,"2|1|010101":1186,"2|0|011010":1393,"2|1|010100":1077,"2|0|011011":1445,"1|0|100010":29631,"1|0|101100":18535,"1|0|101101":17497,"1|0|100011":29024,"2|1|100110":1149,"1|1|110101":9628,"2|1|100111":1135,"2|0|000101":381,"2|0|000100":383,"1|0|111110":1359,"1|1|110100":10578,"1|0|111111":437,"1|0|100101":26289,"2|0|110001":610,"2|0|110000":724,"1|0|010101":19684,"1|0|010100":18107,"2|0|011001":1333,"2|0|011000":1331,"1|0|100100":27533,"2|1|100100":1271,"2|1|100101":1190,"2|0|000110":387,"2|0|000111":366,"1|0|111000":6763,"1|0|111001":5878,"2|0|110111":365,"2|0|110110":382,"2|0|011111":1486,"2|0|011110":1506,"1|0|100111":24167,"1|0|100110":24965,"1|1|001001":2731,"1|0|001001":2751,"1|0|001000":1161,"1|1|001000":1174,"1|1|110001":13573,"1|1|110000":14480,"1|1|010000":12606,"2|0|011101":1522,"2|1|111111":31,"2|1|111110":62,"2|0|010010":974,"2|0|011100":1441,"2|0|010011":1043,"1|1|010001":14283,"1|0|101010":20726,"1|0|101011":19783,"1|0|001010":4207,"1|1|001111":11607,"1|0|001011":5792,"1|1|001110":10002,"2|1|101011":865,"2|1|101010":982,"1|1|110111":7719,"1|1|110110":8630,"1|1|010010":15727,"1|1|010011":16983,"1|1|011100":28630,"2|0|010001":918,"2|1|111001":254,"2|1|111000":280,"2|0|010000":916,"1|1|011101":29659,"1|1|000011":331,"1|1|001100":7072,"1|1|001101":8595,"2|1|101001":1009,"1|1|000010":296,"2|1|101000":1069,"1|1|111110":1269,"1|1|111111":444,"2|1|111010":219,"1|1|011110":31049,"1|1|011111":32194,"2|0|010111":1216,"2|1|001000":430,"2|1|001001":495,"2|1|111011":188,"2|0|010110":1180,"1|0|101111":15610,"1|1|100101":26500,"1|1|100100":27802,"1|0|101110":16557,"1|1|000000":330,"1|1|000001":324,"2|1|101111":731,"2|1|101110":821,"1|1|110010":12653,"1|1|111101":2232,"1|1|110011":11826,"1|1|111100":3218,"1|1|011000":23705,"1|1|011001":24724,"2|1|001010":521,"2|0|010100":1069,"2|1|001011":654,"2|0|010101":1132,"1|0|101001":21718,"1|0|101000":23211,"1|0|000110":382,"2|0|101101":838,"2|0|100011":1394,"2|0|101100":867,"2|0|100010":1390,"2|1|000001":352,"2|1|000000":336,"1|1|111011":4060,"1|0|000111":367,"1|1|111010":4975,"1|0|011011":27203,"2|1|110100":489,"1|0|011010":26017,"2|1|001100":721,"2|1|110101":483,"2|1|001101":708,"1|1|100001":30791,"1|1|100000":31606,"1|0|000000":311,"2|0|101111":723,"2|0|101110":766,"2|1|000111":369,"2|1|000110":356,"1|1|111000":6897,"1|0|000001":327,"1|1|111001":5971,"1|0|011000":23532,"2|1|001110":786,"2|1|110111":341,"2|1|001111":826,"2|1|110110":425,"1|0|011001":24908,"1|1|100111":24228,"1|1|100110":25318,"1|0|000011":344,"1|0|001100":7190,"1|0|000010":334,"2|0|101001":979,"2|0|101000":1105,"1|0|001101":8725,"2|1|110001":619,"2|1|110000":732,"2|1|011001":1387,"2|1|011000":1350,"1|1|010100":18360,"1|1|010101":19981,"1|1|101111":15574,"1|1|101110":16872,"2|0|101010":995,"1|0|001111":11449,"1|1|001010":4196,"1|0|001110":10094,"1|1|001011":5777,"2|0|101011":885,"2|1|000011":360,"2|1|000010":349,"1|1|010110":21303,"2|1|111101":80,"2|1|110010":573,"2|1|111100":136,"2|1|110011":483,"2|1|011010":1338,"2|1|011011":1347,"1|1|010111":22334,"1|1|101101":17787,"1|1|100011":28489,"1|1|101100":18803,"1|1|100010":29677,"1|0|110001":13463,"2|0|001011":647,"2|0|001010":527,"1|0|110000":14715,"2|0|111110":71,"2|0|111111":20,"1|1|101010":21119,"2|1|010010":988,"2|1|011100":1537,"2|1|011101":1498,"1|0|010001":14314,"1|0|010000":12832,"2|1|010011":1047,"1|1|101011":19878,"1|0|111101":2200,"2|0|100101":1274,"2|0|100100":1215,"1|0|110010":12545,"1|0|110011":11625,"1|0|111100":3173,"2|0|110010":526,"2|0|111101":124,"2|0|110011":535,"2|0|111100":119,"2|1|011111":1574,"1|0|010111":22177,"1|0|010110":20864,"2|1|011110":1464,"1|1|101001":22022,"1|1|101000":22817,"1|0|110100":10559,"1|0|110101":9827,"2|0|100111":1120,"2|0|100110":1229,"2|1|000101":401,"2|0|001111":898,"2|1|000100":402,"2|0|001110":801,"1|0|011110":30557,"2|0|111011":192,"2|0|111010":225,"2|1|010111":1232,"1|0|011111":32294,"2|1|010110":1177,"1|0|110111":7784,"2|0|100001":1501,"2|0|100000":1524,"2|0|001001":493,"2|0|001000":444,"1|0|000101":355,"1|0|000100":342,"1|0|110110":8716,"1|0|010010":15585,"2|0|111000":305,"2|0|111001":262,"1|0|011101":29803,"2|1|010001":955,"1|0|010011":17102,"1|0|011100":28521,"2|1|010000":985}}
