{"probability":{"Group 13":"0.028677730805718085","Group 12":"0.027385255081549004","Group 11":"0.38249496185985216","Group 10":"0.0","Group  6":"0.0","Group  5":"0.0","Group  4":"0.0015189868000252053","Group  3":"0.0","Group  2":"0.0","Group  1":"0.0","Group  9":"0.0002382714330311976","Group  8":"0.008114386057064937","Group  7":"0.5515704079627594"},"groups":{"Group 13":["Botan 1.5.6 & 1.11.29 & 2.1.0","Feitian JavaCOS A22 & A40","Gemalto GCX4 72K","HSM SafeNet Luna SA-1700","LibTomCrypt 1.17","Libgcrypt 1.6.0 & 1.6.5 & 1.7.6","Libgcrypt 1.6.0 FIPS & 1.6.5 FIPS","Nettle 3.2 & 3.3","Oberthur Cosmo 64","OpenSSL FIPS 2.0.12 & 2.0.14","PGPSDK 4","WolfSSL 2.0rc1 & 3.9.0 & 3.10.2","cryptlib 3.4.3 & 3.4.3.1"],"Group 12":["Bouncy Castle 1.53 (Java)","Cryptix JCE 20050328","FlexiProvider 1.7p7","HSM Utimaco Security Server Se50","Nettle 2.0","PolarSSL 0.10.0","PuTTY 0.67","SunRsaSign OpenJDK 1.8.0","mbedTLS 1.3.19 & 2.2.1 & 2.4.2"],"Group 11":["Bouncy Castle 1.54 (Java)","Crypto++ 5.6.0 & 5.6.3 & 5.6.5","Libgcrypt 1.7.6 FIPS","Microsoft CryptoAPI & CNG & .NET"],"Group 10":["NXP J2D081 & J2E145G","YubiKey NEO"],"Group  6":["Oberthur Cosmo Dual 72K"],"Group  5":["NXP J2A080 & J2A081 & J3A081 & JCOP 41 V2.2.1"],"Group  4":["Gemalto GXP E64"],"Group  3":["GNU Crypto 2.0.1"],"Group  2":["G&D SmartCafe 4.x & 6.0"],"Group  1":["G&D SmartCafe 3.2"],"Group  9":["Infineon JTOP 80K","YubiKey 4 & 4 Nano"],"Group  8":["PGPSDK 4 FIPS"],"Group  7":["OpenSSL 0.9.7 & 1.0.2g & 1.0.2k & 1.1.0e"]},"frequencies":{"1|1|000110":4607,"2|1|100011":11332,"2|1|101101":7065,"1|1|000111":5207,"2|1|101100":7398,"2|1|100010":11957,"2|0|000000":1346,"2|0|000001":1883,"1|0|111010":8562,"1|0|111011":6994,"1|1|011010":49468,"1|1|011011":50892,"2|0|110100":4262,"2|0|110101":3855,"1|0|100001":53447,"1|0|100000":55360,"2|1|100000":12811,"1|1|000100":3560,"2|1|100001":12426,"2|0|000011":2984,"2|0|001101":8578,"2|0|001100":7959,"2|0|000010":2519,"1|1|000101":4178,"2|1|010101":12670,"2|0|011010":14729,"2|1|010100":12261,"2|0|011011":14714,"1|0|100010":51666,"1|0|101100":32486,"1|0|101101":30503,"1|0|100011":49270,"2|1|100110":10014,"1|1|110101":16926,"2|1|100111":9664,"2|0|000101":4108,"2|0|000100":3616,"1|0|111110":2366,"1|1|110100":18294,"1|0|111111":1172,"1|0|100101":45584,"2|0|110001":5337,"2|0|110000":5810,"1|0|010101":38454,"1|0|010100":36401,"2|0|011001":14538,"2|0|011000":14066,"1|0|100100":47770,"2|1|100100":10932,"2|1|100101":10274,"2|0|000110":4643,"2|0|000111":5046,"1|0|111000":11765,"1|0|111001":10205,"2|0|110111":2989,"2|0|110110":3528,"2|0|011111":13105,"2|0|011110":13552,"1|0|100111":41631,"1|0|100110":43669,"1|1|001001":9395,"1|0|001001":9339,"1|0|001000":6736,"1|1|001000":6847,"1|1|110001":23765,"1|1|110000":25384,"1|1|010000":26997,"2|0|011101":13849,"2|1|111111":547,"2|1|111110":623,"2|0|010010":11221,"2|0|011100":14263,"2|0|010011":11464,"1|1|010001":28999,"1|0|101010":36106,"1|0|101011":34253,"1|0|001010":11983,"1|1|001111":24768,"1|0|001011":14750,"1|1|001110":22323,"2|1|101011":7878,"2|1|101010":8107,"1|1|110111":13506,"1|1|110110":15217,"1|1|010010":31845,"1|1|010011":34170,"1|1|011100":52083,"2|0|010001":10642,"2|1|111001":2325,"2|1|111000":2718,"2|0|010000":10061,"1|1|011101":53073,"1|1|000011":3090,"1|1|001100":16962,"1|1|001101":19637,"2|1|101001":8631,"1|1|000010":2484,"2|1|101000":9040,"1|1|111110":2453,"1|1|111111":1193,"2|1|111010":1972,"1|1|011110":54862,"1|1|011111":55814,"2|0|010111":13658,"2|1|001000":5661,"2|1|001001":6248,"2|1|111011":1622,"2|0|010110":13153,"1|0|101111":27338,"1|1|100101":45794,"1|1|100100":47707,"1|0|101110":28843,"1|1|000000":1383,"1|1|000001":1974,"2|1|101111":6243,"2|1|101110":6481,"1|1|110010":21679,"1|1|111101":3954,"1|1|110011":20202,"1|1|111100":5422,"1|1|011000":45235,"1|1|011001":47781,"2|1|001010":6962,"2|0|010100":12084,"2|1|001011":7544,"2|0|010101":12735,"1|0|101001":37864,"1|0|101000":39971,"1|0|000110":4598,"2|0|101101":7110,"2|0|100011":11336,"2|0|101100":7493,"2|0|100010":11706,"2|1|000001":1954,"2|1|000000":1416,"1|1|111011":6822,"1|0|000111":5164,"1|1|111010":8658,"1|0|011011":50759,"2|1|110100":4140,"1|0|011010":49380,"2|1|001100":7995,"2|1|110101":3903,"2|1|001101":8643,"1|1|100001":53493,"1|1|100000":55482,"1|0|000000":1317,"2|0|101111":6299,"2|0|101110":6506,"2|1|000111":5166,"2|1|000110":4590,"1|1|111000":11944,"1|0|000001":1888,"1|1|111001":10109,"1|0|011000":45413,"2|1|001110":9155,"2|1|110111":2976,"2|1|001111":9576,"2|1|110110":3491,"1|0|011001":47395,"1|1|100111":41844,"1|1|100110":43613,"1|0|000011":3018,"1|0|001100":17077,"1|0|000010":2486,"2|0|101001":8666,"2|0|101000":9230,"1|0|001101":19414,"2|1|110001":5276,"2|1|110000":5765,"2|1|011001":14691,"2|1|011000":14033,"1|1|010100":36288,"1|1|010101":38925,"1|1|101111":26943,"1|1|101110":28942,"2|0|101010":8098,"1|0|001111":24507,"1|1|001010":12142,"1|0|001110":22230,"1|1|001011":14718,"2|0|101011":7943,"2|1|000011":2981,"2|1|000010":2545,"1|1|010110":40845,"2|1|111101":922,"2|1|110010":4989,"2|1|111100":1296,"2|1|110011":4613,"2|1|011010":15130,"2|1|011011":14600,"1|1|010111":43045,"1|1|101101":30424,"1|1|100011":49649,"1|1|101100":32516,"1|1|100010":51708,"1|0|110001":23542,"2|0|001011":7541,"2|0|001010":6889,"1|0|110000":25578,"2|0|111110":609,"2|0|111111":569,"1|1|101010":36299,"2|1|010010":10950,"2|1|011100":14147,"2|1|011101":13735,"1|0|010001":29503,"1|0|010000":27227,"2|1|010011":11495,"1|1|101011":34623,"1|0|111101":3950,"2|0|100101":10318,"2|0|100100":10810,"1|0|110010":21716,"1|0|110011":20252,"1|0|111100":5400,"2|0|110010":5049,"2|0|111101":929,"2|0|110011":4553,"2|0|111100":1278,"2|1|011111":13122,"1|0|010111":43014,"1|0|010110":40922,"2|1|011110":13384,"1|1|101001":38067,"1|1|101000":39930,"1|0|110100":18585,"1|0|110101":16577,"2|0|100111":9240,"2|0|100110":9970,"2|1|000101":4185,"2|0|001111":9507,"2|1|000100":3543,"2|0|001110":9114,"1|0|011110":54813,"2|0|111011":1651,"2|0|111010":1933,"2|1|010111":13680,"1|0|011111":55795,"2|1|010110":13025,"1|0|110111":13386,"2|0|100001":12197,"2|0|100000":12506,"2|0|001001":6229,"2|0|001000":5680,"1|0|000101":4098,"1|0|000100":3566,"1|0|110110":15121,"1|0|010010":31758,"2|0|111000":2853,"2|0|111001":2444,"1|0|011101":53444,"2|1|010001":10500,"1|0|010011":33995,"1|0|011100":51852,"2|1|010000":10092}}
