{"probability":{"Group 13":"0.03744844114967693","Group 12":"0.02911825759331968","Group 11":"0.2299198879358522","Group 10":"0.0000388296601720324","Group  6":"0.0000060608266371411365","Group  5":"0.0","Group  4":"0.0012492910536437973","Group  3":"0.00019142139479518441","Group  2":"0.0","Group  1":"0.0","Group  9":"0.00015160347472080297","Group  8":"0.005783823445421398","Group  7":"0.696092383465761"},"groups":{"Group 13":["Botan 1.5.6 & 1.11.29 & 2.1.0","Feitian JavaCOS A22 & A40","Gemalto GCX4 72K","HSM SafeNet Luna SA-1700","LibTomCrypt 1.17","Libgcrypt 1.6.0 & 1.6.5 & 1.7.6","Libgcrypt 1.6.0 FIPS & 1.6.5 FIPS","Nettle 3.2 & 3.3","Oberthur Cosmo 64","OpenSSL FIPS 2.0.12 & 2.0.14","PGPSDK 4","WolfSSL 2.0rc1 & 3.9.0 & 3.10.2","cryptlib 3.4.3 & 3.4.3.1"],"Group 12":["Bouncy Castle 1.53 (Java)","Cryptix JCE 20050328","FlexiProvider 1.7p7","HSM Utimaco Security Server Se50","Nettle 2.0","PolarSSL 0.10.0","PuTTY 0.67","SunRsaSign OpenJDK 1.8.0","mbedTLS 1.3.19 & 2.2.1 & 2.4.2"],"Group 11":["Bouncy Castle 1.54 (Java)","Crypto++ 5.6.0 & 5.6.3 & 5.6.5","Libgcrypt 1.7.6 FIPS","Microsoft CryptoAPI & CNG & .NET"],"Group 10":["NXP J2D081 & J2E145G","YubiKey NEO"],"Group  6":["Oberthur Cosmo Dual 72K"],"Group  5":["NXP J2A080 & J2A081 & J3A081 & JCOP 41 V2.2.1"],"Group  4":["Gemalto GXP E64"],"Group  3":["GNU Crypto 2.0.1"],"Group  2":["G&D SmartCafe 4.x & 6.0"],"Group  1":["G&D SmartCafe 3.2"],"Group  9":["Infineon JTOP 80K","YubiKey 4 & 4 Nano"],"Group  8":["PGPSDK 4 FIPS"],"Group  7":["OpenSSL 0.9.7 & 1.0.2g & 1.0.2k & 1.1.0e"]},"frequencies":{"1|1|000110":7863,"2|1|100011":18389,"2|1|101101":11484,"1|1|000111":8530,"2|1|101100":12304,"2|1|100010":19530,"2|0|000000":3449,"2|0|000001":3998,"1|0|111010":23333,"1|0|111011":19165,"1|1|011010":129478,"1|1|011011":134577,"2|0|110100":6826,"2|0|110101":6341,"1|0|100001":145879,"1|0|100000":151554,"2|1|100000":21137,"1|1|000100":6137,"2|1|100001":20197,"2|0|000011":5527,"2|0|001101":13572,"2|0|001100":13048,"2|0|000010":4893,"1|1|000101":6948,"2|1|010101":20257,"2|0|011010":23960,"2|1|010100":19472,"2|0|011011":23699,"1|0|100010":139719,"1|0|101100":88798,"1|0|101101":83726,"1|0|100011":135016,"2|1|100110":16396,"1|1|110101":46143,"2|1|100111":15721,"2|0|000101":7012,"2|0|000100":6360,"1|0|111110":6509,"1|1|110100":50481,"1|0|111111":2437,"1|0|100101":123844,"2|0|110001":8951,"2|0|110000":9469,"1|0|010101":99662,"1|0|010100":93348,"2|0|011001":23129,"2|0|011000":22318,"1|0|100100":129907,"2|1|100100":17938,"2|1|100101":17223,"2|0|000110":7732,"2|0|000111":8552,"1|0|111000":32197,"1|0|111001":28106,"2|0|110111":5059,"2|0|110110":5783,"2|0|011111":21552,"2|0|011110":22016,"1|0|100111":113773,"1|0|100110":118575,"1|1|001001":19897,"1|0|001001":19858,"1|0|001000":12306,"1|1|001000":12681,"1|1|110001":64253,"1|1|110000":69527,"1|1|010000":67890,"2|0|011101":22429,"2|1|111111":731,"2|1|111110":982,"2|0|010010":17950,"2|0|011100":22857,"0|0|001110":1,"2|0|010011":18660,"1|1|010001":74208,"1|0|101010":98141,"1|0|101011":93752,"1|0|001010":26809,"1|1|001111":60964,"1|0|001011":34175,"1|1|001110":54817,"2|1|101011":12860,"2|1|101010":13476,"1|1|110111":36735,"1|1|110110":41352,"1|1|010010":81144,"1|1|010011":87320,"1|1|011100":138793,"2|0|010001":17112,"2|1|111001":3852,"2|1|111000":4517,"2|0|010000":16243,"1|1|011101":142729,"1|1|000011":5466,"1|1|001100":40751,"1|1|001101":47827,"2|1|101001":14195,"1|1|000010":4723,"2|1|101000":15084,"1|1|111110":6458,"1|1|111111":2537,"2|1|111010":3280,"1|1|011110":147061,"1|1|011111":151925,"2|0|010111":21623,"2|1|001000":9226,"2|1|001001":10364,"2|1|111011":2779,"2|0|010110":21154,"1|0|101111":73810,"1|1|100101":124394,"1|1|100100":129634,"1|0|101110":78692,"1|1|000000":3410,"1|1|000001":4124,"2|1|101111":10341,"2|1|101110":11069,"1|1|110010":59824,"1|1|111101":10714,"1|1|110011":55015,"1|1|111100":14847,"1|1|011000":117736,"1|1|011001":123967,"2|1|001010":11172,"2|0|010100":19353,"2|1|001011":12144,"2|0|010101":20074,"1|0|101001":103187,"1|0|101000":108904,"1|0|000110":7715,"2|0|101101":11523,"2|0|100011":18546,"2|0|101100":12110,"2|0|100010":19373,"2|1|000001":4071,"2|1|000000":3447,"1|1|111011":19131,"1|0|000111":8283,"1|1|111010":23474,"1|0|011011":133437,"2|1|110100":6755,"1|0|011010":129299,"2|1|001100":13050,"2|1|110101":6334,"2|1|001101":13743,"1|1|100001":145490,"1|1|100000":151665,"1|0|000000":3456,"2|0|101111":10209,"2|0|101110":10751,"2|1|000111":8333,"2|1|000110":7680,"1|1|111000":32199,"1|0|000001":3967,"1|1|111001":27525,"1|0|011000":117930,"2|1|001110":14502,"2|1|110111":5096,"2|1|001111":15679,"2|1|110110":5717,"1|0|011001":124155,"1|1|100111":113053,"1|1|100110":118904,"1|0|000011":5640,"1|0|001100":41055,"1|0|000010":4775,"2|0|101001":14161,"2|0|101000":15069,"1|0|001101":47391,"2|1|110001":8763,"2|1|110000":9500,"2|1|011001":23362,"2|1|011000":22450,"1|1|010100":93634,"1|1|010101":99343,"1|1|101111":73832,"1|1|101110":78574,"2|0|101010":13738,"1|0|001111":61430,"1|1|001010":26792,"1|0|001110":55060,"1|1|001011":34161,"2|0|101011":12989,"2|1|000011":5463,"2|1|000010":4873,"1|1|010110":105740,"2|1|111101":1557,"2|1|110010":8280,"2|1|111100":2088,"2|1|110011":7456,"2|1|011010":23914,"2|1|011011":23549,"1|1|010111":111615,"1|1|101101":83322,"1|1|100011":135320,"1|1|101100":89137,"1|1|100010":140348,"1|0|110001":64029,"2|0|001011":12180,"2|0|001010":11244,"1|0|110000":69282,"2|0|111110":1020,"2|0|111111":782,"1|1|101010":98962,"2|1|010010":17823,"2|1|011100":22972,"2|1|011101":22416,"1|0|010001":74375,"1|0|010000":67682,"2|1|010011":18597,"1|1|101011":92964,"1|0|111101":10711,"2|0|100101":16981,"2|0|100100":17878,"1|0|110010":59620,"1|0|110011":55097,"1|0|111100":14927,"2|0|110010":8163,"2|0|111101":1570,"2|0|110011":7516,"2|0|111100":2125,"2|1|011111":21221,"1|0|010111":111552,"1|0|010110":105704,"2|1|011110":21690,"1|1|101001":104275,"1|1|101000":108331,"1|0|110100":50503,"1|0|110101":46168,"2|0|100111":15610,"2|0|100110":16467,"2|1|000101":7022,"2|0|001111":15239,"2|1|000100":6319,"2|0|001110":14763,"1|0|011110":147348,"2|0|111011":2669,"2|0|111010":3201,"2|1|010111":21841,"1|0|011111":152228,"2|1|010110":20968,"1|0|110111":36648,"2|0|100001":20144,"2|0|100000":21275,"2|0|001001":10492,"2|0|001000":9481,"1|0|000101":7031,"1|0|000100":6322,"1|0|110110":41188,"1|0|010010":80900,"2|0|111000":4443,"2|0|111001":3908,"1|0|011101":143348,"2|1|010001":17187,"1|0|010011":87242,"1|0|011100":138345,"2|1|010000":16301}}
