{"probability":{"Group 13":"0.023500405821052037","Group 12":"0.026404587939778814","Group 11":"0.37507240379686446","Group 10":"0.0","Group  6":"0.0","Group  5":"0.0","Group  4":"0.0019681618255358493","Group  3":"0.0","Group  2":"0.0","Group  1":"0.0","Group  9":"0.00012011452107164798","Group  8":"0.008506334293727895","Group  7":"0.5644279918019691"},"groups":{"Group 13":["Botan 1.5.6 & 1.11.29 & 2.1.0","Feitian JavaCOS A22 & A40","Gemalto GCX4 72K","HSM SafeNet Luna SA-1700","LibTomCrypt 1.17","Libgcrypt 1.6.0 & 1.6.5 & 1.7.6","Libgcrypt 1.6.0 FIPS & 1.6.5 FIPS","Nettle 3.2 & 3.3","Oberthur Cosmo 64","OpenSSL FIPS 2.0.12 & 2.0.14","PGPSDK 4","WolfSSL 2.0rc1 & 3.9.0 & 3.10.2","cryptlib 3.4.3 & 3.4.3.1"],"Group 12":["Bouncy Castle 1.53 (Java)","Cryptix JCE 20050328","FlexiProvider 1.7p7","HSM Utimaco Security Server Se50","Nettle 2.0","PolarSSL 0.10.0","PuTTY 0.67","SunRsaSign OpenJDK 1.8.0","mbedTLS 1.3.19 & 2.2.1 & 2.4.2"],"Group 11":["Bouncy Castle 1.54 (Java)","Crypto++ 5.6.0 & 5.6.3 & 5.6.5","Libgcrypt 1.7.6 FIPS","Microsoft CryptoAPI & CNG & .NET"],"Group 10":["NXP J2D081 & J2E145G","YubiKey NEO"],"Group  6":["Oberthur Cosmo Dual 72K"],"Group  5":["NXP J2A080 & J2A081 & J3A081 & JCOP 41 V2.2.1"],"Group  4":["Gemalto GXP E64"],"Group  3":["GNU Crypto 2.0.1"],"Group  2":["G&D SmartCafe 4.x & 6.0"],"Group  1":["G&D SmartCafe 3.2"],"Group  9":["Infineon JTOP 80K","YubiKey 4 & 4 Nano"],"Group  8":["PGPSDK 4 FIPS"],"Group  7":["OpenSSL 0.9.7 & 1.0.2g & 1.0.2k & 1.1.0e"]},"frequencies":{"1|1|000110":4728,"2|1|100011":11375,"2|1|101101":7110,"1|1|000111":5365,"2|1|101100":7445,"2|1|100010":12028,"2|0|000000":1374,"2|0|000001":1952,"1|0|111010":8929,"1|0|111011":7495,"1|1|011010":52120,"1|1|011011":53454,"2|0|110100":4248,"2|0|110101":3869,"1|0|100001":56402,"1|0|100000":58251,"2|1|100000":13029,"1|1|000100":3693,"2|1|100001":12500,"2|0|000011":3057,"2|0|001101":8641,"2|0|001100":8066,"2|0|000010":2557,"1|1|000101":4255,"2|1|010101":12864,"2|0|011010":14918,"2|1|010100":12460,"2|0|011011":14956,"1|0|100010":54094,"1|0|101100":34462,"1|0|101101":31999,"1|0|100011":51958,"2|1|100110":10019,"1|1|110101":17949,"2|1|100111":9711,"2|0|000101":4123,"2|0|000100":3672,"1|0|111110":2530,"1|1|110100":19244,"1|0|111111":1259,"1|0|100101":47912,"2|0|110001":5368,"2|0|110000":5853,"1|0|010101":40469,"1|0|010100":38206,"2|0|011001":14751,"2|0|011000":14312,"1|0|100100":50120,"2|1|100100":11003,"2|1|100101":10336,"2|0|000110":4669,"2|0|000111":5204,"1|0|111000":12312,"1|0|111001":10736,"2|0|110111":3048,"2|0|110110":3490,"2|0|011111":13213,"2|0|011110":13673,"1|0|100111":43695,"1|0|100110":46054,"1|1|001001":9815,"1|0|001001":9723,"1|0|001000":6937,"1|1|001000":7021,"1|1|110001":24994,"1|1|110000":26561,"1|1|010000":28305,"2|0|011101":13963,"2|1|111111":563,"2|1|111110":618,"2|0|010010":11361,"2|0|011100":14384,"2|0|010011":11705,"1|1|010001":30548,"1|0|101010":37934,"1|0|101011":36126,"1|0|001010":12369,"1|1|001111":25871,"1|0|001011":15341,"1|1|001110":23242,"2|1|101011":7946,"2|1|101010":8179,"1|1|110111":14298,"1|1|110110":15904,"1|1|010010":33316,"1|1|010011":35611,"1|1|011100":54653,"2|0|010001":10725,"2|1|111001":2296,"2|1|111000":2721,"2|0|010000":10232,"1|1|011101":55890,"1|1|000011":3163,"1|1|001100":17738,"1|1|001101":20401,"2|1|101001":8642,"1|1|000010":2527,"2|1|101000":9063,"1|1|111110":2601,"1|1|111111":1256,"2|1|111010":2000,"1|1|011110":57649,"1|1|011111":58742,"2|0|010111":13776,"2|1|001000":5719,"2|1|001001":6384,"2|1|111011":1627,"2|0|010110":13348,"1|0|101111":28718,"1|1|100101":48139,"1|1|100100":50140,"1|0|101110":30184,"1|1|000000":1415,"1|1|000001":1990,"2|1|101111":6307,"2|1|101110":6544,"1|1|110010":22819,"1|1|111101":4189,"1|1|110011":21223,"1|1|111100":5686,"1|1|011000":47358,"1|1|011001":50033,"2|1|001010":7062,"2|0|010100":12249,"2|1|001011":7602,"2|0|010101":12815,"1|0|101001":39859,"1|0|101000":42080,"1|0|000110":4622,"2|0|101101":7119,"2|0|100011":11503,"2|0|101100":7575,"2|0|100010":11890,"2|1|000001":1971,"2|1|000000":1455,"1|1|111011":7268,"1|0|000111":5196,"1|1|111010":8991,"1|0|011011":53298,"2|1|110100":4206,"1|0|011010":51784,"2|1|001100":8063,"2|1|110101":3879,"2|1|001101":8742,"1|1|100001":56453,"1|1|100000":58635,"1|0|000000":1355,"2|0|101111":6332,"2|0|101110":6639,"2|1|000111":5244,"2|1|000110":4654,"1|1|111000":12616,"1|0|000001":1923,"1|1|111001":10679,"1|0|011000":47731,"2|1|001110":9275,"2|1|110111":3105,"2|1|001111":9724,"2|1|110110":3523,"1|0|011001":49750,"1|1|100111":44088,"1|1|100110":45731,"1|0|000011":3014,"1|0|001100":17900,"1|0|000010":2538,"2|0|101001":8786,"2|0|101000":9232,"1|0|001101":20310,"2|1|110001":5385,"2|1|110000":5866,"2|1|011001":14870,"2|1|011000":14166,"1|1|010100":38190,"1|1|010101":40841,"1|1|101111":28459,"1|1|101110":30513,"2|0|101010":8256,"1|0|001111":25622,"1|1|001010":12470,"1|0|001110":23337,"1|1|001011":15269,"2|0|101011":7945,"2|1|000011":3026,"2|1|000010":2618,"1|1|010110":42818,"2|1|111101":912,"2|1|110010":5012,"2|1|111100":1313,"2|1|110011":4625,"2|1|011010":15216,"2|1|011011":14748,"1|1|010111":45056,"1|1|101101":31997,"1|1|100011":52148,"1|1|101100":34460,"1|1|100010":54292,"1|0|110001":24766,"2|0|001011":7666,"2|0|001010":7062,"1|0|110000":26971,"2|0|111110":582,"2|0|111111":566,"1|1|101010":38139,"2|1|010010":11184,"2|1|011100":14377,"2|1|011101":13952,"1|0|010001":31058,"1|0|010000":28452,"2|1|010011":11606,"1|1|101011":36506,"1|0|111101":4149,"2|0|100101":10383,"2|0|100100":10951,"1|0|110010":22804,"1|0|110011":21311,"1|0|111100":5722,"2|0|110010":5025,"2|0|111101":929,"2|0|110011":4623,"2|0|111100":1289,"2|1|011111":13182,"1|0|010111":44974,"1|0|010110":43079,"2|1|011110":13496,"1|1|101001":40094,"1|1|101000":41961,"1|0|110100":19723,"1|0|110101":17396,"2|0|100111":9333,"2|0|100110":10054,"2|1|000101":4211,"2|0|001111":9580,"2|1|000100":3651,"2|0|001110":9205,"1|0|011110":57577,"2|0|111011":1634,"2|0|111010":1971,"2|1|010111":13815,"1|0|011111":58658,"2|1|010110":13253,"1|0|110111":14038,"2|0|100001":12373,"2|0|100000":12697,"2|0|001001":6389,"2|0|001000":5750,"1|0|000101":4220,"1|0|000100":3614,"1|0|110110":15928,"1|0|010010":33350,"2|0|111000":2879,"2|0|111001":2440,"1|0|011101":56436,"2|1|010001":10714,"1|0|010011":35787,"1|0|011100":54534,"2|1|010000":10228}}
