{"probability":{"Group 13":"0.10235366857805347","Group 12":"0.05731710462330747","Group 11":"0.007047642741795231","Group 10":"0.0","Group  6":"0.0","Group  5":"0.0007919843758953526","Group  4":"0.0","Group  3":"0.0","Group  2":"0.0","Group  1":"0.0","Group  9":"0.00006219378723518216","Group  8":"0.0007447805276614717","Group  7":"0.8316826253660518"},"groups":{"Group 13":["Botan 1.5.6 & 1.11.29 & 2.1.0","Feitian JavaCOS A22 & A40","Gemalto GCX4 72K","HSM SafeNet Luna SA-1700","LibTomCrypt 1.17","Libgcrypt 1.6.0 & 1.6.5 & 1.7.6","Libgcrypt 1.6.0 FIPS & 1.6.5 FIPS","Nettle 3.2 & 3.3","Oberthur Cosmo 64","OpenSSL FIPS 2.0.12 & 2.0.14","PGPSDK 4","WolfSSL 2.0rc1 & 3.9.0 & 3.10.2","cryptlib 3.4.3 & 3.4.3.1"],"Group 12":["Bouncy Castle 1.53 (Java)","Cryptix JCE 20050328","FlexiProvider 1.7p7","HSM Utimaco Security Server Se50","Nettle 2.0","PolarSSL 0.10.0","PuTTY 0.67","SunRsaSign OpenJDK 1.8.0","mbedTLS 1.3.19 & 2.2.1 & 2.4.2"],"Group 11":["Bouncy Castle 1.54 (Java)","Crypto++ 5.6.0 & 5.6.3 & 5.6.5","Libgcrypt 1.7.6 FIPS","Microsoft CryptoAPI & CNG & .NET"],"Group 10":["NXP J2D081 & J2E145G","YubiKey NEO"],"Group  6":["Oberthur Cosmo Dual 72K"],"Group  5":["NXP J2A080 & J2A081 & J3A081 & JCOP 41 V2.2.1"],"Group  4":["Gemalto GXP E64"],"Group  3":["GNU Crypto 2.0.1"],"Group  2":["G&D SmartCafe 4.x & 6.0"],"Group  1":["G&D SmartCafe 3.2"],"Group  9":["Infineon JTOP 80K","YubiKey 4 & 4 Nano"],"Group  8":["PGPSDK 4 FIPS"],"Group  7":["OpenSSL 0.9.7 & 1.0.2g & 1.0.2k & 1.1.0e"]},"frequencies":{"1|1|000110":149,"2|1|100011":303,"2|1|101101":193,"1|1|000111":138,"2|1|101100":226,"2|1|100010":352,"2|0|000000":179,"2|0|000001":168,"1|0|111010":807,"1|0|111011":667,"1|1|011010":4090,"1|1|011011":4403,"2|0|110100":112,"2|0|110101":124,"1|0|100001":4935,"1|0|100000":5120,"2|1|100000":401,"1|1|000100":149,"2|1|100001":372,"2|0|000011":124,"2|0|001101":220,"2|0|001100":202,"2|0|000010":154,"1|1|000101":144,"2|1|010101":266,"2|0|011010":350,"2|1|010100":274,"2|0|011011":373,"1|0|100010":4674,"1|0|101100":2938,"1|0|101101":2823,"1|0|100011":4657,"2|1|100110":300,"1|1|110101":1566,"2|1|100111":251,"2|0|000101":142,"2|0|000100":160,"1|0|111110":201,"1|1|110100":1716,"1|0|111111":60,"1|0|100101":4293,"2|0|110001":159,"2|0|110000":190,"1|0|010101":3225,"1|0|010100":2905,"2|0|011001":334,"2|0|011000":288,"1|0|100100":4349,"2|1|100100":335,"2|1|100101":328,"2|0|000110":141,"2|0|000111":153,"1|0|111000":1066,"1|0|111001":909,"2|0|110111":88,"2|0|110110":96,"2|0|011111":387,"2|0|011110":357,"1|0|100111":3899,"1|0|100110":3924,"1|1|001001":498,"1|0|001001":543,"1|0|001000":251,"1|1|001000":270,"1|1|110001":2116,"1|1|110000":2340,"1|1|010000":2114,"2|0|011101":372,"2|1|111111":3,"2|1|111110":14,"2|0|010010":281,"2|0|011100":345,"2|0|010011":284,"1|1|010001":2285,"1|0|101010":3368,"1|0|101011":3199,"1|0|001010":776,"1|1|001111":1887,"1|0|001011":927,"1|1|001110":1638,"2|1|101011":224,"2|1|101010":240,"1|1|110111":1259,"1|1|110110":1459,"1|1|010010":2579,"1|1|010011":2854,"1|1|011100":4617,"2|0|010001":273,"2|1|111001":74,"2|1|111000":66,"2|0|010000":274,"1|1|011101":4762,"1|1|000011":152,"1|1|001100":1201,"1|1|001101":1443,"2|1|101001":291,"1|1|000010":163,"2|1|101000":295,"1|1|111110":228,"1|1|111111":60,"2|1|111010":58,"1|1|011110":4861,"1|1|011111":5062,"2|0|010111":296,"2|1|001000":147,"2|1|001001":179,"2|1|111011":49,"2|0|010110":302,"1|0|101111":2560,"1|1|100101":4215,"1|1|100100":4396,"1|0|101110":2707,"1|1|000000":176,"1|1|000001":188,"2|1|101111":207,"2|1|101110":182,"1|1|110010":2060,"1|1|111101":352,"1|1|110011":1928,"1|1|111100":524,"1|1|011000":3826,"1|1|011001":4011,"2|1|001010":185,"2|0|010100":291,"2|1|001011":210,"2|0|010101":292,"1|0|101001":3495,"1|0|101000":3714,"1|0|000110":157,"2|0|101101":232,"2|0|100011":335,"2|0|101100":196,"2|0|100010":333,"2|1|000001":161,"2|1|000000":140,"1|1|111011":643,"1|0|000111":132,"1|1|111010":783,"1|0|011011":4252,"2|1|110100":122,"1|0|011010":4059,"2|1|001100":224,"2|1|110101":121,"2|1|001101":209,"1|1|100001":5119,"1|1|100000":5061,"1|0|000000":146,"2|0|101111":166,"2|0|101110":179,"2|1|000111":133,"2|1|000110":140,"1|1|111000":1096,"1|0|000001":154,"1|1|111001":897,"1|0|011000":3806,"2|1|001110":216,"2|1|110111":95,"2|1|001111":240,"2|1|110110":110,"1|0|011001":3929,"1|1|100111":3758,"1|1|100110":4160,"1|0|000011":135,"1|0|001100":1142,"1|0|000010":164,"2|0|101001":276,"2|0|101000":263,"1|0|001101":1408,"2|1|110001":143,"2|1|110000":161,"2|1|011001":357,"2|1|011000":317,"1|1|010100":2937,"1|1|010101":3193,"1|1|101111":2511,"1|1|101110":2696,"2|0|101010":247,"1|0|001111":1947,"1|1|001010":738,"1|0|001110":1780,"1|1|001011":1012,"2|0|101011":217,"2|1|000011":154,"2|1|000010":156,"1|1|010110":3394,"2|1|111101":20,"2|1|110010":138,"2|1|111100":33,"2|1|110011":127,"2|1|011010":337,"2|1|011011":328,"1|1|010111":3608,"1|1|101101":2882,"1|1|100011":4531,"1|1|101100":2977,"1|1|100010":4762,"1|0|110001":2222,"2|0|001011":192,"2|0|001010":186,"1|0|110000":2288,"2|0|111110":15,"2|0|111111":7,"1|1|101010":3241,"2|1|010010":244,"2|1|011100":349,"2|1|011101":347,"1|0|010001":2367,"1|0|010000":2122,"2|1|010011":241,"1|1|101011":3180,"1|0|111101":371,"2|0|100101":317,"2|0|100100":313,"1|0|110010":2023,"1|0|110011":1855,"1|0|111100":498,"2|0|110010":152,"2|0|111101":31,"2|0|110011":128,"2|0|111100":41,"2|1|011111":378,"1|0|010111":3637,"1|0|010110":3293,"2|1|011110":381,"1|1|101001":3577,"1|1|101000":3674,"1|0|110100":1626,"1|0|110101":1567,"2|0|100111":276,"2|0|100110":267,"2|1|000101":134,"2|0|001111":212,"2|1|000100":147,"2|0|001110":225,"1|0|011110":4979,"2|0|111011":49,"2|0|111010":49,"2|1|010111":345,"1|0|011111":5125,"2|1|010110":337,"1|0|110111":1230,"2|0|100001":347,"2|0|100000":390,"2|0|001001":154,"2|0|001000":160,"1|0|000101":173,"1|0|000100":143,"1|0|110110":1412,"1|0|010010":2623,"2|0|111000":78,"2|0|111001":68,"1|0|011101":4905,"2|1|010001":264,"1|0|010011":2821,"1|0|011100":4656,"2|1|010000":235}}
