{"probability":{"Group 13":"0.08318870501726285","Group 12":"0.03289143595516663","Group 11":"0.054998812273862815","Group 10":"0.00021958257310243577","Group  6":"0.00008188788931863838","Group  5":"0.0","Group  4":"0.00465137741553145","Group  3":"0.000313816684211008","Group  2":"5.844782674552509E-7","Group  1":"0.0","Group  9":"0.00037753895970195985","Group  8":"0.006912383855843388","Group  7":"0.8163638748977313"},"groups":{"Group 13":["Botan 1.5.6 & 1.11.29 & 2.1.0","Feitian JavaCOS A22 & A40","Gemalto GCX4 72K","HSM SafeNet Luna SA-1700","LibTomCrypt 1.17","Libgcrypt 1.6.0 & 1.6.5 & 1.7.6","Libgcrypt 1.6.0 FIPS & 1.6.5 FIPS","Nettle 3.2 & 3.3","Oberthur Cosmo 64","OpenSSL FIPS 2.0.12 & 2.0.14","PGPSDK 4","WolfSSL 2.0rc1 & 3.9.0 & 3.10.2","cryptlib 3.4.3 & 3.4.3.1"],"Group 12":["Bouncy Castle 1.53 (Java)","Cryptix JCE 20050328","FlexiProvider 1.7p7","HSM Utimaco Security Server Se50","Nettle 2.0","PolarSSL 0.10.0","PuTTY 0.67","SunRsaSign OpenJDK 1.8.0","mbedTLS 1.3.19 & 2.2.1 & 2.4.2"],"Group 11":["Bouncy Castle 1.54 (Java)","Crypto++ 5.6.0 & 5.6.3 & 5.6.5","Libgcrypt 1.7.6 FIPS","Microsoft CryptoAPI & CNG & .NET"],"Group 10":["NXP J2D081 & J2E145G","YubiKey NEO"],"Group  6":["Oberthur Cosmo Dual 72K"],"Group  5":["NXP J2A080 & J2A081 & J3A081 & JCOP 41 V2.2.1"],"Group  4":["Gemalto GXP E64"],"Group  3":["GNU Crypto 2.0.1"],"Group  2":["G&D SmartCafe 4.x & 6.0"],"Group  1":["G&D SmartCafe 3.2"],"Group  9":["Infineon JTOP 80K","YubiKey 4 & 4 Nano"],"Group  8":["PGPSDK 4 FIPS"],"Group  7":["OpenSSL 0.9.7 & 1.0.2g & 1.0.2k & 1.1.0e"]},"frequencies":{"1|1|000110":1616,"2|1|100011":4456,"2|1|101101":2804,"1|1|000111":1655,"2|1|101100":2949,"2|1|100010":4769,"2|0|000000":1654,"2|0|000001":1319,"1|0|111010":9558,"1|0|111011":7868,"1|1|011010":51855,"1|1|011011":54135,"2|0|110100":1643,"2|0|110101":1568,"1|0|100001":60362,"1|0|100000":62759,"2|1|100000":5198,"1|1|000100":1416,"2|1|100001":4842,"2|0|000011":1375,"2|0|001101":2773,"2|0|001100":2741,"2|0|000010":1309,"1|1|000101":1446,"2|1|010101":4236,"2|0|011010":4979,"2|1|010100":4100,"2|0|011011":5170,"1|0|100010":58022,"1|0|101100":36557,"1|0|101101":34705,"1|0|100011":55454,"2|1|100110":4003,"1|1|110101":19174,"2|1|100111":3860,"2|0|000101":1443,"2|0|000100":1400,"1|0|111110":2548,"1|1|110100":20886,"1|0|111111":920,"1|0|100101":51237,"2|0|110001":2159,"2|0|110000":2214,"1|0|010101":39338,"1|0|010100":36666,"2|0|011001":4818,"2|0|011000":4736,"1|0|100100":53630,"2|1|100100":4232,"2|1|100101":4170,"2|0|000110":1601,"2|0|000111":1611,"1|0|111000":13436,"1|0|111001":11475,"2|0|110111":1217,"2|0|110110":1383,"2|0|011111":5313,"2|0|011110":5113,"1|0|100111":47054,"1|0|100110":49508,"1|1|001001":6406,"1|0|001001":6280,"1|0|001000":3257,"1|1|001000":3187,"1|1|110001":26382,"1|1|110000":28536,"1|1|010000":26003,"2|0|011101":5074,"2|1|111111":145,"2|1|111110":263,"2|0|010010":3772,"2|0|011100":5056,"2|0|010011":3823,"1|1|010001":28954,"1|0|101010":40773,"1|0|101011":38487,"1|0|001010":9295,"1|1|001111":23096,"1|0|001011":12057,"1|1|001110":20562,"2|1|101011":3151,"2|1|101010":3283,"1|1|110111":15402,"1|1|110110":16950,"1|1|010010":31516,"1|1|010011":34117,"1|1|011100":55999,"2|0|010001":3563,"2|1|111001":911,"2|1|111000":1092,"2|0|010000":3334,"1|1|011101":58178,"1|1|000011":1355,"1|1|001100":14811,"1|1|001101":17749,"2|1|101001":3391,"1|1|000010":1336,"2|1|101000":3592,"1|1|111110":2681,"1|1|111111":916,"2|1|111010":748,"1|1|011110":60263,"1|1|011111":62677,"2|0|010111":4453,"2|1|001000":1754,"2|1|001001":1969,"2|1|111011":667,"2|0|010110":4327,"1|0|101111":30616,"1|1|100101":51530,"1|1|100100":53711,"1|0|101110":32459,"1|1|000000":1598,"1|1|000001":1318,"2|1|101111":2413,"2|1|101110":2699,"1|1|110010":24563,"1|1|111101":4469,"1|1|110011":22661,"1|1|111100":6083,"1|1|011000":46505,"1|1|011001":49413,"2|1|001010":2157,"2|0|010100":4006,"2|1|001011":2379,"2|0|010101":4240,"1|0|101001":42429,"1|0|101000":44627,"1|0|000110":1620,"2|0|101101":2779,"2|0|100011":4546,"2|0|101100":2926,"2|0|100010":4710,"2|1|000001":1272,"2|1|000000":1590,"1|1|111011":8042,"1|0|000111":1651,"1|1|111010":9860,"1|0|011011":53263,"2|1|110100":1659,"1|0|011010":51479,"2|1|001100":2579,"2|1|110101":1505,"2|1|001101":2747,"1|1|100001":60020,"1|1|100000":62561,"1|0|000000":1559,"2|0|101111":2510,"2|0|101110":2588,"2|1|000111":1627,"2|1|000110":1577,"1|1|111000":13314,"1|0|000001":1314,"1|1|111001":11485,"1|0|011000":46586,"2|1|001110":2979,"2|1|110111":1281,"2|1|001111":3213,"2|1|110110":1375,"1|0|011001":49405,"1|1|100111":46944,"1|1|100110":49053,"1|0|000011":1457,"1|0|001100":14862,"1|0|000010":1362,"2|0|101001":3481,"2|0|101000":3751,"1|0|001101":17619,"2|1|110001":2177,"2|1|110000":2259,"2|1|011001":5008,"0|1|000000":1,"2|1|011000":4746,"1|1|010100":36566,"1|1|010101":39277,"1|1|101111":30306,"1|1|101110":32603,"2|0|101010":3405,"1|0|001111":23348,"1|1|001010":9280,"1|0|001110":20628,"1|1|001011":12271,"2|0|101011":3044,"2|1|000011":1371,"2|1|000010":1383,"1|1|010110":41552,"2|1|111101":386,"2|1|110010":1928,"2|1|111100":476,"2|1|110011":1846,"2|1|011010":5061,"2|1|011011":5088,"1|1|010111":44512,"1|1|101101":34235,"1|1|100011":55999,"1|1|101100":36901,"1|1|100010":58109,"1|0|110001":26752,"2|0|001011":2390,"2|0|001010":2208,"1|0|110000":28818,"2|0|111110":244,"2|0|111111":159,"1|1|101010":40704,"2|1|010010":3676,"2|1|011100":5193,"2|1|011101":5103,"1|0|010001":28688,"1|0|010000":26163,"2|1|010011":3748,"1|1|101011":38295,"1|0|111101":4463,"2|0|100101":4124,"2|0|100100":4429,"1|0|110010":24794,"1|0|110011":22600,"1|0|111100":6212,"2|0|110010":1954,"2|0|111101":381,"2|0|110011":1921,"2|0|111100":517,"2|1|011111":5267,"1|0|010111":44292,"1|0|010110":42020,"2|1|011110":5174,"1|1|101001":42733,"1|1|101000":44394,"1|0|110100":20616,"1|0|110101":18983,"2|0|100111":3785,"2|0|100110":4036,"2|1|000101":1460,"2|0|001111":3134,"2|1|000100":1476,"2|0|001110":2942,"1|0|011110":60686,"2|0|111011":621,"2|0|111010":785,"2|1|010111":4656,"1|0|011111":62758,"2|1|010110":4402,"1|0|110111":15386,"2|0|100001":5053,"2|0|100000":5152,"2|0|001001":2092,"2|0|001000":1767,"1|0|000101":1598,"1|0|000100":1459,"1|0|110110":17077,"1|0|010010":31320,"2|0|111000":1090,"2|0|111001":895,"1|0|011101":58162,"2|1|010001":3602,"1|0|010011":34131,"1|0|011100":56060,"2|1|010000":3254}}
