{"probability":{"Group 13":"0.0670517114711608","Group 12":"0.005717857325214247","Group 11":"0.0","Group 10":"0.0003184916824589512","Group  6":"0.001325695447519014","Group  5":"0.0","Group  4":"0.002887224219665318","Group  3":"0.0","Group  2":"0.0","Group  1":"0.00012937087974552138","Group  9":"0.0","Group  8":"0.0","Group  7":"0.9225696489742361"},"groups":{"Group 13":["Botan 1.5.6 & 1.11.29 & 2.1.0","Feitian JavaCOS A22 & A40","Gemalto GCX4 72K","HSM SafeNet Luna SA-1700","LibTomCrypt 1.17","Libgcrypt 1.6.0 & 1.6.5 & 1.7.6","Libgcrypt 1.6.0 FIPS & 1.6.5 FIPS","Nettle 3.2 & 3.3","Oberthur Cosmo 64","OpenSSL FIPS 2.0.12 & 2.0.14","PGPSDK 4","WolfSSL 2.0rc1 & 3.9.0 & 3.10.2","cryptlib 3.4.3 & 3.4.3.1"],"Group 12":["Bouncy Castle 1.53 (Java)","Cryptix JCE 20050328","FlexiProvider 1.7p7","HSM Utimaco Security Server Se50","Nettle 2.0","PolarSSL 0.10.0","PuTTY 0.67","SunRsaSign OpenJDK 1.8.0","mbedTLS 1.3.19 & 2.2.1 & 2.4.2"],"Group 11":["Bouncy Castle 1.54 (Java)","Crypto++ 5.6.0 & 5.6.3 & 5.6.5","Libgcrypt 1.7.6 FIPS","Microsoft CryptoAPI & CNG & .NET"],"Group 10":["NXP J2D081 & J2E145G","YubiKey NEO"],"Group  6":["Oberthur Cosmo Dual 72K"],"Group  5":["NXP J2A080 & J2A081 & J3A081 & JCOP 41 V2.2.1"],"Group  4":["Gemalto GXP E64"],"Group  3":["GNU Crypto 2.0.1"],"Group  2":["G&D SmartCafe 4.x & 6.0"],"Group  1":["G&D SmartCafe 3.2"],"Group  9":["Infineon JTOP 80K","YubiKey 4 & 4 Nano"],"Group  8":["PGPSDK 4 FIPS"],"Group  7":["OpenSSL 0.9.7 & 1.0.2g & 1.0.2k & 1.1.0e"]},"frequencies":{"1|1|000110":20,"2|1|100011":133,"2|1|101101":83,"1|1|000111":10,"2|1|101100":104,"2|1|100010":130,"2|0|000000":10,"2|0|000001":11,"1|0|111010":614,"1|0|111011":466,"1|1|011010":3118,"1|1|011011":3309,"2|0|110100":38,"2|0|110101":40,"1|0|100001":3738,"1|0|100000":3991,"2|1|100000":163,"1|1|000100":14,"2|1|100001":140,"2|0|000011":16,"2|0|001101":50,"2|0|001100":33,"2|0|000010":9,"1|1|000101":12,"2|1|010101":91,"2|0|011010":112,"2|1|010100":103,"2|0|011011":131,"1|0|100010":3631,"1|0|101100":2197,"1|0|101101":2211,"1|0|100011":3531,"2|1|100110":118,"1|1|110101":1191,"2|1|100111":88,"2|0|000101":12,"2|0|000100":11,"1|0|111110":171,"1|1|110100":1199,"1|0|111111":63,"1|0|100101":3369,"2|0|110001":58,"2|0|110000":56,"1|0|010101":2429,"1|0|010100":2188,"2|0|011001":125,"2|0|011000":110,"1|0|100100":3396,"2|1|100100":132,"2|1|100101":124,"2|0|000110":8,"2|0|000111":12,"1|0|111000":811,"1|0|111001":711,"2|0|110111":38,"2|0|110110":37,"2|0|011111":156,"2|0|011110":140,"1|0|100111":3015,"1|0|100110":2951,"1|1|001001":311,"1|0|001001":300,"1|0|001000":123,"1|1|001000":112,"1|1|110001":1679,"1|1|110000":1685,"1|1|010000":1645,"2|0|011101":146,"2|1|111111":1,"2|1|111110":8,"2|0|010010":75,"2|0|011100":132,"2|0|010011":74,"1|1|010001":1718,"1|0|101010":2423,"1|0|101011":2407,"1|0|001010":465,"1|1|001111":1377,"1|0|001011":681,"1|1|001110":1232,"2|1|101011":88,"2|1|101010":101,"1|1|110111":936,"1|1|110110":1071,"1|1|010010":1956,"1|1|010011":1991,"1|1|011100":3330,"2|0|010001":64,"2|1|111001":26,"2|1|111000":27,"2|0|010000":62,"1|1|011101":3656,"1|1|000011":12,"1|1|001100":838,"1|1|001101":1011,"2|1|101001":128,"1|1|000010":9,"2|1|101000":118,"1|1|111110":161,"1|1|111111":47,"2|1|111010":22,"1|1|011110":3853,"1|1|011111":3831,"2|0|010111":106,"2|1|001000":12,"2|1|001001":21,"2|1|111011":19,"2|0|010110":103,"1|0|101111":1926,"1|1|100101":3189,"1|1|100100":3247,"1|0|101110":1992,"1|1|000000":11,"1|1|000001":14,"2|1|101111":81,"2|1|101110":72,"1|1|110010":1547,"1|1|111101":282,"1|1|110011":1484,"1|1|111100":381,"1|1|011000":2911,"1|1|011001":2953,"2|1|001010":21,"2|0|010100":98,"2|1|001011":32,"2|0|010101":106,"1|0|101001":2732,"1|0|101000":2870,"1|0|000110":14,"2|0|101101":91,"2|0|100011":124,"2|0|101100":79,"2|0|100010":140,"2|1|000001":10,"2|1|000000":13,"1|1|111011":492,"1|0|000111":9,"1|1|111010":607,"1|0|011011":3330,"2|1|110100":50,"1|0|011010":3305,"2|1|001100":46,"2|1|110101":45,"2|1|001101":42,"1|1|100001":3853,"1|1|100000":3917,"1|0|000000":18,"2|0|101111":73,"2|0|101110":72,"2|1|000111":12,"2|1|000110":8,"1|1|111000":822,"1|0|000001":14,"1|1|111001":717,"1|0|011000":2864,"2|1|001110":52,"2|1|110111":36,"2|1|001111":48,"2|1|110110":33,"1|0|011001":2988,"1|1|100111":2996,"1|1|100110":3027,"1|0|000011":16,"1|0|001100":884,"1|0|000010":9,"2|0|101001":93,"2|0|101000":108,"1|0|001101":995,"2|1|110001":58,"2|1|110000":54,"2|1|011001":147,"2|1|011000":117,"1|1|010100":2155,"1|1|010101":2429,"1|1|101111":1896,"1|1|101110":2025,"2|0|101010":108,"1|0|001111":1332,"1|1|001010":498,"1|0|001110":1159,"1|1|001011":662,"2|0|101011":88,"2|1|000011":11,"2|1|000010":15,"1|1|010110":2495,"2|1|111101":11,"2|1|110010":42,"2|1|111100":20,"2|1|110011":49,"2|1|011010":118,"2|1|011011":128,"1|1|010111":2702,"1|1|101101":2173,"1|1|100011":3518,"1|1|101100":2283,"1|1|100010":3713,"1|0|110001":1644,"2|0|001011":32,"2|0|001010":36,"1|0|110000":1758,"2|0|111110":3,"2|0|111111":2,"1|1|101010":2593,"2|1|010010":91,"2|1|011100":142,"2|1|011101":156,"1|0|010001":1718,"1|0|010000":1597,"2|1|010011":76,"1|1|101011":2399,"1|0|111101":272,"2|0|100101":103,"2|0|100100":135,"1|0|110010":1532,"1|0|110011":1406,"1|0|111100":356,"2|0|110010":55,"2|0|111101":18,"2|0|110011":58,"2|0|111100":19,"2|1|011111":152,"1|0|010111":2816,"1|0|010110":2535,"2|1|011110":146,"1|1|101001":2641,"1|1|101000":2804,"1|0|110100":1305,"1|0|110101":1210,"2|0|100111":115,"2|0|100110":137,"2|1|000101":17,"2|0|001111":63,"2|1|000100":10,"2|0|001110":53,"1|0|011110":3749,"2|0|111011":13,"2|0|111010":22,"2|1|010111":120,"1|0|011111":3870,"2|1|010110":99,"1|0|110111":933,"2|0|100001":133,"2|0|100000":147,"2|0|001001":24,"2|0|001000":16,"1|0|000101":15,"1|0|000100":11,"1|0|110110":1038,"1|0|010010":1761,"2|0|111000":29,"2|0|111001":36,"1|0|011101":3598,"2|1|010001":79,"1|0|010011":2059,"1|0|011100":3457,"2|1|010000":70}}
