{"probability":{"Group 13":"0.1368539412747209","Group 12":"0.012289001095508212","Group 11":"0.14180977234222733","Group 10":"0.0","Group  6":"0.0","Group  5":"0.0","Group  4":"0.003685915325152079","Group  3":"0.0006203647280412569","Group  2":"0.0","Group  1":"0.0","Group  9":"0.00030832852892693574","Group  8":"0.016097734554886358","Group  7":"0.6883349421505369"},"groups":{"Group 13":["Botan 1.5.6 & 1.11.29 & 2.1.0","Feitian JavaCOS A22 & A40","Gemalto GCX4 72K","HSM SafeNet Luna SA-1700","LibTomCrypt 1.17","Libgcrypt 1.6.0 & 1.6.5 & 1.7.6","Libgcrypt 1.6.0 FIPS & 1.6.5 FIPS","Nettle 3.2 & 3.3","Oberthur Cosmo 64","OpenSSL FIPS 2.0.12 & 2.0.14","PGPSDK 4","WolfSSL 2.0rc1 & 3.9.0 & 3.10.2","cryptlib 3.4.3 & 3.4.3.1"],"Group 12":["Bouncy Castle 1.53 (Java)","Cryptix JCE 20050328","FlexiProvider 1.7p7","HSM Utimaco Security Server Se50","Nettle 2.0","PolarSSL 0.10.0","PuTTY 0.67","SunRsaSign OpenJDK 1.8.0","mbedTLS 1.3.19 & 2.2.1 & 2.4.2"],"Group 11":["Bouncy Castle 1.54 (Java)","Crypto++ 5.6.0 & 5.6.3 & 5.6.5","Libgcrypt 1.7.6 FIPS","Microsoft CryptoAPI & CNG & .NET"],"Group 10":["NXP J2D081 & J2E145G","YubiKey NEO"],"Group  6":["Oberthur Cosmo Dual 72K"],"Group  5":["NXP J2A080 & J2A081 & J3A081 & JCOP 41 V2.2.1"],"Group  4":["Gemalto GXP E64"],"Group  3":["GNU Crypto 2.0.1"],"Group  2":["G&D SmartCafe 4.x & 6.0"],"Group  1":["G&D SmartCafe 3.2"],"Group  9":["Infineon JTOP 80K","YubiKey 4 & 4 Nano"],"Group  8":["PGPSDK 4 FIPS"],"Group  7":["OpenSSL 0.9.7 & 1.0.2g & 1.0.2k & 1.1.0e"]},"frequencies":{"1|1|000110":1510,"2|1|100011":6680,"2|1|101101":4021,"1|1|000111":1630,"2|1|101100":4420,"2|1|100010":6788,"2|0|000000":1322,"2|0|000001":639,"1|0|111010":7283,"1|0|111011":5871,"1|1|011010":39840,"1|1|011011":41315,"2|0|110100":2552,"2|0|110101":2262,"1|0|100001":45754,"1|0|100000":46932,"2|1|100000":7658,"1|1|000100":1186,"2|1|100001":7156,"2|0|000011":986,"2|0|001101":3601,"2|0|001100":3352,"2|0|000010":857,"1|1|000101":1297,"2|1|010101":6064,"2|0|011010":7418,"2|1|010100":5729,"2|0|011011":7512,"1|0|100010":43622,"1|0|101100":27559,"1|0|101101":25804,"1|0|100011":42129,"2|1|100110":5947,"1|1|110101":14510,"2|1|100111":5599,"2|0|000101":1322,"2|0|000100":1201,"1|0|111110":2003,"1|1|110100":15779,"1|0|111111":812,"1|0|100101":38646,"2|0|110001":3179,"2|0|110000":3361,"1|0|010101":30333,"1|0|010100":28437,"2|0|011001":7160,"2|0|011000":6890,"1|0|100100":40493,"2|1|100100":6439,"2|1|100101":6173,"2|0|000110":1513,"2|0|000111":1624,"1|0|111000":10063,"1|0|111001":8736,"2|0|110111":1775,"2|0|110110":2096,"2|0|011111":7593,"2|0|011110":7638,"1|0|100111":35554,"1|0|100110":37245,"1|1|001001":5166,"1|0|001001":5148,"1|0|001000":2788,"1|1|001000":2984,"1|1|110001":20227,"1|1|110000":21596,"1|1|010000":20365,"2|0|011101":7503,"2|1|111111":283,"2|1|111110":458,"2|0|010010":5096,"2|0|011100":7514,"2|0|010011":5389,"1|1|010001":22470,"1|0|101010":30732,"1|0|101011":29325,"1|0|001010":7441,"1|1|001111":18093,"1|0|001011":9593,"1|1|001110":15938,"2|1|101011":4534,"2|1|101010":4850,"1|1|110111":11574,"1|1|110110":12965,"1|1|010010":24411,"1|1|010011":26421,"1|1|011100":42730,"2|0|010001":4831,"2|1|111001":1373,"2|1|111000":1632,"2|0|010000":4448,"1|1|011101":44154,"1|1|000011":1046,"1|1|001100":12078,"1|1|001101":13923,"2|1|101001":5018,"1|1|000010":830,"2|1|101000":5286,"1|1|111110":2075,"1|1|111111":825,"2|1|111010":1152,"1|1|011110":46030,"1|1|011111":47393,"2|0|010111":6780,"2|1|001000":1883,"2|1|001001":2322,"2|1|111011":960,"2|0|010110":6254,"1|0|101111":23115,"1|1|100101":38709,"1|1|100100":40383,"1|0|101110":24844,"1|1|000000":1291,"1|1|000001":652,"2|1|101111":3655,"2|1|101110":3816,"1|1|110010":18740,"1|1|111101":3319,"1|1|110011":17063,"1|1|111100":4565,"1|1|011000":36070,"1|1|011001":37792,"2|1|001010":2588,"2|0|010100":5785,"2|1|001011":3076,"2|0|010101":5956,"1|0|101001":32377,"1|0|101000":34105,"1|0|000110":1447,"2|0|101101":4147,"2|0|100011":6705,"2|0|101100":4357,"2|0|100010":6750,"2|1|000001":651,"2|1|000000":1280,"1|1|111011":5995,"1|0|000111":1599,"1|1|111010":7524,"1|0|011011":41067,"2|1|110100":2541,"1|0|011010":39769,"2|1|001100":3336,"2|1|110101":2301,"2|1|001101":3515,"1|1|100001":45504,"1|1|100000":47225,"1|0|000000":1285,"2|0|101111":3797,"2|0|101110":3899,"2|1|000111":1656,"2|1|000110":1458,"1|1|111000":10020,"1|0|000001":662,"1|1|111001":8642,"1|0|011000":36007,"2|1|001110":3989,"2|1|110111":1919,"2|1|001111":4259,"2|1|110110":2056,"1|0|011001":37921,"1|1|100111":35563,"1|1|100110":37073,"1|0|000011":1021,"1|0|001100":12001,"1|0|000010":821,"2|0|101001":5105,"2|0|101000":5305,"1|0|001101":13806,"2|1|110001":3163,"2|1|110000":3482,"2|1|011001":7324,"2|1|011000":6832,"1|1|010100":28655,"1|1|010101":30460,"1|1|101111":22987,"1|1|101110":24908,"2|0|101010":5045,"1|0|001111":18150,"1|1|001010":7252,"1|0|001110":16396,"1|1|001011":9715,"2|0|101011":4487,"2|1|000011":973,"2|1|000010":827,"1|1|010110":32546,"2|1|111101":630,"2|1|110010":2985,"2|1|111100":793,"2|1|110011":2773,"2|1|011010":7440,"2|1|011011":7544,"1|1|010111":34016,"1|1|101101":26177,"1|1|100011":42268,"1|1|101100":27770,"1|1|100010":43922,"1|0|110001":20327,"2|0|001011":2974,"2|0|001010":2627,"1|0|110000":21904,"2|0|111110":424,"2|0|111111":295,"1|1|101010":30653,"2|1|010010":5378,"2|1|011100":7582,"2|1|011101":7484,"1|0|010001":22704,"1|0|010000":20232,"2|1|010011":5562,"1|1|101011":29025,"1|0|111101":3383,"2|0|100101":6130,"2|0|100100":6411,"1|0|110010":18855,"1|0|110011":17154,"1|0|111100":4707,"2|0|110010":3031,"2|0|111101":600,"2|0|110011":2755,"2|0|111100":775,"2|1|011111":7562,"1|0|010111":34310,"1|0|010110":32298,"2|1|011110":7329,"1|1|101001":32533,"1|1|101000":33773,"1|0|110100":15586,"1|0|110101":14488,"2|0|100111":5503,"2|0|100110":5739,"2|1|000101":1263,"2|0|001111":4300,"2|1|000100":1179,"2|0|001110":3989,"1|0|011110":45989,"2|0|111011":1076,"2|0|111010":1179,"2|1|010111":6764,"1|0|011111":47169,"2|1|010110":6329,"1|0|110111":11653,"2|0|100001":7285,"2|0|100000":7606,"2|0|001001":2365,"2|0|001000":1952,"1|0|000101":1338,"1|0|000100":1129,"1|0|110110":12982,"1|0|010010":24445,"2|0|111000":1629,"2|0|111001":1374,"1|0|011101":43877,"2|1|010001":4979,"1|0|010011":26363,"1|0|011100":42912,"2|1|010000":4664}}
