{"probability":{"Group 13":"0.2645070932058112","Group 12":"0.13725018831596997","Group 11":"0.03656541520612177","Group 10":"0.0","Group  6":"0.0","Group  5":"0.0007720138530308505","Group  4":"0.0045494913317255985","Group  3":"0.00018298225482795923","Group  2":"0.0","Group  1":"0.0","Group  9":"0.0002304261228304985","Group  8":"0.0","Group  7":"0.5559423897096821"},"groups":{"Group 13":["Botan 1.5.6 & 1.11.29 & 2.1.0","Feitian JavaCOS A22 & A40","Gemalto GCX4 72K","HSM SafeNet Luna SA-1700","LibTomCrypt 1.17","Libgcrypt 1.6.0 & 1.6.5 & 1.7.6","Libgcrypt 1.6.0 FIPS & 1.6.5 FIPS","Nettle 3.2 & 3.3","Oberthur Cosmo 64","OpenSSL FIPS 2.0.12 & 2.0.14","PGPSDK 4","WolfSSL 2.0rc1 & 3.9.0 & 3.10.2","cryptlib 3.4.3 & 3.4.3.1"],"Group 12":["Bouncy Castle 1.53 (Java)","Cryptix JCE 20050328","FlexiProvider 1.7p7","HSM Utimaco Security Server Se50","Nettle 2.0","PolarSSL 0.10.0","PuTTY 0.67","SunRsaSign OpenJDK 1.8.0","mbedTLS 1.3.19 & 2.2.1 & 2.4.2"],"Group 11":["Bouncy Castle 1.54 (Java)","Crypto++ 5.6.0 & 5.6.3 & 5.6.5","Libgcrypt 1.7.6 FIPS","Microsoft CryptoAPI & CNG & .NET"],"Group 10":["NXP J2D081 & J2E145G","YubiKey NEO"],"Group  6":["Oberthur Cosmo Dual 72K"],"Group  5":["NXP J2A080 & J2A081 & J3A081 & JCOP 41 V2.2.1"],"Group  4":["Gemalto GXP E64"],"Group  3":["GNU Crypto 2.0.1"],"Group  2":["G&D SmartCafe 4.x & 6.0"],"Group  1":["G&D SmartCafe 3.2"],"Group  9":["Infineon JTOP 80K","YubiKey 4 & 4 Nano"],"Group  8":["PGPSDK 4 FIPS"],"Group  7":["OpenSSL 0.9.7 & 1.0.2g & 1.0.2k & 1.1.0e"]},"frequencies":{"1|1|000110":976,"2|1|100011":2483,"2|1|101101":1535,"1|1|000111":985,"2|1|101100":1591,"2|1|100010":2626,"2|0|000000":1079,"2|0|000001":1101,"1|0|111010":1788,"1|0|111011":1392,"1|1|011010":9570,"1|1|011011":10074,"2|0|110100":882,"2|0|110101":835,"1|0|100001":10920,"1|0|100000":11558,"2|1|100000":2780,"1|1|000100":1049,"2|1|100001":2690,"2|0|000011":1039,"2|0|001101":1481,"2|0|001100":1459,"2|0|000010":1028,"1|1|000101":990,"2|1|010101":2128,"2|0|011010":2534,"2|1|010100":2079,"2|0|011011":2477,"1|0|100010":10845,"1|0|101100":6718,"1|0|101101":6377,"1|0|100011":10256,"2|1|100110":2258,"1|1|110101":3419,"2|1|100111":2187,"2|0|000101":1105,"2|0|000100":1015,"1|0|111110":478,"1|1|110100":3813,"1|0|111111":145,"1|0|100101":9556,"2|0|110001":1118,"2|0|110000":1233,"1|0|010101":7602,"1|0|010100":7167,"2|0|011001":2413,"2|0|011000":2329,"1|0|100100":9933,"2|1|100100":2318,"2|1|100101":2179,"2|0|000110":1035,"2|0|000111":985,"1|0|111000":2495,"1|0|111001":2040,"2|0|110111":683,"2|0|110110":681,"2|0|011111":2859,"2|0|011110":2703,"1|0|100111":8635,"1|0|100110":8866,"1|1|001001":1761,"1|0|001001":1708,"1|0|001000":1216,"1|1|001000":1216,"1|1|110001":4938,"1|1|110000":5159,"1|1|010000":5208,"2|0|011101":2624,"2|1|111111":34,"2|1|111110":109,"2|0|010010":1938,"2|0|011100":2667,"2|0|010011":1990,"1|1|010001":5808,"1|0|101010":7363,"1|0|101011":7086,"1|0|001010":2294,"1|1|001111":4753,"1|0|001011":2797,"1|1|001110":4231,"2|1|101011":1676,"2|1|101010":1760,"1|1|110111":2787,"1|1|110110":3116,"1|1|010010":6231,"1|1|010011":6544,"1|1|011100":10543,"2|0|010001":1898,"2|1|111001":503,"2|1|111000":555,"2|0|010000":1814,"1|1|011101":10824,"1|1|000011":1057,"1|1|001100":3305,"1|1|001101":3770,"2|1|101001":1888,"1|1|000010":1049,"2|1|101000":2038,"1|1|111110":482,"1|1|111111":160,"2|1|111010":410,"1|1|011110":11124,"1|1|011111":11493,"2|0|010111":2343,"2|1|001000":1043,"2|1|001001":1084,"2|1|111011":348,"2|0|010110":2240,"1|0|101111":5582,"1|1|100101":9569,"1|1|100100":9674,"1|0|101110":5909,"1|1|000000":1096,"1|1|000001":1089,"2|1|101111":1291,"2|1|101110":1500,"1|1|110010":4595,"1|1|111101":754,"1|1|110011":4170,"1|1|111100":1119,"1|1|011000":8653,"1|1|011001":9132,"2|1|001010":1254,"2|0|010100":2157,"2|1|001011":1259,"2|0|010101":2241,"1|0|101001":7875,"1|0|101000":8229,"1|0|000110":937,"2|0|101101":1497,"2|0|100011":2486,"2|0|101100":1634,"2|0|100010":2632,"2|1|000001":988,"2|1|000000":1112,"1|1|111011":1468,"1|0|000111":947,"1|1|111010":1740,"1|0|011011":9971,"2|1|110100":949,"1|0|011010":9687,"2|1|001100":1375,"2|1|110101":829,"2|1|001101":1586,"1|1|100001":10995,"1|1|100000":11592,"1|0|000000":1078,"2|0|101111":1312,"2|0|101110":1460,"2|1|000111":906,"2|1|000110":984,"1|1|111000":2481,"1|0|000001":1075,"1|1|111001":2129,"1|0|011000":8801,"2|1|001110":1535,"2|1|110111":654,"2|1|001111":1613,"2|1|110110":724,"1|0|011001":9272,"1|1|100111":8775,"1|1|100110":9046,"1|0|000011":1001,"1|0|001100":3274,"1|0|000010":1024,"2|0|101001":1874,"2|0|101000":1990,"1|0|001101":3813,"2|1|110001":1157,"2|1|110000":1279,"2|1|011001":2359,"2|1|011000":2297,"1|1|010100":7089,"1|1|010101":7509,"1|1|101111":5593,"1|1|101110":5884,"2|0|101010":1832,"1|0|001111":4820,"1|1|001010":2344,"1|0|001110":4158,"1|1|001011":2735,"2|0|101011":1751,"2|1|000011":1034,"2|1|000010":1013,"1|1|010110":7887,"2|1|111101":185,"2|1|110010":1082,"2|1|111100":256,"2|1|110011":1034,"2|1|011010":2583,"2|1|011011":2483,"1|1|010111":8448,"1|1|101101":6282,"1|1|100011":10351,"1|1|101100":6643,"1|1|100010":10737,"1|0|110001":4878,"2|0|001011":1325,"2|0|001010":1192,"1|0|110000":5243,"2|0|111110":97,"2|0|111111":38,"1|1|101010":7545,"2|1|010010":1888,"2|1|011100":2591,"2|1|011101":2727,"1|0|010001":5746,"1|0|010000":5221,"2|1|010011":2000,"1|1|101011":7145,"1|0|111101":787,"2|0|100101":2273,"2|0|100100":2410,"1|0|110010":4605,"1|0|110011":4111,"1|0|111100":1110,"2|0|110010":1049,"2|0|111101":192,"2|0|110011":974,"2|0|111100":279,"2|1|011111":2852,"1|0|010111":8310,"1|0|010110":7946,"2|1|011110":2821,"1|1|101001":8011,"1|1|101000":8217,"1|0|110100":3847,"1|0|110101":3494,"2|0|100111":2055,"2|0|100110":2178,"2|1|000101":1002,"2|0|001111":1710,"2|1|000100":1086,"2|0|001110":1592,"1|0|011110":11181,"2|0|111011":298,"2|0|111010":396,"2|1|010111":2365,"1|0|011111":11532,"2|1|010110":2299,"1|0|110111":2791,"2|0|100001":2702,"2|0|100000":2721,"2|0|001001":1194,"2|0|001000":1019,"1|0|000101":1024,"1|0|000100":986,"1|0|110110":3112,"1|0|010010":6163,"2|0|111000":552,"2|0|111001":458,"1|0|011101":10804,"2|1|010001":1838,"1|0|010011":6612,"1|0|011100":10650,"2|1|010000":1836}}
