{"probability":{"Group 13":"0.03436904291803738","Group 12":"0.0140921968677446","Group 11":"0.07779132420922505","Group 10":"0.00008075584101894898","Group  6":"0.00035298999816612344","Group  5":"0.00005937724208475878","Group  4":"0.002273571710177534","Group  3":"0.0","Group  2":"0.0","Group  1":"0.0","Group  9":"0.0004149317797682198","Group  8":"0.009615811436557131","Group  7":"0.8609499979972203"},"groups":{"Group 13":["Botan 1.5.6 & 1.11.29 & 2.1.0","Feitian JavaCOS A22 & A40","Gemalto GCX4 72K","HSM SafeNet Luna SA-1700","LibTomCrypt 1.17","Libgcrypt 1.6.0 & 1.6.5 & 1.7.6","Libgcrypt 1.6.0 FIPS & 1.6.5 FIPS","Nettle 3.2 & 3.3","Oberthur Cosmo 64","OpenSSL FIPS 2.0.12 & 2.0.14","PGPSDK 4","WolfSSL 2.0rc1 & 3.9.0 & 3.10.2","cryptlib 3.4.3 & 3.4.3.1"],"Group 12":["Bouncy Castle 1.53 (Java)","Cryptix JCE 20050328","FlexiProvider 1.7p7","HSM Utimaco Security Server Se50","Nettle 2.0","PolarSSL 0.10.0","PuTTY 0.67","SunRsaSign OpenJDK 1.8.0","mbedTLS 1.3.19 & 2.2.1 & 2.4.2"],"Group 11":["Bouncy Castle 1.54 (Java)","Crypto++ 5.6.0 & 5.6.3 & 5.6.5","Libgcrypt 1.7.6 FIPS","Microsoft CryptoAPI & CNG & .NET"],"Group 10":["NXP J2D081 & J2E145G","YubiKey NEO"],"Group  6":["Oberthur Cosmo Dual 72K"],"Group  5":["NXP J2A080 & J2A081 & J3A081 & JCOP 41 V2.2.1"],"Group  4":["Gemalto GXP E64"],"Group  3":["GNU Crypto 2.0.1"],"Group  2":["G&D SmartCafe 4.x & 6.0"],"Group  1":["G&D SmartCafe 3.2"],"Group  9":["Infineon JTOP 80K","YubiKey 4 & 4 Nano"],"Group  8":["PGPSDK 4 FIPS"],"Group  7":["OpenSSL 0.9.7 & 1.0.2g & 1.0.2k & 1.1.0e"]},"frequencies":{"1|1|000110":1078,"2|1|100011":2817,"2|1|101101":1720,"1|1|000111":1158,"2|1|101100":1847,"2|1|100010":2937,"2|0|000000":571,"2|0|000001":651,"1|0|111010":8481,"1|0|111011":7001,"1|1|011010":45193,"1|1|011011":47422,"2|0|110100":1053,"2|0|110101":936,"1|0|100001":52795,"1|0|100000":55282,"2|1|100000":3143,"1|1|000100":905,"2|1|100001":2968,"2|0|000011":816,"2|0|001101":1974,"2|0|001100":1812,"2|0|000010":777,"1|1|000101":1061,"2|1|010101":2905,"2|0|011010":3348,"2|1|010100":2762,"2|0|011011":3526,"1|0|100010":50961,"1|0|101100":32187,"1|0|101101":30093,"1|0|100011":49283,"2|1|100110":2492,"1|1|110101":16643,"2|1|100111":2337,"2|0|000101":985,"2|0|000100":945,"1|0|111110":2407,"1|1|110100":18201,"1|0|111111":1138,"1|0|100101":45157,"2|0|110001":1301,"2|0|110000":1436,"1|0|010101":34403,"1|0|010100":32077,"2|0|011001":3241,"2|0|011000":3184,"1|0|100100":46973,"2|1|100100":2715,"2|1|100101":2681,"2|0|000110":1077,"2|0|000111":1185,"1|0|111000":11514,"1|0|111001":10101,"2|0|110111":761,"2|0|110110":814,"2|0|011111":3241,"2|0|011110":3196,"1|0|100111":41083,"1|0|100110":43222,"1|1|001001":5276,"1|0|001001":5090,"1|0|001000":2528,"1|1|001000":2568,"1|1|110001":23447,"1|1|110000":25052,"1|1|010000":22902,"2|0|011101":3209,"2|1|111111":451,"2|1|111110":206,"2|0|010010":2528,"2|0|011100":3408,"2|0|010011":2680,"1|1|010001":24979,"1|0|101010":35587,"1|0|101011":34010,"1|0|001010":7810,"1|1|001111":20601,"1|0|001011":10475,"1|1|001110":18037,"2|1|101011":1938,"2|1|101010":2005,"1|1|110111":13420,"1|1|110110":15008,"1|1|010010":27538,"1|1|010011":29703,"1|1|011100":49256,"2|0|010001":2498,"2|1|111001":562,"2|1|111000":694,"2|0|010000":2271,"1|1|011101":51056,"1|1|000011":849,"1|1|001100":12981,"1|1|001101":15383,"2|1|101001":2244,"1|1|000010":747,"2|1|101000":2211,"1|1|111110":2406,"1|1|111111":1164,"2|1|111010":502,"1|1|011110":53216,"1|1|011111":54864,"2|0|010111":3118,"2|1|001000":1326,"2|1|001001":1464,"2|1|111011":408,"2|0|010110":2963,"1|0|101111":26978,"1|1|100101":45291,"1|1|100100":46547,"1|0|101110":28730,"1|1|000000":574,"1|1|000001":703,"2|1|101111":1486,"2|1|101110":1594,"1|1|110010":21970,"1|1|111101":3933,"1|1|110011":19849,"1|1|111100":5434,"1|1|011000":40775,"1|1|011001":43357,"2|1|001010":1583,"2|0|010100":2838,"2|1|001011":1719,"2|0|010101":2922,"1|0|101001":37550,"1|0|101000":39818,"1|0|000110":1080,"2|0|101101":1751,"2|0|100011":2685,"2|0|101100":1861,"2|0|100010":2985,"2|1|000001":654,"2|1|000000":584,"1|1|111011":6860,"1|0|000111":1148,"1|1|111010":8439,"1|0|011011":47212,"2|1|110100":1042,"1|0|011010":45045,"2|1|001100":1894,"2|1|110101":991,"2|1|001101":1993,"1|1|100001":53045,"1|1|100000":54918,"1|0|000000":553,"2|0|101111":1468,"2|0|101110":1622,"2|1|000111":1134,"2|1|000110":1084,"1|1|111000":11885,"1|0|000001":630,"1|1|111001":10073,"1|0|011000":41193,"2|1|001110":2084,"2|1|110111":789,"2|1|001111":2286,"2|1|110110":902,"1|0|011001":42886,"1|1|100111":41599,"1|1|100110":43014,"1|0|000011":841,"1|0|001100":13082,"1|0|000010":760,"2|0|101001":2131,"2|0|101000":2264,"1|0|001101":15357,"2|1|110001":1283,"2|1|110000":1472,"0|0|101101":1,"2|1|011001":3374,"2|1|011000":3102,"1|1|010100":32507,"1|1|010101":34521,"1|1|101111":26810,"1|1|101110":28558,"2|0|101010":2028,"1|0|001111":20680,"1|1|001010":7624,"1|0|001110":17855,"1|1|001011":10345,"2|0|101011":2006,"2|1|000011":839,"2|1|000010":793,"1|1|010110":36616,"2|1|111101":233,"2|1|110010":1197,"2|1|111100":322,"2|1|110011":1118,"2|1|011010":3485,"2|1|011011":3362,"1|1|010111":38734,"1|1|101101":29959,"1|1|100011":49065,"1|1|101100":32156,"1|1|100010":51067,"1|0|110001":23287,"2|0|001011":1701,"2|0|001010":1561,"1|0|110000":25231,"2|0|111110":199,"2|0|111111":415,"1|1|101010":35665,"2|1|010010":2516,"2|1|011100":3372,"2|1|011101":3288,"1|0|010001":25319,"1|0|010000":22595,"2|1|010011":2612,"1|1|101011":34148,"1|0|111101":3850,"2|0|100101":2550,"2|0|100100":2705,"1|0|110010":21664,"1|0|110011":20247,"1|0|111100":5353,"2|0|110010":1278,"2|0|111101":260,"2|0|110011":1131,"2|0|111100":308,"2|1|011111":3220,"1|0|010111":38710,"1|0|010110":36291,"2|1|011110":3250,"1|1|101001":37522,"1|1|101000":39393,"1|0|110100":18316,"1|0|110101":16416,"2|0|100111":2334,"2|0|100110":2472,"2|1|000101":1063,"2|0|001111":2171,"2|1|000100":1010,"2|0|001110":1970,"1|0|011110":53193,"2|0|111011":396,"2|0|111010":452,"2|1|010111":3116,"1|0|011111":55477,"2|1|010110":2908,"1|0|110111":13146,"2|0|100001":3032,"2|0|100000":3214,"2|0|001001":1417,"2|0|001000":1233,"1|0|000101":1016,"1|0|000100":893,"1|0|110110":14921,"1|0|010010":27685,"2|0|111000":687,"2|0|111001":591,"1|0|011101":51236,"2|1|010001":2424,"1|0|010011":29773,"1|0|011100":49115,"2|1|010000":2247}}
