{"probability":{"Group 13":"0.04792676173062817","Group 12":"0.030528669319159117","Group 11":"0.39447300848241024","Group 10":"0.0","Group  6":"0.0","Group  5":"0.0003597554368172313","Group  4":"0.0026446319282693326","Group  3":"0.0","Group  2":"0.0","Group  1":"0.0","Group  9":"0.00024415704783651703","Group  8":"0.0033339919148430474","Group  7":"0.5204890241400365"},"groups":{"Group 13":["Botan 1.5.6 & 1.11.29 & 2.1.0","Feitian JavaCOS A22 & A40","Gemalto GCX4 72K","HSM SafeNet Luna SA-1700","LibTomCrypt 1.17","Libgcrypt 1.6.0 & 1.6.5 & 1.7.6","Libgcrypt 1.6.0 FIPS & 1.6.5 FIPS","Nettle 3.2 & 3.3","Oberthur Cosmo 64","OpenSSL FIPS 2.0.12 & 2.0.14","PGPSDK 4","WolfSSL 2.0rc1 & 3.9.0 & 3.10.2","cryptlib 3.4.3 & 3.4.3.1"],"Group 12":["Bouncy Castle 1.53 (Java)","Cryptix JCE 20050328","FlexiProvider 1.7p7","HSM Utimaco Security Server Se50","Nettle 2.0","PolarSSL 0.10.0","PuTTY 0.67","SunRsaSign OpenJDK 1.8.0","mbedTLS 1.3.19 & 2.2.1 & 2.4.2"],"Group 11":["Bouncy Castle 1.54 (Java)","Crypto++ 5.6.0 & 5.6.3 & 5.6.5","Libgcrypt 1.7.6 FIPS","Microsoft CryptoAPI & CNG & .NET"],"Group 10":["NXP J2D081 & J2E145G","YubiKey NEO"],"Group  6":["Oberthur Cosmo Dual 72K"],"Group  5":["NXP J2A080 & J2A081 & J3A081 & JCOP 41 V2.2.1"],"Group  4":["Gemalto GXP E64"],"Group  3":["GNU Crypto 2.0.1"],"Group  2":["G&D SmartCafe 4.x & 6.0"],"Group  1":["G&D SmartCafe 3.2"],"Group  9":["Infineon JTOP 80K","YubiKey 4 & 4 Nano"],"Group  8":["PGPSDK 4 FIPS"],"Group  7":["OpenSSL 0.9.7 & 1.0.2g & 1.0.2k & 1.1.0e"]},"frequencies":{"1|1|000110":4404,"2|1|100011":11424,"2|1|101101":6988,"1|1|000111":4967,"2|1|101100":7381,"2|1|100010":11939,"2|0|000000":1297,"2|0|000001":1736,"1|0|111010":7723,"1|0|111011":6142,"1|1|011010":44905,"1|1|011011":46206,"2|0|110100":4194,"2|0|110101":3815,"1|0|100001":47886,"1|0|100000":50035,"2|1|100000":12752,"1|1|000100":3320,"2|1|100001":12687,"2|0|000011":2752,"2|0|001101":8361,"2|0|001100":7723,"2|0|000010":2342,"1|1|000101":3941,"2|1|010101":12471,"2|0|011010":14578,"2|1|010100":12009,"2|0|011011":14654,"1|0|100010":46746,"1|0|101100":29407,"1|0|101101":27664,"1|0|100011":44732,"2|1|100110":9889,"1|1|110101":15407,"2|1|100111":9640,"2|0|000101":3908,"2|0|000100":3420,"1|0|111110":2196,"1|1|110100":16511,"1|0|111111":1097,"1|0|100101":41390,"2|0|110001":5368,"2|0|110000":5862,"1|0|010101":35337,"1|0|010100":33095,"2|0|011001":14364,"2|0|011000":13971,"1|0|100100":42971,"2|1|100100":11070,"2|1|100101":10470,"2|0|000110":4394,"2|0|000111":4783,"1|0|111000":10665,"1|0|111001":9166,"2|0|110111":2960,"2|0|110110":3454,"2|0|011111":13324,"2|0|011110":13496,"1|0|100111":37658,"1|0|100110":39538,"1|1|001001":8652,"1|0|001001":8679,"1|0|001000":6418,"1|1|001000":6342,"1|1|110001":21152,"1|1|110000":23058,"1|1|010000":24669,"2|0|011101":13831,"2|1|111111":539,"2|1|111110":597,"2|0|010010":10970,"2|0|011100":14322,"2|0|010011":11441,"1|1|010001":26831,"1|0|101010":32780,"1|0|101011":30877,"1|0|001010":10987,"1|1|001111":22488,"1|0|001011":13540,"1|1|001110":20208,"2|1|101011":7775,"2|1|101010":8111,"1|1|110111":11943,"1|1|110110":13681,"1|1|010010":29122,"1|1|010011":31246,"1|1|011100":47147,"2|0|010001":10464,"2|1|111001":2355,"2|1|111000":2681,"2|0|010000":9867,"1|1|011101":48015,"1|1|000011":2893,"1|1|001100":15749,"1|1|001101":17827,"2|1|101001":8740,"1|1|000010":2341,"2|1|101000":8945,"1|1|111110":2155,"1|1|111111":1090,"2|1|111010":1948,"1|1|011110":49613,"1|1|011111":50618,"2|0|010111":13441,"2|1|001000":5334,"2|1|001001":6066,"2|1|111011":1547,"2|0|010110":12963,"1|0|101111":24514,"1|1|100101":41390,"1|1|100100":43041,"1|0|101110":26085,"1|1|000000":1325,"1|1|000001":1889,"2|1|101111":6297,"2|1|101110":6511,"1|1|110010":19749,"1|1|111101":3494,"1|1|110011":18119,"1|1|111100":4835,"1|1|011000":40931,"1|1|011001":43582,"2|1|001010":6683,"2|0|010100":12036,"2|1|001011":7217,"2|0|010101":12389,"1|0|101001":34126,"1|0|101000":36050,"1|0|000110":4386,"2|0|101101":7031,"2|0|100011":11476,"2|0|101100":7516,"2|0|100010":11992,"2|1|000001":1871,"2|1|000000":1336,"1|1|111011":6251,"1|0|000111":4861,"1|1|111010":7762,"1|0|011011":45944,"2|1|110100":4172,"1|0|011010":45095,"2|1|001100":7742,"2|1|110101":3857,"2|1|001101":8375,"1|1|100001":48369,"1|1|100000":50341,"1|0|000000":1291,"2|0|101111":6286,"2|0|101110":6558,"2|1|000111":4870,"2|1|000110":4346,"1|1|111000":10722,"1|0|000001":1791,"1|1|111001":8930,"1|0|011000":41069,"2|1|001110":8933,"2|1|110111":2946,"2|1|001111":9360,"2|1|110110":3453,"1|0|011001":42755,"1|1|100111":37617,"1|1|100110":39361,"1|0|000011":2815,"1|0|001100":15748,"1|0|000010":2289,"2|0|101001":8594,"2|0|101000":9255,"1|0|001101":17911,"2|1|110001":5312,"2|1|110000":5709,"2|1|011001":14522,"2|1|011000":13798,"1|1|010100":33032,"1|1|010101":35290,"1|1|101111":24232,"1|1|101110":26062,"2|0|101010":8153,"1|0|001111":22515,"1|1|001010":11130,"1|0|001110":20369,"1|1|001011":13546,"2|0|101011":7896,"2|1|000011":2865,"2|1|000010":2406,"1|1|010110":37148,"2|1|111101":917,"2|1|110010":4965,"2|1|111100":1256,"2|1|110011":4572,"2|1|011010":14851,"2|1|011011":14336,"1|1|010111":39185,"1|1|101101":27470,"1|1|100011":44654,"1|1|101100":29391,"1|1|100010":46559,"1|0|110001":21154,"2|0|001011":7167,"2|0|001010":6656,"1|0|110000":23002,"2|0|111110":566,"2|0|111111":528,"1|1|101010":32654,"2|1|010010":10893,"2|1|011100":14113,"2|1|011101":13746,"1|0|010001":26834,"1|0|010000":24847,"2|1|010011":11445,"1|1|101011":31168,"1|0|111101":3429,"2|0|100101":10371,"2|0|100100":10989,"1|0|110010":19704,"1|0|110011":18239,"1|0|111100":4880,"2|0|110010":4883,"2|0|111101":908,"2|0|110011":4546,"2|0|111100":1279,"2|1|011111":13190,"1|0|010111":38796,"1|0|010110":37205,"2|1|011110":13399,"1|1|101001":34373,"1|1|101000":36233,"1|0|110100":16589,"1|0|110101":14852,"2|0|100111":9423,"2|0|100110":10151,"2|1|000101":3884,"2|0|001111":9322,"2|1|000100":3309,"2|0|001110":8844,"1|0|011110":49729,"2|0|111011":1629,"2|0|111010":1928,"2|1|010111":13269,"1|0|011111":50440,"2|1|010110":12768,"1|0|110111":12129,"2|0|100001":12305,"2|0|100000":12410,"2|0|001001":6156,"2|0|001000":5388,"1|0|000101":3892,"1|0|000100":3408,"1|0|110110":13652,"1|0|010010":29298,"2|0|111000":2777,"2|0|111001":2320,"1|0|011101":48386,"2|1|010001":10498,"1|0|010011":31087,"1|0|011100":47192,"2|1|010000":9891}}
