{"probability":{"Group 13":"0.14004845049545528","Group 12":"0.011435067771596173","Group 11":"0.14298259044650022","Group 10":"0.0","Group  6":"0.00013370251602669536","Group  5":"0.0","Group  4":"0.003610093520770487","Group  3":"0.0008519778752641033","Group  2":"0.0","Group  1":"0.0","Group  9":"0.0004156502873200778","Group  8":"0.015818277404325957","Group  7":"0.6847041896827409"},"groups":{"Group 13":["Botan 1.5.6 & 1.11.29 & 2.1.0","Feitian JavaCOS A22 & A40","Gemalto GCX4 72K","HSM SafeNet Luna SA-1700","LibTomCrypt 1.17","Libgcrypt 1.6.0 & 1.6.5 & 1.7.6","Libgcrypt 1.6.0 FIPS & 1.6.5 FIPS","Nettle 3.2 & 3.3","Oberthur Cosmo 64","OpenSSL FIPS 2.0.12 & 2.0.14","PGPSDK 4","WolfSSL 2.0rc1 & 3.9.0 & 3.10.2","cryptlib 3.4.3 & 3.4.3.1"],"Group 12":["Bouncy Castle 1.53 (Java)","Cryptix JCE 20050328","FlexiProvider 1.7p7","HSM Utimaco Security Server Se50","Nettle 2.0","PolarSSL 0.10.0","PuTTY 0.67","SunRsaSign OpenJDK 1.8.0","mbedTLS 1.3.19 & 2.2.1 & 2.4.2"],"Group 11":["Bouncy Castle 1.54 (Java)","Crypto++ 5.6.0 & 5.6.3 & 5.6.5","Libgcrypt 1.7.6 FIPS","Microsoft CryptoAPI & CNG & .NET"],"Group 10":["NXP J2D081 & J2E145G","YubiKey NEO"],"Group  6":["Oberthur Cosmo Dual 72K"],"Group  5":["NXP J2A080 & J2A081 & J3A081 & JCOP 41 V2.2.1"],"Group  4":["Gemalto GXP E64"],"Group  3":["GNU Crypto 2.0.1"],"Group  2":["G&D SmartCafe 4.x & 6.0"],"Group  1":["G&D SmartCafe 3.2"],"Group  9":["Infineon JTOP 80K","YubiKey 4 & 4 Nano"],"Group  8":["PGPSDK 4 FIPS"],"Group  7":["OpenSSL 0.9.7 & 1.0.2g & 1.0.2k & 1.1.0e"]},"frequencies":{"1|1|000110":1580,"2|1|100011":7064,"2|1|101101":4300,"1|1|000111":1705,"2|1|101100":4657,"2|1|100010":7177,"2|0|000000":1331,"2|0|000001":676,"1|0|111010":7516,"1|0|111011":6124,"1|1|011010":41581,"1|1|011011":42800,"2|0|110100":2625,"2|0|110101":2444,"1|0|100001":47485,"1|0|100000":49213,"2|1|100000":8047,"1|1|000100":1205,"2|1|100001":7526,"2|0|000011":994,"2|0|001101":3841,"2|0|001100":3469,"2|0|000010":904,"1|1|000101":1291,"2|1|010101":6475,"2|0|011010":7809,"2|1|010100":5989,"2|0|011011":8080,"1|0|100010":45430,"1|0|101100":28669,"1|0|101101":26700,"1|0|100011":43881,"2|1|100110":6256,"1|1|110101":15071,"2|1|100111":5917,"2|0|000101":1389,"2|0|000100":1207,"1|0|111110":2128,"1|1|110100":16468,"1|0|111111":816,"1|0|100101":40104,"2|0|110001":3359,"2|0|110000":3523,"1|0|010101":31736,"1|0|010100":29546,"2|0|011001":7472,"2|0|011000":7338,"1|0|100100":42056,"2|1|100100":6683,"2|1|100101":6479,"2|0|000110":1579,"2|0|000111":1696,"1|0|111000":10545,"1|0|111001":9233,"2|0|110111":1891,"2|0|110110":2234,"2|0|011111":8042,"2|0|011110":8128,"1|0|100111":37185,"1|0|100110":38876,"1|1|001001":5339,"1|0|001001":5422,"1|0|001000":2887,"1|1|001000":3071,"1|1|110001":21043,"1|1|110000":22662,"1|1|010000":21094,"2|0|011101":7950,"2|1|111111":279,"2|1|111110":481,"2|0|010010":5404,"2|0|011100":7932,"2|0|010011":5544,"1|1|010001":23207,"1|0|101010":31936,"1|0|101011":30501,"1|0|001010":7754,"1|1|001111":18813,"1|0|001011":9941,"1|1|001110":16792,"2|1|101011":4886,"2|1|101010":5154,"1|1|110111":12065,"1|1|110110":13573,"1|1|010010":25230,"1|1|010011":27450,"1|1|011100":44498,"2|0|010001":5101,"2|1|111001":1439,"2|1|111000":1716,"2|0|010000":4765,"1|1|011101":46027,"1|1|000011":1058,"1|1|001100":12446,"1|1|001101":14571,"2|1|101001":5311,"1|1|000010":860,"2|1|101000":5705,"1|1|111110":2129,"1|1|111111":867,"2|1|111010":1219,"1|1|011110":47801,"1|1|011111":49271,"2|0|010111":7073,"2|1|001000":1940,"2|1|001001":2350,"2|1|111011":1022,"2|0|010110":6640,"1|0|101111":24158,"1|1|100101":40278,"1|1|100100":41936,"1|0|101110":25823,"1|1|000000":1311,"1|1|000001":670,"2|1|101111":3884,"2|1|101110":4113,"1|1|110010":19487,"1|1|111101":3451,"1|1|110011":17769,"1|1|111100":4737,"1|1|011000":37463,"1|1|011001":39360,"2|1|001010":2791,"2|0|010100":6099,"2|1|001011":3196,"2|0|010101":6326,"1|0|101001":33628,"1|0|101000":35405,"1|0|000110":1553,"2|0|101101":4392,"2|0|100011":7042,"2|0|101100":4591,"2|0|100010":7189,"2|1|000001":665,"2|1|000000":1315,"1|1|111011":6224,"1|0|000111":1663,"1|1|111010":7805,"1|0|011011":42615,"2|1|110100":2649,"1|0|011010":41210,"2|1|001100":3486,"2|1|110101":2464,"2|1|001101":3682,"1|1|100001":47208,"1|1|100000":49096,"1|0|000000":1288,"2|0|101111":4031,"2|0|101110":4090,"2|1|000111":1709,"2|1|000110":1525,"1|1|111000":10381,"1|0|000001":675,"1|1|111001":8962,"1|0|011000":37547,"2|1|001110":4194,"2|1|110111":1989,"2|1|001111":4472,"2|1|110110":2171,"1|0|011001":39566,"1|1|100111":36957,"1|1|100110":38531,"1|0|000011":1079,"1|0|001100":12369,"1|0|000010":847,"2|0|101001":5425,"2|0|101000":5636,"1|0|001101":14508,"2|1|110001":3386,"2|1|110000":3600,"2|1|011001":7604,"2|1|011000":7224,"1|1|010100":29862,"1|1|010101":31561,"1|1|101111":23973,"1|1|101110":25747,"2|0|101010":5278,"1|0|001111":18889,"1|1|001010":7597,"1|0|001110":16971,"1|1|001011":10170,"2|0|101011":4810,"2|1|000011":1024,"2|1|000010":842,"1|1|010110":33979,"2|1|111101":655,"2|1|110010":3153,"2|1|111100":812,"2|1|110011":2982,"2|1|011010":7873,"2|1|011011":7972,"1|1|010111":35357,"1|1|101101":27130,"1|1|100011":43723,"1|1|101100":28904,"1|1|100010":45547,"1|0|110001":21062,"2|0|001011":3147,"2|0|001010":2817,"1|0|110000":22587,"2|0|111110":438,"2|0|111111":290,"1|1|101010":32056,"2|1|010010":5645,"2|1|011100":8007,"2|1|011101":7840,"1|0|010001":23756,"1|0|010000":21166,"2|1|010011":5789,"1|1|101011":30197,"1|0|111101":3516,"2|0|100101":6425,"2|0|100100":6886,"1|0|110010":19674,"1|0|110011":17833,"1|0|111100":4896,"2|0|110010":3160,"2|0|111101":656,"2|0|110011":2836,"2|0|111100":815,"2|1|011111":8057,"1|0|010111":35547,"1|0|010110":33709,"2|1|011110":7729,"1|1|101001":33719,"1|1|101000":35044,"1|0|110100":16244,"1|0|110101":15015,"2|0|100111":5900,"2|0|100110":6083,"2|1|000101":1383,"2|0|001111":4463,"2|1|000100":1196,"2|0|001110":4237,"1|0|011110":47801,"2|0|111011":1116,"2|0|111010":1270,"2|1|010111":7164,"1|0|011111":49115,"2|1|010110":6625,"1|0|110111":12090,"2|0|100001":7732,"2|0|100000":7888,"2|0|001001":2415,"2|0|001000":2045,"1|0|000101":1350,"1|0|000100":1215,"1|0|110110":13507,"1|0|010010":25434,"2|0|111000":1722,"2|0|111001":1411,"1|0|011101":45811,"2|1|010001":5322,"1|0|010011":27197,"1|0|011100":44658,"2|1|010000":4745}}
