{"probability":{"Group 13":"0.005383370017103225","Group 12":"0.028525566453268997","Group 11":"0.30440858389252085","Group 10":"0.00011995980577116822","Group  6":"0.00010609445314767135","Group  5":"0.0","Group  4":"0.0010404880492572099","Group  3":"0.00007243888198018419","Group  2":"0.0","Group  1":"0.0","Group  9":"0.0","Group  8":"0.002845540455214573","Group  7":"0.6574979579917363"},"groups":{"Group 13":["Botan 1.5.6 & 1.11.29 & 2.1.0","Feitian JavaCOS A22 & A40","Gemalto GCX4 72K","HSM SafeNet Luna SA-1700","LibTomCrypt 1.17","Libgcrypt 1.6.0 & 1.6.5 & 1.7.6","Libgcrypt 1.6.0 FIPS & 1.6.5 FIPS","Nettle 3.2 & 3.3","Oberthur Cosmo 64","OpenSSL FIPS 2.0.12 & 2.0.14","PGPSDK 4","WolfSSL 2.0rc1 & 3.9.0 & 3.10.2","cryptlib 3.4.3 & 3.4.3.1"],"Group 12":["Bouncy Castle 1.53 (Java)","Cryptix JCE 20050328","FlexiProvider 1.7p7","HSM Utimaco Security Server Se50","Nettle 2.0","PolarSSL 0.10.0","PuTTY 0.67","SunRsaSign OpenJDK 1.8.0","mbedTLS 1.3.19 & 2.2.1 & 2.4.2"],"Group 11":["Bouncy Castle 1.54 (Java)","Crypto++ 5.6.0 & 5.6.3 & 5.6.5","Libgcrypt 1.7.6 FIPS","Microsoft CryptoAPI & CNG & .NET"],"Group 10":["NXP J2D081 & J2E145G","YubiKey NEO"],"Group  6":["Oberthur Cosmo Dual 72K"],"Group  5":["NXP J2A080 & J2A081 & J3A081 & JCOP 41 V2.2.1"],"Group  4":["Gemalto GXP E64"],"Group  3":["GNU Crypto 2.0.1"],"Group  2":["G&D SmartCafe 4.x & 6.0"],"Group  1":["G&D SmartCafe 3.2"],"Group  9":["Infineon JTOP 80K","YubiKey 4 & 4 Nano"],"Group  8":["PGPSDK 4 FIPS"],"Group  7":["OpenSSL 0.9.7 & 1.0.2g & 1.0.2k & 1.1.0e"]},"frequencies":{"1|1|000110":5242,"2|1|100011":11366,"2|1|101101":7110,"1|1|000111":5782,"2|1|101100":7623,"2|1|100010":12012,"2|0|000000":1754,"2|0|000001":2390,"1|0|111010":12586,"1|0|111011":10362,"1|1|011010":71346,"1|1|011011":74005,"2|0|110100":4219,"2|0|110101":3830,"1|0|100001":79248,"1|0|100000":82176,"2|1|100000":12974,"1|1|000100":3933,"2|1|100001":12399,"2|0|000011":3534,"2|0|001101":8939,"2|0|001100":8599,"2|0|000010":2934,"1|1|000101":4617,"2|1|010101":13312,"2|0|011010":15589,"2|1|010100":12587,"2|0|011011":15195,"1|0|100010":75827,"1|0|101100":48335,"1|0|101101":45292,"1|0|100011":73657,"2|1|100110":10001,"1|1|110101":25085,"2|1|100111":9863,"2|0|000101":4621,"2|0|000100":4122,"1|0|111110":3518,"1|1|110100":27415,"1|0|111111":1345,"1|0|100101":67503,"2|0|110001":5446,"2|0|110000":5899,"1|0|010101":55603,"1|0|010100":51892,"2|0|011001":14988,"2|0|011000":14488,"1|0|100100":70967,"2|1|100100":11048,"2|1|100101":10676,"0|0|011100":2,"2|0|000110":5194,"2|0|000111":5800,"1|0|111000":17241,"1|0|111001":15223,"2|0|110111":3132,"2|0|110110":3552,"2|0|011111":13363,"2|0|011110":13772,"1|0|100111":61932,"1|0|100110":64387,"1|1|001001":12044,"1|0|001001":11989,"1|0|001000":7816,"1|1|001000":8193,"1|1|110001":35158,"1|1|110000":37847,"1|1|010000":38099,"2|0|011101":14193,"2|1|111111":476,"2|1|111110":569,"2|0|010010":11636,"2|0|011100":14747,"2|0|010011":12272,"1|1|010001":41550,"1|0|101010":53554,"1|0|101011":50768,"1|0|001010":15664,"1|1|001111":34618,"1|0|001011":19686,"1|1|001110":31107,"2|1|101011":7882,"2|1|101010":8309,"1|1|110111":19935,"1|1|110110":22566,"1|1|010010":45441,"1|1|010011":48525,"1|1|011100":76017,"2|0|010001":11164,"2|1|111001":2359,"2|1|111000":2799,"2|0|010000":10644,"1|1|011101":78463,"1|1|000011":3474,"1|1|001100":23316,"1|1|001101":27164,"2|1|101001":8751,"1|1|000010":2891,"2|1|101000":9305,"1|1|111110":3494,"1|1|111111":1510,"2|1|111010":1976,"1|1|011110":80573,"1|1|011111":82823,"2|0|010111":14147,"2|1|001000":6296,"2|1|001001":7027,"2|1|111011":1751,"2|0|010110":13858,"1|0|101111":39960,"1|1|100101":67626,"1|1|100100":70551,"1|0|101110":42709,"1|1|000000":1756,"1|1|000001":2534,"2|1|101111":6346,"2|1|101110":6825,"1|1|110010":32666,"1|1|111101":5813,"1|1|110011":30109,"1|1|111100":8141,"1|1|011000":65538,"1|1|011001":68859,"2|1|001010":7474,"2|0|010100":12634,"2|1|001011":8218,"2|0|010101":13138,"1|0|101001":56117,"1|0|101000":59332,"1|0|000110":5180,"2|0|101101":7190,"2|0|100011":11509,"2|0|101100":7500,"2|0|100010":11864,"2|1|000001":2358,"2|1|000000":1834,"1|1|111011":10451,"1|0|000111":5745,"1|1|111010":12661,"1|0|011011":73805,"2|1|110100":4107,"1|0|011010":71466,"2|1|001100":8539,"2|1|110101":3907,"2|1|001101":9125,"1|1|100001":79229,"1|1|100000":82681,"1|0|000000":1773,"2|0|101111":6293,"2|0|101110":6754,"2|1|000111":5637,"2|1|000110":5214,"1|1|111000":17494,"1|0|000001":2309,"1|1|111001":14924,"1|0|011000":65377,"2|1|001110":9560,"2|1|110111":3057,"2|1|001111":10180,"2|1|110110":3489,"1|0|011001":69020,"1|1|100111":61650,"1|1|100110":64854,"1|0|000011":3670,"1|0|001100":23315,"1|0|000010":2982,"2|0|101001":8771,"2|0|101000":9199,"1|0|001101":27169,"2|1|110001":5322,"2|1|110000":5949,"2|1|011001":15029,"2|1|011000":14734,"1|1|010100":52335,"1|1|010101":55288,"1|1|101111":40491,"1|1|101110":42684,"2|0|101010":8540,"1|0|001111":34810,"1|1|001010":15707,"1|0|001110":31097,"1|1|001011":19645,"2|0|101011":8031,"2|1|000011":3516,"2|1|000010":2973,"1|1|010110":58868,"2|1|111101":909,"0|1|101010":1,"2|1|110010":5164,"2|1|111100":1196,"2|1|110011":4602,"2|1|011010":15484,"2|1|011011":15216,"1|1|010111":61429,"1|1|101101":45273,"1|1|100011":73411,"1|1|101100":48452,"1|1|100010":76053,"1|0|110001":34592,"2|0|001011":8102,"2|0|001010":7508,"1|0|110000":37552,"2|0|111110":595,"2|0|111111":495,"1|1|101010":53728,"2|1|010010":11567,"2|1|011100":14600,"2|1|011101":14128,"1|0|010001":41636,"1|0|010000":38041,"2|1|010011":12158,"1|1|101011":50711,"1|0|111101":5730,"2|0|100101":10539,"2|0|100100":10965,"1|0|110010":32328,"1|0|110011":30133,"1|0|111100":8083,"2|0|110010":5095,"2|0|111101":916,"2|0|110011":4625,"2|0|111100":1273,"2|1|011111":13141,"1|0|010111":62169,"1|0|010110":58896,"2|1|011110":13491,"1|1|101001":56795,"1|1|101000":59228,"1|0|110100":27506,"1|0|110101":24929,"2|0|100111":9458,"2|0|100110":10210,"2|1|000101":4644,"2|0|001111":10165,"2|1|000100":4091,"2|0|001110":9734,"1|0|011110":80635,"2|0|111011":1638,"2|0|111010":1895,"2|1|010111":14242,"1|0|011111":82997,"2|1|010110":13674,"1|0|110111":19740,"2|0|100001":12272,"2|0|100000":13077,"2|0|001001":7049,"2|0|001000":6461,"1|0|000101":4667,"1|0|000100":4103,"1|0|110110":22362,"1|0|010010":45376,"2|0|111000":2718,"2|0|111001":2386,"1|0|011101":78772,"2|1|010001":11243,"1|0|010011":48552,"1|0|011100":76182,"2|1|010000":10787}}
