{"probability":{"Group 13":"0.014003592559833005","Group 12":"0.022996091598944","Group 11":"0.0889106230943367","Group 10":"0.0","Group  6":"0.0022681133461512452","Group  5":"0.0","Group  4":"0.010346619613741392","Group  3":"0.0","Group  2":"0.00031735294349717516","Group  1":"0.0","Group  9":"0.0023166722377117605","Group  8":"0.006533289097855213","Group  7":"0.8523076455079295"},"groups":{"Group 13":["Botan 1.5.6 & 1.11.29 & 2.1.0","Feitian JavaCOS A22 & A40","Gemalto GCX4 72K","HSM SafeNet Luna SA-1700","LibTomCrypt 1.17","Libgcrypt 1.6.0 & 1.6.5 & 1.7.6","Libgcrypt 1.6.0 FIPS & 1.6.5 FIPS","Nettle 3.2 & 3.3","Oberthur Cosmo 64","OpenSSL FIPS 2.0.12 & 2.0.14","PGPSDK 4","WolfSSL 2.0rc1 & 3.9.0 & 3.10.2","cryptlib 3.4.3 & 3.4.3.1"],"Group 12":["Bouncy Castle 1.53 (Java)","Cryptix JCE 20050328","FlexiProvider 1.7p7","HSM Utimaco Security Server Se50","Nettle 2.0","PolarSSL 0.10.0","PuTTY 0.67","SunRsaSign OpenJDK 1.8.0","mbedTLS 1.3.19 & 2.2.1 & 2.4.2"],"Group 11":["Bouncy Castle 1.54 (Java)","Crypto++ 5.6.0 & 5.6.3 & 5.6.5","Libgcrypt 1.7.6 FIPS","Microsoft CryptoAPI & CNG & .NET"],"Group 10":["NXP J2D081 & J2E145G","YubiKey NEO"],"Group  6":["Oberthur Cosmo Dual 72K"],"Group  5":["NXP J2A080 & J2A081 & J3A081 & JCOP 41 V2.2.1"],"Group  4":["Gemalto GXP E64"],"Group  3":["GNU Crypto 2.0.1"],"Group  2":["G&D SmartCafe 4.x & 6.0"],"Group  1":["G&D SmartCafe 3.2"],"Group  9":["Infineon JTOP 80K","YubiKey 4 & 4 Nano"],"Group  8":["PGPSDK 4 FIPS"],"Group  7":["OpenSSL 0.9.7 & 1.0.2g & 1.0.2k & 1.1.0e"]},"frequencies":{"1|1|000110":103,"2|1|100011":209,"2|1|101101":123,"1|1|000111":130,"2|1|101100":137,"2|1|100010":218,"2|0|000000":68,"2|0|000001":71,"1|0|111010":613,"1|0|111011":515,"1|1|011010":3514,"1|1|011011":3797,"2|0|110100":69,"2|0|110101":69,"1|0|100001":4184,"1|0|100000":4385,"2|1|100000":270,"1|1|000100":102,"2|1|100001":247,"2|0|000011":69,"2|0|001101":184,"2|0|001100":161,"2|0|000010":82,"1|1|000101":114,"2|1|010101":246,"2|0|011010":284,"2|1|010100":255,"2|0|011011":288,"1|0|100010":3934,"1|0|101100":2401,"1|0|101101":2373,"1|0|100011":3853,"2|1|100110":187,"1|1|110101":1249,"2|1|100111":171,"2|0|000101":98,"2|0|000100":85,"1|0|111110":197,"1|1|110100":1402,"1|0|111111":45,"1|0|100101":3429,"2|0|110001":107,"2|0|110000":98,"1|0|010101":2676,"1|0|010100":2512,"2|0|011001":286,"2|0|011000":264,"1|0|100100":3616,"2|1|100100":198,"2|1|100101":192,"2|0|000110":120,"2|0|000111":123,"1|0|111000":941,"1|0|111001":748,"2|0|110111":60,"2|0|110110":66,"2|0|011111":253,"2|0|011110":294,"1|0|100111":3153,"1|0|100110":3311,"1|1|001001":464,"1|0|001001":431,"1|0|001000":244,"1|1|001000":243,"1|1|110001":1866,"1|1|110000":1871,"1|1|010000":1766,"2|0|011101":277,"2|1|111111":2,"2|1|111110":6,"2|0|010010":220,"2|0|011100":294,"2|0|010011":230,"1|1|010001":2012,"1|0|101010":2731,"1|0|101011":2638,"1|0|001010":660,"1|1|001111":1532,"1|0|001011":865,"1|1|001110":1471,"2|1|101011":134,"2|1|101010":162,"1|1|110111":1005,"1|1|110110":1151,"1|1|010010":2069,"1|1|010011":2384,"1|1|011100":3752,"2|0|010001":208,"2|1|111001":47,"2|1|111000":56,"2|0|010000":188,"1|1|011101":3936,"1|1|000011":69,"1|1|001100":977,"1|1|001101":1236,"2|1|101001":158,"1|1|000010":80,"2|1|101000":177,"1|1|111110":180,"1|1|111111":63,"2|1|111010":23,"1|1|011110":4116,"1|1|011111":4237,"2|0|010111":282,"2|1|001000":130,"2|1|001001":157,"2|1|111011":29,"2|0|010110":243,"1|0|101111":2009,"1|1|100101":3503,"1|1|100100":3682,"1|0|101110":2239,"1|1|000000":60,"1|1|000001":79,"2|1|101111":126,"2|1|101110":140,"1|1|110010":1677,"1|1|111101":291,"1|1|110011":1564,"1|1|111100":442,"1|1|011000":3213,"1|1|011001":3453,"2|1|001010":153,"2|0|010100":218,"2|1|001011":184,"2|0|010101":268,"1|0|101001":2885,"1|0|101000":3092,"1|0|000110":115,"2|0|101101":133,"2|0|100011":184,"2|0|101100":140,"2|0|100010":242,"2|1|000001":79,"2|1|000000":51,"1|1|111011":525,"1|0|000111":111,"1|1|111010":677,"1|0|011011":3753,"2|1|110100":74,"1|0|011010":3597,"2|1|001100":204,"2|1|110101":72,"2|1|001101":193,"1|1|100001":4067,"1|1|100000":4092,"1|0|000000":52,"2|0|101111":124,"2|0|101110":116,"2|1|000111":128,"2|1|000110":106,"1|1|111000":926,"1|0|000001":89,"1|1|111001":803,"1|0|011000":3137,"2|1|001110":189,"2|1|110111":62,"2|1|001111":189,"2|1|110110":67,"1|0|011001":3360,"1|1|100111":3182,"1|1|100110":3398,"1|0|000011":90,"1|0|001100":1056,"1|0|000010":77,"2|0|101001":162,"2|0|101000":173,"1|0|001101":1204,"2|1|110001":113,"2|1|110000":120,"2|1|011001":262,"2|1|011000":287,"1|1|010100":2472,"1|1|010101":2735,"1|1|101111":2116,"1|1|101110":2185,"2|0|101010":140,"1|0|001111":1618,"1|1|001010":676,"1|0|001110":1515,"1|1|001011":887,"2|0|101011":135,"2|1|000011":100,"2|1|000010":75,"1|1|010110":2815,"2|1|111101":24,"2|1|110010":95,"2|1|111100":28,"2|1|110011":88,"2|1|011010":299,"2|1|011011":278,"1|1|010111":3147,"1|1|101101":2372,"1|1|100011":3770,"1|1|101100":2431,"1|1|100010":3934,"1|0|110001":1814,"2|0|001011":166,"2|0|001010":155,"1|0|110000":1951,"2|0|111110":10,"2|0|111111":1,"1|1|101010":2755,"2|1|010010":245,"2|1|011100":276,"2|1|011101":260,"1|0|010001":1951,"1|0|010000":1714,"2|1|010011":235,"1|1|101011":2598,"1|0|111101":300,"2|0|100101":203,"2|0|100100":196,"1|0|110010":1675,"1|0|110011":1550,"1|0|111100":442,"2|0|110010":93,"2|0|111101":21,"2|0|110011":95,"2|0|111100":22,"2|1|011111":235,"1|0|010111":2962,"1|0|010110":2776,"2|1|011110":227,"1|1|101001":2986,"1|1|101000":3107,"1|0|110100":1427,"1|0|110101":1362,"2|0|100111":177,"2|0|100110":180,"2|1|000101":108,"2|0|001111":185,"2|1|000100":92,"2|0|001110":219,"1|0|011110":4126,"2|0|111011":34,"2|0|111010":27,"2|1|010111":270,"1|0|011111":4324,"2|1|010110":263,"1|0|110111":1056,"2|0|100001":238,"2|0|100000":250,"2|0|001001":149,"2|0|001000":119,"1|0|000101":91,"1|0|000100":95,"1|0|110110":1172,"1|0|010010":2076,"2|0|111000":46,"2|0|111001":46,"1|0|011101":4109,"2|1|010001":222,"1|0|010011":2307,"1|0|011100":3947,"2|1|010000":180}}
