{"probability":{"Group 13":"0.08140585301965732","Group 12":"0.07026757338453511","Group 11":"0.10055031207405504","Group 10":"0.0","Group  6":"0.00003084203772068536","Group  5":"0.0","Group  4":"0.00514742716282528","Group  3":"0.00036336193545293997","Group  2":"0.0","Group  1":"0.0","Group  9":"0.0","Group  8":"0.035296226605093704","Group  7":"0.70693840378066"},"groups":{"Group 13":["Botan 1.5.6 & 1.11.29 & 2.1.0","Feitian JavaCOS A22 & A40","Gemalto GCX4 72K","HSM SafeNet Luna SA-1700","LibTomCrypt 1.17","Libgcrypt 1.6.0 & 1.6.5 & 1.7.6","Libgcrypt 1.6.0 FIPS & 1.6.5 FIPS","Nettle 3.2 & 3.3","Oberthur Cosmo 64","OpenSSL FIPS 2.0.12 & 2.0.14","PGPSDK 4","WolfSSL 2.0rc1 & 3.9.0 & 3.10.2","cryptlib 3.4.3 & 3.4.3.1"],"Group 12":["Bouncy Castle 1.53 (Java)","Cryptix JCE 20050328","FlexiProvider 1.7p7","HSM Utimaco Security Server Se50","Nettle 2.0","PolarSSL 0.10.0","PuTTY 0.67","SunRsaSign OpenJDK 1.8.0","mbedTLS 1.3.19 & 2.2.1 & 2.4.2"],"Group 11":["Bouncy Castle 1.54 (Java)","Crypto++ 5.6.0 & 5.6.3 & 5.6.5","Libgcrypt 1.7.6 FIPS","Microsoft CryptoAPI & CNG & .NET"],"Group 10":["NXP J2D081 & J2E145G","YubiKey NEO"],"Group  6":["Oberthur Cosmo Dual 72K"],"Group  5":["NXP J2A080 & J2A081 & J3A081 & JCOP 41 V2.2.1"],"Group  4":["Gemalto GXP E64"],"Group  3":["GNU Crypto 2.0.1"],"Group  2":["G&D SmartCafe 4.x & 6.0"],"Group  1":["G&D SmartCafe 3.2"],"Group  9":["Infineon JTOP 80K","YubiKey 4 & 4 Nano"],"Group  8":["PGPSDK 4 FIPS"],"Group  7":["OpenSSL 0.9.7 & 1.0.2g & 1.0.2k & 1.1.0e"]},"frequencies":{"1|1|000110":4277,"2|1|100011":7570,"2|1|101101":4850,"1|1|000111":4418,"2|1|101100":5074,"2|1|100010":8106,"2|0|000000":4294,"2|0|000001":3772,"1|0|111010":10842,"1|0|111011":8852,"1|1|011010":57769,"1|1|011011":60065,"2|0|110100":2997,"2|0|110101":2883,"1|0|100001":65708,"1|0|100000":68313,"2|1|100000":8803,"1|1|000100":4049,"2|1|100001":8252,"2|0|000011":3899,"2|0|001101":6111,"2|0|001100":5967,"2|0|000010":3905,"1|1|000101":4078,"2|1|010101":7885,"2|0|011010":9270,"2|1|010100":7917,"2|0|011011":9211,"1|0|100010":63065,"1|0|101100":40110,"1|0|101101":37903,"1|0|100011":60430,"2|1|100110":6828,"1|1|110101":21061,"2|1|100111":6387,"2|0|000101":4102,"2|0|000100":4141,"1|0|111110":3111,"1|1|110100":22706,"1|0|111111":1270,"1|0|100101":55600,"2|0|110001":3769,"2|0|110000":4018,"1|0|010101":44069,"1|0|010100":41871,"2|0|011001":8982,"2|0|011000":8756,"1|0|100100":58560,"2|1|100100":7378,"2|1|100101":7153,"2|0|000110":4325,"2|0|000111":4433,"1|0|111000":14915,"1|0|111001":12779,"2|0|110111":2341,"2|0|110110":2522,"2|0|011111":8802,"2|0|011110":8788,"1|0|100111":51029,"1|0|100110":53866,"1|1|001001":9291,"1|0|001001":9248,"1|0|001000":5999,"1|1|001000":6078,"1|1|110001":29020,"1|1|110000":31232,"1|1|010000":30421,"2|0|011101":8867,"2|1|111111":445,"2|1|111110":626,"2|0|010010":7270,"2|0|011100":8969,"2|0|010011":7602,"1|1|010001":33451,"1|0|101010":44356,"1|0|101011":42392,"1|0|001010":12642,"1|1|001111":27376,"1|0|001011":15462,"1|1|001110":24566,"2|1|101011":5426,"2|1|101010":5864,"1|1|110111":16754,"1|1|110110":18629,"1|1|010010":36063,"1|1|010011":39058,"1|1|011100":61733,"2|0|010001":7164,"2|1|111001":1756,"2|1|111000":2064,"2|0|010000":6770,"1|1|011101":64021,"1|1|000011":3922,"1|1|001100":18550,"1|1|001101":21591,"2|1|101001":5978,"1|1|000010":3877,"2|1|101000":6276,"1|1|111110":3106,"1|1|111111":1248,"2|1|111010":1601,"1|1|011110":66041,"1|1|011111":68160,"2|0|010111":8458,"2|1|001000":4643,"2|1|001001":4935,"2|1|111011":1383,"2|0|010110":8342,"1|0|101111":33582,"1|1|100101":56106,"1|1|100100":58301,"1|0|101110":35731,"1|1|000000":4363,"1|1|000001":3855,"2|1|101111":4285,"2|1|101110":4515,"1|1|110010":27262,"1|1|111101":5054,"1|1|110011":24978,"1|1|111100":6977,"1|1|011000":52415,"1|1|011001":55018,"2|1|001010":5181,"2|0|010100":7750,"2|1|001011":5409,"2|0|010101":8108,"1|0|101001":46665,"1|0|101000":49230,"1|0|000110":4317,"2|0|101101":4779,"2|0|100011":7554,"2|0|101100":5108,"2|0|100010":8057,"2|1|000001":4021,"2|1|000000":4346,"1|1|111011":8860,"1|0|000111":4432,"1|1|111010":11149,"1|0|011011":59685,"2|1|110100":3026,"1|0|011010":57410,"2|1|001100":5838,"2|1|110101":2807,"2|1|001101":5946,"1|1|100001":65573,"1|1|100000":68262,"1|0|000000":4196,"2|0|101111":4333,"2|0|101110":4445,"2|1|000111":4485,"2|1|000110":4365,"1|1|111000":14845,"1|0|000001":3921,"1|1|111001":12840,"1|0|011000":52231,"2|1|001110":6111,"2|1|110111":2359,"2|1|001111":6678,"2|1|110110":2541,"1|0|011001":54851,"1|1|100111":50873,"1|1|100110":53450,"1|0|000011":4011,"1|0|001100":18851,"1|0|000010":3989,"2|0|101001":5876,"2|0|101000":6224,"1|0|001101":21176,"2|1|110001":3794,"2|1|110000":3965,"2|1|011001":9108,"2|1|011000":8843,"1|1|010100":41546,"1|1|010101":44153,"1|1|101111":33169,"1|1|101110":35191,"2|0|101010":5648,"1|0|001111":27447,"1|1|001010":12505,"1|0|001110":24578,"1|1|001011":15692,"2|0|101011":5498,"2|1|000011":4112,"2|1|000010":3911,"1|1|010110":47066,"2|1|111101":815,"2|1|110010":3591,"2|1|111100":1145,"2|1|110011":3215,"2|1|011010":9225,"2|1|011011":9089,"1|1|010111":50075,"1|1|101101":37596,"1|1|100011":60995,"1|1|101100":40025,"1|1|100010":62630,"1|0|110001":29237,"2|0|001011":5439,"2|0|001010":5255,"1|0|110000":31331,"2|0|111110":640,"2|0|111111":488,"1|1|101010":44431,"2|1|010010":7389,"2|1|011100":9141,"2|1|011101":9011,"1|0|010001":33133,"1|0|010000":30527,"2|1|010011":7572,"1|1|101011":41878,"1|0|111101":5113,"2|0|100101":7044,"2|0|100100":7394,"1|0|110010":26972,"1|0|110011":24724,"1|0|111100":6963,"2|0|110010":3544,"2|0|111101":873,"2|0|110011":3356,"2|0|111100":1073,"2|1|011111":8717,"1|0|010111":49460,"1|0|010110":46899,"2|1|011110":8851,"1|1|101001":47036,"1|1|101000":48580,"1|0|110100":22879,"1|0|110101":20889,"2|0|100111":6625,"2|0|100110":6814,"2|1|000101":4118,"2|0|001111":6445,"2|1|000100":4067,"2|0|001110":6168,"1|0|011110":66281,"2|0|111011":1302,"2|0|111010":1551,"2|1|010111":8588,"1|0|011111":68631,"2|1|010110":8497,"1|0|110111":16878,"2|0|100001":8415,"2|0|100000":8734,"2|0|001001":4910,"2|0|001000":4620,"1|0|000101":4161,"1|0|000100":4090,"1|0|110110":18766,"1|0|010010":35926,"2|0|111000":2048,"2|0|111001":1768,"1|0|011101":63860,"2|1|010001":7013,"1|0|010011":39186,"1|0|011100":61504,"2|1|010000":6863}}
