{"probability":{"Group 13":"0.007777396190615335","Group 12":"0.017816159026130655","Group 11":"0.11861633614849384","Group 10":"0.0007578557269046952","Group  6":"0.0030669464580046746","Group  5":"0.0","Group  4":"0.0031273664625989166","Group  3":"0.0","Group  2":"0.00002746042733179679","Group  1":"0.0","Group  9":"0.0014088279212045797","Group  8":"0.0","Group  7":"0.8474016516387155"},"groups":{"Group 13":["Botan 1.5.6 & 1.11.29 & 2.1.0","Feitian JavaCOS A22 & A40","Gemalto GCX4 72K","HSM SafeNet Luna SA-1700","LibTomCrypt 1.17","Libgcrypt 1.6.0 & 1.6.5 & 1.7.6","Libgcrypt 1.6.0 FIPS & 1.6.5 FIPS","Nettle 3.2 & 3.3","Oberthur Cosmo 64","OpenSSL FIPS 2.0.12 & 2.0.14","PGPSDK 4","WolfSSL 2.0rc1 & 3.9.0 & 3.10.2","cryptlib 3.4.3 & 3.4.3.1"],"Group 12":["Bouncy Castle 1.53 (Java)","Cryptix JCE 20050328","FlexiProvider 1.7p7","HSM Utimaco Security Server Se50","Nettle 2.0","PolarSSL 0.10.0","PuTTY 0.67","SunRsaSign OpenJDK 1.8.0","mbedTLS 1.3.19 & 2.2.1 & 2.4.2"],"Group 11":["Bouncy Castle 1.54 (Java)","Crypto++ 5.6.0 & 5.6.3 & 5.6.5","Libgcrypt 1.7.6 FIPS","Microsoft CryptoAPI & CNG & .NET"],"Group 10":["NXP J2D081 & J2E145G","YubiKey NEO"],"Group  6":["Oberthur Cosmo Dual 72K"],"Group  5":["NXP J2A080 & J2A081 & J3A081 & JCOP 41 V2.2.1"],"Group  4":["Gemalto GXP E64"],"Group  3":["GNU Crypto 2.0.1"],"Group  2":["G&D SmartCafe 4.x & 6.0"],"Group  1":["G&D SmartCafe 3.2"],"Group  9":["Infineon JTOP 80K","YubiKey 4 & 4 Nano"],"Group  8":["PGPSDK 4 FIPS"],"Group  7":["OpenSSL 0.9.7 & 1.0.2g & 1.0.2k & 1.1.0e"]},"frequencies":{"1|1|000110":116,"2|1|100011":252,"2|1|101101":148,"1|1|000111":129,"2|1|101100":162,"2|1|100010":256,"2|0|000000":64,"2|0|000001":61,"1|0|111010":684,"1|0|111011":583,"1|1|011010":4030,"1|1|011011":4154,"2|0|110100":87,"2|0|110101":86,"1|0|100001":4590,"1|0|100000":4791,"2|1|100000":298,"1|1|000100":99,"2|1|100001":302,"2|0|000011":77,"2|0|001101":207,"2|0|001100":189,"2|0|000010":78,"1|1|000101":135,"2|1|010101":277,"2|0|011010":332,"2|1|010100":274,"2|0|011011":344,"1|0|100010":4498,"1|0|101100":2829,"1|0|101101":2690,"1|0|100011":4256,"2|1|100110":232,"1|1|110101":1458,"2|1|100111":216,"2|0|000101":109,"2|0|000100":91,"1|0|111110":205,"1|1|110100":1564,"1|0|111111":59,"1|0|100101":3946,"2|0|110001":123,"2|0|110000":120,"1|0|010101":3037,"1|0|010100":2814,"2|0|011001":361,"2|0|011000":294,"1|0|100100":4203,"2|1|100100":238,"2|1|100101":224,"2|0|000110":103,"2|0|000111":153,"1|0|111000":1090,"1|0|111001":863,"2|0|110111":65,"2|0|110110":74,"2|0|011111":290,"2|0|011110":335,"1|0|100111":3607,"1|0|100110":3690,"1|1|001001":481,"1|0|001001":497,"1|0|001000":268,"1|1|001000":264,"1|1|110001":2097,"1|1|110000":2218,"1|1|010000":2020,"2|0|011101":333,"2|1|111111":7,"2|1|111110":7,"2|0|010010":273,"2|0|011100":329,"2|0|010011":282,"1|1|010001":2222,"1|0|101010":3059,"1|0|101011":3019,"1|0|001010":733,"1|1|001111":1783,"1|0|001011":964,"1|1|001110":1598,"2|1|101011":157,"2|1|101010":201,"1|1|110111":1176,"1|1|110110":1283,"1|1|010010":2350,"1|1|010011":2591,"1|1|011100":4319,"2|0|010001":276,"2|1|111001":62,"2|1|111000":56,"2|0|010000":201,"1|1|011101":4468,"1|1|000011":56,"1|1|001100":1150,"1|1|001101":1405,"2|1|101001":202,"1|1|000010":78,"2|1|101000":202,"1|1|111110":216,"1|1|111111":71,"2|1|111010":35,"1|1|011110":4515,"1|1|011111":4740,"2|0|010111":330,"2|1|001000":137,"2|1|001001":165,"2|1|111011":34,"2|0|010110":311,"1|0|101111":2233,"1|1|100101":4000,"1|1|100100":4194,"1|0|101110":2466,"1|1|000000":46,"1|1|000001":78,"2|1|101111":149,"2|1|101110":155,"1|1|110010":1874,"1|1|111101":329,"1|1|110011":1794,"1|1|111100":460,"1|1|011000":3563,"1|1|011001":3808,"2|1|001010":165,"2|0|010100":264,"2|1|001011":204,"2|0|010101":287,"1|0|101001":3223,"1|0|101000":3481,"1|0|000110":107,"2|0|101101":176,"2|0|100011":251,"2|0|101100":163,"2|0|100010":264,"2|1|000001":74,"2|1|000000":53,"1|1|111011":560,"1|0|000111":116,"1|1|111010":752,"1|0|011011":4189,"2|1|110100":89,"1|0|011010":4038,"2|1|001100":203,"2|1|110101":78,"2|1|001101":219,"1|1|100001":4521,"1|1|100000":4626,"1|0|000000":40,"2|0|101111":127,"2|0|101110":136,"2|1|000111":121,"2|1|000110":129,"1|1|111000":1013,"1|0|000001":67,"1|1|111001":877,"1|0|011000":3650,"2|1|001110":202,"2|1|110111":67,"2|1|001111":224,"2|1|110110":83,"1|0|011001":3678,"1|1|100111":3602,"1|1|100110":3831,"1|0|000011":93,"1|0|001100":1155,"1|0|000010":71,"2|0|101001":198,"2|0|101000":210,"1|0|001101":1406,"2|1|110001":123,"2|1|110000":126,"2|1|011001":300,"2|1|011000":339,"1|1|010100":2845,"1|1|010101":3061,"1|1|101111":2324,"1|1|101110":2431,"2|0|101010":141,"1|0|001111":1838,"1|1|001010":768,"1|0|001110":1638,"1|1|001011":947,"2|0|101011":173,"2|1|000011":92,"2|1|000010":75,"1|1|010110":3165,"2|1|111101":23,"2|1|110010":108,"2|1|111100":17,"2|1|110011":106,"2|1|011010":330,"2|1|011011":322,"1|1|010111":3469,"1|1|101101":2674,"1|1|100011":4161,"1|1|101100":2735,"1|1|100010":4386,"1|0|110001":2006,"2|0|001011":189,"2|0|001010":168,"1|0|110000":2179,"2|0|111110":14,"2|0|111111":6,"1|1|101010":3140,"2|1|010010":273,"2|1|011100":338,"2|1|011101":302,"1|0|010001":2190,"1|0|010000":1968,"2|1|010011":264,"1|1|101011":2935,"1|0|111101":307,"2|0|100101":228,"2|0|100100":257,"1|0|110010":1904,"1|0|110011":1682,"1|0|111100":467,"2|0|110010":101,"2|0|111101":18,"2|0|110011":111,"2|0|111100":38,"2|1|011111":282,"1|0|010111":3368,"1|0|010110":3101,"2|1|011110":280,"1|1|101001":3315,"1|1|101000":3539,"1|0|110100":1603,"1|0|110101":1415,"2|0|100111":209,"2|0|100110":218,"2|1|000101":112,"2|0|001111":223,"2|1|000100":89,"2|0|001110":227,"1|0|011110":4608,"2|0|111011":45,"2|0|111010":36,"2|1|010111":359,"1|0|011111":5001,"2|1|010110":307,"1|0|110111":1183,"2|0|100001":277,"2|0|100000":290,"2|0|001001":164,"2|0|001000":135,"1|0|000101":126,"1|0|000100":97,"1|0|110110":1222,"1|0|010010":2503,"2|0|111000":50,"2|0|111001":65,"1|0|011101":4501,"2|1|010001":262,"1|0|010011":2610,"1|0|011100":4510,"2|1|010000":221}}
