{"probability":{"Group 13":"0.008865198714267091","Group 12":"0.032605654424672524","Group 11":"0.2973108566483256","Group 10":"0.0002773805703695758","Group  6":"0.00004672100757997255","Group  5":"0.00006245867462513179","Group  4":"0.0011825199547755476","Group  3":"0.0","Group  2":"0.0","Group  1":"0.0","Group  9":"0.00008307593709981063","Group  8":"0.0013559169180334986","Group  7":"0.6582102171502512"},"groups":{"Group 13":["Botan 1.5.6 & 1.11.29 & 2.1.0","Feitian JavaCOS A22 & A40","Gemalto GCX4 72K","HSM SafeNet Luna SA-1700","LibTomCrypt 1.17","Libgcrypt 1.6.0 & 1.6.5 & 1.7.6","Libgcrypt 1.6.0 FIPS & 1.6.5 FIPS","Nettle 3.2 & 3.3","Oberthur Cosmo 64","OpenSSL FIPS 2.0.12 & 2.0.14","PGPSDK 4","WolfSSL 2.0rc1 & 3.9.0 & 3.10.2","cryptlib 3.4.3 & 3.4.3.1"],"Group 12":["Bouncy Castle 1.53 (Java)","Cryptix JCE 20050328","FlexiProvider 1.7p7","HSM Utimaco Security Server Se50","Nettle 2.0","PolarSSL 0.10.0","PuTTY 0.67","SunRsaSign OpenJDK 1.8.0","mbedTLS 1.3.19 & 2.2.1 & 2.4.2"],"Group 11":["Bouncy Castle 1.54 (Java)","Crypto++ 5.6.0 & 5.6.3 & 5.6.5","Libgcrypt 1.7.6 FIPS","Microsoft CryptoAPI & CNG & .NET"],"Group 10":["NXP J2D081 & J2E145G","YubiKey NEO"],"Group  6":["Oberthur Cosmo Dual 72K"],"Group  5":["NXP J2A080 & J2A081 & J3A081 & JCOP 41 V2.2.1"],"Group  4":["Gemalto GXP E64"],"Group  3":["GNU Crypto 2.0.1"],"Group  2":["G&D SmartCafe 4.x & 6.0"],"Group  1":["G&D SmartCafe 3.2"],"Group  9":["Infineon JTOP 80K","YubiKey 4 & 4 Nano"],"Group  8":["PGPSDK 4 FIPS"],"Group  7":["OpenSSL 0.9.7 & 1.0.2g & 1.0.2k & 1.1.0e"]},"frequencies":{"1|1|000110":5280,"2|1|100011":11300,"2|1|101101":7078,"1|1|000111":5784,"2|1|101100":7551,"2|1|100010":11955,"2|0|000000":1873,"2|0|000001":2518,"1|0|111010":12644,"1|0|111011":10298,"1|1|011010":70866,"1|1|011011":73857,"0|1|100111":1,"2|0|110100":4221,"2|0|110101":3837,"1|0|100001":79199,"1|0|100000":82120,"2|1|100000":12888,"1|1|000100":4112,"2|1|100001":12444,"2|0|000011":3649,"2|0|001101":8949,"2|0|001100":8637,"2|0|000010":3046,"1|1|000101":4708,"2|1|010101":13158,"2|0|011010":15365,"2|1|010100":12533,"2|0|011011":15172,"1|0|100010":75605,"1|0|101100":47810,"1|0|101101":45328,"1|0|100011":73674,"2|1|100110":9936,"1|1|110101":24876,"2|1|100111":9845,"2|0|000101":4730,"2|0|000100":4196,"1|0|111110":3512,"1|1|110100":27429,"1|0|111111":1327,"1|0|100101":67559,"2|0|110001":5389,"2|0|110000":5856,"1|0|010101":55117,"1|0|010100":51840,"2|0|011001":14822,"2|0|011000":14463,"1|0|100100":70304,"2|1|100100":10934,"2|1|100101":10523,"2|0|000110":5225,"2|0|000111":5855,"1|0|111000":17264,"1|0|111001":15060,"2|0|110111":3146,"2|0|110110":3471,"2|0|011111":13278,"2|0|011110":13685,"1|0|100111":61720,"1|0|100110":64246,"1|1|001001":12085,"1|0|001001":12060,"1|0|001000":7876,"1|1|001000":8153,"1|1|110001":34836,"1|1|110000":37647,"1|1|010000":38101,"2|0|011101":14066,"2|1|111111":437,"2|1|111110":570,"2|0|010010":11591,"2|0|011100":14523,"2|0|010011":12223,"1|1|010001":41259,"1|0|101010":53074,"1|0|101011":50542,"1|0|001010":15667,"1|1|001111":34485,"1|0|001011":19862,"1|1|001110":30968,"2|1|101011":7951,"2|1|101010":8224,"1|1|110111":19795,"1|1|110110":22586,"1|1|010010":45222,"1|1|010011":48183,"1|1|011100":75542,"2|0|010001":11038,"2|1|111001":2337,"2|1|111000":2754,"2|0|010000":10594,"1|1|011101":78173,"1|1|000011":3546,"1|1|001100":23133,"1|1|001101":27055,"2|1|101001":8670,"1|1|000010":3010,"2|1|101000":9314,"1|1|111110":3489,"1|1|111111":1440,"2|1|111010":2005,"1|1|011110":80354,"1|1|011111":82456,"2|0|010111":14059,"2|1|001000":6171,"2|1|001001":7044,"2|1|111011":1761,"2|0|010110":13714,"1|0|101111":39889,"1|1|100101":67307,"1|1|100100":70693,"1|0|101110":42654,"1|1|000000":1884,"1|1|000001":2624,"2|1|101111":6249,"2|1|101110":6744,"1|1|110010":32357,"1|1|111101":5793,"1|1|110011":29917,"1|1|111100":8154,"1|1|011000":65312,"1|1|011001":68663,"2|1|001010":7513,"2|0|010100":12483,"2|1|001011":8223,"2|0|010101":13027,"1|0|101001":56423,"1|0|101000":58943,"1|0|000110":5165,"2|0|101101":7229,"2|0|100011":11441,"2|0|101100":7400,"2|0|100010":11756,"2|1|000001":2469,"2|1|000000":1978,"1|1|111011":10218,"1|0|000111":5831,"1|1|111010":12480,"1|0|011011":73345,"2|1|110100":4059,"1|0|011010":71413,"2|1|001100":8558,"2|1|110101":3939,"2|1|001101":9131,"1|1|100001":78842,"1|1|100000":82698,"1|0|000000":1890,"0|1|011100":2,"2|0|101111":6268,"2|0|101110":6602,"2|1|000111":5745,"2|1|000110":5282,"1|1|111000":17566,"1|0|000001":2433,"1|1|111001":14979,"1|0|011000":64944,"2|1|001110":9553,"2|1|110111":3075,"2|1|001111":10111,"2|1|110110":3497,"1|0|011001":68479,"1|1|100111":61307,"1|1|100110":64327,"1|0|000011":3706,"1|0|001100":23278,"1|0|000010":2962,"2|0|101001":8655,"2|0|101000":9083,"1|0|001101":27126,"2|1|110001":5324,"2|1|110000":5868,"2|1|011001":14812,"2|1|011000":14535,"1|1|010100":52260,"1|1|010101":54824,"1|1|101111":40266,"1|1|101110":42662,"2|0|101010":8336,"1|0|001111":34847,"1|1|001010":15733,"1|0|001110":30913,"1|1|001011":19661,"2|0|101011":7875,"2|1|000011":3559,"2|1|000010":3098,"1|1|010110":58411,"2|1|111101":913,"0|1|101010":1,"2|1|110010":5065,"2|1|111100":1190,"2|1|110011":4547,"2|1|011010":15207,"2|1|011011":14902,"1|1|010111":61499,"1|1|101101":45255,"1|1|100011":73242,"1|1|101100":48122,"1|1|100010":76021,"1|0|110001":34624,"2|0|001011":8103,"2|0|001010":7411,"1|0|110000":37502,"2|0|111110":589,"0|1|101000":1,"2|0|111111":458,"1|1|101010":53523,"2|1|010010":11667,"2|1|011100":14503,"2|1|011101":14149,"1|0|010001":41663,"1|0|010000":38056,"2|1|010011":12078,"1|1|101011":50737,"1|0|111101":5667,"2|0|100101":10409,"2|0|100100":10796,"1|0|110010":32126,"1|0|110011":29901,"1|0|111100":8027,"2|0|110010":5040,"2|0|111101":908,"2|0|110011":4535,"2|0|111100":1279,"2|1|011111":13095,"1|0|010111":61764,"1|0|010110":58648,"2|1|011110":13451,"1|1|101001":56730,"1|1|101000":59187,"1|0|110100":27342,"1|0|110101":24764,"2|0|100111":9440,"2|0|100110":10087,"2|1|000101":4667,"2|0|001111":10133,"2|1|000100":4259,"2|0|001110":9689,"1|0|011110":80559,"2|0|111011":1621,"2|0|111010":1868,"2|1|010111":13985,"1|0|011111":82989,"2|1|010110":13630,"1|0|110111":19744,"2|0|100001":12254,"2|0|100000":12916,"2|0|001001":7007,"2|0|001000":6389,"1|0|000101":4784,"1|0|000100":4138,"1|0|110110":22022,"1|0|010010":45445,"2|0|111000":2771,"2|0|111001":2351,"1|0|011101":78347,"2|1|010001":11172,"1|0|010011":48429,"1|0|011100":75979,"2|1|010000":10668}}
