{"probability":{"Group 13":"0.01012153202422045","Group 12":"0.017666301533130216","Group 11":"0.0989602551705554","Group 10":"0.0","Group  6":"0.002313510691130401","Group  5":"0.0","Group  4":"0.006742633538914173","Group  3":"0.0","Group  2":"0.000541608088116131","Group  1":"0.0","Group  9":"0.001808547210573215","Group  8":"0.010352592573767439","Group  7":"0.8514930191695924"},"groups":{"Group 13":["Botan 1.5.6 & 1.11.29 & 2.1.0","Feitian JavaCOS A22 & A40","Gemalto GCX4 72K","HSM SafeNet Luna SA-1700","LibTomCrypt 1.17","Libgcrypt 1.6.0 & 1.6.5 & 1.7.6","Libgcrypt 1.6.0 FIPS & 1.6.5 FIPS","Nettle 3.2 & 3.3","Oberthur Cosmo 64","OpenSSL FIPS 2.0.12 & 2.0.14","PGPSDK 4","WolfSSL 2.0rc1 & 3.9.0 & 3.10.2","cryptlib 3.4.3 & 3.4.3.1"],"Group 12":["Bouncy Castle 1.53 (Java)","Cryptix JCE 20050328","FlexiProvider 1.7p7","HSM Utimaco Security Server Se50","Nettle 2.0","PolarSSL 0.10.0","PuTTY 0.67","SunRsaSign OpenJDK 1.8.0","mbedTLS 1.3.19 & 2.2.1 & 2.4.2"],"Group 11":["Bouncy Castle 1.54 (Java)","Crypto++ 5.6.0 & 5.6.3 & 5.6.5","Libgcrypt 1.7.6 FIPS","Microsoft CryptoAPI & CNG & .NET"],"Group 10":["NXP J2D081 & J2E145G","YubiKey NEO"],"Group  6":["Oberthur Cosmo Dual 72K"],"Group  5":["NXP J2A080 & J2A081 & J3A081 & JCOP 41 V2.2.1"],"Group  4":["Gemalto GXP E64"],"Group  3":["GNU Crypto 2.0.1"],"Group  2":["G&D SmartCafe 4.x & 6.0"],"Group  1":["G&D SmartCafe 3.2"],"Group  9":["Infineon JTOP 80K","YubiKey 4 & 4 Nano"],"Group  8":["PGPSDK 4 FIPS"],"Group  7":["OpenSSL 0.9.7 & 1.0.2g & 1.0.2k & 1.1.0e"]},"frequencies":{"1|1|000110":114,"2|1|100011":236,"2|1|101101":135,"1|1|000111":134,"2|1|101100":138,"2|1|100010":231,"2|0|000000":65,"2|0|000001":81,"1|0|111010":737,"1|0|111011":587,"1|1|011010":3971,"1|1|011011":4235,"2|0|110100":93,"2|0|110101":84,"1|0|100001":4689,"1|0|100000":4836,"2|1|100000":297,"1|1|000100":112,"2|1|100001":279,"2|0|000011":75,"2|0|001101":202,"2|0|001100":184,"2|0|000010":84,"1|1|000101":147,"2|1|010101":283,"2|0|011010":310,"2|1|010100":278,"2|0|011011":309,"1|0|100010":4512,"1|0|101100":2789,"1|0|101101":2714,"1|0|100011":4319,"2|1|100110":239,"1|1|110101":1453,"2|1|100111":211,"2|0|000101":110,"2|0|000100":96,"1|0|111110":220,"1|1|110100":1603,"1|0|111111":52,"1|0|100101":3810,"2|0|110001":120,"2|0|110000":115,"1|0|010101":3078,"1|0|010100":2772,"2|0|011001":337,"2|0|011000":286,"1|0|100100":4039,"2|1|100100":235,"2|1|100101":218,"2|0|000110":133,"2|0|000111":138,"1|0|111000":1088,"1|0|111001":835,"2|0|110111":67,"2|0|110110":65,"2|0|011111":300,"2|0|011110":329,"1|0|100111":3621,"1|0|100110":3708,"1|1|001001":496,"1|0|001001":495,"1|0|001000":268,"1|1|001000":275,"1|1|110001":2109,"1|1|110000":2183,"1|1|010000":1954,"2|0|011101":306,"2|1|111111":8,"2|1|111110":6,"2|0|010010":258,"2|0|011100":315,"2|0|010011":270,"1|1|010001":2249,"1|0|101010":3096,"1|0|101011":3012,"1|0|001010":753,"1|1|001111":1804,"1|0|001011":970,"1|1|001110":1668,"2|1|101011":162,"2|1|101010":179,"1|1|110111":1151,"1|1|110110":1306,"1|1|010010":2367,"1|1|010011":2694,"1|1|011100":4375,"2|0|010001":254,"2|1|111001":59,"2|1|111000":58,"2|0|010000":217,"1|1|011101":4463,"1|1|000011":76,"1|1|001100":1136,"1|1|001101":1382,"2|1|101001":187,"1|1|000010":91,"2|1|101000":174,"1|1|111110":225,"1|1|111111":62,"2|1|111010":24,"1|1|011110":4575,"1|1|011111":4757,"2|0|010111":299,"2|1|001000":154,"2|1|001001":160,"2|1|111011":33,"2|0|010110":313,"1|0|101111":2270,"1|1|100101":3904,"1|1|100100":4130,"1|0|101110":2526,"1|1|000000":62,"1|1|000001":84,"2|1|101111":139,"2|1|101110":164,"1|1|110010":1855,"1|1|111101":339,"1|1|110011":1810,"1|1|111100":474,"1|1|011000":3675,"1|1|011001":3800,"2|1|001010":167,"2|0|010100":262,"2|1|001011":215,"2|0|010101":279,"1|0|101001":3245,"1|0|101000":3467,"1|0|000110":130,"2|0|101101":154,"2|0|100011":217,"2|0|101100":171,"2|0|100010":253,"2|1|000001":77,"2|1|000000":59,"1|1|111011":600,"1|0|000111":131,"1|1|111010":778,"1|0|011011":4165,"2|1|110100":88,"1|0|011010":4042,"2|1|001100":210,"2|1|110101":85,"2|1|001101":206,"1|1|100001":4581,"1|1|100000":4645,"1|0|000000":58,"2|0|101111":111,"2|0|101110":128,"2|1|000111":125,"2|1|000110":111,"1|1|111000":1043,"1|0|000001":84,"1|1|111001":951,"1|0|011000":3542,"2|1|001110":216,"2|1|110111":62,"2|1|001111":218,"2|1|110110":78,"1|0|011001":3751,"1|1|100111":3598,"1|1|100110":3742,"1|0|000011":92,"1|0|001100":1202,"1|0|000010":66,"2|0|101001":204,"2|0|101000":199,"1|0|001101":1386,"2|1|110001":126,"2|1|110000":136,"2|1|011001":307,"2|1|011000":326,"1|1|010100":2830,"1|1|010101":3026,"1|1|101111":2365,"1|1|101110":2494,"2|0|101010":152,"1|0|001111":1826,"1|1|001010":761,"1|0|001110":1670,"1|1|001011":929,"2|0|101011":174,"2|1|000011":107,"2|1|000010":74,"1|1|010110":3118,"2|1|111101":27,"2|1|110010":100,"2|1|111100":29,"2|1|110011":95,"2|1|011010":308,"2|1|011011":305,"1|1|010111":3443,"1|1|101101":2713,"1|1|100011":4219,"1|1|101100":2748,"1|1|100010":4345,"1|0|110001":2052,"2|0|001011":188,"2|0|001010":154,"1|0|110000":2169,"2|0|111110":13,"2|0|111111":4,"1|1|101010":3100,"2|1|010010":256,"2|1|011100":302,"2|1|011101":288,"1|0|010001":2127,"1|0|010000":1894,"2|1|010011":249,"1|1|101011":2921,"1|0|111101":332,"2|0|100101":233,"2|0|100100":214,"1|0|110010":1849,"1|0|110011":1692,"1|0|111100":499,"2|0|110010":108,"2|0|111101":23,"2|0|110011":103,"2|0|111100":29,"2|1|011111":276,"1|0|010111":3402,"1|0|010110":3049,"2|1|011110":264,"1|1|101001":3281,"1|1|101000":3477,"1|0|110100":1588,"1|0|110101":1411,"2|0|100111":196,"2|0|100110":221,"2|1|000101":128,"2|0|001111":249,"2|1|000100":97,"2|0|001110":235,"1|0|011110":4674,"2|0|111011":40,"2|0|111010":37,"2|1|010111":327,"1|0|011111":4909,"2|1|010110":304,"1|0|110111":1157,"2|0|100001":265,"2|0|100000":271,"2|0|001001":162,"2|0|001000":142,"1|0|000101":119,"1|0|000100":97,"1|0|110110":1273,"1|0|010010":2410,"2|0|111000":45,"2|0|111001":61,"1|0|011101":4605,"2|1|010001":251,"1|0|010011":2622,"1|0|011100":4385,"2|1|010000":227}}
