{"probability":{"Group 13":"0.051818291102191785","Group 12":"0.02372886821946086","Group 11":"0.05658712080977891","Group 10":"0.000146785787540465","Group  6":"0.00028700318570305285","Group  5":"0.0","Group  4":"0.0019446463947102042","Group  3":"0.000019991811463069362","Group  2":"0.0","Group  1":"0.0","Group  9":"0.00027174189740351","Group  8":"0.005790513685772365","Group  7":"0.8594050371059757"},"groups":{"Group 13":["Botan 1.5.6 & 1.11.29 & 2.1.0","Feitian JavaCOS A22 & A40","Gemalto GCX4 72K","HSM SafeNet Luna SA-1700","LibTomCrypt 1.17","Libgcrypt 1.6.0 & 1.6.5 & 1.7.6","Libgcrypt 1.6.0 FIPS & 1.6.5 FIPS","Nettle 3.2 & 3.3","Oberthur Cosmo 64","OpenSSL FIPS 2.0.12 & 2.0.14","PGPSDK 4","WolfSSL 2.0rc1 & 3.9.0 & 3.10.2","cryptlib 3.4.3 & 3.4.3.1"],"Group 12":["Bouncy Castle 1.53 (Java)","Cryptix JCE 20050328","FlexiProvider 1.7p7","HSM Utimaco Security Server Se50","Nettle 2.0","PolarSSL 0.10.0","PuTTY 0.67","SunRsaSign OpenJDK 1.8.0","mbedTLS 1.3.19 & 2.2.1 & 2.4.2"],"Group 11":["Bouncy Castle 1.54 (Java)","Crypto++ 5.6.0 & 5.6.3 & 5.6.5","Libgcrypt 1.7.6 FIPS","Microsoft CryptoAPI & CNG & .NET"],"Group 10":["NXP J2D081 & J2E145G","YubiKey NEO"],"Group  6":["Oberthur Cosmo Dual 72K"],"Group  5":["NXP J2A080 & J2A081 & J3A081 & JCOP 41 V2.2.1"],"Group  4":["Gemalto GXP E64"],"Group  3":["GNU Crypto 2.0.1"],"Group  2":["G&D SmartCafe 4.x & 6.0"],"Group  1":["G&D SmartCafe 3.2"],"Group  9":["Infineon JTOP 80K","YubiKey 4 & 4 Nano"],"Group  8":["PGPSDK 4 FIPS"],"Group  7":["OpenSSL 0.9.7 & 1.0.2g & 1.0.2k & 1.1.0e"]},"frequencies":{"1|1|000110":2488,"2|1|100011":6493,"2|1|101101":4050,"1|1|000111":2708,"2|1|101100":4445,"2|1|100010":6852,"2|0|000000":2133,"2|0|000001":1906,"1|0|111010":19344,"1|0|111011":15817,"1|1|011010":103186,"1|1|011011":108446,"2|0|110100":2363,"2|0|110101":2242,"1|0|100001":120867,"1|0|100000":125786,"2|1|100000":7504,"1|1|000100":2282,"2|1|100001":7149,"2|0|000011":2122,"2|0|001101":4327,"2|0|001100":4131,"2|0|000010":1994,"1|1|000101":2378,"2|1|010101":6507,"2|0|011010":7622,"2|1|010100":6191,"2|0|011011":7792,"1|0|100010":116218,"1|0|101100":74020,"1|0|101101":69353,"1|0|100011":112014,"2|1|100110":5862,"1|1|110101":38411,"2|1|100111":5443,"2|0|000101":2413,"2|0|000100":2331,"1|0|111110":5189,"1|1|110100":41876,"1|0|111111":2148,"1|0|100101":103677,"2|0|110001":3200,"2|0|110000":3265,"1|0|010101":78185,"1|0|010100":73342,"2|0|011001":7193,"2|0|011000":7234,"1|0|100100":107569,"2|1|100100":6215,"2|1|100101":6053,"2|0|000110":2417,"2|0|000111":2681,"1|0|111000":26785,"1|0|111001":23150,"2|0|110111":1879,"2|0|110110":2004,"2|0|011111":7716,"2|0|011110":7553,"1|0|100111":94603,"1|0|100110":99015,"1|1|001001":11927,"1|0|001001":11816,"1|0|001000":5780,"1|1|001000":5812,"1|1|110001":53632,"1|1|110000":57341,"1|1|010000":51832,"2|0|011101":7440,"2|1|111111":550,"0|1|110111":1,"2|1|111110":392,"2|0|010010":5604,"2|0|011100":7547,"2|0|010011":5908,"1|1|010001":57292,"1|0|101010":81590,"1|0|101011":77353,"1|0|001010":17871,"1|1|001111":46331,"1|0|001011":23684,"1|1|001110":41232,"2|1|101011":4600,"2|1|101010":4801,"1|1|110111":30772,"1|1|110110":34017,"1|1|010010":62968,"1|1|010011":67802,"1|1|011100":112536,"2|0|010001":5584,"2|1|111001":1317,"2|1|111000":1570,"2|0|010000":5161,"1|1|011101":117134,"1|1|000011":2163,"1|1|001100":29453,"1|1|001101":34805,"2|1|101001":5038,"1|1|000010":1986,"2|1|101000":5244,"1|1|111110":5398,"1|1|111111":2209,"2|1|111010":1095,"1|1|011110":121087,"0|0|000000":1,"1|1|011111":125627,"2|0|010111":6794,"2|1|001000":2820,"2|1|001001":3224,"2|1|111011":943,"2|0|010110":6694,"1|0|101111":61225,"1|1|100101":103361,"1|1|100100":107500,"1|0|101110":65573,"1|1|000000":2239,"1|1|000001":2046,"2|1|101111":3528,"2|1|101110":3925,"1|1|110010":49362,"1|1|111101":8839,"1|1|110011":45460,"1|1|111100":12348,"1|1|011000":93206,"1|1|011001":98630,"2|1|001010":3514,"2|0|010100":6146,"2|1|001011":3908,"2|0|010101":6501,"1|0|101001":85887,"1|0|101000":90579,"1|0|000110":2585,"2|0|101101":4045,"2|0|100011":6534,"2|0|101100":4343,"2|0|100010":6853,"2|1|000001":1883,"2|1|000000":2231,"1|1|111011":16010,"1|0|000111":2676,"1|1|111010":19617,"1|0|011011":107438,"2|1|110100":2424,"1|0|011010":103291,"2|1|001100":4104,"2|1|110101":2159,"2|1|001101":4408,"1|1|100001":121022,"1|1|100000":125599,"1|0|000000":2173,"2|0|101111":3641,"2|0|101110":3735,"2|1|000111":2721,"2|1|000110":2457,"1|1|111000":26904,"1|0|000001":1913,"1|1|111001":23023,"1|0|011000":93891,"2|1|001110":4560,"2|1|110111":1783,"2|1|001111":5012,"2|1|110110":2037,"1|0|011001":98476,"1|1|100111":94326,"1|1|100110":99029,"1|0|000011":2222,"1|0|001100":29434,"1|0|000010":2060,"2|0|101001":5039,"2|0|101000":5342,"1|0|001101":34951,"2|1|110001":3147,"2|1|110000":3404,"2|1|011001":7559,"2|1|011000":7117,"1|1|010100":73402,"1|1|010101":78150,"1|1|101111":61410,"1|1|101110":65375,"2|0|101010":5014,"1|0|001111":46693,"1|1|001010":17713,"1|0|001110":41087,"1|1|001011":23887,"2|0|101011":4631,"2|1|000011":2126,"2|1|000010":1981,"1|1|010110":83123,"2|1|111101":554,"2|1|110010":2763,"2|1|111100":746,"2|1|110011":2621,"2|1|011010":7691,"2|1|011011":7706,"1|1|010111":88758,"1|1|101101":69232,"1|1|100011":112560,"1|1|101100":74058,"1|1|100010":116465,"1|0|110001":53423,"2|0|001011":3818,"2|0|001010":3517,"1|0|110000":57682,"2|0|111110":404,"2|0|111111":526,"1|1|101010":81918,"2|1|010010":5681,"2|1|011100":7704,"2|1|011101":7594,"1|0|010001":56891,"1|0|010000":51581,"2|1|010011":5979,"1|1|101011":77356,"1|0|111101":8913,"2|0|100101":6075,"2|0|100100":6401,"1|0|110010":49576,"1|0|110011":45839,"1|0|111100":12403,"2|0|110010":2915,"2|0|111101":551,"2|0|110011":2750,"2|0|111100":703,"2|1|011111":7613,"1|0|010111":88664,"1|0|010110":83726,"2|1|011110":7684,"1|1|101001":86522,"1|1|101000":89821,"1|0|110100":41820,"1|0|110101":38151,"2|0|100111":5562,"2|0|100110":5835,"2|1|000101":2434,"2|0|001111":4744,"2|1|000100":2373,"2|0|001110":4581,"1|0|011110":121620,"2|0|111011":924,"2|0|111010":1081,"2|1|010111":7079,"1|0|011111":126066,"2|1|010110":6575,"1|0|110111":30641,"2|0|100001":7265,"2|0|100000":7570,"2|0|001001":3223,"2|0|001000":2880,"1|0|000101":2400,"1|0|000100":2295,"1|0|110110":34382,"1|0|010010":62633,"2|0|111000":1530,"2|0|111001":1350,"1|0|011101":117102,"2|1|010001":5351,"1|0|010011":67951,"1|0|011100":112484,"2|1|010000":5116}}
