{"probability":{"Group 13":"0.10270519162508845","Group 12":"0.38365585102272626","Group 11":"0.048932709712223056","Group 10":"0.0005098827912866597","Group  6":"0.0003351029238641334","Group  5":"0.001719182755252154","Group  4":"0.016458608535537544","Group  3":"0.0","Group  2":"0.0","Group  1":"0.0","Group  9":"0.0015357562674286579","Group  8":"0.0","Group  7":"0.44414771436659317"},"groups":{"Group 13":["Botan 1.5.6 & 1.11.29 & 2.1.0","Feitian JavaCOS A22 & A40","Gemalto GCX4 72K","HSM SafeNet Luna SA-1700","LibTomCrypt 1.17","Libgcrypt 1.6.0 & 1.6.5 & 1.7.6","Libgcrypt 1.6.0 FIPS & 1.6.5 FIPS","Nettle 3.2 & 3.3","Oberthur Cosmo 64","OpenSSL FIPS 2.0.12 & 2.0.14","PGPSDK 4","WolfSSL 2.0rc1 & 3.9.0 & 3.10.2","cryptlib 3.4.3 & 3.4.3.1"],"Group 12":["Bouncy Castle 1.53 (Java)","Cryptix JCE 20050328","FlexiProvider 1.7p7","HSM Utimaco Security Server Se50","Nettle 2.0","PolarSSL 0.10.0","PuTTY 0.67","SunRsaSign OpenJDK 1.8.0","mbedTLS 1.3.19 & 2.2.1 & 2.4.2"],"Group 11":["Bouncy Castle 1.54 (Java)","Crypto++ 5.6.0 & 5.6.3 & 5.6.5","Libgcrypt 1.7.6 FIPS","Microsoft CryptoAPI & CNG & .NET"],"Group 10":["NXP J2D081 & J2E145G","YubiKey NEO"],"Group  6":["Oberthur Cosmo Dual 72K"],"Group  5":["NXP J2A080 & J2A081 & J3A081 & JCOP 41 V2.2.1"],"Group  4":["Gemalto GXP E64"],"Group  3":["GNU Crypto 2.0.1"],"Group  2":["G&D SmartCafe 4.x & 6.0"],"Group  1":["G&D SmartCafe 3.2"],"Group  9":["Infineon JTOP 80K","YubiKey 4 & 4 Nano"],"Group  8":["PGPSDK 4 FIPS"],"Group  7":["OpenSSL 0.9.7 & 1.0.2g & 1.0.2k & 1.1.0e"]},"frequencies":{"1|1|000110":5852,"2|1|100011":4703,"2|1|101101":2797,"1|1|000111":5944,"2|1|101100":2958,"2|1|100010":5008,"2|0|000000":6516,"2|0|000001":6461,"1|0|111010":3167,"1|0|111011":2597,"1|1|011010":18393,"1|1|011011":18755,"2|0|110100":1619,"2|0|110101":1454,"1|0|100001":20278,"1|0|100000":20667,"2|1|100000":5452,"1|1|000100":6251,"2|1|100001":5201,"2|0|000011":6271,"2|0|001101":5973,"2|0|001100":5832,"2|0|000010":6196,"1|1|000101":5992,"2|1|010101":6028,"2|0|011010":5753,"2|1|010100":5918,"2|0|011011":5838,"1|0|100010":19355,"1|0|101100":11952,"1|0|101101":11268,"1|0|100011":18650,"2|1|100110":4227,"1|1|110101":6350,"2|1|100111":3924,"2|0|000101":6090,"2|0|000100":6165,"1|0|111110":843,"1|1|110100":6827,"1|0|111111":283,"1|0|100101":17139,"2|0|110001":2093,"2|0|110000":2328,"1|0|010101":15655,"1|0|010100":14928,"2|0|011001":5940,"2|0|011000":5899,"1|0|100100":17858,"2|1|100100":4584,"2|1|100101":4398,"2|0|000110":5808,"2|0|000111":5897,"1|0|111000":4323,"1|0|111001":3708,"2|0|110111":1137,"2|0|110110":1316,"2|0|011111":5583,"2|0|011110":5797,"1|0|100111":15600,"1|0|100110":16181,"1|1|001001":6967,"1|0|001001":6919,"1|0|001000":6180,"1|1|001000":6145,"1|1|110001":8747,"1|1|110000":9383,"1|1|010000":12097,"2|0|011101":5654,"2|1|111111":63,"2|1|111110":206,"2|0|010010":6071,"2|0|011100":5743,"2|0|010011":6225,"1|1|010001":12821,"1|0|101010":13324,"1|0|101011":12705,"1|0|001010":7944,"1|1|001111":11474,"1|0|001011":8676,"1|1|001110":10720,"2|1|101011":3158,"2|1|101010":3361,"1|1|110111":4868,"1|1|110110":5529,"1|1|010010":13513,"1|1|010011":14118,"1|1|011100":19357,"2|0|010001":6084,"2|1|111001":916,"2|1|111000":1046,"2|0|010000":6108,"1|1|011101":19795,"1|1|000011":6157,"1|1|001100":9170,"1|1|001101":9961,"2|1|101001":3478,"1|1|000010":6435,"2|1|101000":3876,"1|1|111110":876,"1|1|111111":259,"2|1|111010":784,"1|1|011110":20294,"1|1|011111":20994,"2|0|010111":5916,"2|1|001000":5755,"2|1|001001":5739,"2|1|111011":598,"2|0|010110":6058,"1|0|101111":9992,"1|1|100101":16882,"1|1|100100":17682,"1|0|101110":10556,"1|1|000000":6549,"1|1|000001":6576,"2|1|101111":2425,"2|1|101110":2686,"1|1|110010":8049,"1|1|111101":1402,"1|1|110011":7564,"1|1|111100":1977,"1|1|011000":17180,"1|1|011001":17805,"2|1|001010":5846,"2|0|010100":6162,"2|1|001011":5927,"2|0|010101":6081,"1|0|101001":14133,"1|0|101000":14722,"1|0|000110":5967,"2|0|101101":2766,"2|0|100011":4724,"2|0|101100":2958,"2|0|100010":5050,"2|1|000001":6335,"2|1|000000":6722,"1|1|111011":2539,"1|0|000111":5927,"1|1|111010":3142,"1|0|011011":18793,"2|1|110100":1656,"1|0|011010":18414,"2|1|001100":6087,"2|1|110101":1526,"2|1|001101":5890,"1|1|100001":20276,"1|1|100000":20807,"1|0|000000":6516,"2|0|101111":2438,"2|0|101110":2650,"2|1|000111":5860,"2|1|000110":5908,"1|1|111000":4373,"1|0|000001":6428,"1|1|111001":3744,"1|0|011000":17270,"2|1|001110":6134,"2|1|110111":1217,"2|1|001111":6043,"2|1|110110":1309,"1|0|011001":17937,"1|1|100111":15288,"1|1|100110":16420,"1|0|000011":6290,"1|0|001100":9289,"1|0|000010":6230,"2|0|101001":3631,"2|0|101000":3753,"1|0|001101":9949,"2|1|110001":2057,"2|1|110000":2301,"2|1|011001":5788,"2|1|011000":5928,"1|1|010100":14719,"1|1|010101":15122,"1|1|101111":9872,"1|1|101110":10654,"2|0|101010":3348,"1|0|001111":11560,"1|1|001010":7763,"1|0|001110":10642,"1|1|001011":8553,"2|0|101011":3171,"2|1|000011":6137,"2|1|000010":6269,"1|1|010110":15922,"2|1|111101":347,"2|1|110010":1904,"2|1|111100":432,"2|1|110011":1758,"2|1|011010":5886,"2|1|011011":5712,"1|1|010111":16707,"1|1|101101":11191,"1|1|100011":18183,"1|1|101100":11906,"1|1|100010":19430,"1|0|110001":8757,"2|0|001011":6033,"2|0|001010":6033,"1|0|110000":9270,"2|0|111110":194,"2|0|111111":77,"1|1|101010":13368,"2|1|010010":6069,"2|1|011100":5692,"2|1|011101":5723,"1|0|010001":12693,"1|0|010000":12288,"2|1|010011":6013,"1|1|101011":12726,"1|0|111101":1354,"2|0|100101":4425,"2|0|100100":4635,"1|0|110010":8007,"1|0|110011":7483,"1|0|111100":1898,"2|0|110010":2010,"2|0|111101":345,"2|0|110011":1825,"2|0|111100":475,"2|1|011111":5780,"1|0|010111":16437,"1|0|010110":15884,"2|1|011110":5695,"1|1|101001":14020,"1|1|101000":14817,"1|0|110100":6774,"1|0|110101":5986,"2|0|100111":3958,"2|0|100110":4199,"2|1|000101":6022,"2|0|001111":6042,"2|1|000100":6271,"2|0|001110":5925,"1|0|011110":20533,"2|0|111011":555,"2|0|111010":724,"2|1|010111":6060,"1|0|011111":21158,"2|1|010110":5987,"1|0|110111":4968,"2|0|100001":5306,"2|0|100000":5491,"2|0|001001":5867,"2|0|001000":5676,"1|0|000101":6182,"1|0|000100":6162,"1|0|110110":5561,"1|0|010010":13466,"2|0|111000":1047,"2|0|111001":871,"1|0|011101":19976,"2|1|010001":5856,"1|0|010011":14054,"1|0|011100":19607,"2|1|010000":6055}}
