{"probability":{"Group 13":"0.0037811886891040577","Group 12":"0.45662240329957055","Group 11":"0.0676045449434607","Group 10":"0.0","Group  6":"0.0","Group  5":"0.0010061453368499973","Group  4":"0.015986258667060077","Group  3":"0.0","Group  2":"0.0","Group  1":"0.0","Group  9":"0.0018805105564674003","Group  8":"0.0","Group  7":"0.4531189485074872"},"groups":{"Group 13":["Botan 1.5.6 & 1.11.29 & 2.1.0","Feitian JavaCOS A22 & A40","Gemalto GCX4 72K","HSM SafeNet Luna SA-1700","LibTomCrypt 1.17","Libgcrypt 1.6.0 & 1.6.5 & 1.7.6","Libgcrypt 1.6.0 FIPS & 1.6.5 FIPS","Nettle 3.2 & 3.3","Oberthur Cosmo 64","OpenSSL FIPS 2.0.12 & 2.0.14","PGPSDK 4","WolfSSL 2.0rc1 & 3.9.0 & 3.10.2","cryptlib 3.4.3 & 3.4.3.1"],"Group 12":["Bouncy Castle 1.53 (Java)","Cryptix JCE 20050328","FlexiProvider 1.7p7","HSM Utimaco Security Server Se50","Nettle 2.0","PolarSSL 0.10.0","PuTTY 0.67","SunRsaSign OpenJDK 1.8.0","mbedTLS 1.3.19 & 2.2.1 & 2.4.2"],"Group 11":["Bouncy Castle 1.54 (Java)","Crypto++ 5.6.0 & 5.6.3 & 5.6.5","Libgcrypt 1.7.6 FIPS","Microsoft CryptoAPI & CNG & .NET"],"Group 10":["NXP J2D081 & J2E145G","YubiKey NEO"],"Group  6":["Oberthur Cosmo Dual 72K"],"Group  5":["NXP J2A080 & J2A081 & J3A081 & JCOP 41 V2.2.1"],"Group  4":["Gemalto GXP E64"],"Group  3":["GNU Crypto 2.0.1"],"Group  2":["G&D SmartCafe 4.x & 6.0"],"Group  1":["G&D SmartCafe 3.2"],"Group  9":["Infineon JTOP 80K","YubiKey 4 & 4 Nano"],"Group  8":["PGPSDK 4 FIPS"],"Group  7":["OpenSSL 0.9.7 & 1.0.2g & 1.0.2k & 1.1.0e"]},"frequencies":{"1|1|000110":6697,"2|1|100011":3607,"2|1|101101":2066,"1|1|000111":6401,"2|1|101100":2197,"2|1|100010":3864,"2|0|000000":6981,"2|0|000001":7038,"1|0|111010":2837,"1|0|111011":2307,"1|1|011010":16484,"1|1|011011":17078,"2|0|110100":1274,"2|0|110101":1075,"1|0|100001":18137,"1|0|100000":18690,"2|1|100000":4317,"1|1|000100":6811,"2|1|100001":3960,"2|0|000011":6839,"2|0|001101":6169,"2|0|001100":6241,"2|0|000010":6875,"1|1|000101":6738,"2|1|010101":5450,"2|0|011010":4912,"2|1|010100":5614,"2|0|011011":4807,"1|0|100010":17305,"1|0|101100":10791,"1|0|101101":10092,"1|0|100011":16825,"2|1|100110":3094,"1|1|110101":5473,"2|1|100111":3050,"2|0|000101":6701,"2|0|000100":6541,"1|0|111110":747,"1|1|110100":6040,"1|0|111111":223,"1|0|100101":15062,"2|0|110001":1523,"2|0|110000":1686,"1|0|010101":14408,"1|0|010100":14044,"2|0|011001":5016,"2|0|011000":5065,"1|0|100100":16098,"2|1|100100":3344,"2|1|100101":3370,"2|0|000110":6554,"2|0|000111":6492,"1|0|111000":3794,"1|0|111001":3288,"2|0|110111":852,"2|0|110110":966,"2|0|011111":4419,"2|0|011110":4475,"1|0|100111":14098,"1|0|100110":14414,"1|1|001001":7340,"1|0|001001":7528,"1|0|001000":6781,"1|1|001000":6570,"1|1|110001":7715,"1|1|110000":8424,"1|1|010000":11778,"2|0|011101":4624,"2|1|111111":46,"2|1|111110":153,"2|0|010010":5936,"2|0|011100":4778,"2|0|010011":5662,"1|1|010001":12163,"1|0|101010":12077,"1|0|101011":11343,"1|0|001010":8016,"1|1|001111":11093,"1|0|001011":8759,"1|1|001110":10555,"2|1|101011":2331,"2|1|101010":2523,"1|1|110111":4405,"1|1|110110":4896,"1|1|010010":12805,"1|1|010011":13424,"1|1|011100":17342,"2|0|010001":5838,"2|1|111001":691,"2|1|111000":756,"2|0|010000":6007,"1|1|011101":18227,"1|1|000011":6938,"1|1|001100":9338,"1|1|001101":9916,"2|1|101001":2646,"1|1|000010":7067,"2|1|101000":2843,"1|1|111110":703,"1|1|111111":242,"2|1|111010":552,"1|1|011110":18361,"1|1|011111":18822,"2|0|010111":5210,"2|1|001000":6410,"2|1|001001":6380,"2|1|111011":467,"2|0|010110":5462,"1|0|101111":9034,"1|1|100101":15239,"1|1|100100":15912,"1|0|101110":9334,"1|1|000000":7225,"1|1|000001":7154,"2|1|101111":1817,"2|1|101110":1948,"1|1|110010":7098,"1|1|111101":1343,"1|1|110011":6348,"1|1|111100":1808,"1|1|011000":15683,"1|1|011001":16163,"2|1|001010":6471,"2|0|010100":5676,"2|1|001011":6208,"2|0|010101":5585,"1|0|101001":12617,"1|0|101000":13145,"1|0|000110":6481,"2|0|101101":2015,"2|0|100011":3658,"2|0|101100":2134,"2|0|100010":3732,"2|1|000001":7018,"2|1|000000":7248,"1|1|111011":2203,"1|0|000111":6428,"1|1|111010":2794,"1|0|011011":16959,"2|1|110100":1192,"1|0|011010":16541,"2|1|001100":6169,"2|1|110101":1075,"2|1|001101":6127,"1|1|100001":17991,"1|1|100000":18493,"1|0|000000":7243,"2|0|101111":1876,"2|0|101110":1914,"2|1|000111":6405,"2|1|000110":6527,"1|1|111000":3874,"1|0|000001":7081,"1|1|111001":3301,"1|0|011000":15794,"2|1|001110":6063,"2|1|110111":934,"2|1|001111":6021,"2|1|110110":969,"1|0|011001":16337,"1|1|100111":13811,"1|1|100110":14529,"1|0|000011":6927,"1|0|001100":9443,"1|0|000010":6673,"2|0|101001":2652,"2|0|101000":2807,"1|0|001101":9872,"2|1|110001":1510,"2|1|110000":1725,"2|1|011001":4890,"2|1|011000":5292,"1|1|010100":14041,"1|1|010101":14188,"1|1|101111":8984,"1|1|101110":9680,"2|0|101010":2456,"1|0|001111":10954,"1|1|001010":7981,"1|0|001110":10433,"1|1|001011":8685,"2|0|101011":2382,"2|1|000011":6925,"2|1|000010":7129,"1|1|010110":14843,"2|1|111101":269,"2|1|110010":1422,"2|1|111100":339,"2|1|110011":1283,"2|1|011010":4918,"2|1|011011":4832,"1|1|010111":15395,"1|1|101101":10177,"1|1|100011":16556,"1|1|101100":10678,"1|1|100010":17223,"1|0|110001":7693,"2|0|001011":6259,"2|0|001010":6354,"1|0|110000":8228,"2|0|111110":150,"2|0|111111":41,"1|1|101010":11901,"2|1|010010":5850,"2|1|011100":4624,"2|1|011101":4527,"1|0|010001":12083,"1|0|010000":11830,"2|1|010011":5710,"1|1|101011":11237,"1|0|111101":1260,"2|0|100101":3295,"2|0|100100":3397,"1|0|110010":7268,"1|0|110011":6601,"1|0|111100":1769,"2|0|110010":1409,"2|0|111101":264,"2|0|110011":1271,"2|0|111100":339,"2|1|011111":4299,"1|0|010111":15237,"1|0|010110":14664,"2|1|011110":4512,"1|1|101001":12602,"1|1|101000":13342,"1|0|110100":5953,"1|0|110101":5442,"2|0|100111":2822,"2|0|100110":3066,"2|1|000101":6738,"2|0|001111":5954,"2|1|000100":6829,"2|0|001110":5947,"1|0|011110":18248,"2|0|111011":444,"2|0|111010":568,"2|1|010111":5378,"1|0|011111":18760,"2|1|010110":5486,"1|0|110111":4494,"2|0|100001":4015,"2|0|100000":4185,"2|0|001001":6533,"2|0|001000":6306,"1|0|000101":6616,"1|0|000100":6860,"1|0|110110":4920,"1|0|010010":12690,"2|0|111000":738,"2|0|111001":665,"1|0|011101":18002,"2|1|010001":5812,"1|0|010011":13398,"1|0|011100":17623,"2|1|010000":5883}}
