{"probability":{"Group 13":"0.05131906615494884","Group 12":"0.022396084346731914","Group 11":"0.05640580430047162","Group 10":"0.0","Group  6":"0.000052869167424523984","Group  5":"0.0","Group  4":"0.002276008196273605","Group  3":"0.00004869136703156619","Group  2":"0.0","Group  1":"0.0","Group  9":"0.00023779178226983284","Group  8":"0.00540394866315983","Group  7":"0.8618597360216882"},"groups":{"Group 13":["Botan 1.5.6 & 1.11.29 & 2.1.0","Feitian JavaCOS A22 & A40","Gemalto GCX4 72K","HSM SafeNet Luna SA-1700","LibTomCrypt 1.17","Libgcrypt 1.6.0 & 1.6.5 & 1.7.6","Libgcrypt 1.6.0 FIPS & 1.6.5 FIPS","Nettle 3.2 & 3.3","Oberthur Cosmo 64","OpenSSL FIPS 2.0.12 & 2.0.14","PGPSDK 4","WolfSSL 2.0rc1 & 3.9.0 & 3.10.2","cryptlib 3.4.3 & 3.4.3.1"],"Group 12":["Bouncy Castle 1.53 (Java)","Cryptix JCE 20050328","FlexiProvider 1.7p7","HSM Utimaco Security Server Se50","Nettle 2.0","PolarSSL 0.10.0","PuTTY 0.67","SunRsaSign OpenJDK 1.8.0","mbedTLS 1.3.19 & 2.2.1 & 2.4.2"],"Group 11":["Bouncy Castle 1.54 (Java)","Crypto++ 5.6.0 & 5.6.3 & 5.6.5","Libgcrypt 1.7.6 FIPS","Microsoft CryptoAPI & CNG & .NET"],"Group 10":["NXP J2D081 & J2E145G","YubiKey NEO"],"Group  6":["Oberthur Cosmo Dual 72K"],"Group  5":["NXP J2A080 & J2A081 & J3A081 & JCOP 41 V2.2.1"],"Group  4":["Gemalto GXP E64"],"Group  3":["GNU Crypto 2.0.1"],"Group  2":["G&D SmartCafe 4.x & 6.0"],"Group  1":["G&D SmartCafe 3.2"],"Group  9":["Infineon JTOP 80K","YubiKey 4 & 4 Nano"],"Group  8":["PGPSDK 4 FIPS"],"Group  7":["OpenSSL 0.9.7 & 1.0.2g & 1.0.2k & 1.1.0e"]},"frequencies":{"1|1|000110":2441,"2|1|100011":6405,"2|1|101101":4084,"1|1|000111":2635,"2|1|101100":4381,"2|1|100010":6926,"2|0|000000":2072,"2|0|000001":1827,"1|0|111010":19628,"1|0|111011":16174,"1|1|011010":105292,"1|1|011011":110193,"2|0|110100":2410,"2|0|110101":2271,"1|0|100001":123027,"1|0|100000":128015,"2|1|100000":7528,"1|1|000100":2218,"2|1|100001":7152,"2|0|000011":2167,"2|0|001101":4304,"2|0|001100":4070,"2|0|000010":1935,"1|1|000101":2267,"2|1|010101":6460,"2|0|011010":7689,"2|1|010100":6174,"2|0|011011":7926,"1|0|100010":118705,"1|0|101100":75519,"1|0|101101":70793,"1|0|100011":114191,"2|1|100110":5777,"1|1|110101":38838,"2|1|100111":5463,"2|0|000101":2316,"2|0|000100":2284,"1|0|111110":5351,"1|1|110100":42812,"1|0|111111":2149,"1|0|100101":105312,"2|0|110001":3203,"2|0|110000":3290,"1|0|010101":79674,"1|0|010100":74442,"2|0|011001":7314,"2|0|011000":7272,"1|0|100100":109744,"2|1|100100":6232,"2|1|100101":6079,"2|0|000110":2359,"2|0|000111":2541,"1|0|111000":27283,"1|0|111001":23464,"2|0|110111":1855,"2|0|110110":2020,"2|0|011111":7617,"2|0|011110":7665,"1|0|100111":96315,"1|0|100110":100471,"1|1|001001":12132,"1|0|001001":11773,"1|0|001000":5768,"1|1|001000":5881,"1|1|110001":54461,"1|1|110000":58558,"1|1|010000":53058,"2|0|011101":7577,"2|1|111111":541,"2|1|111110":403,"2|0|010010":5594,"2|0|011100":7505,"2|0|010011":5847,"1|1|010001":58146,"1|0|101010":83067,"1|0|101011":78768,"1|0|001010":18085,"1|1|001111":47106,"1|0|001011":23997,"1|1|001110":41702,"2|1|101011":4573,"2|1|101010":4796,"1|1|110111":31272,"1|1|110110":34950,"1|1|010010":64206,"1|1|010011":69111,"1|1|011100":114756,"2|0|010001":5535,"2|1|111001":1314,"2|1|111000":1587,"2|0|010000":5174,"1|1|011101":119204,"1|1|000011":2025,"1|1|001100":29802,"1|1|001101":35457,"2|1|101001":5029,"1|1|000010":1919,"2|1|101000":5322,"1|1|111110":5420,"1|1|111111":2206,"2|1|111010":1114,"1|1|011110":123395,"1|1|011111":128112,"2|0|010111":6826,"2|1|001000":2848,"2|1|001001":3142,"2|1|111011":959,"2|0|010110":6724,"1|0|101111":62451,"1|1|100101":105459,"1|1|100100":110180,"1|0|101110":66989,"1|1|000000":2172,"1|1|000001":1936,"2|1|101111":3576,"2|1|101110":3950,"1|1|110010":50431,"1|1|111101":9127,"1|1|110011":46513,"1|1|111100":12519,"1|1|011000":95088,"1|1|011001":100610,"2|1|001010":3531,"2|0|010100":6255,"2|1|001011":3850,"2|0|010101":6522,"1|0|101001":87562,"1|0|101000":92354,"1|0|000110":2562,"2|0|101101":4039,"2|0|100011":6555,"2|0|101100":4368,"2|0|100010":6855,"2|1|000001":1910,"2|1|000000":2079,"1|1|111011":16311,"1|0|000111":2607,"1|1|111010":19828,"1|0|011011":109450,"2|1|110100":2474,"1|0|011010":105102,"2|1|001100":4092,"2|1|110101":2181,"2|1|001101":4392,"1|1|100001":123547,"1|1|100000":128309,"1|0|000000":2011,"2|0|101111":3645,"2|0|101110":3771,"2|1|000111":2623,"2|1|000110":2458,"1|1|111000":27372,"1|0|000001":1810,"1|1|111001":23509,"1|0|011000":95502,"2|1|001110":4560,"2|1|110111":1802,"2|1|001111":5008,"2|1|110110":2052,"1|0|011001":100145,"1|1|100111":95909,"1|1|100110":100520,"1|0|000011":2105,"1|0|001100":29906,"1|0|000010":1936,"2|0|101001":5078,"2|0|101000":5469,"1|0|001101":35431,"2|1|110001":3121,"2|1|110000":3340,"2|1|011001":7610,"2|1|011000":7190,"1|1|010100":74781,"1|1|010101":79675,"1|1|101111":62564,"1|1|101110":66569,"2|0|101010":4894,"1|0|001111":47435,"1|1|001010":17907,"1|0|001110":41993,"1|1|001011":24224,"2|0|101011":4659,"2|1|000011":2090,"2|1|000010":1921,"1|1|010110":84859,"2|1|111101":524,"2|1|110010":2806,"2|1|111100":756,"2|1|110011":2605,"2|1|011010":7707,"2|1|011011":7730,"1|1|010111":90410,"1|1|101101":70275,"1|1|100011":114477,"1|1|101100":75408,"1|1|100010":118550,"1|0|110001":54191,"2|0|001011":3734,"2|0|001010":3495,"1|0|110000":58636,"2|0|111110":408,"2|0|111111":523,"1|1|101010":83554,"2|1|010010":5655,"2|1|011100":7742,"2|1|011101":7700,"1|0|010001":57933,"1|0|010000":52518,"2|1|010011":5895,"1|1|101011":78825,"1|0|111101":9037,"2|0|100101":6163,"2|0|100100":6451,"1|0|110010":50281,"1|0|110011":46768,"1|0|111100":12546,"2|0|110010":2937,"2|0|111101":560,"2|0|110011":2763,"2|0|111100":755,"2|1|011111":7757,"1|0|010111":90304,"1|0|010110":84931,"2|1|011110":7725,"1|1|101001":88437,"1|1|101000":91258,"1|0|110100":42657,"1|0|110101":38963,"2|0|100111":5669,"2|0|100110":5856,"2|1|000101":2378,"2|0|001111":4738,"2|1|000100":2256,"2|0|001110":4586,"1|0|011110":123757,"2|0|111011":944,"2|0|111010":1101,"2|1|010111":7089,"1|0|011111":128323,"2|1|010110":6681,"1|0|110111":31127,"2|0|100001":7305,"2|0|100000":7589,"2|0|001001":3181,"2|0|001000":2840,"1|0|000101":2375,"1|0|000100":2224,"1|0|110110":35067,"1|0|010010":63778,"2|0|111000":1546,"2|0|111001":1353,"1|0|011101":119510,"2|1|010001":5351,"1|0|010011":69223,"1|0|011100":114664,"2|1|010000":5063}}
