{"probability":{"Group 13":"0.30491879042757014","Group 12":"0.184491323837381","Group 11":"0.025020206810658058","Group 10":"0.0","Group  6":"0.0","Group  5":"0.00015009280908170053","Group  4":"0.0066800109221674476","Group  3":"0.0","Group  2":"0.0","Group  1":"0.0","Group  9":"0.001094730273683522","Group  8":"0.0017368753238598072","Group  7":"0.4759079695955984"},"groups":{"Group 13":["Botan 1.5.6 & 1.11.29 & 2.1.0","Feitian JavaCOS A22 & A40","Gemalto GCX4 72K","HSM SafeNet Luna SA-1700","LibTomCrypt 1.17","Libgcrypt 1.6.0 & 1.6.5 & 1.7.6","Libgcrypt 1.6.0 FIPS & 1.6.5 FIPS","Nettle 3.2 & 3.3","Oberthur Cosmo 64","OpenSSL FIPS 2.0.12 & 2.0.14","PGPSDK 4","WolfSSL 2.0rc1 & 3.9.0 & 3.10.2","cryptlib 3.4.3 & 3.4.3.1"],"Group 12":["Bouncy Castle 1.53 (Java)","Cryptix JCE 20050328","FlexiProvider 1.7p7","HSM Utimaco Security Server Se50","Nettle 2.0","PolarSSL 0.10.0","PuTTY 0.67","SunRsaSign OpenJDK 1.8.0","mbedTLS 1.3.19 & 2.2.1 & 2.4.2"],"Group 11":["Bouncy Castle 1.54 (Java)","Crypto++ 5.6.0 & 5.6.3 & 5.6.5","Libgcrypt 1.7.6 FIPS","Microsoft CryptoAPI & CNG & .NET"],"Group 10":["NXP J2D081 & J2E145G","YubiKey NEO"],"Group  6":["Oberthur Cosmo Dual 72K"],"Group  5":["NXP J2A080 & J2A081 & J3A081 & JCOP 41 V2.2.1"],"Group  4":["Gemalto GXP E64"],"Group  3":["GNU Crypto 2.0.1"],"Group  2":["G&D SmartCafe 4.x & 6.0"],"Group  1":["G&D SmartCafe 3.2"],"Group  9":["Infineon JTOP 80K","YubiKey 4 & 4 Nano"],"Group  8":["PGPSDK 4 FIPS"],"Group  7":["OpenSSL 0.9.7 & 1.0.2g & 1.0.2k & 1.1.0e"]},"frequencies":{"1|1|000110":4945,"2|1|100011":10830,"2|1|101101":6722,"1|1|000111":4920,"2|1|101100":7146,"2|1|100010":11530,"2|0|000000":5537,"2|0|000001":5384,"1|0|111010":6356,"1|0|111011":5183,"1|1|011010":34733,"1|1|011011":36077,"2|0|110100":3990,"2|0|110101":3543,"1|0|100001":39717,"1|0|100000":40912,"2|1|100000":12483,"1|1|000100":5212,"2|1|100001":12072,"2|0|000011":5257,"2|0|001101":7132,"2|0|001100":6701,"2|0|000010":5453,"1|1|000101":5248,"2|1|010101":9792,"2|0|011010":11190,"2|1|010100":9478,"2|0|011011":11324,"1|0|100010":38199,"1|0|101100":24142,"1|0|101101":22752,"1|0|100011":36707,"2|1|100110":9527,"1|1|110101":12445,"2|1|100111":9183,"2|0|000101":5114,"2|0|000100":5160,"1|0|111110":1772,"1|1|110100":13572,"1|0|111111":560,"1|0|100101":33677,"2|0|110001":5180,"2|0|110000":5484,"1|0|010101":27520,"1|0|010100":25819,"2|0|011001":10966,"2|0|011000":10705,"1|0|100100":35179,"2|1|100100":10318,"2|1|100101":9966,"2|0|000110":4997,"2|0|000111":4890,"1|0|111000":8734,"1|0|111001":7561,"2|0|110111":2854,"2|0|110110":3226,"2|0|011111":12506,"2|0|011110":12243,"1|0|100111":30966,"1|0|100110":32296,"1|1|001001":7623,"1|0|001001":7613,"1|0|001000":5828,"1|1|001000":5821,"1|1|110001":17311,"1|1|110000":18518,"1|1|010000":19798,"2|0|011101":12240,"2|1|111111":167,"2|1|111110":545,"2|0|010010":8739,"2|0|011100":11423,"2|0|010011":9291,"1|1|010001":20935,"1|0|101010":26805,"1|0|101011":25215,"1|0|001010":9440,"1|1|001111":17995,"1|0|001011":11092,"1|1|001110":16334,"2|1|101011":7442,"2|1|101010":7818,"1|1|110111":9791,"1|1|110110":11222,"1|1|010010":22313,"1|1|010011":24108,"1|1|011100":37167,"2|0|010001":8413,"2|1|111001":2166,"2|1|111000":2560,"2|0|010000":8225,"1|1|011101":38666,"1|1|000011":5231,"1|1|001100":12871,"1|1|001101":14641,"2|1|101001":8373,"1|1|000010":5505,"2|1|101000":8728,"1|1|111110":1776,"1|1|111111":552,"2|1|111010":1870,"1|1|011110":39985,"1|1|011111":41519,"2|0|010111":10435,"2|1|001000":5030,"2|1|001001":5565,"2|1|111011":1576,"2|0|010110":10123,"1|0|101111":19718,"1|1|100101":33949,"1|1|100100":35055,"1|0|101110":21436,"1|1|000000":5402,"1|1|000001":5452,"2|1|101111":5867,"2|1|101110":6260,"1|1|110010":15963,"1|1|111101":2832,"1|1|110011":14726,"1|1|111100":3978,"1|1|011000":31613,"1|1|011001":33156,"2|1|001010":5935,"2|0|010100":9449,"2|1|001011":6316,"2|0|010101":9868,"1|0|101001":27790,"1|0|101000":29262,"1|0|000110":5020,"2|0|101101":6557,"2|0|100011":10926,"2|0|101100":7018,"2|0|100010":11398,"2|1|000001":5465,"2|1|000000":5510,"1|1|111011":5096,"1|0|000111":4948,"1|1|111010":6144,"1|0|011011":35949,"2|1|110100":3898,"1|0|011010":34609,"2|1|001100":6698,"2|1|110101":3643,"2|1|001101":7039,"1|1|100001":39744,"1|1|100000":41476,"1|0|000000":5426,"2|0|101111":5926,"2|0|101110":6279,"2|1|000111":4925,"2|1|000110":5101,"1|1|111000":8652,"1|0|000001":5427,"1|1|111001":7556,"1|0|011000":31685,"2|1|001110":7477,"2|1|110111":2941,"2|1|001111":7943,"2|1|110110":3213,"1|0|011001":33039,"1|1|100111":30712,"1|1|100110":32277,"1|0|000011":5282,"1|0|001100":12824,"1|0|000010":5336,"2|0|101001":8316,"2|0|101000":8706,"1|0|001101":14611,"2|1|110001":5044,"2|1|110000":5543,"2|1|011001":11046,"2|1|011000":10741,"1|1|010100":25756,"1|1|010101":26989,"1|1|101111":20092,"1|1|101110":21217,"2|0|101010":7850,"1|0|001111":17966,"1|1|001010":9603,"1|0|001110":16273,"1|1|001011":11077,"2|0|101011":7286,"2|1|000011":5198,"2|1|000010":5376,"1|1|010110":28880,"2|1|111101":815,"2|1|110010":4775,"2|1|111100":1123,"2|1|110011":4304,"2|1|011010":11241,"2|1|011011":11503,"1|1|010111":30286,"1|1|101101":22539,"1|1|100011":36640,"1|1|101100":24025,"1|1|100010":38529,"1|0|110001":17408,"2|0|001011":6457,"2|0|001010":6031,"1|0|110000":18725,"2|0|111110":491,"2|0|111111":167,"1|1|101010":26637,"2|1|010010":8974,"2|1|011100":11676,"2|1|011101":11863,"1|0|010001":21156,"1|0|010000":19572,"2|1|010011":9131,"1|1|101011":25096,"1|0|111101":2929,"2|0|100101":9970,"2|0|100100":10499,"1|0|110010":16246,"1|0|110011":14736,"1|0|111100":3907,"2|0|110010":4735,"2|0|111101":847,"2|0|110011":4398,"2|0|111100":1171,"2|1|011111":12527,"1|0|010111":30024,"1|0|010110":28665,"2|1|011110":12333,"1|1|101001":28007,"1|1|101000":29385,"1|0|110100":13551,"1|0|110101":12322,"2|0|100111":9180,"2|0|100110":9415,"2|1|000101":5057,"2|0|001111":7745,"2|1|000100":5224,"2|0|001110":7509,"1|0|011110":39902,"2|0|111011":1526,"2|0|111010":1767,"2|1|010111":10379,"1|0|011111":41674,"2|1|010110":10077,"1|0|110111":10114,"2|0|100001":11905,"2|0|100000":12478,"2|0|001001":5509,"2|0|001000":5022,"1|0|000101":5198,"1|0|000100":5141,"1|0|110110":11123,"1|0|010010":22956,"2|0|111000":2579,"2|0|111001":2235,"1|0|011101":38334,"2|1|010001":8482,"1|0|010011":24309,"1|0|011100":37069,"2|1|010000":8174}}
