{"probability":{"Group 13":"0.02343862559753049","Group 12":"0.015206630383105565","Group 11":"0.05294211552750351","Group 10":"0.0","Group  6":"0.00020829438663877935","Group  5":"0.0","Group  4":"0.0016682965861726895","Group  3":"0.0","Group  2":"0.00006637361850641377","Group  1":"0.0","Group  9":"0.0004899588586110586","Group  8":"0.008196074461118415","Group  7":"0.8977836305808131"},"groups":{"Group 13":["Botan 1.5.6 & 1.11.29 & 2.1.0","Feitian JavaCOS A22 & A40","Gemalto GCX4 72K","HSM SafeNet Luna SA-1700","LibTomCrypt 1.17","Libgcrypt 1.6.0 & 1.6.5 & 1.7.6","Libgcrypt 1.6.0 FIPS & 1.6.5 FIPS","Nettle 3.2 & 3.3","Oberthur Cosmo 64","OpenSSL FIPS 2.0.12 & 2.0.14","PGPSDK 4","WolfSSL 2.0rc1 & 3.9.0 & 3.10.2","cryptlib 3.4.3 & 3.4.3.1"],"Group 12":["Bouncy Castle 1.53 (Java)","Cryptix JCE 20050328","FlexiProvider 1.7p7","HSM Utimaco Security Server Se50","Nettle 2.0","PolarSSL 0.10.0","PuTTY 0.67","SunRsaSign OpenJDK 1.8.0","mbedTLS 1.3.19 & 2.2.1 & 2.4.2"],"Group 11":["Bouncy Castle 1.54 (Java)","Crypto++ 5.6.0 & 5.6.3 & 5.6.5","Libgcrypt 1.7.6 FIPS","Microsoft CryptoAPI & CNG & .NET"],"Group 10":["NXP J2D081 & J2E145G","YubiKey NEO"],"Group  6":["Oberthur Cosmo Dual 72K"],"Group  5":["NXP J2A080 & J2A081 & J3A081 & JCOP 41 V2.2.1"],"Group  4":["Gemalto GXP E64"],"Group  3":["GNU Crypto 2.0.1"],"Group  2":["G&D SmartCafe 4.x & 6.0"],"Group  1":["G&D SmartCafe 3.2"],"Group  9":["Infineon JTOP 80K","YubiKey 4 & 4 Nano"],"Group  8":["PGPSDK 4 FIPS"],"Group  7":["OpenSSL 0.9.7 & 1.0.2g & 1.0.2k & 1.1.0e"]},"frequencies":{"1|1|000110":871,"2|1|100011":1983,"2|1|101101":1178,"1|1|000111":982,"2|1|101100":1310,"2|1|100010":2091,"2|0|000000":573,"2|0|000001":635,"1|0|111010":8752,"1|0|111011":7100,"1|1|011010":45976,"1|1|011011":48409,"2|0|110100":741,"2|0|110101":665,"1|0|100001":53927,"1|0|100000":56452,"2|1|100000":2274,"1|1|000100":807,"2|1|100001":2145,"2|0|000011":731,"2|0|001101":1512,"2|0|001100":1386,"2|0|000010":723,"1|1|000101":878,"2|1|010101":2101,"2|0|011010":2454,"2|1|010100":2060,"2|0|011011":2528,"1|0|100010":51927,"1|0|101100":32950,"1|0|101101":30903,"1|0|100011":50408,"2|1|100110":1742,"1|1|110101":17114,"2|1|100111":1672,"2|0|000101":842,"2|0|000100":832,"1|0|111110":2435,"1|1|110100":18609,"1|0|111111":1163,"1|0|100101":46460,"2|0|110001":977,"2|0|110000":1009,"1|0|010101":34930,"1|0|010100":32562,"2|0|011001":2269,"2|0|011000":2261,"1|0|100100":48016,"2|1|100100":1911,"2|1|100101":1867,"2|0|000110":919,"2|0|000111":984,"1|0|111000":11850,"1|0|111001":10440,"2|0|110111":558,"2|0|110110":573,"2|0|011111":2372,"2|0|011110":2264,"1|0|100111":42281,"1|0|100110":44243,"1|1|001001":5159,"1|0|001001":5124,"1|0|001000":2337,"1|1|001000":2434,"1|1|110001":23893,"1|1|110000":25639,"1|1|010000":23233,"2|0|011101":2293,"2|1|111111":429,"2|1|111110":171,"2|0|010010":1810,"2|0|011100":2423,"2|0|010011":1980,"1|1|010001":25295,"1|0|101010":36559,"1|0|101011":34639,"1|0|001010":7800,"1|1|001111":20917,"1|0|001011":10435,"1|1|001110":18302,"2|1|101011":1384,"2|1|101010":1396,"1|1|110111":13567,"1|1|110110":15363,"1|1|010010":28014,"1|1|010011":30040,"1|1|011100":50328,"2|0|010001":1856,"2|1|111001":371,"2|1|111000":468,"2|0|010000":1743,"1|1|011101":52068,"1|1|000011":770,"1|1|001100":13045,"1|1|001101":15551,"2|1|101001":1571,"1|1|000010":678,"2|1|101000":1585,"1|1|111110":2425,"1|1|111111":1199,"2|1|111010":336,"1|1|011110":54413,"1|1|011111":55973,"2|0|010111":2258,"2|1|001000":1077,"2|1|001001":1162,"2|1|111011":272,"2|0|010110":2200,"1|0|101111":27550,"1|1|100101":46413,"1|1|100100":48049,"1|0|101110":29388,"1|1|000000":566,"1|1|000001":681,"2|1|101111":1023,"2|1|101110":1122,"1|1|110010":22426,"1|1|111101":4030,"1|1|110011":20277,"1|1|111100":5570,"1|1|011000":41473,"1|1|011001":44301,"2|1|001010":1245,"2|0|010100":2089,"2|1|001011":1369,"2|0|010101":2141,"1|0|101001":38432,"1|0|101000":40615,"1|0|000110":900,"2|0|101101":1241,"2|0|100011":1900,"2|0|101100":1328,"2|0|100010":2057,"2|1|000001":660,"2|1|000000":596,"1|1|111011":6974,"1|0|000111":981,"1|1|111010":8643,"1|0|011011":47913,"2|1|110100":690,"1|0|011010":45977,"2|1|001100":1465,"2|1|110101":654,"2|1|001101":1501,"1|1|100001":54326,"1|1|100000":56078,"1|0|000000":555,"2|0|101111":1040,"2|0|101110":1143,"2|1|000111":932,"2|1|000110":898,"1|1|111000":12118,"1|0|000001":583,"1|1|111001":10389,"1|0|011000":41911,"2|1|001110":1592,"2|1|110111":555,"2|1|001111":1704,"2|1|110110":624,"1|0|011001":43746,"1|1|100111":42584,"1|1|100110":44158,"1|0|000011":789,"1|0|001100":13233,"1|0|000010":714,"2|0|101001":1517,"2|0|101000":1564,"1|0|001101":15381,"2|1|110001":927,"2|1|110000":1051,"0|0|101101":1,"2|1|011001":2388,"2|1|011000":2238,"1|1|010100":32940,"1|1|010101":34956,"1|1|101111":27516,"1|1|101110":29216,"2|0|101010":1425,"1|0|001111":20661,"1|1|001010":7594,"1|0|001110":18062,"1|1|001011":10435,"2|0|101011":1406,"2|1|000011":741,"2|1|000010":749,"1|1|010110":37006,"2|1|111101":178,"2|1|110010":867,"2|1|111100":241,"2|1|110011":825,"2|1|011010":2503,"2|1|011011":2412,"1|1|010111":39424,"1|1|101101":30919,"1|1|100011":50320,"1|1|101100":33114,"1|1|100010":51982,"1|0|110001":23813,"2|0|001011":1344,"2|0|001010":1210,"1|0|110000":25905,"2|0|111110":153,"2|0|111111":406,"1|1|101010":36491,"2|1|010010":1866,"2|1|011100":2455,"2|1|011101":2322,"1|0|010001":25404,"1|0|010000":22841,"2|1|010011":1955,"1|1|101011":34806,"1|0|111101":3979,"2|0|100101":1859,"2|0|100100":1925,"1|0|110010":22099,"1|0|110011":20595,"1|0|111100":5525,"2|0|110010":870,"2|0|111101":186,"2|0|110011":800,"2|0|111100":206,"2|1|011111":2286,"1|0|010111":39608,"1|0|010110":37001,"2|1|011110":2310,"1|1|101001":38630,"1|1|101000":40290,"1|0|110100":18733,"1|0|110101":16875,"2|0|100111":1637,"2|0|100110":1758,"2|1|000101":895,"2|0|001111":1615,"2|1|000100":848,"2|0|001110":1507,"1|0|011110":54470,"2|0|111011":291,"2|0|111010":316,"2|1|010111":2314,"1|0|011111":56810,"2|1|010110":2148,"1|0|110111":13475,"2|0|100001":2163,"2|0|100000":2276,"2|0|001001":1213,"2|0|001000":1051,"1|0|000101":862,"1|0|000100":794,"1|0|110110":15230,"1|0|010010":27881,"2|0|111000":450,"2|0|111001":407,"1|0|011101":52456,"2|1|010001":1754,"1|0|010011":30150,"1|0|011100":49964,"2|1|010000":1718}}
