{"probability":{"Group 13":"0.056692655910543524","Group 12":"0.01480893254939342","Group 11":"0.015018834728308828","Group 10":"0.0","Group  6":"0.0","Group  5":"0.0","Group  4":"0.0","Group  3":"0.0","Group  2":"0.0","Group  1":"0.0","Group  9":"0.00021624023656135265","Group  8":"0.002162132920142745","Group  7":"0.9111012036550501"},"groups":{"Group 13":["Botan 1.5.6 & 1.11.29 & 2.1.0","Feitian JavaCOS A22 & A40","Gemalto GCX4 72K","HSM SafeNet Luna SA-1700","LibTomCrypt 1.17","Libgcrypt 1.6.0 & 1.6.5 & 1.7.6","Libgcrypt 1.6.0 FIPS & 1.6.5 FIPS","Nettle 3.2 & 3.3","Oberthur Cosmo 64","OpenSSL FIPS 2.0.12 & 2.0.14","PGPSDK 4","WolfSSL 2.0rc1 & 3.9.0 & 3.10.2","cryptlib 3.4.3 & 3.4.3.1"],"Group 12":["Bouncy Castle 1.53 (Java)","Cryptix JCE 20050328","FlexiProvider 1.7p7","HSM Utimaco Security Server Se50","Nettle 2.0","PolarSSL 0.10.0","PuTTY 0.67","SunRsaSign OpenJDK 1.8.0","mbedTLS 1.3.19 & 2.2.1 & 2.4.2"],"Group 11":["Bouncy Castle 1.54 (Java)","Crypto++ 5.6.0 & 5.6.3 & 5.6.5","Libgcrypt 1.7.6 FIPS","Microsoft CryptoAPI & CNG & .NET"],"Group 10":["NXP J2D081 & J2E145G","YubiKey NEO"],"Group  6":["Oberthur Cosmo Dual 72K"],"Group  5":["NXP J2A080 & J2A081 & J3A081 & JCOP 41 V2.2.1"],"Group  4":["Gemalto GXP E64"],"Group  3":["GNU Crypto 2.0.1"],"Group  2":["G&D SmartCafe 4.x & 6.0"],"Group  1":["G&D SmartCafe 3.2"],"Group  9":["Infineon JTOP 80K","YubiKey 4 & 4 Nano"],"Group  8":["PGPSDK 4 FIPS"],"Group  7":["OpenSSL 0.9.7 & 1.0.2g & 1.0.2k & 1.1.0e"]},"frequencies":{"1|1|000110":437,"2|1|100011":1634,"2|1|101101":1001,"1|1|000111":487,"2|1|101100":1065,"2|1|100010":1698,"2|0|000000":400,"2|0|000001":427,"1|0|111010":7313,"1|0|111011":6060,"1|1|011010":38596,"1|1|011011":40560,"2|0|110100":618,"2|0|110101":538,"1|0|100001":45502,"1|0|100000":47172,"2|1|100000":1851,"1|1|000100":388,"2|1|100001":1844,"2|0|000011":413,"2|0|001101":897,"2|0|001100":802,"2|0|000010":427,"1|1|000101":417,"2|1|010101":1414,"2|0|011010":1738,"2|1|010100":1315,"2|0|011011":1806,"1|0|100010":44174,"1|0|101100":27922,"1|0|101101":26047,"1|0|100011":42154,"2|1|100110":1456,"1|1|110101":14357,"2|1|100111":1373,"2|0|000101":427,"2|0|000100":428,"1|0|111110":1933,"1|1|110100":15529,"1|0|111111":644,"1|0|100101":38950,"2|0|110001":797,"2|0|110000":854,"1|0|010101":29102,"1|0|010100":26754,"2|0|011001":1623,"2|0|011000":1541,"1|0|100100":40572,"2|1|100100":1561,"2|1|100101":1485,"2|0|000110":429,"2|0|000111":438,"1|0|111000":9899,"1|0|111001":8701,"2|0|110111":422,"2|0|110110":517,"2|0|011111":1840,"2|0|011110":1844,"1|0|100111":35479,"1|0|100110":37119,"1|1|001001":3949,"1|0|001001":3820,"1|0|001000":1612,"1|1|001000":1567,"1|1|110001":20406,"1|1|110000":21855,"1|1|010000":18914,"2|0|011101":1813,"2|1|111111":23,"2|1|111110":81,"2|0|010010":1212,"2|0|011100":1782,"2|0|010011":1246,"1|1|010001":21305,"1|0|101010":30995,"1|0|101011":29329,"1|0|001010":6001,"1|1|001111":17153,"1|0|001011":8354,"1|1|001110":14651,"2|1|101011":1165,"2|1|101010":1255,"1|1|110111":11383,"1|1|110110":12888,"1|1|010010":23085,"1|1|010011":25075,"1|1|011100":41984,"2|0|010001":1161,"2|1|111001":327,"2|1|111000":363,"2|0|010000":1087,"1|1|011101":43833,"1|1|000011":379,"1|1|001100":10248,"1|1|001101":12957,"2|1|101001":1277,"1|1|000010":366,"2|1|101000":1344,"1|1|111110":1938,"1|1|111111":697,"2|1|111010":241,"1|1|011110":45641,"1|1|011111":47254,"2|0|010111":1518,"2|1|001000":491,"2|1|001001":585,"2|1|111011":217,"2|0|010110":1469,"1|0|101111":23084,"1|1|100101":38514,"1|1|100100":40370,"1|0|101110":24590,"1|1|000000":343,"1|1|000001":371,"2|1|101111":900,"2|1|101110":957,"1|1|110010":18904,"1|1|111101":3393,"1|1|110011":17203,"1|1|111100":4721,"1|1|011000":34669,"1|1|011001":36798,"2|1|001010":668,"2|0|010100":1337,"2|1|001011":749,"2|0|010101":1404,"1|0|101001":32278,"1|0|101000":34450,"1|0|000110":439,"2|0|101101":987,"2|0|100011":1616,"2|0|101100":1064,"2|0|100010":1774,"2|1|000001":420,"2|1|000000":409,"1|1|111011":6076,"1|0|000111":446,"1|1|111010":7261,"1|0|011011":39942,"2|1|110100":615,"1|0|011010":37968,"2|1|001100":860,"2|1|110101":580,"2|1|001101":888,"1|1|100001":45472,"1|1|100000":47906,"1|0|000000":388,"2|0|101111":914,"2|0|101110":946,"2|1|000111":448,"2|1|000110":441,"1|1|111000":10150,"1|0|000001":368,"1|1|111001":8974,"1|0|011000":34730,"2|1|001110":966,"2|1|110111":451,"2|1|001111":1034,"2|1|110110":490,"1|0|011001":36564,"1|1|100111":35636,"1|1|100110":37218,"1|0|000011":399,"1|0|001100":10701,"1|0|000010":424,"2|0|101001":1285,"2|0|101000":1374,"1|0|001101":12458,"2|1|110001":805,"2|1|110000":844,"2|1|011001":1619,"2|1|011000":1518,"1|1|010100":26984,"1|1|010101":28998,"1|1|101111":23225,"1|1|101110":24760,"2|0|101010":1190,"1|0|001111":16988,"1|1|001010":6183,"1|0|001110":14933,"1|1|001011":8432,"2|0|101011":1100,"2|1|000011":427,"2|1|000010":394,"1|1|010110":30687,"2|1|111101":136,"2|1|110010":716,"2|1|111100":160,"2|1|110011":676,"2|1|011010":1704,"2|1|011011":1788,"1|1|010111":32957,"1|1|101101":26299,"1|1|100011":42066,"1|1|101100":27934,"1|1|100010":43946,"1|0|110001":19913,"2|0|001011":709,"2|0|001010":678,"1|0|110000":21626,"2|0|111110":83,"2|0|111111":30,"1|1|101010":30708,"2|1|010010":1292,"2|1|011100":1863,"2|1|011101":1823,"1|0|010001":21321,"1|0|010000":18863,"2|1|010011":1281,"1|1|101011":29430,"1|0|111101":3286,"2|0|100101":1500,"2|0|100100":1594,"1|0|110010":18628,"1|0|110011":16988,"1|0|111100":4691,"2|0|110010":723,"2|0|111101":131,"2|0|110011":664,"2|0|111100":163,"2|1|011111":1922,"1|0|010111":33147,"1|0|010110":31027,"2|1|011110":1858,"1|1|101001":32505,"1|1|101000":34069,"1|0|110100":15841,"1|0|110101":14449,"2|0|100111":1438,"2|0|100110":1478,"2|1|000101":503,"2|0|001111":1010,"2|1|000100":415,"2|0|001110":944,"1|0|011110":45788,"2|0|111011":232,"2|0|111010":251,"2|1|010111":1599,"1|0|011111":47118,"2|1|010110":1501,"1|0|110111":11465,"2|0|100001":1749,"2|0|100000":1835,"2|0|001001":629,"2|0|001000":477,"1|0|000101":438,"1|0|000100":450,"1|0|110110":13060,"1|0|010010":23136,"2|0|111000":409,"2|0|111001":317,"1|0|011101":43485,"2|1|010001":1145,"1|0|010011":25028,"1|0|011100":42113,"2|1|010000":1082}}
