{"probability":{"Group 13":"0.07521955851530021","Group 12":"0.024193923703716504","Group 11":"0.25907407784733893","Group 10":"0.0","Group  6":"0.0","Group  5":"0.0","Group  4":"0.0029398754600557147","Group  3":"0.0002581690066400046","Group  2":"0.0","Group  1":"0.0","Group  9":"0.0002762765131273301","Group  8":"0.010078391178933215","Group  7":"0.6279597277748882"},"groups":{"Group 13":["Botan 1.5.6 & 1.11.29 & 2.1.0","Feitian JavaCOS A22 & A40","Gemalto GCX4 72K","HSM SafeNet Luna SA-1700","LibTomCrypt 1.17","Libgcrypt 1.6.0 & 1.6.5 & 1.7.6","Libgcrypt 1.6.0 FIPS & 1.6.5 FIPS","Nettle 3.2 & 3.3","Oberthur Cosmo 64","OpenSSL FIPS 2.0.12 & 2.0.14","PGPSDK 4","WolfSSL 2.0rc1 & 3.9.0 & 3.10.2","cryptlib 3.4.3 & 3.4.3.1"],"Group 12":["Bouncy Castle 1.53 (Java)","Cryptix JCE 20050328","FlexiProvider 1.7p7","HSM Utimaco Security Server Se50","Nettle 2.0","PolarSSL 0.10.0","PuTTY 0.67","SunRsaSign OpenJDK 1.8.0","mbedTLS 1.3.19 & 2.2.1 & 2.4.2"],"Group 11":["Bouncy Castle 1.54 (Java)","Crypto++ 5.6.0 & 5.6.3 & 5.6.5","Libgcrypt 1.7.6 FIPS","Microsoft CryptoAPI & CNG & .NET"],"Group 10":["NXP J2D081 & J2E145G","YubiKey NEO"],"Group  6":["Oberthur Cosmo Dual 72K"],"Group  5":["NXP J2A080 & J2A081 & J3A081 & JCOP 41 V2.2.1"],"Group  4":["Gemalto GXP E64"],"Group  3":["GNU Crypto 2.0.1"],"Group  2":["G&D SmartCafe 4.x & 6.0"],"Group  1":["G&D SmartCafe 3.2"],"Group  9":["Infineon JTOP 80K","YubiKey 4 & 4 Nano"],"Group  8":["PGPSDK 4 FIPS"],"Group  7":["OpenSSL 0.9.7 & 1.0.2g & 1.0.2k & 1.1.0e"]},"frequencies":{"1|1|000110":6661,"2|1|100011":19151,"2|1|101101":11853,"1|1|000111":7415,"2|1|101100":12527,"2|1|100010":19880,"2|0|000000":3036,"2|0|000001":2981,"1|0|111010":17857,"1|0|111011":14715,"1|1|011010":100815,"1|1|011011":104027,"2|0|110100":7229,"2|0|110101":6545,"1|0|100001":112520,"1|0|100000":116295,"2|1|100000":21800,"1|1|000100":5237,"2|1|100001":20937,"2|0|000011":4416,"2|0|001101":12960,"2|0|001100":12010,"2|0|000010":3800,"1|1|000101":5959,"2|1|010101":20034,"2|0|011010":23579,"2|1|010100":19089,"2|0|011011":23742,"1|0|100010":107574,"1|0|101100":68351,"1|0|101101":63784,"1|0|100011":103437,"2|1|100110":16822,"1|1|110101":35533,"2|1|100111":16126,"2|0|000101":5906,"2|0|000100":5297,"1|0|111110":5006,"1|1|110100":38608,"1|0|111111":2205,"1|0|100101":95440,"2|0|110001":9088,"2|0|110000":9692,"1|0|010101":77452,"1|0|010100":73043,"2|0|011001":22975,"2|0|011000":22385,"1|0|100100":99453,"2|1|100100":18273,"2|1|100101":17505,"2|0|000110":6651,"2|0|000111":7292,"1|0|111000":24734,"1|0|111001":21474,"2|0|110111":5132,"2|0|110110":5961,"2|0|011111":22082,"2|0|011110":22729,"1|0|100111":87551,"1|0|100110":92095,"1|1|001001":16177,"1|0|001001":16125,"1|0|001000":10454,"1|1|001000":10629,"1|1|110001":49722,"1|1|110000":53254,"1|1|010000":53156,"2|0|011101":22642,"2|1|111111":849,"2|1|111110":1131,"2|0|010010":17311,"2|0|011100":23122,"2|0|010011":17987,"1|1|010001":57804,"1|0|101010":75719,"1|0|101011":71976,"1|0|001010":21657,"1|1|001111":48048,"1|0|001011":26938,"1|1|001110":43020,"2|1|101011":13374,"2|1|101010":13885,"1|1|110111":28375,"1|1|110110":31715,"1|1|010010":63190,"1|1|010011":67992,"1|1|011100":107263,"2|0|010001":16472,"2|1|111001":3850,"2|1|111000":4600,"2|0|010000":15551,"1|1|011101":110249,"1|1|000011":4562,"1|1|001100":32542,"1|1|001101":37446,"2|1|101001":14350,"1|1|000010":3730,"2|1|101000":15389,"1|1|111110":5141,"1|1|111111":2231,"2|1|111010":3375,"1|1|011110":113800,"1|1|011111":117034,"2|0|010111":21544,"2|1|001000":8026,"2|1|001001":9203,"2|1|111011":2766,"2|0|010110":20764,"1|0|101111":57058,"1|1|100101":95975,"1|1|100100":99465,"1|0|101110":60772,"1|1|000000":3024,"1|1|000001":3030,"2|1|101111":10431,"2|1|101110":11124,"1|1|110010":45903,"1|1|111101":8229,"1|1|110011":42182,"1|1|111100":11356,"1|1|011000":91545,"1|1|011001":96110,"2|1|001010":10213,"2|0|010100":18843,"2|1|001011":11318,"2|0|010101":19893,"1|0|101001":79728,"1|0|101000":83673,"1|0|000110":6468,"2|0|101101":11947,"2|0|100011":19260,"2|0|101100":12613,"2|0|100010":19818,"2|1|000001":2979,"2|1|000000":3127,"1|1|111011":14745,"1|0|000111":7251,"1|1|111010":18174,"1|0|011011":103476,"2|1|110100":7088,"1|0|011010":100335,"2|1|001100":11976,"2|1|110101":6551,"2|1|001101":12811,"1|1|100001":112128,"1|1|100000":116764,"1|0|000000":3068,"2|0|101111":10643,"2|0|101110":11151,"2|1|000111":7318,"2|1|000110":6527,"1|1|111000":25028,"1|0|000001":2975,"1|1|111001":21208,"1|0|011000":92112,"2|1|001110":14044,"2|1|110111":5257,"2|1|001111":14674,"2|1|110110":5866,"1|0|011001":96140,"1|1|100111":87727,"1|1|100110":91220,"1|0|000011":4448,"1|0|001100":32631,"1|0|000010":3784,"2|0|101001":14648,"2|0|101000":15445,"1|0|001101":37306,"2|1|110001":9032,"2|1|110000":9834,"2|1|011001":23289,"2|1|011000":22068,"1|1|010100":73230,"1|1|010101":77871,"1|1|101111":56757,"1|1|101110":60815,"2|0|101010":14033,"1|0|001111":48143,"1|1|001010":21530,"1|0|001110":43146,"1|1|001011":27245,"2|0|101011":13276,"2|1|000011":4440,"2|1|000010":3809,"1|1|010110":82634,"2|1|111101":1597,"2|1|110010":8420,"2|1|111100":2207,"2|1|110011":7850,"2|1|011010":23785,"2|1|011011":23455,"1|1|010111":86798,"1|1|101101":63927,"1|1|100011":103725,"1|1|101100":68263,"1|1|100010":107917,"1|0|110001":49744,"2|0|001011":11187,"2|0|001010":10341,"1|0|110000":53400,"2|0|111110":1034,"2|0|111111":849,"1|1|101010":76044,"2|1|010010":17345,"2|1|011100":22982,"2|1|011101":22609,"1|0|010001":58642,"1|0|010000":53293,"2|1|010011":18043,"1|1|101011":71967,"1|0|111101":8246,"2|0|100101":17380,"2|0|100100":18324,"1|0|110010":45752,"1|0|110011":42249,"1|0|111100":11567,"2|0|110010":8522,"2|0|111101":1605,"2|0|110011":7689,"2|0|111100":2177,"2|1|011111":21956,"1|0|010111":86810,"1|0|010110":82669,"2|1|011110":22004,"1|1|101001":80370,"1|1|101000":83450,"1|0|110100":38722,"1|0|110101":35066,"2|0|100111":15893,"2|0|100110":16742,"2|1|000101":5902,"2|0|001111":14528,"2|1|000100":5159,"2|0|001110":13833,"1|0|011110":113932,"2|0|111011":2787,"2|0|111010":3300,"2|1|010111":21741,"1|0|011111":116994,"2|1|010110":20611,"1|0|110111":28111,"2|0|100001":20902,"2|0|100000":21237,"2|0|001001":9118,"2|0|001000":8052,"1|0|000101":5950,"1|0|000100":5243,"1|0|110110":31744,"1|0|010010":63246,"2|0|111000":4753,"2|0|111001":4076,"1|0|011101":110538,"2|1|010001":16498,"1|0|010011":67761,"1|0|011100":107335,"2|1|010000":15678}}
