{"probability":{"Group 13":"0.037116626410807284","Group 12":"0.3196010229026089","Group 11":"0.04716488162982945","Group 10":"0.0","Group  6":"0.0","Group  5":"0.0004664057755763047","Group  4":"0.012457364192976357","Group  3":"0.0","Group  2":"0.0","Group  1":"0.0","Group  9":"0.0014389775450585898","Group  8":"0.0","Group  7":"0.5817547215431431"},"groups":{"Group 13":["Botan 1.5.6 & 1.11.29 & 2.1.0","Feitian JavaCOS A22 & A40","Gemalto GCX4 72K","HSM SafeNet Luna SA-1700","LibTomCrypt 1.17","Libgcrypt 1.6.0 & 1.6.5 & 1.7.6","Libgcrypt 1.6.0 FIPS & 1.6.5 FIPS","Nettle 3.2 & 3.3","Oberthur Cosmo 64","OpenSSL FIPS 2.0.12 & 2.0.14","PGPSDK 4","WolfSSL 2.0rc1 & 3.9.0 & 3.10.2","cryptlib 3.4.3 & 3.4.3.1"],"Group 12":["Bouncy Castle 1.53 (Java)","Cryptix JCE 20050328","FlexiProvider 1.7p7","HSM Utimaco Security Server Se50","Nettle 2.0","PolarSSL 0.10.0","PuTTY 0.67","SunRsaSign OpenJDK 1.8.0","mbedTLS 1.3.19 & 2.2.1 & 2.4.2"],"Group 11":["Bouncy Castle 1.54 (Java)","Crypto++ 5.6.0 & 5.6.3 & 5.6.5","Libgcrypt 1.7.6 FIPS","Microsoft CryptoAPI & CNG & .NET"],"Group 10":["NXP J2D081 & J2E145G","YubiKey NEO"],"Group  6":["Oberthur Cosmo Dual 72K"],"Group  5":["NXP J2A080 & J2A081 & J3A081 & JCOP 41 V2.2.1"],"Group  4":["Gemalto GXP E64"],"Group  3":["GNU Crypto 2.0.1"],"Group  2":["G&D SmartCafe 4.x & 6.0"],"Group  1":["G&D SmartCafe 3.2"],"Group  9":["Infineon JTOP 80K","YubiKey 4 & 4 Nano"],"Group  8":["PGPSDK 4 FIPS"],"Group  7":["OpenSSL 0.9.7 & 1.0.2g & 1.0.2k & 1.1.0e"]},"frequencies":{"1|1|000110":6726,"2|1|100011":4339,"2|1|101101":2564,"1|1|000111":6434,"2|1|101100":2715,"2|1|100010":4575,"2|0|000000":7241,"2|0|000001":7149,"1|0|111010":4939,"1|0|111011":3992,"1|1|011010":27696,"1|1|011011":28718,"2|0|110100":1491,"2|0|110101":1327,"1|0|100001":30860,"1|0|100000":31801,"2|1|100000":5086,"1|1|000100":6958,"2|1|100001":4887,"2|0|000011":6873,"2|0|001101":6448,"2|0|001100":6547,"2|0|000010":7155,"1|1|000101":6749,"2|1|010101":6034,"2|0|011010":5589,"2|1|010100":6223,"2|0|011011":5560,"1|0|100010":29393,"1|0|101100":18476,"1|0|101101":17429,"1|0|100011":28526,"2|1|100110":3862,"1|1|110101":9599,"2|1|100111":3608,"2|0|000101":6758,"2|0|000100":6656,"1|0|111110":1242,"1|1|110100":10275,"1|0|111111":440,"1|0|100101":26210,"2|0|110001":1892,"2|0|110000":2032,"1|0|010101":22430,"1|0|010100":21321,"2|0|011001":5752,"2|0|011000":5733,"1|0|100100":27442,"2|1|100100":4137,"2|1|100101":4067,"2|0|000110":6643,"2|0|000111":6495,"1|0|111000":6699,"1|0|111001":5915,"2|0|110111":1081,"2|0|110110":1216,"2|0|011111":5398,"2|0|011110":5247,"1|0|100111":23742,"1|0|100110":24641,"1|1|001001":8308,"1|0|001001":8553,"1|0|001000":7084,"1|1|001000":7041,"1|1|110001":13403,"1|1|110000":14538,"1|1|010000":16968,"2|0|011101":5486,"2|1|111111":50,"2|1|111110":180,"2|0|010010":6325,"2|0|011100":5465,"2|0|010011":6258,"1|1|010001":17949,"1|0|101010":20728,"1|0|101011":19465,"1|0|001010":9762,"1|1|001111":15892,"1|0|001011":10944,"1|1|001110":14595,"2|1|101011":2866,"2|1|101010":3162,"1|1|110111":7639,"1|1|110110":8589,"1|1|010010":19320,"1|1|010011":20244,"1|1|011100":29505,"2|0|010001":6347,"2|1|111001":842,"2|1|111000":950,"2|0|010000":6397,"1|1|011101":30488,"1|1|000011":6951,"1|1|001100":12157,"1|1|001101":13371,"2|1|101001":3265,"1|1|000010":7079,"2|1|101000":3341,"1|1|111110":1282,"1|1|111111":410,"2|1|111010":663,"1|1|011110":31257,"1|1|011111":31785,"2|0|010111":5932,"2|1|001000":6471,"2|1|001001":6546,"2|1|111011":595,"2|0|010110":6052,"1|0|101111":15342,"1|1|100101":26294,"1|1|100100":27140,"1|0|101110":16387,"1|1|000000":7375,"1|1|000001":7333,"2|1|101111":2187,"2|1|101110":2441,"1|1|110010":12540,"1|1|111101":2206,"1|1|110011":11363,"1|1|111100":3049,"1|1|011000":25306,"1|1|011001":26497,"2|1|001010":6629,"2|0|010100":6091,"2|1|001011":6496,"2|0|010101":6059,"1|0|101001":21623,"1|0|101000":22816,"1|0|000110":6708,"2|0|101101":2608,"2|0|100011":4421,"2|0|101100":2707,"2|0|100010":4521,"2|1|000001":6994,"2|1|000000":7439,"1|1|111011":3923,"1|0|000111":6539,"1|1|111010":4927,"1|0|011011":28371,"2|1|110100":1504,"1|0|011010":27460,"2|1|001100":6496,"2|1|110101":1295,"2|1|001101":6481,"1|1|100001":30892,"1|1|100000":32202,"1|0|000000":7164,"2|0|101111":2318,"2|0|101110":2381,"2|1|000111":6438,"2|1|000110":6619,"1|1|111000":6599,"1|0|000001":7096,"1|1|111001":5850,"1|0|011000":25515,"2|1|001110":6401,"2|1|110111":1063,"2|1|001111":6343,"2|1|110110":1260,"1|0|011001":26727,"1|1|100111":24042,"1|1|100110":24907,"1|0|000011":6895,"1|0|001100":12316,"1|0|000010":6890,"2|0|101001":3121,"2|0|101000":3475,"1|0|001101":13566,"2|1|110001":1908,"2|1|110000":2068,"2|1|011001":5701,"2|1|011000":5917,"1|1|010100":21410,"1|1|010101":22166,"1|1|101111":15535,"1|1|101110":16269,"2|0|101010":3029,"1|0|001111":15757,"1|1|001010":9735,"1|0|001110":14426,"1|1|001011":11015,"2|0|101011":2902,"2|1|000011":6969,"2|1|000010":7180,"1|1|010110":23736,"2|1|111101":317,"2|1|110010":1803,"2|1|111100":397,"2|1|110011":1610,"2|1|011010":5710,"2|1|011011":5423,"1|1|010111":24501,"1|1|101101":17477,"1|1|100011":28189,"1|1|101100":18539,"1|1|100010":29612,"1|0|110001":13193,"2|0|001011":6476,"2|0|001010":6594,"1|0|110000":14455,"2|0|111110":183,"2|0|111111":61,"1|1|101010":20784,"2|1|010010":6238,"2|1|011100":5323,"2|1|011101":5459,"1|0|010001":17902,"1|0|010000":17045,"2|1|010011":6167,"1|1|101011":19654,"1|0|111101":2222,"2|0|100101":4071,"2|0|100100":4238,"1|0|110010":12412,"1|0|110011":11345,"1|0|111100":3137,"2|0|110010":1820,"2|0|111101":302,"2|0|110011":1631,"2|0|111100":402,"2|1|011111":5158,"1|0|010111":24823,"1|0|010110":23441,"2|1|011110":5358,"1|1|101001":21528,"1|1|101000":22570,"1|0|110100":10457,"1|0|110101":9417,"2|0|100111":3537,"2|0|100110":3805,"2|1|000101":6803,"2|0|001111":6312,"2|1|000100":6973,"2|0|001110":6270,"1|0|011110":31066,"2|0|111011":559,"2|0|111010":687,"2|1|010111":6011,"1|0|011111":32385,"2|1|010110":6165,"1|0|110111":7591,"2|0|100001":4809,"2|0|100000":5089,"2|0|001001":6582,"2|0|001000":6536,"1|0|000101":6744,"1|0|000100":6937,"1|0|110110":8506,"1|0|010010":19375,"2|0|111000":903,"2|0|111001":774,"1|0|011101":30215,"2|1|010001":6197,"1|0|010011":20388,"1|0|011100":29256,"2|1|010000":6310}}
