{"probability":{"Group 13":"0.20565313927814077","Group 12":"0.5489709993026691","Group 11":"0.0841493134280142","Group 10":"0.0","Group  6":"0.0","Group  5":"0.0","Group  4":"0.02048034417870032","Group  3":"0.0","Group  2":"0.0","Group  1":"0.0","Group  9":"0.002188796630791499","Group  8":"0.0","Group  7":"0.1385574071816841"},"groups":{"Group 13":["Botan 1.5.6 & 1.11.29 & 2.1.0","Feitian JavaCOS A22 & A40","Gemalto GCX4 72K","HSM SafeNet Luna SA-1700","LibTomCrypt 1.17","Libgcrypt 1.6.0 & 1.6.5 & 1.7.6","Libgcrypt 1.6.0 FIPS & 1.6.5 FIPS","Nettle 3.2 & 3.3","Oberthur Cosmo 64","OpenSSL FIPS 2.0.12 & 2.0.14","PGPSDK 4","WolfSSL 2.0rc1 & 3.9.0 & 3.10.2","cryptlib 3.4.3 & 3.4.3.1"],"Group 12":["Bouncy Castle 1.53 (Java)","Cryptix JCE 20050328","FlexiProvider 1.7p7","HSM Utimaco Security Server Se50","Nettle 2.0","PolarSSL 0.10.0","PuTTY 0.67","SunRsaSign OpenJDK 1.8.0","mbedTLS 1.3.19 & 2.2.1 & 2.4.2"],"Group 11":["Bouncy Castle 1.54 (Java)","Crypto++ 5.6.0 & 5.6.3 & 5.6.5","Libgcrypt 1.7.6 FIPS","Microsoft CryptoAPI & CNG & .NET"],"Group 10":["NXP J2D081 & J2E145G","YubiKey NEO"],"Group  6":["Oberthur Cosmo Dual 72K"],"Group  5":["NXP J2A080 & J2A081 & J3A081 & JCOP 41 V2.2.1"],"Group  4":["Gemalto GXP E64"],"Group  3":["GNU Crypto 2.0.1"],"Group  2":["G&D SmartCafe 4.x & 6.0"],"Group  1":["G&D SmartCafe 3.2"],"Group  9":["Infineon JTOP 80K","YubiKey 4 & 4 Nano"],"Group  8":["PGPSDK 4 FIPS"],"Group  7":["OpenSSL 0.9.7 & 1.0.2g & 1.0.2k & 1.1.0e"]},"frequencies":{"1|1|000110":11634,"2|1|100011":10572,"2|1|101101":6346,"1|1|000111":11258,"2|1|101100":6607,"2|1|100010":11190,"2|0|000000":12582,"2|0|000001":12297,"1|0|111010":2656,"1|0|111011":2207,"1|1|011010":17751,"1|1|011011":18060,"2|0|110100":3775,"2|0|110101":3352,"1|0|100001":17869,"1|0|100000":18441,"2|1|100000":12203,"1|1|000100":11853,"2|1|100001":11562,"2|0|000011":11929,"2|0|001101":11931,"2|0|001100":11995,"2|0|000010":12248,"1|1|000101":11728,"2|1|010101":12514,"2|0|011010":12552,"2|1|010100":12545,"2|0|011011":12576,"1|0|100010":17232,"1|0|101100":10507,"1|0|101101":9791,"1|0|100011":16268,"2|1|100110":9227,"1|1|110101":5324,"2|1|100111":8838,"2|0|000101":11675,"2|0|000100":11618,"1|0|111110":719,"1|1|110100":5881,"1|0|111111":233,"1|0|100101":14826,"2|0|110001":4800,"2|0|110000":5247,"1|0|010101":16510,"1|0|010100":16261,"2|0|011001":12740,"2|0|011000":12508,"1|0|100100":15819,"2|1|100100":10053,"2|1|100101":9645,"2|0|000110":11605,"2|0|000111":11468,"1|0|111000":3792,"1|0|111001":3301,"2|0|110111":2673,"2|0|110110":2956,"2|0|011111":12413,"2|0|011110":12308,"1|0|100111":13526,"1|0|100110":14284,"1|1|001001":11849,"1|0|001001":12107,"1|0|001000":11427,"1|1|001000":11418,"1|1|110001":7465,"1|1|110000":8024,"1|1|010000":14985,"2|0|011101":12592,"2|1|111111":147,"2|1|111110":490,"2|0|010010":12466,"2|0|011100":12379,"2|0|010011":12629,"1|1|010001":15107,"1|0|101010":11658,"1|0|101011":11042,"1|0|001010":12422,"1|1|001111":14590,"1|0|001011":12717,"1|1|001110":14340,"2|1|101011":7052,"2|1|101010":7471,"1|1|110111":4243,"1|1|110110":4749,"1|1|010010":15505,"1|1|010011":16003,"1|1|011100":18090,"2|0|010001":12389,"2|1|111001":1970,"2|1|111000":2349,"2|0|010000":12334,"1|1|011101":18490,"1|1|000011":12034,"1|1|001100":13214,"1|1|001101":13751,"2|1|101001":7897,"1|1|000010":12247,"2|1|101000":8214,"1|1|111110":737,"1|1|111111":234,"2|1|111010":1729,"1|1|011110":18710,"1|1|011111":19041,"2|0|010111":12453,"2|1|001000":11319,"2|1|001001":11520,"2|1|111011":1417,"2|0|010110":12501,"1|0|101111":8607,"1|1|100101":15265,"1|1|100100":15590,"1|0|101110":9428,"1|1|000000":12671,"1|1|000001":12504,"2|1|101111":5517,"2|1|101110":5887,"1|1|110010":6880,"1|1|111101":1195,"1|1|110011":6487,"1|1|111100":1700,"1|1|011000":17210,"1|1|011001":17611,"2|1|001010":11845,"2|0|010100":12678,"2|1|001011":11707,"2|0|010101":12575,"1|0|101001":12354,"1|0|101000":12816,"1|0|000110":11536,"2|0|101101":6273,"2|0|100011":10639,"2|0|101100":6679,"2|0|100010":11149,"2|1|000001":12275,"2|1|000000":12762,"1|1|111011":2200,"1|0|000111":11394,"1|1|111010":2704,"1|0|011011":18181,"2|1|110100":3707,"1|0|011010":17717,"2|1|001100":11813,"2|1|110101":3301,"2|1|001101":12063,"1|1|100001":18123,"1|1|100000":18902,"1|0|000000":12676,"2|0|101111":5514,"2|0|101110":5782,"2|1|000111":11142,"2|1|000110":11529,"1|1|111000":3730,"1|0|000001":12415,"1|1|111001":3201,"1|0|011000":17062,"2|1|001110":12067,"2|1|110111":2757,"2|1|001111":12455,"2|1|110110":3033,"1|0|011001":17496,"1|1|100111":13646,"1|1|100110":14247,"1|0|000011":12170,"1|0|001100":13330,"1|0|000010":11996,"2|0|101001":7990,"2|0|101000":8273,"1|0|001101":13751,"2|1|110001":4657,"2|1|110000":5260,"2|1|011001":12545,"2|1|011000":12758,"1|1|010100":16267,"1|1|010101":16490,"1|1|101111":8678,"1|1|101110":9332,"2|0|101010":7355,"1|0|001111":14387,"1|1|001010":12440,"1|0|001110":13969,"1|1|001011":12710,"2|0|101011":6995,"2|1|000011":12138,"2|1|000010":12260,"1|1|010110":16892,"2|1|111101":774,"2|1|110010":4417,"2|1|111100":1048,"2|1|110011":4041,"2|1|011010":12487,"2|1|011011":12562,"1|1|010111":17273,"1|1|101101":9951,"1|1|100011":16205,"1|1|101100":10459,"1|1|100010":17292,"1|0|110001":7468,"2|0|001011":11715,"2|0|001010":11709,"1|0|110000":8078,"2|0|111110":435,"2|0|111111":130,"1|1|101010":11737,"2|1|010010":12555,"2|1|011100":12412,"2|1|011101":12461,"1|0|010001":14975,"1|0|010000":14664,"2|1|010011":12626,"1|1|101011":11018,"1|0|111101":1183,"2|0|100101":9630,"2|0|100100":10191,"1|0|110010":6972,"1|0|110011":6412,"1|0|111100":1740,"2|0|110010":4393,"2|0|111101":745,"2|0|110011":4071,"2|0|111100":1070,"2|1|011111":12388,"1|0|010111":17081,"1|0|010110":16791,"2|1|011110":12475,"1|1|101001":12336,"1|1|101000":12899,"1|0|110100":5848,"1|0|110101":5304,"2|0|100111":8622,"2|0|100110":9183,"2|1|000101":11816,"2|0|001111":12158,"2|1|000100":11893,"2|0|001110":12150,"1|0|011110":18671,"2|0|111011":1421,"2|0|111010":1661,"2|1|010111":12646,"1|0|011111":18937,"2|1|010110":12555,"1|0|110111":4231,"2|0|100001":11616,"2|0|100000":12132,"2|0|001001":11505,"2|0|001000":11398,"1|0|000101":11631,"1|0|000100":11932,"1|0|110110":4703,"1|0|010010":15639,"2|0|111000":2326,"2|0|111001":2058,"1|0|011101":18184,"2|1|010001":12444,"1|0|010011":15983,"1|0|011100":18133,"2|1|010000":12140}}
