{"probability":{"Group 13":"0.07727466721974188","Group 12":"0.021512712576973438","Group 11":"0.2794534088950642","Group 10":"0.0","Group  6":"0.0","Group  5":"0.0","Group  4":"0.002401863227890805","Group  3":"0.00025514813915411793","Group  2":"0.0","Group  1":"0.0","Group  9":"0.0001256294357475332","Group  8":"0.012303275224284758","Group  7":"0.6066732952811433"},"groups":{"Group 13":["Botan 1.5.6 & 1.11.29 & 2.1.0","Feitian JavaCOS A22 & A40","Gemalto GCX4 72K","HSM SafeNet Luna SA-1700","LibTomCrypt 1.17","Libgcrypt 1.6.0 & 1.6.5 & 1.7.6","Libgcrypt 1.6.0 FIPS & 1.6.5 FIPS","Nettle 3.2 & 3.3","Oberthur Cosmo 64","OpenSSL FIPS 2.0.12 & 2.0.14","PGPSDK 4","WolfSSL 2.0rc1 & 3.9.0 & 3.10.2","cryptlib 3.4.3 & 3.4.3.1"],"Group 12":["Bouncy Castle 1.53 (Java)","Cryptix JCE 20050328","FlexiProvider 1.7p7","HSM Utimaco Security Server Se50","Nettle 2.0","PolarSSL 0.10.0","PuTTY 0.67","SunRsaSign OpenJDK 1.8.0","mbedTLS 1.3.19 & 2.2.1 & 2.4.2"],"Group 11":["Bouncy Castle 1.54 (Java)","Crypto++ 5.6.0 & 5.6.3 & 5.6.5","Libgcrypt 1.7.6 FIPS","Microsoft CryptoAPI & CNG & .NET"],"Group 10":["NXP J2D081 & J2E145G","YubiKey NEO"],"Group  6":["Oberthur Cosmo Dual 72K"],"Group  5":["NXP J2A080 & J2A081 & J3A081 & JCOP 41 V2.2.1"],"Group  4":["Gemalto GXP E64"],"Group  3":["GNU Crypto 2.0.1"],"Group  2":["G&D SmartCafe 4.x & 6.0"],"Group  1":["G&D SmartCafe 3.2"],"Group  9":["Infineon JTOP 80K","YubiKey 4 & 4 Nano"],"Group  8":["PGPSDK 4 FIPS"],"Group  7":["OpenSSL 0.9.7 & 1.0.2g & 1.0.2k & 1.1.0e"]},"frequencies":{"1|1|000110":5851,"2|1|100011":17269,"2|1|101101":10613,"1|1|000111":6582,"2|1|101100":11341,"2|1|100010":18013,"2|0|000000":2652,"2|0|000001":2473,"1|0|111010":15114,"1|0|111011":12218,"1|1|011010":85092,"1|1|011011":87764,"2|0|110100":6531,"2|0|110101":5875,"1|0|100001":94198,"1|0|100000":97183,"2|1|100000":19516,"1|1|000100":4567,"2|1|100001":18844,"2|0|000011":3814,"2|0|001101":11769,"2|0|001100":10820,"2|0|000010":3245,"1|1|000101":5287,"2|1|010101":17965,"2|0|011010":21333,"2|1|010100":17164,"2|0|011011":21379,"1|0|100010":90737,"1|0|101100":57162,"1|0|101101":53698,"1|0|100011":86953,"2|1|100110":15286,"1|1|110101":29967,"2|1|100111":14683,"2|0|000101":5263,"2|0|000100":4652,"1|0|111110":4209,"1|1|110100":32314,"1|0|111111":1914,"1|0|100101":80183,"2|0|110001":8200,"2|0|110000":8904,"1|0|010101":65680,"1|0|010100":61821,"2|0|011001":20696,"2|0|011000":20137,"1|0|100100":83848,"2|1|100100":16692,"2|1|100101":16015,"2|0|000110":5907,"2|0|000111":6424,"1|0|111000":20863,"1|0|111001":18041,"2|0|110111":4577,"2|0|110110":5402,"2|0|011111":19980,"2|0|011110":20463,"1|0|100111":73666,"1|0|100110":77075,"1|1|001001":13755,"1|0|001001":13787,"1|0|001000":9137,"1|1|001000":9306,"1|1|110001":41799,"1|1|110000":44813,"1|1|010000":45078,"2|0|011101":20621,"2|1|111111":825,"2|1|111110":1017,"2|0|010010":15686,"2|0|011100":20943,"2|0|010011":16324,"1|1|010001":49242,"1|0|101010":63743,"1|0|101011":60423,"1|0|001010":18407,"1|1|001111":40787,"1|0|001011":23284,"1|1|001110":36112,"2|1|101011":11919,"2|1|101010":12480,"1|1|110111":23726,"1|1|110110":26900,"1|1|010010":53742,"1|1|010011":57712,"1|1|011100":90021,"2|0|010001":14880,"2|1|111001":3590,"2|1|111000":4178,"2|0|010000":13885,"1|1|011101":92455,"1|1|000011":3980,"1|1|001100":27717,"1|1|001101":31826,"2|1|101001":13193,"1|1|000010":3192,"2|1|101000":13740,"1|1|111110":4310,"1|1|111111":1942,"2|1|111010":3022,"1|1|011110":95849,"1|1|011111":98405,"2|0|010111":19595,"2|1|001000":7236,"2|1|001001":8180,"2|1|111011":2493,"2|0|010110":18591,"1|0|101111":48022,"1|1|100101":80619,"1|1|100100":83892,"1|0|101110":51001,"1|1|000000":2664,"1|1|000001":2612,"2|1|101111":9565,"2|1|101110":9923,"1|1|110010":38557,"1|1|111101":6835,"1|1|110011":35420,"1|1|111100":9535,"1|1|011000":77418,"1|1|011001":81206,"2|1|001010":9095,"2|0|010100":17244,"2|1|001011":10105,"2|0|010101":17849,"1|0|101001":66998,"1|0|101000":70312,"1|0|000110":5772,"2|0|101101":10820,"2|0|100011":17344,"2|0|101100":11351,"2|0|100010":17993,"2|1|000001":2568,"2|1|000000":2659,"1|1|111011":12317,"1|0|000111":6439,"1|1|111010":15430,"1|0|011011":87225,"2|1|110100":6514,"1|0|011010":85064,"2|1|001100":10912,"2|1|110101":5994,"2|1|001101":11618,"1|1|100001":94243,"1|1|100000":97833,"1|0|000000":2615,"2|0|101111":9706,"2|0|101110":10058,"2|1|000111":6481,"2|1|000110":5775,"1|1|111000":20888,"1|0|000001":2467,"1|1|111001":17801,"1|0|011000":77374,"2|1|001110":12635,"2|1|110111":4695,"2|1|001111":13351,"2|1|110110":5365,"1|0|011001":80903,"1|1|100111":73376,"1|1|100110":76646,"1|0|000011":3877,"1|0|001100":27728,"1|0|000010":3167,"2|0|101001":13291,"2|0|101000":13994,"1|0|001101":31698,"2|1|110001":8126,"2|1|110000":8853,"2|1|011001":21141,"2|1|011000":20000,"1|1|010100":61658,"1|1|010101":66097,"1|1|101111":47393,"1|1|101110":51175,"2|0|101010":12670,"1|0|001111":40679,"1|1|001010":18367,"1|0|001110":36756,"1|1|001011":23286,"2|0|101011":11858,"2|1|000011":3869,"2|1|000010":3287,"1|1|010110":69873,"2|1|111101":1527,"2|1|110010":7608,"2|1|111100":1977,"2|1|110011":7131,"2|1|011010":21601,"2|1|011011":21124,"1|1|010111":73389,"1|1|101101":53885,"1|1|100011":87194,"1|1|101100":57430,"1|1|100010":90768,"1|0|110001":41767,"2|0|001011":10037,"2|0|001010":9116,"1|0|110000":45143,"2|0|111110":1012,"2|0|111111":803,"1|1|101010":63489,"2|1|010010":15859,"2|1|011100":20928,"2|1|011101":20437,"1|0|010001":49640,"1|0|010000":45241,"2|1|010011":16485,"1|1|101011":60379,"1|0|111101":6889,"2|0|100101":15858,"2|0|100100":16684,"1|0|110010":38890,"1|0|110011":35565,"1|0|111100":9620,"2|0|110010":7702,"2|0|111101":1436,"2|0|110011":7063,"2|0|111100":1985,"2|1|011111":19977,"1|0|010111":73510,"1|0|010110":69787,"2|1|011110":19887,"1|1|101001":67076,"1|1|101000":70104,"1|0|110100":32489,"1|0|110101":29632,"2|0|100111":14267,"2|0|100110":15141,"2|1|000101":5200,"2|0|001111":13376,"2|1|000100":4510,"2|0|001110":12559,"1|0|011110":95907,"2|0|111011":2626,"2|0|111010":2989,"2|1|010111":19460,"1|0|011111":97932,"2|1|010110":18574,"1|0|110111":23830,"2|0|100001":18715,"2|0|100000":19280,"2|0|001001":8302,"2|0|001000":7349,"1|0|000101":5210,"1|0|000100":4578,"1|0|110110":26764,"1|0|010010":53664,"2|0|111000":4300,"2|0|111001":3667,"1|0|011101":92514,"2|1|010001":15017,"1|0|010011":57489,"1|0|011100":90431,"2|1|010000":14183}}
