{"probability":{"Group 13":"0.06407242509745673","Group 12":"0.01789310832549234","Group 11":"0.06535899511152847","Group 10":"0.00024812036764328214","Group  6":"0.0003198482394653207","Group  5":"0.00033749706829112164","Group  4":"0.0038052702764529178","Group  3":"0.0","Group  2":"0.0","Group  1":"0.0","Group  9":"0.0004044487442946842","Group  8":"0.008333226783495701","Group  7":"0.8392270599858794"},"groups":{"Group 13":["Botan 1.5.6 & 1.11.29 & 2.1.0","Feitian JavaCOS A22 & A40","Gemalto GCX4 72K","HSM SafeNet Luna SA-1700","LibTomCrypt 1.17","Libgcrypt 1.6.0 & 1.6.5 & 1.7.6","Libgcrypt 1.6.0 FIPS & 1.6.5 FIPS","Nettle 3.2 & 3.3","Oberthur Cosmo 64","OpenSSL FIPS 2.0.12 & 2.0.14","PGPSDK 4","WolfSSL 2.0rc1 & 3.9.0 & 3.10.2","cryptlib 3.4.3 & 3.4.3.1"],"Group 12":["Bouncy Castle 1.53 (Java)","Cryptix JCE 20050328","FlexiProvider 1.7p7","HSM Utimaco Security Server Se50","Nettle 2.0","PolarSSL 0.10.0","PuTTY 0.67","SunRsaSign OpenJDK 1.8.0","mbedTLS 1.3.19 & 2.2.1 & 2.4.2"],"Group 11":["Bouncy Castle 1.54 (Java)","Crypto++ 5.6.0 & 5.6.3 & 5.6.5","Libgcrypt 1.7.6 FIPS","Microsoft CryptoAPI & CNG & .NET"],"Group 10":["NXP J2D081 & J2E145G","YubiKey NEO"],"Group  6":["Oberthur Cosmo Dual 72K"],"Group  5":["NXP J2A080 & J2A081 & J3A081 & JCOP 41 V2.2.1"],"Group  4":["Gemalto GXP E64"],"Group  3":["GNU Crypto 2.0.1"],"Group  2":["G&D SmartCafe 4.x & 6.0"],"Group  1":["G&D SmartCafe 3.2"],"Group  9":["Infineon JTOP 80K","YubiKey 4 & 4 Nano"],"Group  8":["PGPSDK 4 FIPS"],"Group  7":["OpenSSL 0.9.7 & 1.0.2g & 1.0.2k & 1.1.0e"]},"frequencies":{"1|1|000110":2130,"2|1|100011":7128,"2|1|101101":4379,"1|1|000111":2407,"2|1|101100":4635,"2|1|100010":7209,"2|0|000000":1781,"2|0|000001":1429,"1|0|111010":17295,"1|0|111011":14393,"1|1|011010":93133,"1|1|011011":97217,"2|0|110100":2607,"2|0|110101":2431,"1|0|100001":109070,"1|0|100000":113547,"2|1|100000":8054,"1|1|000100":1893,"2|1|100001":7571,"2|0|000011":1726,"2|0|001101":4316,"2|0|001100":4069,"2|0|000010":1643,"1|1|000101":2073,"2|1|010101":6714,"2|0|011010":7917,"2|1|010100":6385,"2|0|011011":8388,"1|0|100010":104588,"1|0|101100":66206,"1|0|101101":62180,"1|0|100011":101034,"2|1|100110":6193,"1|1|110101":34233,"2|1|100111":5832,"2|0|000101":2029,"2|0|000100":1922,"1|0|111110":4751,"1|1|110100":37712,"1|0|111111":2008,"1|0|100101":92811,"2|0|110001":3372,"2|0|110000":3642,"1|0|010101":71132,"1|0|010100":66310,"2|0|011001":7678,"2|0|011000":7604,"1|0|100100":96730,"2|1|100100":6742,"2|1|100101":6681,"2|0|000110":2233,"2|0|000111":2343,"1|0|111000":23920,"1|0|111001":20901,"2|0|110111":1900,"2|0|110110":2115,"2|0|011111":8226,"2|0|011110":8079,"1|0|100111":84938,"1|0|100110":89404,"1|1|001001":10754,"1|0|001001":10652,"1|0|001000":5152,"1|1|001000":5212,"1|1|110001":47790,"1|1|110000":51734,"1|1|010000":46818,"2|0|011101":8141,"2|1|111111":605,"2|1|111110":438,"2|0|010010":5857,"2|0|011100":8215,"2|0|010011":6103,"1|1|010001":51803,"1|0|101010":73237,"1|0|101011":69845,"1|0|001010":16113,"1|1|001111":41667,"1|0|001011":21465,"1|1|001110":36999,"2|1|101011":4991,"2|1|101010":5092,"1|1|110111":27875,"1|1|110110":30743,"1|1|010010":56422,"1|1|010011":61291,"1|1|011100":101447,"2|0|010001":5687,"2|1|111001":1395,"2|1|111000":1697,"2|0|010000":5285,"1|1|011101":105551,"1|1|000011":1848,"1|1|001100":26648,"1|1|001101":31641,"2|1|101001":5431,"1|1|000010":1627,"2|1|101000":5696,"1|1|111110":4884,"1|1|111111":2054,"2|1|111010":1216,"1|1|011110":108948,"1|1|011111":113311,"2|0|010111":7264,"2|1|001000":2624,"2|1|001001":3010,"2|1|111011":1044,"2|0|010110":6942,"1|0|101111":55526,"1|1|100101":93101,"1|1|100100":96568,"1|0|101110":59039,"1|1|000000":1788,"1|1|000001":1538,"2|1|101111":3791,"2|1|101110":4119,"1|1|110010":44951,"1|1|111101":8048,"1|1|110011":40979,"1|1|111100":11090,"1|1|011000":84304,"1|1|011001":88977,"2|1|001010":3367,"2|0|010100":6599,"2|1|001011":3753,"2|0|010101":6735,"1|0|101001":77091,"1|0|101000":81341,"1|0|000110":2146,"2|0|101101":4392,"2|0|100011":6994,"2|0|101100":4572,"2|0|100010":7419,"2|1|000001":1501,"2|1|000000":1810,"1|1|111011":14230,"1|0|000111":2352,"1|1|111010":17496,"1|0|011011":96744,"2|1|110100":2623,"1|0|011010":92779,"2|1|001100":4075,"2|1|110101":2432,"2|1|001101":4319,"1|1|100001":108809,"1|1|100000":112924,"1|0|000000":1801,"2|0|101111":3900,"2|0|101110":4103,"2|1|000111":2297,"2|1|000110":2194,"1|1|111000":24225,"1|0|000001":1383,"1|1|111001":20704,"1|0|011000":84772,"2|1|001110":4643,"2|1|110111":1928,"2|1|001111":5043,"2|1|110110":2202,"1|0|011001":88739,"1|1|100111":85104,"1|1|100110":88343,"1|0|000011":1814,"1|0|001100":26925,"1|0|000010":1665,"2|0|101001":5355,"2|0|101000":5786,"1|0|001101":31352,"2|1|110001":3322,"2|1|110000":3645,"0|0|101101":1,"2|1|011001":7950,"0|1|000000":2,"2|1|011000":7440,"1|1|010100":66375,"1|1|010101":70911,"1|1|101111":54990,"1|1|101110":59024,"2|0|101010":5339,"1|0|001111":42049,"1|1|001010":15885,"1|0|001110":36882,"1|1|001011":21318,"2|0|101011":4936,"2|1|000011":1745,"2|1|000010":1628,"1|1|010110":74987,"2|1|111101":577,"2|1|110010":3027,"2|1|111100":778,"2|1|110011":2894,"2|1|011010":8197,"2|1|011011":8209,"1|1|010111":79867,"1|1|101101":62270,"1|1|100011":100787,"1|1|101100":66666,"1|1|100010":105136,"1|0|110001":48252,"2|0|001011":3679,"2|0|001010":3394,"1|0|110000":51967,"2|0|111110":414,"2|0|111111":577,"1|1|101010":73613,"2|1|010010":6005,"2|1|011100":8357,"2|1|011101":8143,"1|0|010001":52159,"1|0|010000":46574,"2|1|010011":6084,"1|1|101011":69602,"1|0|111101":7989,"2|0|100101":6454,"2|0|100100":6834,"1|0|110010":44672,"1|0|110011":41126,"1|0|111100":11115,"2|0|110010":3145,"2|0|111101":623,"2|0|110011":2930,"2|0|111100":787,"2|1|011111":8250,"1|0|010111":79898,"1|0|010110":75204,"2|1|011110":8118,"1|1|101001":77325,"1|1|101000":80609,"1|0|110100":37663,"1|0|110101":33978,"2|0|100111":5983,"2|0|100110":6307,"2|1|000101":2059,"2|0|001111":4793,"2|1|000100":1938,"2|0|001110":4635,"1|0|011110":109235,"2|0|111011":999,"2|0|111010":1197,"2|1|010111":7412,"1|0|011111":113867,"2|1|010110":6953,"1|0|110111":27236,"2|0|100001":7854,"2|0|100000":8144,"2|0|001001":3005,"2|0|001000":2591,"1|0|000101":2115,"1|0|000100":1904,"1|0|110110":30812,"1|0|010010":56610,"2|0|111000":1708,"2|0|111001":1459,"1|0|011101":105150,"2|1|010001":5670,"1|0|010011":61395,"1|0|011100":101279,"2|1|010000":5166}}
