{"probability":{"Group 13":"0.1449738197800608","Group 12":"0.0671347884444353","Group 11":"0.01870889658389138","Group 10":"0.00010679375998146854","Group  6":"0.0","Group  5":"0.0","Group  4":"0.0027484208122905414","Group  3":"0.00007952323274593814","Group  2":"0.0","Group  1":"0.0","Group  9":"0.000117511576902457","Group  8":"0.0","Group  7":"0.7661302458096921"},"groups":{"Group 13":["Botan 1.5.6 & 1.11.29 & 2.1.0","Feitian JavaCOS A22 & A40","Gemalto GCX4 72K","HSM SafeNet Luna SA-1700","LibTomCrypt 1.17","Libgcrypt 1.6.0 & 1.6.5 & 1.7.6","Libgcrypt 1.6.0 FIPS & 1.6.5 FIPS","Nettle 3.2 & 3.3","Oberthur Cosmo 64","OpenSSL FIPS 2.0.12 & 2.0.14","PGPSDK 4","WolfSSL 2.0rc1 & 3.9.0 & 3.10.2","cryptlib 3.4.3 & 3.4.3.1"],"Group 12":["Bouncy Castle 1.53 (Java)","Cryptix JCE 20050328","FlexiProvider 1.7p7","HSM Utimaco Security Server Se50","Nettle 2.0","PolarSSL 0.10.0","PuTTY 0.67","SunRsaSign OpenJDK 1.8.0","mbedTLS 1.3.19 & 2.2.1 & 2.4.2"],"Group 11":["Bouncy Castle 1.54 (Java)","Crypto++ 5.6.0 & 5.6.3 & 5.6.5","Libgcrypt 1.7.6 FIPS","Microsoft CryptoAPI & CNG & .NET"],"Group 10":["NXP J2D081 & J2E145G","YubiKey NEO"],"Group  6":["Oberthur Cosmo Dual 72K"],"Group  5":["NXP J2A080 & J2A081 & J3A081 & JCOP 41 V2.2.1"],"Group  4":["Gemalto GXP E64"],"Group  3":["GNU Crypto 2.0.1"],"Group  2":["G&D SmartCafe 4.x & 6.0"],"Group  1":["G&D SmartCafe 3.2"],"Group  9":["Infineon JTOP 80K","YubiKey 4 & 4 Nano"],"Group  8":["PGPSDK 4 FIPS"],"Group  7":["OpenSSL 0.9.7 & 1.0.2g & 1.0.2k & 1.1.0e"]},"frequencies":{"1|1|000110":346,"2|1|100011":882,"2|1|101101":520,"1|1|000111":314,"2|1|101100":575,"2|1|100010":944,"2|0|000000":359,"2|0|000001":382,"1|0|111010":1347,"1|0|111011":1178,"1|1|011010":7424,"1|1|011011":7897,"2|0|110100":336,"2|0|110101":305,"1|0|100001":8820,"1|0|100000":9142,"2|1|100000":1023,"1|1|000100":351,"2|1|100001":929,"2|0|000011":323,"2|0|001101":544,"2|0|001100":520,"2|0|000010":343,"1|1|000101":325,"2|1|010101":797,"2|0|011010":849,"2|1|010100":759,"2|0|011011":926,"1|0|100010":8410,"1|0|101100":5372,"1|0|101101":5054,"1|0|100011":8036,"2|1|100110":820,"1|1|110101":2798,"2|1|100111":800,"2|0|000101":321,"2|0|000100":347,"1|0|111110":409,"1|1|110100":3028,"1|0|111111":112,"1|0|100101":7465,"2|0|110001":422,"2|0|110000":416,"1|0|010101":5829,"1|0|010100":5403,"2|0|011001":880,"2|0|011000":833,"1|0|100100":7935,"2|1|100100":860,"2|1|100101":821,"2|0|000110":331,"2|0|000111":343,"1|0|111000":1886,"1|0|111001":1658,"2|0|110111":255,"2|0|110110":254,"2|0|011111":976,"2|0|011110":968,"1|0|100111":6911,"1|0|100110":7448,"1|1|001001":1013,"1|0|001001":912,"1|0|001000":507,"1|1|001000":540,"1|1|110001":3927,"1|1|110000":4106,"1|1|010000":3882,"2|0|011101":1024,"2|1|111111":14,"2|1|111110":42,"2|0|010010":685,"2|0|011100":942,"2|0|010011":743,"1|1|010001":4203,"1|0|101010":5968,"1|0|101011":5530,"1|0|001010":1334,"1|1|001111":3372,"1|0|001011":1831,"1|1|001110":3066,"2|1|101011":674,"2|1|101010":646,"1|1|110111":2222,"1|1|110110":2435,"1|1|010010":4594,"1|1|010011":5102,"1|1|011100":8201,"2|0|010001":642,"2|1|111001":206,"2|1|111000":194,"2|0|010000":642,"1|1|011101":8509,"1|1|000011":335,"1|1|001100":2223,"1|1|001101":2548,"2|1|101001":677,"1|1|000010":345,"2|1|101000":706,"1|1|111110":361,"1|1|111111":137,"2|1|111010":149,"1|1|011110":8870,"1|1|011111":9139,"2|0|010111":803,"2|1|001000":340,"2|1|001001":395,"2|1|111011":125,"2|0|010110":805,"1|0|101111":4450,"1|1|100101":7551,"1|1|100100":7932,"1|0|101110":4767,"1|1|000000":364,"1|1|000001":363,"2|1|101111":465,"2|1|101110":512,"1|1|110010":3593,"1|1|111101":673,"1|1|110011":3281,"1|1|111100":867,"1|1|011000":6829,"1|1|011001":7344,"2|1|001010":415,"2|0|010100":764,"2|1|001011":479,"2|0|010101":797,"1|0|101001":6226,"1|0|101000":6535,"1|0|000110":345,"2|0|101101":578,"2|0|100011":944,"2|0|101100":615,"2|0|100010":926,"2|1|000001":342,"2|1|000000":370,"1|1|111011":1205,"1|0|000111":311,"1|1|111010":1449,"1|0|011011":8106,"2|1|110100":358,"1|0|011010":7350,"2|1|001100":499,"2|1|110101":319,"2|1|001101":541,"1|1|100001":8943,"1|1|100000":9176,"1|0|000000":344,"2|0|101111":492,"2|0|101110":505,"2|1|000111":328,"2|1|000110":332,"1|1|111000":1967,"1|0|000001":368,"1|1|111001":1667,"1|0|011000":6872,"2|1|001110":588,"2|1|110111":244,"2|1|001111":555,"2|1|110110":265,"1|0|011001":7236,"1|1|100111":6958,"1|1|100110":7254,"1|0|000011":342,"1|0|001100":2185,"1|0|000010":336,"2|0|101001":703,"2|0|101000":726,"1|0|001101":2714,"2|1|110001":464,"2|1|110000":475,"2|1|011001":871,"2|1|011000":857,"1|1|010100":5412,"1|1|010101":5667,"1|1|101111":4529,"1|1|101110":4664,"2|0|101010":607,"1|0|001111":3411,"1|1|001010":1397,"1|0|001110":3125,"1|1|001011":1851,"2|0|101011":616,"2|1|000011":359,"2|1|000010":350,"1|1|010110":6125,"2|1|111101":69,"2|1|110010":395,"2|1|111100":99,"2|1|110011":346,"2|1|011010":886,"2|1|011011":912,"1|1|010111":6401,"1|1|101101":5104,"1|1|100011":8139,"1|1|101100":5438,"1|1|100010":8486,"1|0|110001":3866,"2|0|001011":441,"2|0|001010":441,"1|0|110000":4198,"2|0|111110":42,"2|0|111111":17,"1|1|101010":5973,"2|1|010010":688,"2|1|011100":989,"2|1|011101":976,"1|0|010001":4176,"1|0|010000":3854,"2|1|010011":751,"1|1|101011":5662,"1|0|111101":590,"2|0|100101":854,"2|0|100100":878,"1|0|110010":3744,"1|0|110011":3291,"1|0|111100":859,"2|0|110010":438,"2|0|111101":65,"2|0|110011":354,"2|0|111100":100,"2|1|011111":1023,"1|0|010111":6465,"1|0|010110":6147,"2|1|011110":1000,"1|1|101001":6295,"1|1|101000":6598,"1|0|110100":3104,"1|0|110101":2807,"2|0|100111":753,"2|0|100110":782,"2|1|000101":347,"2|0|001111":568,"2|1|000100":321,"2|0|001110":571,"1|0|011110":8906,"2|0|111011":128,"2|0|111010":150,"2|1|010111":840,"1|0|011111":9209,"2|1|010110":784,"1|0|110111":2191,"2|0|100001":981,"2|0|100000":952,"2|0|001001":362,"2|0|001000":330,"1|0|000101":382,"1|0|000100":344,"1|0|110110":2523,"1|0|010010":4641,"2|0|111000":205,"2|0|111001":157,"1|0|011101":8653,"2|1|010001":613,"1|0|010011":4969,"1|0|011100":8218,"2|1|010000":612}}
