{"probability":{"Group 13":"0.26649608250437834","Group 12":"0.35770726396121105","Group 11":"0.06375500367531305","Group 10":"0.000058744392307295094","Group  6":"0.0","Group  5":"0.0006405070151662456","Group  4":"0.0110398531959669","Group  3":"0.0","Group  2":"0.0","Group  1":"0.0","Group  9":"0.0012397418514813049","Group  8":"0.0","Group  7":"0.29906280340417585"},"groups":{"Group 13":["Botan 1.5.6 & 1.11.29 & 2.1.0","Feitian JavaCOS A22 & A40","Gemalto GCX4 72K","HSM SafeNet Luna SA-1700","LibTomCrypt 1.17","Libgcrypt 1.6.0 & 1.6.5 & 1.7.6","Libgcrypt 1.6.0 FIPS & 1.6.5 FIPS","Nettle 3.2 & 3.3","Oberthur Cosmo 64","OpenSSL FIPS 2.0.12 & 2.0.14","PGPSDK 4","WolfSSL 2.0rc1 & 3.9.0 & 3.10.2","cryptlib 3.4.3 & 3.4.3.1"],"Group 12":["Bouncy Castle 1.53 (Java)","Cryptix JCE 20050328","FlexiProvider 1.7p7","HSM Utimaco Security Server Se50","Nettle 2.0","PolarSSL 0.10.0","PuTTY 0.67","SunRsaSign OpenJDK 1.8.0","mbedTLS 1.3.19 & 2.2.1 & 2.4.2"],"Group 11":["Bouncy Castle 1.54 (Java)","Crypto++ 5.6.0 & 5.6.3 & 5.6.5","Libgcrypt 1.7.6 FIPS","Microsoft CryptoAPI & CNG & .NET"],"Group 10":["NXP J2D081 & J2E145G","YubiKey NEO"],"Group  6":["Oberthur Cosmo Dual 72K"],"Group  5":["NXP J2A080 & J2A081 & J3A081 & JCOP 41 V2.2.1"],"Group  4":["Gemalto GXP E64"],"Group  3":["GNU Crypto 2.0.1"],"Group  2":["G&D SmartCafe 4.x & 6.0"],"Group  1":["G&D SmartCafe 3.2"],"Group  9":["Infineon JTOP 80K","YubiKey 4 & 4 Nano"],"Group  8":["PGPSDK 4 FIPS"],"Group  7":["OpenSSL 0.9.7 & 1.0.2g & 1.0.2k & 1.1.0e"]},"frequencies":{"1|1|000110":8396,"2|1|100011":10714,"2|1|101101":6575,"1|1|000111":8178,"2|1|101100":6839,"2|1|100010":11094,"2|0|000000":9118,"2|0|000001":8930,"1|0|111010":4191,"1|0|111011":3442,"1|1|011010":24228,"1|1|011011":25360,"2|0|110100":3786,"2|0|110101":3558,"1|0|100001":26442,"1|0|100000":28094,"2|1|100000":12256,"1|1|000100":8489,"2|1|100001":11852,"2|0|000011":8503,"2|0|001101":9660,"2|0|001100":9355,"2|0|000010":8678,"1|1|000101":8560,"2|1|010101":11204,"2|0|011010":11811,"2|1|010100":11039,"2|0|011011":12001,"1|0|100010":25603,"1|0|101100":15951,"1|0|101101":14910,"1|0|100011":24190,"2|1|100110":9584,"1|1|110101":8118,"2|1|100111":9119,"2|0|000101":8478,"2|0|000100":8530,"1|0|111110":1104,"1|1|110100":9155,"1|0|111111":350,"1|0|100101":22440,"2|0|110001":4866,"2|0|110000":5389,"1|0|010101":20805,"1|0|010100":19841,"2|0|011001":11778,"2|0|011000":11626,"1|0|100100":23589,"2|1|100100":10234,"2|1|100101":9807,"2|0|000110":8352,"2|0|000111":8296,"1|0|111000":5803,"1|0|111001":4884,"2|0|110111":2731,"2|0|110110":3048,"2|0|011111":12679,"2|0|011110":12223,"1|0|100111":20756,"1|0|100110":21344,"1|1|001001":9770,"1|0|001001":9744,"1|0|001000":8656,"1|1|001000":8593,"1|1|110001":11449,"1|1|110000":12342,"1|1|010000":16448,"2|0|011101":12165,"2|1|111111":140,"2|1|111110":502,"2|0|010010":10715,"2|0|011100":12154,"2|0|010011":10907,"1|1|010001":17299,"1|0|101010":17797,"1|0|101011":16722,"1|0|001010":10723,"1|1|001111":15488,"1|0|001011":11623,"1|1|001110":14609,"2|1|101011":7273,"2|1|101010":7582,"1|1|110111":6449,"1|1|110110":7349,"1|1|010010":18180,"1|1|010011":18790,"1|1|011100":25897,"2|0|010001":10700,"2|1|111001":2146,"2|1|111000":2330,"2|0|010000":10305,"1|1|011101":26358,"1|1|000011":8565,"1|1|001100":12498,"1|1|001101":13741,"2|1|101001":8163,"1|1|000010":8745,"2|1|101000":8444,"1|1|111110":1105,"1|1|111111":359,"2|1|111010":1720,"1|1|011110":27150,"1|1|011111":27987,"2|0|010111":11480,"2|1|001000":8172,"2|1|001001":8488,"2|1|111011":1466,"2|0|010110":11347,"1|0|101111":13221,"1|1|100101":22685,"1|1|100100":23416,"1|0|101110":14175,"1|1|000000":9125,"1|1|000001":9054,"2|1|101111":5768,"2|1|101110":6116,"1|1|110010":10723,"1|1|111101":1837,"1|1|110011":9879,"1|1|111100":2615,"1|1|011000":22917,"1|1|011001":23671,"2|1|001010":8915,"2|0|010100":11212,"2|1|001011":8980,"2|0|010101":11272,"1|0|101001":18653,"1|0|101000":19571,"1|0|000110":8537,"2|0|101101":6527,"2|0|100011":10839,"2|0|101100":6877,"2|0|100010":11541,"2|1|000001":8843,"2|1|000000":9127,"1|1|111011":3307,"1|0|000111":8273,"1|1|111010":4063,"1|0|011011":24871,"2|1|110100":3895,"1|0|011010":24315,"2|1|001100":9307,"2|1|110101":3542,"2|1|001101":9749,"1|1|100001":26772,"1|1|100000":27574,"1|0|000000":9035,"2|0|101111":5660,"2|0|101110":5988,"2|1|000111":7998,"2|1|000110":8232,"1|1|111000":5765,"1|0|000001":9043,"1|1|111001":4984,"1|0|011000":22762,"2|1|001110":9809,"2|1|110111":2888,"2|1|001111":10160,"2|1|110110":2968,"1|0|011001":23535,"1|1|100111":20696,"1|1|100110":21580,"1|0|000011":8804,"1|0|001100":12683,"1|0|000010":8844,"2|0|101001":8107,"2|0|101000":8705,"1|0|001101":13548,"2|1|110001":4846,"2|1|110000":5401,"2|1|011001":11648,"2|1|011000":11708,"1|1|010100":19952,"1|1|010101":20640,"1|1|101111":13153,"1|1|101110":14124,"2|0|101010":7754,"1|0|001111":15552,"1|1|001010":10726,"1|0|001110":14425,"1|1|001011":11621,"2|0|101011":7218,"2|1|000011":8625,"2|1|000010":8824,"1|1|010110":21412,"2|1|111101":774,"2|1|110010":4550,"2|1|111100":1077,"2|1|110011":4281,"2|1|011010":11985,"2|1|011011":11798,"1|1|010111":22235,"1|1|101101":15196,"1|1|100011":24469,"1|1|101100":15848,"1|1|100010":25524,"1|0|110001":11400,"2|0|001011":9130,"2|0|001010":8993,"1|0|110000":12145,"2|0|111110":455,"2|0|111111":161,"1|1|101010":17788,"2|1|010010":10688,"2|1|011100":12107,"2|1|011101":12151,"1|0|010001":17293,"1|0|010000":16311,"2|1|010011":10885,"1|1|101011":16579,"1|0|111101":1864,"2|0|100101":9826,"2|0|100100":10354,"1|0|110010":10904,"1|0|110011":9910,"1|0|111100":2739,"2|0|110010":4446,"2|0|111101":782,"2|0|110011":4148,"2|0|111100":1103,"2|1|011111":12426,"1|0|010111":21993,"1|0|010110":21642,"2|1|011110":12565,"1|1|101001":18662,"1|1|101000":19856,"1|0|110100":8922,"1|0|110101":8237,"2|0|100111":8975,"2|0|100110":9353,"2|1|000101":8462,"2|0|001111":10209,"2|1|000100":8669,"2|0|001110":9721,"1|0|011110":27121,"2|0|111011":1393,"2|0|111010":1717,"2|1|010111":11598,"1|0|011111":27814,"2|1|010110":11453,"1|0|110111":6496,"2|0|100001":11858,"2|0|100000":12052,"2|0|001001":8478,"2|0|001000":8312,"1|0|000101":8339,"1|0|000100":8621,"1|0|110110":7358,"1|0|010010":18180,"2|0|111000":2457,"2|0|111001":2076,"1|0|011101":26501,"2|1|010001":10513,"1|0|010011":19069,"1|0|011100":25792,"2|1|010000":10349}}
