{"probability":{"Group 13":"0.03003879264170576","Group 12":"0.017389563042484905","Group 11":"0.13426563646650774","Group 10":"0.0004168814082139753","Group  6":"0.00008179835491280584","Group  5":"0.0","Group  4":"0.0","Group  3":"0.00021613457038779268","Group  2":"0.0","Group  1":"0.0","Group  9":"0.00002850769911249951","Group  8":"0.0013001953929190463","Group  7":"0.8162624904237553"},"groups":{"Group 13":["Botan 1.5.6 & 1.11.29 & 2.1.0","Feitian JavaCOS A22 & A40","Gemalto GCX4 72K","HSM SafeNet Luna SA-1700","LibTomCrypt 1.17","Libgcrypt 1.6.0 & 1.6.5 & 1.7.6","Libgcrypt 1.6.0 FIPS & 1.6.5 FIPS","Nettle 3.2 & 3.3","Oberthur Cosmo 64","OpenSSL FIPS 2.0.12 & 2.0.14","PGPSDK 4","WolfSSL 2.0rc1 & 3.9.0 & 3.10.2","cryptlib 3.4.3 & 3.4.3.1"],"Group 12":["Bouncy Castle 1.53 (Java)","Cryptix JCE 20050328","FlexiProvider 1.7p7","HSM Utimaco Security Server Se50","Nettle 2.0","PolarSSL 0.10.0","PuTTY 0.67","SunRsaSign OpenJDK 1.8.0","mbedTLS 1.3.19 & 2.2.1 & 2.4.2"],"Group 11":["Bouncy Castle 1.54 (Java)","Crypto++ 5.6.0 & 5.6.3 & 5.6.5","Libgcrypt 1.7.6 FIPS","Microsoft CryptoAPI & CNG & .NET"],"Group 10":["NXP J2D081 & J2E145G","YubiKey NEO"],"Group  6":["Oberthur Cosmo Dual 72K"],"Group  5":["NXP J2A080 & J2A081 & J3A081 & JCOP 41 V2.2.1"],"Group  4":["Gemalto GXP E64"],"Group  3":["GNU Crypto 2.0.1"],"Group  2":["G&D SmartCafe 4.x & 6.0"],"Group  1":["G&D SmartCafe 3.2"],"Group  9":["Infineon JTOP 80K","YubiKey 4 & 4 Nano"],"Group  8":["PGPSDK 4 FIPS"],"Group  7":["OpenSSL 0.9.7 & 1.0.2g & 1.0.2k & 1.1.0e"]},"frequencies":{"1|1|000110":895,"2|1|100011":2251,"2|1|101101":1333,"1|1|000111":969,"2|1|101100":1500,"2|1|100010":2337,"2|0|000000":414,"2|0|000001":485,"1|0|111010":4993,"1|0|111011":4184,"1|1|011010":27193,"1|1|011011":28435,"2|0|110100":893,"2|0|110101":738,"1|0|100001":31482,"1|0|100000":32632,"2|1|100000":2658,"1|1|000100":681,"2|1|100001":2423,"2|0|000011":690,"2|0|001101":1605,"2|0|001100":1466,"2|0|000010":526,"1|1|000101":817,"2|1|010101":2474,"2|0|011010":2779,"2|1|010100":2248,"2|0|011011":2929,"1|0|100010":30304,"1|0|101100":19052,"1|0|101101":18112,"1|0|100011":29085,"2|1|100110":2041,"1|1|110101":9898,"2|1|100111":1923,"2|0|000101":803,"2|0|000100":688,"1|0|111110":1350,"1|1|110100":11014,"1|0|111111":503,"1|0|100101":26661,"2|0|110001":1073,"2|0|110000":1133,"1|0|010101":20504,"1|0|010100":19192,"2|0|011001":2659,"2|0|011000":2702,"1|0|100100":28008,"2|1|100100":2110,"2|1|100101":2088,"2|0|000110":851,"2|0|000111":994,"1|0|111000":6843,"1|0|111001":6111,"2|0|110111":606,"2|0|110110":678,"2|0|011111":2579,"2|0|011110":2735,"1|0|100111":24571,"1|0|100110":25490,"1|1|001001":3322,"1|0|001001":3443,"1|0|001000":1685,"1|1|001000":1766,"1|1|110001":13887,"1|1|110000":15120,"1|1|010000":13787,"2|0|011101":2692,"2|1|111111":96,"2|1|111110":95,"2|0|010010":2084,"2|0|011100":2701,"2|0|010011":2277,"1|1|010001":15154,"1|0|101010":21121,"1|0|101011":20007,"1|0|001010":4938,"1|1|001111":12482,"1|0|001011":6488,"1|1|001110":11023,"2|1|101011":1601,"2|1|101010":1632,"1|1|110111":7877,"1|1|110110":9060,"1|1|010010":16469,"1|1|010011":17994,"1|1|011100":29541,"2|0|010001":2066,"2|1|111001":460,"2|1|111000":559,"2|0|010000":1904,"1|1|011101":30572,"1|1|000011":631,"1|1|001100":7881,"1|1|001101":9497,"2|1|101001":1714,"1|1|000010":532,"2|1|101000":1838,"1|1|111110":1455,"1|1|111111":532,"2|1|111010":386,"1|1|011110":31495,"1|1|011111":32566,"2|0|010111":2568,"2|1|001000":1026,"2|1|001001":1268,"2|1|111011":330,"2|0|010110":2470,"1|0|101111":15903,"1|1|100101":26797,"1|1|100100":28119,"1|0|101110":17033,"1|1|000000":358,"1|1|000001":485,"2|1|101111":1221,"2|1|101110":1272,"1|1|110010":12983,"1|1|111101":2199,"1|1|110011":11879,"1|1|111100":3158,"1|1|011000":24607,"1|1|011001":26092,"2|1|001010":1302,"2|0|010100":2275,"2|1|001011":1380,"2|0|010101":2359,"1|0|101001":22435,"1|0|101000":23466,"1|0|000110":873,"2|0|101101":1451,"2|0|100011":2278,"2|0|101100":1458,"2|0|100010":2334,"2|1|000001":502,"2|1|000000":410,"1|1|111011":4095,"1|0|000111":971,"1|1|111010":5030,"1|0|011011":28317,"2|1|110100":800,"1|0|011010":27140,"2|1|001100":1540,"2|1|110101":742,"2|1|001101":1644,"1|1|100001":31484,"1|1|100000":32431,"1|0|000000":424,"2|0|101111":1197,"2|0|101110":1319,"2|1|000111":958,"2|1|000110":866,"1|1|111000":6938,"1|0|000001":490,"1|1|111001":6000,"1|0|011000":24456,"2|1|001110":1737,"2|1|110111":582,"2|1|001111":1780,"2|1|110110":692,"1|0|011001":25976,"1|1|100111":24143,"1|1|100110":25736,"1|0|000011":634,"1|0|001100":7967,"1|0|000010":517,"2|0|101001":1726,"2|0|101000":1784,"1|0|001101":9406,"2|1|110001":1045,"2|1|110000":1187,"2|1|011001":2735,"2|1|011000":2683,"1|1|010100":19192,"1|1|010101":20611,"1|1|101111":16041,"1|1|101110":17045,"2|0|101010":1683,"1|0|001111":12478,"1|1|001010":4827,"1|0|001110":11057,"1|1|001011":6382,"2|0|101011":1562,"2|1|000011":613,"2|1|000010":527,"1|1|010110":22259,"2|1|111101":147,"2|1|110010":1002,"2|1|111100":263,"2|1|110011":869,"2|1|011010":2810,"2|1|011011":2683,"1|1|010111":23476,"1|1|101101":18155,"1|1|100011":29116,"1|1|101100":19305,"1|1|100010":30335,"1|0|110001":13791,"2|0|001011":1416,"2|0|001010":1276,"1|0|110000":14995,"2|0|111110":95,"2|0|111111":97,"1|1|101010":21310,"2|1|010010":2066,"2|1|011100":2756,"2|1|011101":2659,"1|0|010001":15491,"1|0|010000":14006,"2|1|010011":2206,"1|1|101011":20317,"1|0|111101":2208,"2|0|100101":2049,"2|0|100100":2170,"1|0|110010":12611,"1|0|110011":11844,"1|0|111100":3217,"2|0|110010":1053,"2|0|111101":202,"2|0|110011":924,"2|0|111100":263,"2|1|011111":2560,"1|0|010111":23346,"1|0|010110":22101,"2|1|011110":2574,"1|1|101001":22440,"1|1|101000":23297,"1|0|110100":10883,"1|0|110101":9853,"2|0|100111":1915,"2|0|100110":1992,"2|1|000101":805,"2|0|001111":1725,"2|1|000100":736,"2|0|001110":1709,"1|0|011110":32047,"2|0|111011":324,"2|0|111010":393,"2|1|010111":2545,"1|0|011111":32784,"2|1|010110":2486,"1|0|110111":7884,"2|0|100001":2397,"2|0|100000":2600,"2|0|001001":1197,"2|0|001000":1078,"1|0|000101":744,"1|0|000100":717,"1|0|110110":8921,"1|0|010010":16768,"2|0|111000":571,"2|0|111001":458,"1|0|011101":30510,"2|1|010001":2010,"1|0|010011":18252,"1|0|011100":29502,"2|1|010000":1904}}
