{"probability":{"Group 13":"0.028773020645279573","Group 12":"0.027775490546009744","Group 11":"0.3920953452285204","Group 10":"0.0","Group  6":"0.0","Group  5":"0.0004972773257149665","Group  4":"0.0015153883018005074","Group  3":"0.0","Group  2":"0.0","Group  1":"0.0","Group  9":"0.0","Group  8":"0.009436344304581437","Group  7":"0.5399071336480934"},"groups":{"Group 13":["Botan 1.5.6 & 1.11.29 & 2.1.0","Feitian JavaCOS A22 & A40","Gemalto GCX4 72K","HSM SafeNet Luna SA-1700","LibTomCrypt 1.17","Libgcrypt 1.6.0 & 1.6.5 & 1.7.6","Libgcrypt 1.6.0 FIPS & 1.6.5 FIPS","Nettle 3.2 & 3.3","Oberthur Cosmo 64","OpenSSL FIPS 2.0.12 & 2.0.14","PGPSDK 4","WolfSSL 2.0rc1 & 3.9.0 & 3.10.2","cryptlib 3.4.3 & 3.4.3.1"],"Group 12":["Bouncy Castle 1.53 (Java)","Cryptix JCE 20050328","FlexiProvider 1.7p7","HSM Utimaco Security Server Se50","Nettle 2.0","PolarSSL 0.10.0","PuTTY 0.67","SunRsaSign OpenJDK 1.8.0","mbedTLS 1.3.19 & 2.2.1 & 2.4.2"],"Group 11":["Bouncy Castle 1.54 (Java)","Crypto++ 5.6.0 & 5.6.3 & 5.6.5","Libgcrypt 1.7.6 FIPS","Microsoft CryptoAPI & CNG & .NET"],"Group 10":["NXP J2D081 & J2E145G","YubiKey NEO"],"Group  6":["Oberthur Cosmo Dual 72K"],"Group  5":["NXP J2A080 & J2A081 & J3A081 & JCOP 41 V2.2.1"],"Group  4":["Gemalto GXP E64"],"Group  3":["GNU Crypto 2.0.1"],"Group  2":["G&D SmartCafe 4.x & 6.0"],"Group  1":["G&D SmartCafe 3.2"],"Group  9":["Infineon JTOP 80K","YubiKey 4 & 4 Nano"],"Group  8":["PGPSDK 4 FIPS"],"Group  7":["OpenSSL 0.9.7 & 1.0.2g & 1.0.2k & 1.1.0e"]},"frequencies":{"1|1|000110":4307,"2|1|100011":10549,"2|1|101101":6573,"1|1|000111":4914,"2|1|101100":6899,"2|1|100010":11183,"2|0|000000":1269,"2|0|000001":1795,"1|0|111010":7768,"1|0|111011":6314,"1|1|011010":45000,"1|1|011011":46193,"2|0|110100":3962,"2|0|110101":3599,"1|0|100001":48178,"1|0|100000":49957,"2|1|100000":11810,"1|1|000100":3343,"2|1|100001":11652,"2|0|000011":2805,"2|0|001101":8134,"2|0|001100":7435,"2|0|000010":2343,"1|1|000101":3954,"2|1|010101":11864,"2|0|011010":13873,"2|1|010100":11371,"2|0|011011":13828,"1|0|100010":46840,"1|0|101100":29429,"1|0|101101":27734,"1|0|100011":44582,"2|1|100110":9309,"1|1|110101":15375,"2|1|100111":9054,"2|0|000101":3910,"2|0|000100":3405,"1|0|111110":2201,"1|1|110100":16446,"1|0|111111":1099,"1|0|100101":41326,"2|0|110001":5009,"2|0|110000":5518,"1|0|010101":35158,"1|0|010100":33208,"2|0|011001":13487,"2|0|011000":13204,"1|0|100100":43133,"2|1|100100":10225,"2|1|100101":9815,"2|0|000110":4356,"2|0|000111":4767,"1|0|111000":10740,"1|0|111001":9260,"2|0|110111":2784,"2|0|110110":3298,"2|0|011111":12350,"2|0|011110":12781,"1|0|100111":37890,"1|0|100110":39600,"1|1|001001":8538,"1|0|001001":8593,"1|0|001000":6316,"1|1|001000":6286,"1|1|110001":21440,"1|1|110000":23094,"1|1|010000":24549,"2|0|011101":13073,"2|1|111111":542,"2|1|111110":558,"2|0|010010":10541,"2|0|011100":13391,"2|0|010011":10908,"1|1|010001":26630,"1|0|101010":32841,"1|0|101011":30926,"1|0|001010":10904,"1|1|001111":22587,"1|0|001011":13629,"1|1|001110":20065,"2|1|101011":7353,"2|1|101010":7604,"1|1|110111":12076,"1|1|110110":13857,"1|1|010010":29151,"1|1|010011":31136,"1|1|011100":47059,"2|0|010001":10009,"2|1|111001":2204,"2|1|111000":2541,"2|0|010000":9400,"1|1|011101":48023,"1|1|000011":2909,"1|1|001100":15548,"1|1|001101":17813,"2|1|101001":8141,"1|1|000010":2333,"2|1|101000":8432,"1|1|111110":2224,"1|1|111111":1114,"2|1|111010":1863,"1|1|011110":49539,"1|1|011111":50722,"2|0|010111":12770,"2|1|001000":5329,"2|1|001001":5819,"2|1|111011":1529,"2|0|010110":12297,"1|0|101111":24770,"1|1|100101":41654,"1|1|100100":43276,"1|0|101110":26029,"1|1|000000":1318,"1|1|000001":1922,"2|1|101111":5891,"2|1|101110":6084,"1|1|110010":19709,"1|1|111101":3496,"1|1|110011":18246,"1|1|111100":4943,"1|1|011000":41139,"1|1|011001":43170,"2|1|001010":6476,"2|0|010100":11423,"2|1|001011":7002,"2|0|010101":11852,"1|0|101001":34429,"1|0|101000":36009,"1|0|000110":4286,"2|0|101101":6653,"2|0|100011":10595,"2|0|101100":6970,"2|0|100010":11198,"2|1|000001":1884,"2|1|000000":1324,"1|1|111011":6293,"1|0|000111":4804,"1|1|111010":7862,"1|0|011011":45921,"2|1|110100":3959,"1|0|011010":45051,"2|1|001100":7529,"2|1|110101":3684,"2|1|001101":8065,"1|1|100001":48474,"1|1|100000":50327,"1|0|000000":1258,"2|0|101111":5887,"2|0|101110":6137,"2|1|000111":4799,"2|1|000110":4285,"1|1|111000":10804,"1|0|000001":1767,"1|1|111001":9104,"1|0|011000":41143,"2|1|001110":8605,"2|1|110111":2769,"2|1|001111":9055,"2|1|110110":3294,"1|0|011001":42773,"1|1|100111":37600,"1|1|100110":39349,"1|0|000011":2816,"1|0|001100":15644,"1|0|000010":2309,"2|0|101001":8160,"2|0|101000":8658,"1|0|001101":17788,"2|1|110001":4946,"2|1|110000":5352,"2|1|011001":13765,"2|1|011000":13129,"1|1|010100":32844,"1|1|010101":35445,"1|1|101111":24261,"1|1|101110":26127,"2|0|101010":7595,"1|0|001111":22406,"1|1|001010":11059,"1|0|001110":20260,"1|1|001011":13498,"2|0|101011":7353,"2|1|000011":2861,"2|1|000010":2429,"1|1|010110":37159,"2|1|111101":892,"2|1|110010":4610,"2|1|111100":1179,"2|1|110011":4350,"2|1|011010":14111,"2|1|011011":13538,"1|1|010111":39144,"1|1|101101":27550,"1|1|100011":44689,"1|1|101100":29484,"1|1|100010":46586,"1|0|110001":21320,"2|0|001011":7029,"2|0|001010":6454,"1|0|110000":23105,"2|0|111110":586,"2|0|111111":507,"1|1|101010":32662,"2|1|010010":10436,"2|1|011100":13297,"2|1|011101":12903,"1|0|010001":26811,"1|0|010000":24867,"2|1|010011":10897,"1|1|101011":31203,"1|0|111101":3487,"2|0|100101":9699,"2|0|100100":10243,"1|0|110010":19932,"1|0|110011":18308,"1|0|111100":4883,"2|0|110010":4658,"2|0|111101":834,"2|0|110011":4287,"2|0|111100":1207,"2|1|011111":12382,"1|0|010111":38992,"1|0|010110":37310,"2|1|011110":12526,"1|1|101001":34362,"1|1|101000":36129,"1|0|110100":16808,"1|0|110101":15058,"2|0|100111":8732,"2|0|100110":9377,"2|1|000101":3913,"2|0|001111":9036,"2|1|000100":3296,"2|0|001110":8526,"1|0|011110":49657,"2|0|111011":1546,"2|0|111010":1809,"2|1|010111":12652,"1|0|011111":50482,"2|1|010110":12201,"1|0|110111":12113,"2|0|100001":11387,"2|0|100000":11633,"2|0|001001":5907,"2|0|001000":5366,"1|0|000101":3852,"1|0|000100":3411,"1|0|110110":13722,"1|0|010010":29061,"2|0|111000":2665,"2|0|111001":2280,"1|0|011101":48338,"2|1|010001":10004,"1|0|010011":30964,"1|0|011100":47257,"2|1|010000":9474}}
