{"probability":{"Group 13":"0.04025560108188471","Group 12":"0.05914352275219553","Group 11":"0.02415413157863136","Group 10":"0.0","Group  6":"0.0","Group  5":"0.0","Group  4":"0.0","Group  3":"0.0","Group  2":"0.0","Group  1":"0.0","Group  9":"0.0","Group  8":"0.0072916810399417204","Group  7":"0.8691550635473466"},"groups":{"Group 13":["Botan 1.5.6 & 1.11.29 & 2.1.0","Feitian JavaCOS A22 & A40","Gemalto GCX4 72K","HSM SafeNet Luna SA-1700","LibTomCrypt 1.17","Libgcrypt 1.6.0 & 1.6.5 & 1.7.6","Libgcrypt 1.6.0 FIPS & 1.6.5 FIPS","Nettle 3.2 & 3.3","Oberthur Cosmo 64","OpenSSL FIPS 2.0.12 & 2.0.14","PGPSDK 4","WolfSSL 2.0rc1 & 3.9.0 & 3.10.2","cryptlib 3.4.3 & 3.4.3.1"],"Group 12":["Bouncy Castle 1.53 (Java)","Cryptix JCE 20050328","FlexiProvider 1.7p7","HSM Utimaco Security Server Se50","Nettle 2.0","PolarSSL 0.10.0","PuTTY 0.67","SunRsaSign OpenJDK 1.8.0","mbedTLS 1.3.19 & 2.2.1 & 2.4.2"],"Group 11":["Bouncy Castle 1.54 (Java)","Crypto++ 5.6.0 & 5.6.3 & 5.6.5","Libgcrypt 1.7.6 FIPS","Microsoft CryptoAPI & CNG & .NET"],"Group 10":["NXP J2D081 & J2E145G","YubiKey NEO"],"Group  6":["Oberthur Cosmo Dual 72K"],"Group  5":["NXP J2A080 & J2A081 & J3A081 & JCOP 41 V2.2.1"],"Group  4":["Gemalto GXP E64"],"Group  3":["GNU Crypto 2.0.1"],"Group  2":["G&D SmartCafe 4.x & 6.0"],"Group  1":["G&D SmartCafe 3.2"],"Group  9":["Infineon JTOP 80K","YubiKey 4 & 4 Nano"],"Group  8":["PGPSDK 4 FIPS"],"Group  7":["OpenSSL 0.9.7 & 1.0.2g & 1.0.2k & 1.1.0e"]},"frequencies":{"1|1|000110":140,"2|1|100011":177,"2|1|101101":103,"1|1|000111":115,"2|1|101100":112,"2|1|100010":172,"2|0|000000":142,"2|0|000001":147,"1|0|111010":672,"1|0|111011":541,"1|1|011010":3447,"1|1|011011":3580,"2|0|110100":74,"2|0|110101":58,"1|0|100001":3883,"1|0|100000":4198,"2|1|100000":195,"1|1|000100":130,"2|1|100001":188,"2|0|000011":147,"2|0|001101":176,"2|0|001100":149,"2|0|000010":137,"1|1|000101":129,"2|1|010101":184,"2|0|011010":194,"2|1|010100":170,"2|0|011011":184,"1|0|100010":3783,"1|0|101100":2462,"1|0|101101":2311,"1|0|100011":3712,"2|1|100110":153,"1|1|110101":1288,"2|1|100111":137,"2|0|000101":127,"2|0|000100":147,"1|0|111110":157,"1|1|110100":1386,"1|0|111111":58,"1|0|100101":3307,"2|0|110001":78,"2|0|110000":113,"1|0|010101":2652,"1|0|010100":2444,"2|0|011001":179,"2|0|011000":198,"1|0|100100":3461,"2|1|100100":163,"2|1|100101":154,"2|0|000110":129,"2|0|000111":142,"1|0|111000":905,"1|0|111001":779,"2|0|110111":46,"2|0|110110":49,"2|0|011111":208,"2|0|011110":201,"1|0|100111":3081,"1|0|100110":3295,"1|1|001001":428,"1|0|001001":447,"1|0|001000":236,"1|1|001000":228,"1|1|110001":1806,"1|1|110000":1987,"1|1|010000":1740,"2|0|011101":188,"2|1|111111":1,"2|1|111110":8,"2|0|010010":156,"2|0|011100":201,"2|0|010011":176,"1|1|010001":1934,"1|0|101010":2680,"1|0|101011":2522,"1|0|001010":654,"1|1|001111":1561,"1|0|001011":802,"1|1|001110":1364,"2|1|101011":127,"2|1|101010":117,"1|1|110111":1029,"1|1|110110":1109,"1|1|010010":2066,"1|1|010011":2276,"1|1|011100":3716,"2|0|010001":153,"2|1|111001":32,"2|1|111000":38,"2|0|010000":150,"1|1|011101":3765,"1|1|000011":151,"1|1|001100":997,"1|1|001101":1174,"2|1|101001":127,"1|1|000010":140,"2|1|101000":123,"1|1|111110":185,"1|1|111111":61,"2|1|111010":35,"1|1|011110":4069,"1|1|011111":4098,"2|0|010111":196,"2|1|001000":132,"2|1|001001":137,"2|1|111011":23,"2|0|010110":205,"1|0|101111":2008,"1|1|100101":3372,"1|1|100100":3558,"1|0|101110":2089,"1|1|000000":143,"1|1|000001":142,"2|1|101111":81,"2|1|101110":87,"1|1|110010":1640,"1|1|111101":299,"1|1|110011":1505,"1|1|111100":394,"1|1|011000":3077,"1|1|011001":3288,"2|1|001010":155,"2|0|010100":191,"2|1|001011":135,"2|0|010101":202,"1|0|101001":2886,"1|0|101000":3079,"1|0|000110":144,"2|0|101101":124,"2|0|100011":197,"2|0|101100":112,"2|0|100010":221,"2|1|000001":159,"2|1|000000":138,"1|1|111011":486,"1|0|000111":125,"1|1|111010":634,"1|0|011011":3521,"2|1|110100":57,"1|0|011010":3352,"2|1|001100":137,"2|1|110101":62,"2|1|001101":174,"1|1|100001":3998,"1|1|100000":4190,"1|0|000000":150,"2|0|101111":102,"2|0|101110":95,"2|1|000111":144,"2|1|000110":120,"1|1|111000":896,"1|0|000001":165,"1|1|111001":739,"1|0|011000":3090,"2|1|001110":165,"2|1|110111":45,"2|1|001111":170,"2|1|110110":55,"1|0|011001":3219,"1|1|100111":3075,"1|1|100110":3221,"1|0|000011":137,"1|0|001100":993,"1|0|000010":125,"2|0|101001":99,"2|0|101000":164,"1|0|001101":1151,"2|1|110001":71,"2|1|110000":83,"2|1|011001":190,"2|1|011000":181,"1|1|010100":2489,"1|1|010101":2607,"1|1|101111":2055,"1|1|101110":2159,"2|0|101010":126,"1|0|001111":1571,"1|1|001010":608,"1|0|001110":1308,"1|1|001011":846,"2|0|101011":107,"2|1|000011":124,"2|1|000010":150,"1|1|010110":2744,"2|1|111101":20,"2|1|110010":76,"2|1|111100":25,"2|1|110011":73,"2|1|011010":208,"2|1|011011":178,"1|1|010111":2920,"1|1|101101":2299,"1|1|100011":3836,"1|1|101100":2477,"1|1|100010":3748,"1|0|110001":1815,"2|0|001011":145,"2|0|001010":155,"1|0|110000":1899,"2|0|111110":8,"2|0|111111":5,"1|1|101010":2640,"2|1|010010":172,"2|1|011100":208,"2|1|011101":193,"1|0|010001":1916,"1|0|010000":1694,"2|1|010011":184,"1|1|101011":2539,"1|0|111101":299,"2|0|100101":173,"2|0|100100":178,"1|0|110010":1618,"1|0|110011":1548,"1|0|111100":399,"2|0|110010":82,"2|0|111101":18,"2|0|110011":73,"2|0|111100":13,"2|1|011111":197,"1|0|010111":3028,"1|0|010110":2729,"2|1|011110":205,"1|1|101001":2803,"1|1|101000":3058,"1|0|110100":1409,"1|0|110101":1274,"2|0|100111":173,"2|0|100110":144,"2|1|000101":133,"2|0|001111":166,"2|1|000100":158,"2|0|001110":155,"1|0|011110":4010,"2|0|111011":21,"2|0|111010":38,"2|1|010111":198,"1|0|011111":4175,"2|1|010110":165,"1|0|110111":969,"2|0|100001":199,"2|0|100000":199,"2|0|001001":151,"2|0|001000":128,"1|0|000101":135,"1|0|000100":156,"1|0|110110":1126,"1|0|010010":2074,"2|0|111000":36,"2|0|111001":27,"1|0|011101":3728,"2|1|010001":173,"1|0|010011":2173,"1|0|011100":3651,"2|1|010000":192}}
